OBJECTID,INCKEY,COLDETKEY,ADDRTYPE,COLLISIONTYPE,DISTANCE,EXCEPTRSNCODE,EXCEPTRSNDESC,FATALITIES,INATTENTIONIND,INCDATE,INCDTTM,INJURIES,INTKEY,JUNCTIONTYPE,LIGHTCOND,LOCATION,PEDCOUNT,PEDCYLCOUNT,PEDROWNOTGRNT,PERSONCOUNT,REPORTNO,ROADCOND,SDOT_COLCODE,SDOT_COLDESC,SDOTCOLNUM,SEGKEY,SERIOUSINJURIES,SEVERITYCODE,SEVERITYDESC,SPEEDING,ST_COLCODE,ST_COLDESC,STATUS,UNDERINFL,VEHCOUNT,WEATHER,WIDTH,Shape,SEGLANEKEY,CROSSWALKKEY,HITPARKEDCAR,SPDCASENO
20,93312,93312,Intersection,Cycles,0,,,0,,08/15/2008 12:00:00 AM +0000,8/15/2008 6:04:00 PM,1,29446,At Intersection (intersection related),Daylight,32ND AVE E AND LAKE WASHINGTON BLVD E,0,1,Y,2,2899312,Dry,51,PEDALCYCLIST STRUCK MOTOR VEHICLE FRONT END AT ANGLE,08228025,4939,0,2,Injury Collision,,45,Bicycle,Matched,0,1,Clear or Partly Cloudy,0,"(47.624951432000046, -122.29105074699999)",8960,0,N,08-304069
34,92520,92520,Intersection,Cycles,0,,,0,,10/08/2008 12:00:00 AM +0000,10/8/2008,0,29589,At Intersection (intersection related),Daylight,4TH AVE AND PIKE ST,0,1,,2,2807597,Dry,18,"MOTOR VEHICLE STRUCK PEDALCYCLIST, FRONT END AT ANGLE",08282031,6131,0,1,Property Damage Only Collision,,45,Bicycle,Matched,0,1,Overcast,0,"(47.61021404200005, -122.33668342799996)",12755,0,N,08-378841
104,93713,93713,Intersection,Cycles,0,,,0,,05/21/2009 12:00:00 AM +0000,5/21/2009 8:45:00 AM,1,29004,At Intersection (intersection related),Daylight,11TH AVE E AND E MERCER ST,0,1,,2,C721126,Dry,11,"MOTOR VEHICLE STRUCK MOTOR VEHICLE, FRONT END AT ANGLE",09141038,1391,0,2,Injury Collision,,45,Bicycle,Matched,0,1,Clear or Partly Cloudy,0,"(47.624263916000075, -122.31778692499995)",0,0,N,
145,93986,93986,Block,Cycles,213,,,0,,10/01/2009 12:00:00 AM +0000,10/1/2009,0,,Mid-Block (not related to intersection),Daylight,BROADWAY BETWEEN E PINE ST AND XW E OLIVE ST,0,1,,3,3207413,Wet,23,"MOTOR VEHICLE STRUCK PEDALCYCLIST, LEFT SIDE SIDESWIPE",09274001,9448,0,1,Property Damage Only Collision,Y,45,Bicycle,Matched,0,2,Raining,0,"(47.61581794700004, -122.32080786599994)",0,0,N,09-347014
155,93305,93305,Intersection,Cycles,0,,,0,,01/17/2008 12:00:00 AM +0000,1/17/2008 7:30:00 PM,1,29188,At Intersection (intersection related),Dark - Street Lights On,E JOHN ST AND E OLIVE WAY,0,1,,2,C699408,Dry,18,"MOTOR VEHICLE STRUCK PEDALCYCLIST, FRONT END AT ANGLE",08017035,14587,0,2,Injury Collision,,45,Bicycle,Matched,0,1,Clear or Partly Cloudy,0,"(47.61957466300004, -122.32425705399999)",23258,0,N,
200,92776,92776,Intersection,Cycles,0,,,0,,07/15/2008 12:00:00 AM +0000,7/15/2008 6:01:00 PM,1,30968,At Intersection (intersection related),Daylight,61ST AVE SW AND ALKI AVE SW,0,1,,2,2895603,Dry,18,"MOTOR VEHICLE STRUCK PEDALCYCLIST, FRONT END AT ANGLE",08197003,8086,0,2,Injury Collision,,45,Bicycle,Matched,0,1,Clear or Partly Cloudy,0,"(47.57912495100004, -122.41064800799995)",3646,0,N,08-260133
202,92774,92774,Block,Cycles,550.5,,,0,,07/16/2008 12:00:00 AM +0000,7/16/2008 6:30:00 PM,1,,Mid-Block (not related to intersection),Daylight,LAKE WASHINGTON BLVD S BETWEEN 46TH AVE S AND 48TH AVE S,0,1,,2,2894367,Dry,21,"MOTOR VEHICLE STRUCK PEDALCYCLIST, REAR END",08198004,11234,1,2b,Serious Injury Collision,,45,Bicycle,Matched,0,1,Clear or Partly Cloudy,0,"(47.56984103900004, -122.27491344899994)",38094,0,N,08-261626
299,93294,93294,Block,Cycles,161,,,0,,09/16/2008 12:00:00 AM +0000,9/16/2008 12:41:00 PM,2,,Mid-Block (not related to intersection),Daylight,S KING ST BETWEEN 5TH AVE S AND 6TH AVE S,1,1,,2,2908624,Dry,64,PEDALCYCLIST STRUCK PEDESTRIAN,08260001,20598,0,2,Injury Collision,,45,Bicycle,Matched,0,0,Clear or Partly Cloudy,0,"(47.598354854000036, -122.32701930399998)",5759,0,N,08-347939
303,93431,93431,Block,Cycles,213,,,0,,03/12/2008 12:00:00 AM +0000,3/12/2008 7:25:00 PM,1,,Mid-Block (not related to intersection),Dark - Street Lights On,7TH AVE BETWEEN BLANCHARD ST AND BELL ST,0,1,,3,2826282,Dry,56,PEDALCYCLIST STRUCK MOTOR VEHICLE LEFT SIDE SIDESWIPE,08072003,8165,1,2b,Serious Injury Collision,,45,Bicycle,Matched,0,1,Clear or Partly Cloudy,0,"(47.61697788300006, -122.34070296099998)",13716,0,N,08 093495
343,94524,94524,Intersection,Cycles,0,,,0,,11/12/2009 12:00:00 AM +0000,11/12/2009 9:49:00 AM,1,30453,At Intersection (intersection related),Daylight,GOLF DR S AND S CHARLES ST,0,1,Y,2,3285270,Dry,18,"MOTOR VEHICLE STRUCK PEDALCYCLIST, FRONT END AT ANGLE",09316026,10668,0,2,Injury Collision,,45,Bicycle,Matched,0,1,Clear or Partly Cloudy,0,"(47.594281684000066, -122.31657709199999)",14097,0,N,2009-395500
354,94377,94377,Block,Cycles,238,,,0,,10/27/2009 12:00:00 AM +0000,10/27/2009 5:40:00 PM,1,,Mid-Block (not related to intersection),Dusk,LAKE WASHINGTON BLVD BETWEEN E TERRACE ST AND E JEFFERSON ST,0,1,Y,2,2907619,Dry,54,PEDALCYCLIST STRUCK MOTOR VEHICLE REAR END,09300003,11194,0,2,Injury Collision,,45,Bicycle,Matched,0,1,Clear or Partly Cloudy,0,"(47.60527694600006, -122.28350343499994)",36203,0,N,09-378093
383,93968,93968,Block,Cycles,329,,,0,,05/12/2009 12:00:00 AM +0000,5/12/2009 9:30:00 AM,1,,Mid-Block (not related to intersection),Daylight,NW 56TH ST BETWEEN 15TH AVE NW AND 17TH AVE NW,0,1,,2,3289246,Wet,51,PEDALCYCLIST STRUCK MOTOR VEHICLE FRONT END AT ANGLE,09132019,18461,0,2,Injury Collision,,45,Bicycle,Matched,0,1,Raining,0,"(47.66944417900004, -122.37754670999999)",0,0,N,09-161223
439,92753,92753,Block,Cycles,276,,,0,,06/25/2008 12:00:00 AM +0000,6/25/2008 12:43:00 AM,1,,Mid-Block (not related to intersection),Dark - Street Lights On,MONTLAKE BR BETWEEN POINT A AND NE PACIFIC ST,0,1,Y,6,2905458,Dry,23,"MOTOR VEHICLE STRUCK PEDALCYCLIST, LEFT SIDE SIDESWIPE",08177005,11903,0,2,Injury Collision,,45,Bicycle,Matched,0,1,Clear or Partly Cloudy,0,"(47.648240060000035, -122.30459060199996)",20245,0,N,2008-230050
510,93959,93959,Intersection,Cycles,0,,,0,,05/06/2009 12:00:00 AM +0000,5/6/2009,1,26848,At Intersection (intersection related),Daylight,STONE WAY N AND N 40TH ST,0,1,,2,3276795,Wet,18,"MOTOR VEHICLE STRUCK PEDALCYCLIST, FRONT END AT ANGLE",09126002,12961,0,2,Injury Collision,Y,45,Bicycle,Matched,0,1,Raining,0,"(47.65538287600003, -122.34243924099997)",6322,0,N,09-153652
527,93688,93688,Intersection,Cycles,0,,,0,,06/24/2009 12:00:00 AM +0000,6/24/2009 8:45:00 AM,1,29168,At Intersection (intersection related),Daylight,DENNY WAY AND STEWART ST,0,1,,2,2906966,Dry,51,PEDALCYCLIST STRUCK MOTOR VEHICLE FRONT END AT ANGLE,09175028,10023,0,2,Injury Collision,,45,Bicycle,Matched,0,1,Clear or Partly Cloudy,0,"(47.61849175700007, -122.33072296099999)",23731,0,N,2009-218144
552,93283,93283,Block,Cycles,1842,,,0,,10/11/2008 12:00:00 AM +0000,10/11/2008 3:37:00 PM,1,,Mid-Block (not related to intersection),Daylight,LAKE WASHINGTON BLVD S BETWEEN LAKE PARK DR S AND S HORTON NR ST,0,1,Y,3,2894524,Dry,23,"MOTOR VEHICLE STRUCK PEDALCYCLIST, LEFT SIDE SIDESWIPE",08285035,11230,0,2,Injury Collision,,45,Bicycle,Matched,0,1,Clear or Partly Cloudy,0,"(47.578874744000075, -122.28370626699996)",38078,0,N,08-382855
569,92882,92882,Block,Cycles,86,,,0,,11/25/2008 12:00:00 AM +0000,11/25/2008 8:07:00 AM,1,,Driveway Junction,Daylight,GLENWILDE PL E BETWEEN E ROANOKE ST AND DEAD END,0,1,,3,2899454,Dry,18,"MOTOR VEHICLE STRUCK PEDALCYCLIST, FRONT END AT ANGLE",08330004,10661,0,2,Injury Collision,,45,Bicycle,Matched,0,1,Clear or Partly Cloudy,0,"(47.643385386000034, -122.30117747099996)",0,0,N,08-441552
615,94221,94221,Intersection,Cycles,0,,,0,,04/24/2009 12:00:00 AM +0000,4/24/2009 2:15:00 PM,1,31923,At Intersection (but not related to intersection),Unknown,36TH AVE SW AND SW ALASKA ST,0,1,,2,C720114,Unknown,14,"MOTOR VEHICLE STRUCK MOTOR VEHICLE, REAR END",09114034,5618,0,2,Injury Collision,,45,Bicycle,Matched,0,1,Unknown,0,"(47.56107033400008, -122.37745325299994)",41585,0,N,
618,92481,92481,Block,Cycles,385,,,0,,05/17/2008 12:00:00 AM +0000,5/17/2008 7:30:00 PM,1,,Mid-Block (not related to intersection),Daylight,UNIVERSITY WAY NE BETWEEN NE 52ND ST AND NE 55TH ST,0,1,,2,2893006,Dry,18,"MOTOR VEHICLE STRUCK PEDALCYCLIST, FRONT END AT ANGLE",08138006,13225,0,2,Injury Collision,,45,Bicycle,Matched,0,1,Clear or Partly Cloudy,0,"(47.66749016400007, -122.31303423799994)",5598,0,N,2008-177756
651,93407,93407,Intersection,Cycles,0, ,,0,,01/31/2008 12:00:00 AM +0000,1/31/2008 6:16:00 PM,1,24495,At Intersection (intersection related),Dark - Street Lights On,8TH AVE NE AND NE 65TH ST,0,1,Y,2,2904646,Wet,18,"MOTOR VEHICLE STRUCK PEDALCYCLIST, FRONT END AT ANGLE",08031002,8322,0,2,Injury Collision,,45,Bicycle,Matched,0,1,Raining,0,"(47.67585210000004, -122.32005308999999)",0,522077,N,08-040815
669,92738,92738,Block,Cycles,128.5,,,0,Y,07/03/2008 12:00:00 AM +0000,7/3/2008,1,,Mid-Block (not related to intersection),Dusk,N 62ND ST BETWEEN 1ST AVE NW AND PALATINE AVE N,0,1,,2,2830087,Dry,56,PEDALCYCLIST STRUCK MOTOR VEHICLE LEFT SIDE SIDESWIPE,08185003,15752,0,2,Injury Collision,,45,Bicycle,Matched,0,1,Clear or Partly Cloudy,0,"(47.674059068000076, -122.35693744599996)",0,0,N,08-242998
679,93955,93955,Block,Cycles,148,,,0,,01/10/2009 12:00:00 AM +0000,1/10/2009 9:42:00 AM,1,,Mid-Block (not related to intersection),Daylight,2ND AVE BETWEEN PINE ST AND STEWART ST,0,1,,2,2899746,Dry,54,PEDALCYCLIST STRUCK MOTOR VEHICLE REAR END,09010009,2759,0,2,Injury Collision,,45,Bicycle,Matched,0,1,Clear or Partly Cloudy,0,"(47.61062229600003, -122.34012716999996)",12185,0,N,2009-011824
762,92607,92607,Intersection,Cycles,0,,,0,,02/19/2008 12:00:00 AM +0000,2/19/2008 6:15:00 PM,1,27043,At Intersection (intersection related),Dark - Street Lights On,TROLL AVE N AND N 34TH ST,0,1,,2,C700087,Dry,51,PEDALCYCLIST STRUCK MOTOR VEHICLE FRONT END AT ANGLE,08050019,9002,0,2,Injury Collision,,45,Bicycle,Matched,0,1,Clear or Partly Cloudy,0,"(47.64924012200004, -122.34741874299999)",8816,0,N,
785,93528,93528,Intersection,Cycles,0,,,0,,07/17/2009 12:00:00 AM +0000,7/17/2009 7:50:00 AM,1,28767,At Intersection (intersection related),Daylight,DEXTER AVE N AND MERCER ST,0,1,Y,2,2906971,Dry,51,PEDALCYCLIST STRUCK MOTOR VEHICLE FRONT END AT ANGLE,09198003,10076,0,2,Injury Collision,,45,Bicycle,Matched,0,1,Clear or Partly Cloudy,0,"(47.624549727000044, -122.34234960099997)",12649,0,N,2009-248757
791,93803,93803,Intersection,Cycles,0,,,0,,06/06/2009 12:00:00 AM +0000,6/6/2009,1,28741,At Intersection (intersection related),Dark - Street Lights On,DEXTER AVE N AND ROY ST,0,1,,2,C721757,Dry,11,"MOTOR VEHICLE STRUCK MOTOR VEHICLE, FRONT END AT ANGLE",09157034,10078,0,2,Injury Collision,,45,Bicycle,Matched,0,1,Overcast,0,"(47.62540330500008, -122.34234200999998)",12712,0,N,
805,93808,93808,Intersection,Cycles,0,,,0,,07/04/2009 12:00:00 AM +0000,7/4/2009,1,31538,At Intersection (intersection related),Daylight,18TH AVE S AND S HOLGATE ST,0,1,,3,3211051,Dry,51,PEDALCYCLIST STRUCK MOTOR VEHICLE FRONT END AT ANGLE,09185018,2600,0,2,Injury Collision,,45,Bicycle,Matched,0,1,Clear or Partly Cloudy,0,"(47.586348530000066, -122.30944786099997)",0,0,N,2009-232107
819,92464,92464,Block,Cycles,318,,,0,,11/09/2008 12:00:00 AM +0000,11/9/2008,0,,Mid-Block (not related to intersection),Dark - Street Lights On,EAST MARGINAL WAY S BETWEEN 16TH AVE S AND BOEING DR,0,1,Y,2,2615674,Wet,21,"MOTOR VEHICLE STRUCK PEDALCYCLIST, REAR END",08314020,14419,0,1,Property Damage Only Collision,,45,Bicycle,Matched,1,1,Raining,0,"(47.533689028000026, -122.31223592499998)",1271,0,N,08-420642
824,93667,93667,Intersection,Cycles,0,,,0,,08/18/2009 12:00:00 AM +0000,8/18/2009 11:22:00 PM,1,25438,At Intersection (intersection related),Dark - Street Lights On,15TH AVE NW AND NW 51ST ST,0,1,Y,3,3327927,Dry,51,PEDALCYCLIST STRUCK MOTOR VEHICLE FRONT END AT ANGLE,09230022,2098,0,2,Injury Collision,,45,Bicycle,Matched,0,1,Clear or Partly Cloudy,0,"(47.66570451300004, -122.37621919199995)",18264,0,N,09-292199
852,92728,92728,Intersection,Cycles,0, ,,0,,07/19/2008 12:00:00 AM +0000,7/19/2008 6:47:00 PM,1,33512,At Intersection (intersection related),Daylight,RAINIER AVE S AND S ORCAS ST,0,1,Y,2,2894199,Dry,18,"MOTOR VEHICLE STRUCK PEDALCYCLIST, FRONT END AT ANGLE",08201002,12394,0,2,Injury Collision,,45,Bicycle,Matched,0,1,Clear or Partly Cloudy,0,"(47.55117602400003, -122.27766410999999)",0,523358,N,08-265957
876,94066,94066,Block,Cycles,353.5, ,,0,,09/29/2009 12:00:00 AM +0000,9/29/2009 5:30:00 PM,1,,Driveway Junction,Daylight,4TH AVE S BETWEEN 2ND AV ET S AND SEATTLE BLVD S,0,1,,2,3326841,Wet,18,"MOTOR VEHICLE STRUCK PEDALCYCLIST, FRONT END AT ANGLE",09272007,6230,0,2,Injury Collision,,45,Bicycle,Matched,0,1,Raining,0,"(47.59745463100006, -122.32897318899995)",0,611157,N,2009-344701
893,94204,94204,Intersection,Cycles,0,,,0,,06/12/2009 12:00:00 AM +0000,6/12/2009 9:55:00 AM,1,30447,At Intersection (intersection related),Daylight,8TH AVE S AND S DEARBORN ST,0,1,Y,2,2797921,Dry,51,PEDALCYCLIST STRUCK MOTOR VEHICLE FRONT END AT ANGLE,09163035,19830,0,2,Injury Collision,,45,Bicycle,Matched,0,1,Clear or Partly Cloudy,0,"(47.59583116700003, -122.32245866299996)",5851,0,N,09-202698
950,92587,92587,Block,Cycles,140, ,,0,,04/04/2008 12:00:00 AM +0000,4/4/2008,1,,Mid-Block (not related to intersection),Daylight,NE 45TH ST BETWEEN UNIVERSITY WAY NE AND 15TH AVE NE,0,1,,4,2895009,Dry,54,PEDALCYCLIST STRUCK MOTOR VEHICLE REAR END,08095002,16852,0,2,Injury Collision,,45,Bicycle,Matched,0,1,Overcast,0,"(47.66126567400005, -122.31256350599995)",6968,0,N,08-121687
953,93663,93663,Block,Cycles,298,,,0,,06/23/2009 12:00:00 AM +0000,6/23/2009 8:52:00 AM,1,,Driveway Junction,Daylight,S JACKSON ST BETWEEN 10TH AVE S AND 12TH AVE S,0,1,Y,2,3199256,Dry,18,"MOTOR VEHICLE STRUCK PEDALCYCLIST, FRONT END AT ANGLE",09174005,20493,0,2,Injury Collision,,45,Bicycle,Matched,0,1,Clear or Partly Cloudy,0,"(47.59918655700005, -122.31843273799996)",24480,0,N,09-216873
958,92725,92725,Block,Cycles,161,,,0,,07/21/2008 12:00:00 AM +0000,7/21/2008 8:59:00 AM,1,,Driveway Junction,Daylight,S JACKSON ST BETWEEN 7TH AVE S AND 8TH AVE S,0,1,Y,2,3282454,Dry,18,"MOTOR VEHICLE STRUCK PEDALCYCLIST, FRONT END AT ANGLE",08203004,20491,0,2,Injury Collision,,45,Bicycle,Matched,0,1,Clear or Partly Cloudy,0,"(47.59918737100003, -122.32309939399994)",24453,0,N,08-267927
960,93121,93121,Intersection,Cycles,0, ,,0,,12/30/2008 12:00:00 AM +0000,12/30/2008 9:54:00 PM,1,29173,At Intersection (intersection related),Dark - Street Lights On,STEWART ST AND YALE AVE,0,1,Y,3,3289135,Wet,18,"MOTOR VEHICLE STRUCK PEDALCYCLIST, FRONT END AT ANGLE",08365023,12910,0,2,Injury Collision,,45,Bicycle,Matched,0,1,Raining,0,"(47.61827376300005, -122.33099940999995)",0,524029,N,08-482151
970,92988,92988,Intersection,Cycles,0,,,0,,02/28/2008 12:00:00 AM +0000,2/28/2008 7:10:00 AM,1,28375,At Intersection (intersection related),Dawn,24TH AVE E AND BOYER AVE E,0,1,Y,2,2897926,Dry,51,PEDALCYCLIST STRUCK MOTOR VEHICLE FRONT END AT ANGLE,08059012,3549,0,2,Injury Collision,,45,Bicycle,Matched,0,1,Clear or Partly Cloudy,0,"(47.63524417700006, -122.30156537499994)",22451,0,N,2008-76581
1036,93786,93786,Intersection,Cycles,0,,,0,,09/03/2009 12:00:00 AM +0000,9/3/2009,1,29818,At Intersection (intersection related),Daylight,BROADWAY AND TERRACE ST,0,1,Y,2,2882558,Dry,51,PEDALCYCLIST STRUCK MOTOR VEHICLE FRONT END AT ANGLE,09246016,9436,0,2,Injury Collision,,45,Bicycle,Matched,0,1,Clear or Partly Cloudy,0,"(47.60522681700007, -122.32074874099999)",11844,0,N,2009-311937
1089,93249,93249,Intersection,Cycles,0,,,0,,08/14/2008 12:00:00 AM +0000,8/14/2008 8:49:00 AM,1,30403,At Intersection (intersection related),Daylight,12TH AVE AND E FIR ST,0,1,Y,3,2898139,Dry,51,PEDALCYCLIST STRUCK MOTOR VEHICLE FRONT END AT ANGLE,08227037,1524,0,2,Injury Collision,,45,Bicycle,Matched,0,1,Clear or Partly Cloudy,0,"(47.60268590700008, -122.31678180399996)",10566,0,N,08-301966
1110,92984,92984,Intersection,Cycles,0,,,0,,04/10/2008 12:00:00 AM +0000,4/10/2008 6:12:00 PM,1,36748,At Intersection (intersection related),Daylight,17TH AVE NE AND NE NORTHGATE WAY,0,1,,2,2904891,Wet,51,PEDALCYCLIST STRUCK MOTOR VEHICLE FRONT END AT ANGLE,08101001,2413,0,2,Injury Collision,,45,Bicycle,Matched,0,1,Raining,0,"(47.70850520100004, -122.30996524899996)",0,0,N,2008-129270
1169,93922,93922,Block,Cycles,233,,,0,Y,07/22/2009 12:00:00 AM +0000,7/22/2009 5:16:00 AM,1,,Mid-Block (not related to intersection),Dawn,FAUNTLEROY WAY SW BETWEEN SW FONTANELLE ST AND 47TH AVE SW,0,1,Y,2,2896055,Dry,21,"MOTOR VEHICLE STRUCK PEDALCYCLIST, REAR END",09203005,10410,0,2,Injury Collision,,45,Bicycle,Matched,0,1,Clear or Partly Cloudy,0,"(47.53640452500008, -122.39225474699998)",2969,0,N,2009-255434
1201,93106,93106,Intersection,Cycles,0,,,0,,12/02/2008 12:00:00 AM +0000,12/2/2008,1,30355,At Intersection (intersection related),Dark - Street Lights On,2ND AVE AND CHERRY ST,0,1,,2,2616457,Wet,51,PEDALCYCLIST STRUCK MOTOR VEHICLE FRONT END AT ANGLE,08337022,2750,0,2,Injury Collision,,45,Bicycle,Matched,0,1,Raining,0,"(47.60301939300007, -122.33317224599995)",12035,0,N,08-450527
1214,93371,93371,Block,Cycles,131.5,,,0,,08/22/2008 12:00:00 AM +0000,8/22/2008 8:37:00 PM,1,,Driveway Junction,Dark - Street Lights On,STONE WAY N BETWEEN BRIDGE WAY N AND N 40TH ST,0,1,Y,2,2904932,Dry,18,"MOTOR VEHICLE STRUCK PEDALCYCLIST, FRONT END AT ANGLE",08235003,12960,0,2,Injury Collision,,45,Bicycle,Matched,0,1,Clear or Partly Cloudy,0,"(47.65502131000005, -122.34245699799999)",6317,0,N,08-313751
1270,94318,94318,Block,Cycles,130,,,0,Y,05/28/2009 12:00:00 AM +0000,5/28/2009 4:50:00 PM,2,,Mid-Block (not related to intersection),Daylight,WALLINGFORD AVE N BETWEEN N 47TH ST AND N 48TH ST,1,1,,2,2893363,Dry,64,PEDALCYCLIST STRUCK PEDESTRIAN,09148001,13375,0,2,Injury Collision,,45,Bicycle,Matched,0,0,Clear or Partly Cloudy,0,"(47.66322203500005, -122.33642000699996)",0,0,N,09-183022
1277,92577,92577,Intersection,Cycles,0,,,0,,11/24/2008 12:00:00 AM +0000,11/24/2008 7:00:00 PM,1,26711,At Intersection (intersection related),Unknown,11TH AVE NW AND NW 45TH ST,0,1,,2,2609742,Dry,18,"MOTOR VEHICLE STRUCK PEDALCYCLIST, FRONT END AT ANGLE",08329013,1427,0,2,Injury Collision,,45,Bicycle,Matched,0,1,Clear or Partly Cloudy,0,"(47.66146941900007, -122.37076944799998)",0,0,N,08-440991
1317,93768,93768,Intersection,Cycles,0,,,0,,05/29/2009 12:00:00 AM +0000,5/29/2009 5:13:00 PM,1,32018,At Intersection (intersection related),Daylight,MARGINAL PL SW AND SW CHARLESTOWN ST,0,1,Y,2,3295554,Dry,51,PEDALCYCLIST STRUCK MOTOR VEHICLE FRONT END AT ANGLE,09149004,11638,1,2b,Serious Injury Collision,,45,Bicycle,Matched,0,1,Clear or Partly Cloudy,0,"(47.57011451600005, -122.35621454899996)",38438,0,N,09-184449
1319,93638,93638,Intersection,Cycles,0,,,0,,12/22/2009 12:00:00 AM +0000,12/22/2009 10:43:00 PM,1,28746,At Intersection (intersection related),Dark - Street Lights On,BOREN AVE N AND VALLEY ST,0,2,,5,3200470,Dry,18,"MOTOR VEHICLE STRUCK PEDALCYCLIST, FRONT END AT ANGLE",09356001,13267,0,2,Injury Collision,,45,Bicycle,Matched,0,1,Clear or Partly Cloudy,0,"(47.62578474600008, -122.33581704499994)",0,0,N,09-439491
1479,93621,93621,Intersection,Cycles,0,,,0,,03/08/2009 12:00:00 AM +0000,3/8/2009,0,32298,At Intersection (intersection related),Daylight,15TH AVE S AND S NEVADA ST,0,1,,3,3296704,Dry,11,"MOTOR VEHICLE STRUCK MOTOR VEHICLE, FRONT END AT ANGLE",09067003,2157,0,1,Property Damage Only Collision,,45,Bicycle,Matched,0,1,Clear or Partly Cloudy,0,"(47.56532118300004, -122.31349054299994)",11777,0,N,09-81551
1491,94578,94578,Block,Cycles,153.5,,,0,,08/08/2009 12:00:00 AM +0000,8/8/2009,0,,Mid-Block (not related to intersection),Dark - Street Lights On,ALASKAN E RDWY WAY S BETWEEN S WASHINGTON ST AND S MAIN ST,0,1,,2,2899917,Dry,21,"MOTOR VEHICLE STRUCK PEDALCYCLIST, REAR END",09220002,8754,0,1,Property Damage Only Collision,,45,Bicycle,Matched,0,1,Overcast,0,"(47.60046898500008, -122.335456567)",0,0,N,09-279557
1522,92689,92689,Block,Cycles,300,,,0,,05/12/2008 12:00:00 AM +0000,5/12/2008 6:19:00 PM,3,,Mid-Block (but intersection related),Daylight,SW SPOKANE ST BETWEEN SW KLICKITAT SR WAY AND 11TH CR AVE SW,0,1,,3,2625825,Dry,51,PEDALCYCLIST STRUCK MOTOR VEHICLE FRONT END AT ANGLE,08133003,22807,1,2b,Serious Injury Collision,,45,Bicycle,Matched,0,1,Clear or Partly Cloudy,0,"(47.57144715600003, -122.34758371999999)",39193,0,N,2008 170797
1554,94449,94449,Intersection,Cycles,0, ,,0,,07/21/2009 12:00:00 AM +0000,7/21/2009 5:27:00 PM,1,27149,At Intersection (intersection related),Daylight,15TH AVE NE AND NE PACIFIC ST,0,1,Y,5,3206306,Dry,18,"MOTOR VEHICLE STRUCK PEDALCYCLIST, FRONT END AT ANGLE",09202006,2028,0,2,Injury Collision,,45,Bicycle,Matched,0,1,Clear or Partly Cloudy,0,"(47.65297596400006, -122.31246414499998)",0,520838,N,09-254754
1659,94573,94573,Intersection,Cycles,0,,,0,,01/14/2009 12:00:00 AM +0000,1/14/2009 8:23:00 AM,1,30750,At Intersection (intersection related),Daylight,17TH AVE S AND S JACKSON ST,0,1,Y,2,2906164,Dry,18,"MOTOR VEHICLE STRUCK PEDALCYCLIST, FRONT END AT ANGLE",09014012,20497,0,2,Injury Collision,,45,Bicycle,Matched,0,1,Clear or Partly Cloudy,0,"(47.59923179300006, -122.31027221399995)",11031,0,N,2009-16707
1667,94442,94442,Intersection,Cycles,0,,,0,,11/11/2009 12:00:00 AM +0000,11/11/2009 6:56:00 AM,1,29055,At Intersection (intersection related),Daylight,12TH AVE E AND E JOHN ST,0,1,,2,3207979,Wet,21,"MOTOR VEHICLE STRUCK PEDALCYCLIST, REAR END",09315031,1551,0,2,Injury Collision,,45,Bicycle,Matched,0,1,Overcast,0,"(47.61993670700008, -122.31692834199998)",35229,0,N,09-394248
1721,90457,90457,Block,Cycles,386.5,,,0,Y,07/17/2008 12:00:00 AM +0000,7/17/2008 5:15:00 PM,1,,Driveway Junction,Daylight,8TH AVE N BETWEEN ALOHA ST AND WESTLAKE S AVE N,0,1,Y,2,2900213,Dry,18,"MOTOR VEHICLE STRUCK PEDALCYCLIST, FRONT END AT ANGLE",08199004,8294,0,2,Injury Collision,,45,Bicycle,Matched,0,1,Clear or Partly Cloudy,0,"(47.62819131200007, -122.34099409399994)",0,0,N,08-264084
1729,90857,90857,Intersection,Cycles,0,,,0,,05/30/2008 12:00:00 AM +0000,5/30/2008 3:48:00 PM,0,30148,At Intersection (intersection related),Daylight,22ND AVE AND E UNION ST,0,1,,2,2806183,Dry,18,"MOTOR VEHICLE STRUCK PEDALCYCLIST, FRONT END AT ANGLE",08151004,3232,0,1,Property Damage Only Collision,,45,Bicycle,Matched,0,1,Clear or Partly Cloudy,0,"(47.612933104000035, -122.30363535099997)",9360,0,N,08-195059
1788,92027,92027,Intersection,Cycles,0,,,0,,12/10/2008 12:00:00 AM +0000,12/10/2008 3:49:00 PM,1,30477,At Intersection (intersection related),Dusk,6TH AVE AND JEFFERSON ST,0,1,Y,2,3282443,Dry,18,"MOTOR VEHICLE STRUCK PEDALCYCLIST, FRONT END AT ANGLE",08345024,7872,0,2,Injury Collision,,45,Bicycle,Matched,0,1,Overcast,0,"(47.60344580700007, -122.32742361199996)",0,0,N,08-461013
1816,91637,91637,Intersection,Cycles,0, ,,0,,11/19/2008 12:00:00 AM +0000,11/19/2008 4:40:00 PM,1,29542,At Intersection (intersection related),Daylight,7TH AVE AND WESTLAKE AVE,1,1,Y,2,3286576,Unknown,64,PEDALCYCLIST STRUCK PEDESTRIAN,08324021,8163,0,2,Injury Collision,,45,Bicycle,Matched,0,0,Clear or Partly Cloudy,0,"(47.61528336200007, -122.33783703399996)",25294,622404,N,08-435621