OBJECTID,INCKEY,COLDETKEY,ADDRTYPE,COLLISIONTYPE,DISTANCE,EXCEPTRSNCODE,EXCEPTRSNDESC,FATALITIES,INATTENTIONIND,INCDATE,INCDTTM,INJURIES,INTKEY,JUNCTIONTYPE,LIGHTCOND,LOCATION,PEDCOUNT,PEDCYLCOUNT,PEDROWNOTGRNT,PERSONCOUNT,REPORTNO,ROADCOND,SDOT_COLCODE,SDOT_COLDESC,SDOTCOLNUM,SEGKEY,SERIOUSINJURIES,SEVERITYCODE,SEVERITYDESC,SPEEDING,ST_COLCODE,ST_COLDESC,STATUS,UNDERINFL,VEHCOUNT,WEATHER,WIDTH,Shape,SEGLANEKEY,CROSSWALKKEY,HITPARKEDCAR,SPDCASENO
1867,90981,90981,Intersection,Cycles,0, ,,0,,12/15/2008 12:00:00 AM +0000,12/15/2008 3:43:00 PM,1,31369,At Intersection (intersection related),Daylight,4TH AVE S AND S LANDER ST,0,1,Y,2,2894468,Dry,18,"MOTOR VEHICLE STRUCK PEDALCYCLIST, FRONT END AT ANGLE",08350023,6240,0,2,Injury Collision,,45,Bicycle,Matched,0,1,Clear or Partly Cloudy,0,"(47.579809451000074, -122.32905650499998)",0,524930,N,08-457002
1931,91496,91496,Intersection,Cycles,0,,,0,,10/09/2008 12:00:00 AM +0000,10/9/2008,1,28368,At Intersection (intersection related),Daylight,25TH AVE E AND E LYNN W ST,0,1,Y,2,2899577,Dry,51,PEDALCYCLIST STRUCK MOTOR VEHICLE FRONT END AT ANGLE,08283004,14330,0,2,Injury Collision,,45,Bicycle,Matched,0,1,Clear or Partly Cloudy,0,"(47.63952418100007, -122.30050053099995)",0,0,N,08-379790
1993,90442,90442,Intersection,Cycles,0,,,0,,12/11/2008 12:00:00 AM +0000,12/11/2008 7:40:00 AM,1,29761,At Intersection (intersection related),Dawn,12TH AVE AND E MADISON ST,0,1,,2,3289280,Dry,18,"MOTOR VEHICLE STRUCK PEDALCYCLIST, FRONT END AT ANGLE",08346025,1536,0,2,Injury Collision,,45,Bicycle,Matched,0,1,Clear or Partly Cloudy,0,"(47.61288923600006, -122.31673339099996)",10773,0,N,08-461801
2139,90565,90565,Intersection,Cycles,0, ,,0,,06/11/2008 12:00:00 AM +0000,6/11/2008 4:15:00 PM,0,28736,At Intersection (intersection related),Daylight,DEXTER AVE N AND VALLEY ST,0,1,,2,C705243,Dry,51,PEDALCYCLIST STRUCK MOTOR VEHICLE FRONT END AT ANGLE,08163028,10079,0,1,Property Damage Only Collision,,45,Bicycle,Matched,0,1,Clear or Partly Cloudy,0,"(47.626261483000064, -122.34233438599995)",12708,0,N,
2267,90558,90558,Intersection,Cycles,0,,,0,,04/17/2008 12:00:00 AM +0000,4/17/2008 9:44:00 AM,1,25992,At Intersection (intersection related),Daylight,20TH AVE NE AND NE 61ST ST,0,1,,2,2905781,Dry,18,"MOTOR VEHICLE STRUCK PEDALCYCLIST, FRONT END AT ANGLE",08108002,2968,0,2,Injury Collision,,45,Bicycle,Matched,0,1,Clear or Partly Cloudy,0,"(47.67262222100004, -122.30650942599999)",0,0,N,08-137529
2268,92371,92371,Block,Cycles,236.5,,,0,,08/02/2008 12:00:00 AM +0000,8/2/2008,1,,Mid-Block (not related to intersection),Daylight,WESTLAKE AVE BETWEEN LENORA ST AND BLANCHARD ST,0,1,Y,2,2907157,Dry,21,"MOTOR VEHICLE STRUCK PEDALCYCLIST, REAR END",08215003,13530,0,2,Injury Collision,,45,Bicycle,Matched,0,1,Clear or Partly Cloudy,0,"(47.617115924000075, -122.33813620099994)",37217,0,N,08-285422
2313,91607,91607,Intersection,Cycles,0,,,0,,08/09/2008 12:00:00 AM +0000,8/9/2008,1,35011,At Intersection (intersection related),Daylight,16TH AVE SW AND SW CLOVERDALE ST,0,1,,5,2613996,Wet,18,"MOTOR VEHICLE STRUCK PEDALCYCLIST, FRONT END AT ANGLE",08222004,2345,0,2,Injury Collision,,45,Bicycle,Matched,0,1,Raining,0,"(47.52651616400004, -122.35507294399997)",0,0,N,2008-295753
2371,90680,90680,Intersection,Cycles,0, ,,0,,08/25/2008 12:00:00 AM +0000,8/25/2008 6:08:00 PM,1,287144,At Intersection (intersection related),Dusk,BURKE GILMAN TRL AND NW 42ND ST,0,1,Y,2,2905310,Wet,18,"MOTOR VEHICLE STRUCK PEDALCYCLIST, FRONT END AT ANGLE",08238008,287191,0,2,Injury Collision,,45,Bicycle,Matched,0,1,Raining,0,"(47.65775618100008, -122.36474763099994)",0,525276,N,08-317485
2377,90550,90550,Block,Cycles,882,,,0,,08/10/2008 12:00:00 AM +0000,8/10/2008 12:30:00 PM,1,,Mid-Block (not related to intersection),Daylight,DEXTER AVE N BETWEEN HALLADAY ST AND 4TH S AVE N,0,1,Y,3,3273879,Dry,21,"MOTOR VEHICLE STRUCK PEDALCYCLIST, REAR END",08223006,10094,0,2,Injury Collision,,45,Bicycle,Matched,0,2,Clear or Partly Cloudy,0,"(47.64426570300003, -122.34665163399995)",13856,0,N,08-296762
2420,92234,92234,Intersection,Cycles,0,,,0,,07/07/2008 12:00:00 AM +0000,7/7/2008,1,26694,At Intersection (intersection related),Daylight,3RD AVE W AND W BERTONA ST,0,1,Y,2,2826550,Dry,51,PEDALCYCLIST STRUCK MOTOR VEHICLE FRONT END AT ANGLE,08189003,4569,0,2,Injury Collision,,45,Bicycle,Matched,0,1,Clear or Partly Cloudy,0,"(47.65041733600003, -122.36087974199995)",30266,0,N,08-248125
2500,91198,91198,Intersection,Cycles,0,,,0,,03/15/2008 12:00:00 AM +0000,3/15/2008 11:10:00 PM,1,26787,At Intersection (intersection related),Dark - Street Lights On,WALLINGFORD AVE N AND N 45TH ST,0,1,,3,2897506,Dry,51,PEDALCYCLIST STRUCK MOTOR VEHICLE FRONT END AT ANGLE,08075003,13373,0,2,Injury Collision,,45,Bicycle,Matched,0,1,Clear or Partly Cloudy,0,"(47.661385669000026, -122.33629426399995)",6488,0,N,08-97639
2506,90410,90410,Intersection,Cycles,0,,,0,,11/26/2008 12:00:00 AM +0000,11/26/2008 1:00:00 PM,1,24283,At Intersection (intersection related),Daylight,DAYTON AVE N AND N 80TH ST,0,1,,2,C713353,Dry,51,PEDALCYCLIST STRUCK MOTOR VEHICLE FRONT END AT ANGLE,08331044,9922,0,2,Injury Collision,,45,Bicycle,Matched,0,1,Clear or Partly Cloudy,0,"(47.68694052600006, -122.35260008899996)",27312,0,N,
2513,92358,92358,Intersection,Cycles,0, ,,0,,11/09/2008 12:00:00 AM +0000,11/9/2008,1,29744,At Intersection (intersection related),Dark - Street Lights On,HARVARD AVE AND E PIKE ST,0,1,,2,3287179,Wet,18,"MOTOR VEHICLE STRUCK PEDALCYCLIST, FRONT END AT ANGLE",08314021,10841,0,2,Injury Collision,,45,Bicycle,Matched,0,1,Raining,0,"(47.61406619600007, -122.32211092499995)",0,521655,N,2008-421342
2523,90545,90545,Intersection,Cycles,0, ,,0,,08/13/2008 12:00:00 AM +0000,8/13/2008 1:49:00 PM,1,31066,At Intersection (intersection related),Daylight,CALIFORNIA AVE SW AND SW ADMIRAL WAY,0,1,,3,2895743,Dry,18,"MOTOR VEHICLE STRUCK PEDALCYCLIST, FRONT END AT ANGLE",08226004,9540,0,2,Injury Collision,,45,Bicycle,Matched,0,1,Clear or Partly Cloudy,0,"(47.58119534200006, -122.38654575499999)",0,522655,N,08-300915
2693,92219,92219,Block,Cycles,198,,,0,,04/29/2008 12:00:00 AM +0000,4/29/2008 1:53:00 PM,1,,Driveway Junction,Daylight,ROOSEVELT WAY NE BETWEEN NE 42ND N ST AND NE 43RD S ST,0,1,,2,2905676,Dry,51,PEDALCYCLIST STRUCK MOTOR VEHICLE FRONT END AT ANGLE,08120009,12596,0,2,Injury Collision,,45,Bicycle,Matched,0,1,Clear or Partly Cloudy,0,"(47.65891124900003, -122.31776594999997)",8990,0,N,08-153227
2696,92216,92216,Intersection,Cycles,0,,,0,,01/28/2008 12:00:00 AM +0000,1/28/2008 10:04:00 AM,1,29109,At Intersection (intersection related),Daylight,FAIRVIEW AVE N AND FAIRVIEW PL N,0,1,Y,2,2898585,Wet,18,"MOTOR VEHICLE STRUCK PEDALCYCLIST, FRONT END AT ANGLE",08028004,10354,0,2,Injury Collision,,45,Bicycle,Matched,0,1,Clear or Partly Cloudy,0,"(47.626280877000056, -122.33400849299994)",0,0,N,08-036476
2731,90923,90923,Block,Cycles,213,,,0,,05/27/2008 12:00:00 AM +0000,5/27/2008 4:18:00 PM,1,,Mid-Block (not related to intersection),Daylight,2ND AVE BETWEEN UNIVERSITY ST AND UNION ST,0,1,,2,2906715,Dry,18,"MOTOR VEHICLE STRUCK PEDALCYCLIST, FRONT END AT ANGLE",08148004,2756,0,2,Injury Collision,,45,Bicycle,Matched,0,1,Clear or Partly Cloudy,0,"(47.60779445000003, -122.33754000999994)",12163,0,N,2008-190977
2772,91186,91186,Intersection,Cycles,0, ,,0,,08/28/2008 12:00:00 AM +0000,8/28/2008 4:20:00 PM,1,28744,At Intersection (intersection related),Daylight,BROAD ST AND VALLEY ST,0,1,,2,2908524,Dry,18,"MOTOR VEHICLE STRUCK PEDALCYCLIST, FRONT END AT ANGLE",08241002,13265,0,2,Injury Collision,,45,Bicycle,Matched,0,1,Clear or Partly Cloudy,0,"(47.625795769000035, -122.33863455)",0,523374,N,08-321483
2784,90391,90391,Block,Cycles,288,,,0,,06/10/2008 12:00:00 AM +0000,6/10/2008 3:20:00 PM,1,,Mid-Block (not related to intersection),Daylight,EASTLAKE AVE E BETWEEN E SHELBY ST AND E ALLISON ST,0,1,,2,2898109,Dry,51,PEDALCYCLIST STRUCK MOTOR VEHICLE FRONT END AT ANGLE,08162004,10182,0,2,Injury Collision,,45,Bicycle,Matched,0,1,Overcast,0,"(47.64808303800004, -122.32397810399999)",24676,0,N,08-209469
2845,91708,91708,Intersection,Cycles,0,,,0,,12/10/2008 12:00:00 AM +0000,12/10/2008 7:08:00 PM,2,24388,At Intersection (intersection related),Dark - Street Lights On,ROOSEVELT WAY NE AND NE 82ND S ST,0,1,Y,5,2881011,Dry,18,"MOTOR VEHICLE STRUCK PEDALCYCLIST, FRONT END AT ANGLE",08345023,12631,1,2b,Serious Injury Collision,,45,Bicycle,Matched,0,1,Clear or Partly Cloudy,0,"(47.68819818600008, -122.31757853299996)",16603,0,N,08-461252
2855,91574,91574,Intersection,Cycles,0,,,0,,08/15/2008 12:00:00 AM +0000,8/15/2008 9:05:00 AM,1,25243,At Intersection (intersection related),Dusk,3RD AVE NW AND NW 65TH ST,0,1,,2,C708353,Dry,18,"MOTOR VEHICLE STRUCK PEDALCYCLIST, FRONT END AT ANGLE",08228035,4461,0,2,Injury Collision,,45,Bicycle,Matched,0,1,Clear or Partly Cloudy,0,"(47.67599645400003, -122.36069501599997)",33344,0,N,
2988,91167,91167,Block,Cycles,236.5,,,0,,11/24/2008 12:00:00 AM +0000,11/24/2008 5:23:00 PM,1,,Driveway Junction,Dark - Street Lights On,WESTLAKE AVE BETWEEN LENORA ST AND BLANCHARD ST,0,1,Y,2,3288822,Dry,51,PEDALCYCLIST STRUCK MOTOR VEHICLE FRONT END AT ANGLE,08329004,13530,0,2,Injury Collision,,45,Bicycle,Matched,0,1,Clear or Partly Cloudy,0,"(47.617115924000075, -122.33813620099994)",37218,0,N,2008-440888
3074,92194,92194,Intersection,Cycles,0, ,,0,,07/29/2008 12:00:00 AM +0000,7/29/2008 9:37:00 AM,1,29704,At Intersection (intersection related),Daylight,BELL ST AND WESTERN AVE,0,1,Y,2,2906869,Wet,18,"MOTOR VEHICLE STRUCK PEDALCYCLIST, FRONT END AT ANGLE",08211009,9197,0,2,Injury Collision,,45,Bicycle,Matched,0,1,Overcast,0,"(47.612710391000064, -122.34737243299998)",0,523763,N,08-279221
3080,92322,92322,Intersection,Cycles,0,,,0,,09/16/2008 12:00:00 AM +0000,9/16/2008 5:12:00 AM,1,36621,At Intersection (intersection related),Dark - Street Lights On,30TH AVE NE AND NE 120TH ST,0,1,Y,2,3284033,Dry,18,"MOTOR VEHICLE STRUCK PEDALCYCLIST, FRONT END AT ANGLE",08260002,4631,0,2,Injury Collision,,45,Bicycle,Matched,0,1,Clear or Partly Cloudy,0,"(47.71559629500007, -122.29646014899998)",0,0,N,2008-347488
3149,90365,90365,Block,Cycles,311,,,0,,08/21/2008 12:00:00 AM +0000,8/21/2008 8:40:00 PM,1,,Mid-Block (not related to intersection),Dark - No Street Lights,NW BALLARD WAY BETWEEN 14TH AVE NW AND BALLARD BR OFF RP,0,1,,2,2624475,Dry,18,"MOTOR VEHICLE STRUCK PEDALCYCLIST, FRONT END AT ANGLE",08234004,19156,0,2,Injury Collision,,45,Bicycle,Matched,0,1,Clear or Partly Cloudy,0,"(47.66293189700008, -122.37485486999998)",26349,0,N,2008-312330
3151,90364,90364,Block,Cycles,140,,,0,,06/13/2008 12:00:00 AM +0000,6/13/2008 7:16:00 PM,0,,Driveway Junction,Dawn,NW MARKET ST BETWEEN NW 54TH ST AND 30TH AVE NW,0,1,,3,2905813,Dry,51,PEDALCYCLIST STRUCK MOTOR VEHICLE FRONT END AT ANGLE,08165002,19239,0,1,Property Damage Only Collision,,45,Bicycle,Matched,0,1,Clear or Partly Cloudy,0,"(47.668645567000056, -122.39507431399994)",0,0,N,2008-213942
3169,90371,90371,Intersection,Cycles,0,,,0,Y,08/15/2008 12:00:00 AM +0000,8/15/2008 4:58:00 PM,1,24244,At Intersection (intersection related),Daylight,WALLINGFORD AVE N AND EAST GREEN LAKE DR N,0,1,Y,2,3277879,Dry,18,"MOTOR VEHICLE STRUCK PEDALCYCLIST, FRONT END AT ANGLE",08228027,13386,0,2,Injury Collision,,45,Bicycle,Matched,0,1,Clear or Partly Cloudy,0,"(47.685612450000065, -122.33676543999997)",7370,0,N,08-303975
3193,91679,91679,Block,Cycles,213,,,0,Y,03/12/2008 12:00:00 AM +0000,3/12/2008 9:32:00 PM,1,,Mid-Block (not related to intersection),Dark - Street Lights On,12TH AVE BETWEEN E OLIVE ST AND E HOWELL ST,0,1,Y,3,2897909,Dry,18,"MOTOR VEHICLE STRUCK PEDALCYCLIST, FRONT END AT ANGLE",08072002,1548,0,2,Injury Collision,,45,Bicycle,Matched,0,1,Clear or Partly Cloudy,0,"(47.617015027000036, -122.31688206299998)",10852,0,N,08-93630
3214,92058,92058,Intersection,Cycles,0, ,,0,,10/10/2008 12:00:00 AM +0000,10/10/2008 5:20:00 PM,1,29612,At Intersection (intersection related),Daylight,2ND AVE AND SENECA ST,1,1,,2,2620086,Dry,64,PEDALCYCLIST STRUCK PEDESTRIAN,08284031,2755,0,2,Injury Collision,,45,Bicycle,Matched,0,0,Clear or Partly Cloudy,0,"(47.60658579100004, -122.33643418799994)",12156,520993,N,08-381833
3290,90622,90622,Block,Cycles,213.5,,,0,,08/06/2008 12:00:00 AM +0000,8/6/2008,1,,Mid-Block (not related to intersection),Daylight,ALASKAN WAY BETWEEN UNIVERSITY ST AND UNION ST,0,1,,3,2826595,Dry,55,PEDALCYCLIST STRUCK MOTOR VEHICLE RIGHT SIDE SIDESWIPE,08219002,8723,1,2b,Serious Injury Collision,,45,Bicycle,Matched,0,1,Clear or Partly Cloudy,0,"(47.60640582000008, -122.34087258999995)",20982,0,N,08-291398
3316,91927,91927,Block,Cycles,265,,,0,Y,11/03/2008 12:00:00 AM +0000,11/3/2008,1,,Driveway Junction,Dark - Street Lights On,SW ANDOVER ST BETWEEN DELRIDGE WAY SW AND 26TH AVE SW,0,1,Y,2,2896218,Wet,18,"MOTOR VEHICLE STRUCK PEDALCYCLIST, FRONT END AT ANGLE",08308003,21754,0,2,Injury Collision,,45,Bicycle,Matched,0,1,Raining,0,"(47.56834594600008, -122.36435375099995)",41441,0,N,2008-413437
3323,92177,92177,Intersection,Cycles,0,,,0,,07/07/2008 12:00:00 AM +0000,7/7/2008,1,25789,At Intersection (intersection related),Daylight,ROOSEVELT WAY NE AND NE 50TH ST,0,1,,3,3277330,Dry,18,"MOTOR VEHICLE STRUCK PEDALCYCLIST, FRONT END AT ANGLE",08189022,12601,0,2,Injury Collision,,45,Bicycle,Matched,0,1,Clear or Partly Cloudy,0,"(47.664937344000066, -122.31740379099995)",9124,0,N,08-248854
3441,92301,92301,Intersection,Cycles,0,,,0,,09/25/2008 12:00:00 AM +0000,9/25/2008 5:39:00 PM,1,37340,At Intersection (intersection related),Dusk,AURORA AVE N AND N 90TH ST,0,1,Y,2,2895369,Dry,51,PEDALCYCLIST STRUCK MOTOR VEHICLE FRONT END AT ANGLE,08269004,8969,0,2,Injury Collision,,45,Bicycle,Matched,0,1,Overcast,0,"(47.69418567000008, -122.34456497099995)",0,0,N,2008-360868
3457,90351,90351,Intersection,Cycles,0,,,0,,06/25/2008 12:00:00 AM +0000,6/25/2008 5:34:00 PM,1,37682,At Intersection (intersection related),Daylight,30TH AVE NE AND NE 85TH ST,0,1,Y,2,2905686,Dry,51,PEDALCYCLIST STRUCK MOTOR VEHICLE FRONT END AT ANGLE,08177006,4615,0,2,Injury Collision,,45,Bicycle,Matched,0,1,Clear or Partly Cloudy,0,"(47.69023443000003, -122.29602229499994)",0,0,N,08-230975
3495,91666,91666,Intersection,Cycles,0,,,0,,05/09/2008 12:00:00 AM +0000,5/9/2008,0,25871,At Intersection (intersection related),Daylight,1ST AVE NE AND NE 50TH ST,0,1,,2,C704706,Dry,18,"MOTOR VEHICLE STRUCK PEDALCYCLIST, FRONT END AT ANGLE",08130051,1069,0,1,Property Damage Only Collision,,45,Bicycle,Matched,0,1,Clear or Partly Cloudy,0,"(47.66500266400004, -122.32826780399995)",0,0,N,
3522,91263,91263,Block,Cycles,166,,,0,,04/10/2008 12:00:00 AM +0000,4/10/2008 3:33:00 PM,0,,Mid-Block (but intersection related),Daylight,E ALOHA ST BETWEEN 18TH AVE E AND 19TH AVE E,0,1,,2,2898104,Dry,21,"MOTOR VEHICLE STRUCK PEDALCYCLIST, REAR END",08101028,13822,0,1,Property Damage Only Collision,,45,Bicycle,Matched,0,1,Clear or Partly Cloudy,0,"(47.62685524800003, -122.30797193299998)",8647,0,N,08 129076
3542,91266,91266,Block,Cycles,233,,,0,Y,03/01/2008 12:00:00 AM +0000,3/1/2008,0,,Mid-Block (not related to intersection),Daylight,24TH AVE BETWEEN E HOWELL ST AND E DENNY WAY,0,1,,2,2897739,Dry,54,PEDALCYCLIST STRUCK MOTOR VEHICLE REAR END,08061002,3524,0,1,Property Damage Only Collision,Y,45,Bicycle,Matched,0,1,Clear or Partly Cloudy,0,"(47.61828503800007, -122.30117930999995)",0,0,N,08-79579
3570,92160,92160,Intersection,Cycles,0,,,0,,12/09/2008 12:00:00 AM +0000,12/9/2008,0,29859,At Intersection (intersection related),Dark - Street Lights Off,BELMONT AVE AND E PINE ST,0,1,Y,2,3287235,Dry,18,"MOTOR VEHICLE STRUCK PEDALCYCLIST, FRONT END AT ANGLE",08344023,9234,0,1,Property Damage Only Collision,,45,Bicycle,Matched,0,1,Clear or Partly Cloudy,0,"(47.61522500500007, -122.32447263599994)",10368,0,N,08-459774
3601,92430,92430,Block,Cycles,216,,,0,,05/22/2008 12:00:00 AM +0000,5/22/2008 3:20:00 PM,0,,Mid-Block (not related to intersection),Daylight,ALDER ST BETWEEN DEAD END AND 9TH AVE,0,1,,2,2882556,Dry,51,PEDALCYCLIST STRUCK MOTOR VEHICLE FRONT END AT ANGLE,08143036,8778,0,1,Property Damage Only Collision,,45,Bicycle,Matched,0,1,Overcast,0,"(47.60310238000005, -122.32353827199995)",0,0,N,2008-184142
3694,92283,92283,Block,Cycles,425,,,0,,08/11/2008 12:00:00 AM +0000,8/11/2008 3:36:00 PM,0,,Mid-Block (not related to intersection),Daylight,MELROSE AVE E BETWEEN E DENNY WAY AND E THOMAS ST,0,1,,2,2895150,Dry,51,PEDALCYCLIST STRUCK MOTOR VEHICLE FRONT END AT ANGLE,08224001,11758,0,1,Property Damage Only Collision,,45,Bicycle,Matched,0,1,Clear or Partly Cloudy,0,"(47.61966063700004, -122.32785483799995)",11534,0,N,2008-298221
3708,92420,92420,Block,Cycles,153,,,0,,04/05/2008 12:00:00 AM +0000,4/5/2008,0,,Mid-Block (but intersection related),Daylight,20TH AVE BETWEEN E FIR ST AND E SPRUCE ST,0,1,,3,2897990,Dry,18,"MOTOR VEHICLE STRUCK PEDALCYCLIST, FRONT END AT ANGLE",08096042,2930,0,1,Property Damage Only Collision,,45,Bicycle,Matched,0,1,Clear or Partly Cloudy,0,"(47.60309168800006, -122.30634995499997)",0,0,N,2008-122844
3751,89395,89395,Intersection,Cycles,0,,,0,,09/04/2008 12:00:00 AM +0000,9/4/2008,1,33983,At Intersection (intersection related),Daylight,24TH AVE SW AND SW HOLDEN ST,0,1,Y,2,2804004,Dry,51,PEDALCYCLIST STRUCK MOTOR VEHICLE FRONT END AT ANGLE,08248007,3659,0,2,Injury Collision,,45,Bicycle,Matched,0,1,Clear or Partly Cloudy,0,"(47.533697679000056, -122.36318538899997)",0,0,N,2008-331095
3792,88731,88731,Intersection,Cycles,0,,,0,,07/24/2008 12:00:00 AM +0000,7/24/2008 1:36:00 PM,1,28661,At Intersection (intersection related),Daylight,JOHN ST AND QUEEN ANNE AVE N,0,1,Y,3,2826192,Dry,18,"MOTOR VEHICLE STRUCK PEDALCYCLIST, FRONT END AT ANGLE",08206006,11068,0,2,Injury Collision,,45,Bicycle,Matched,0,1,Clear or Partly Cloudy,0,"(47.619773260000045, -122.35674674399996)",12310,0,N,08-272448
3862,89788,89788,Block,Cycles,213,,,0,,10/16/2008 12:00:00 AM +0000,10/16/2008 5:02:00 PM,1,,Driveway Junction,Daylight,2ND AVE BETWEEN UNIVERSITY ST AND UNION ST,0,1,Y,2,3282488,Dry,18,"MOTOR VEHICLE STRUCK PEDALCYCLIST, FRONT END AT ANGLE",08290001,2756,0,2,Injury Collision,,45,Bicycle,Matched,0,1,Clear or Partly Cloudy,0,"(47.60779445000003, -122.33754000999994)",12162,0,N,08-389527
3951,90044,90044,Intersection,Cycles,0,,,0,,09/13/2008 12:00:00 AM +0000,9/13/2008 4:00:00 PM,1,30026,At Intersection (intersection related),Daylight,24TH AVE AND E UNION ST,0,1,Y,2,2896288,Dry,51,PEDALCYCLIST STRUCK MOTOR VEHICLE FRONT END AT ANGLE,08257004,3520,0,2,Injury Collision,,45,Bicycle,Matched,0,1,Clear or Partly Cloudy,0,"(47.61294603300007, -122.30141715699995)",9384,0,N,2008-344160
3989,89513,89513,Intersection,Cycles,0,,,0,,02/28/2008 12:00:00 AM +0000,2/28/2008 12:53:00 PM,1,37373,At Intersection (intersection related),Daylight,ASHWORTH AVE N AND N 85TH ST,0,1,Y,2,2897126,Dry,18,"MOTOR VEHICLE STRUCK PEDALCYCLIST, FRONT END AT ANGLE",08059010,8871,0,2,Injury Collision,,45,Bicycle,Matched,0,1,Clear or Partly Cloudy,0,"(47.69052152800003, -122.33913429199998)",0,0,N,08-076778
4010,89641,89641,Block,Cycles,161.5,,,0,,10/29/2008 12:00:00 AM +0000,10/29/2008 3:05:00 PM,0,,Mid-Block (but intersection related),Daylight,E JOHN ST BETWEEN 12TH AVE E AND 13TH AVE E,0,1,Y,2,2882761,Dry,51,PEDALCYCLIST STRUCK MOTOR VEHICLE FRONT END AT ANGLE,08303001,14246,0,1,Property Damage Only Collision,,45,Bicycle,Matched,0,1,Clear or Partly Cloudy,0,"(47.61994148900004, -122.316275701)",35229,0,N,2008-406523
4049,89109,89109,Intersection,Cycles,0,,,0,,02/07/2008 12:00:00 AM +0000,2/7/2008,1,24350,At Intersection (intersection related),Daylight,GREENWOOD AVE N AND N 67TH ST,0,1,Y,2,2795122,Dry,18,"MOTOR VEHICLE STRUCK PEDALCYCLIST, FRONT END AT ANGLE",08038002,275587,0,2,Injury Collision,,45,Bicycle,Matched,0,1,Clear or Partly Cloudy,0,"(47.67778147200005, -122.35532238399998)",4312,0,N,08-49882
4072,89240,89240,Intersection,Cycles,0, ,,0,,07/24/2008 12:00:00 AM +0000,7/24/2008 10:30:00 PM,1,30192,At Intersection (intersection related),Dark - No Street Lights,18TH AVE AND E JEFFERSON ST,0,1,,2,2899201,Dry,18,"MOTOR VEHICLE STRUCK PEDALCYCLIST, FRONT END AT ANGLE",08206007,2535,0,2,Injury Collision,,45,Bicycle,Matched,0,1,Clear or Partly Cloudy,0,"(47.60616997200003, -122.30894195199994)",0,0,N,08-273106
4095,88448,88448,Block,Cycles,160,,,0,,12/04/2008 12:00:00 AM +0000,12/4/2008,1,,Mid-Block (not related to intersection),Dusk,DEXTER AVE N BETWEEN WARD ST AND PROSPECT ST,0,1,,2,3289094,Dry,23,"MOTOR VEHICLE STRUCK PEDALCYCLIST, LEFT SIDE SIDESWIPE",08339005,10080,0,2,Injury Collision,,45,Bicycle,Matched,0,1,Clear or Partly Cloudy,0,"(47.628445717000034, -122.34231499099997)",12788,0,N,2008-453235
4119,89770,89770,Block,Cycles,213,,,0,,08/21/2008 12:00:00 AM +0000,8/21/2008 4:45:00 PM,0,,Mid-Block (not related to intersection),Daylight,BROADWAY E BETWEEN E OLIVE WAY AND E THOMAS ST,0,1,,2,3274109,Unknown,18,"MOTOR VEHICLE STRUCK PEDALCYCLIST, FRONT END AT ANGLE",08234030,9452,0,1,Property Damage Only Collision,Y,45,Bicycle,Matched,0,1,Overcast,0,"(47.62049044100007, -122.32088225899997)",6809,0,N,2008-312140
4151,88973,88973,Intersection,Cycles,0,,,0,,04/01/2008 12:00:00 AM +0000,4/1/2008,1,29734,At Intersection (intersection related),Daylight,BOYLSTON AVE AND E PINE ST,0,1,Y,2,2620740,Dry,18,"MOTOR VEHICLE STRUCK PEDALCYCLIST, FRONT END AT ANGLE",08092009,9375,0,2,Injury Collision,,45,Bicycle,Matched,0,1,Clear or Partly Cloudy,0,"(47.61523114200003, -122.32341547099998)",10374,0,N,08-117497
4172,89102,89102,Intersection,Cycles,0, ,,0,,05/21/2008 12:00:00 AM +0000,5/21/2008 9:15:00 PM,0,29745,At Intersection (intersection related),Dark - Street Lights On,BROADWAY AND E PIKE ST,0,1,,2,2906566,Wet,18,"MOTOR VEHICLE STRUCK PEDALCYCLIST, FRONT END AT ANGLE",08142003,9447,0,1,Property Damage Only Collision,,45,Bicycle,Matched,0,1,Overcast,0,"(47.614075667000066, -122.32078036699994)",0,522257,N,08-183304
4186,89239,89239,Block,Cycles,248,,,0,,07/25/2008 12:00:00 AM +0000,7/25/2008 4:25:00 PM,1,,Driveway Junction,Daylight,7TH AVE S BETWEEN S PLUMMER ST AND AIRPORT NB WAY S,0,1,Y,2,2607844,Dry,18,"MOTOR VEHICLE STRUCK PEDALCYCLIST, FRONT END AT ANGLE",08207002,8213,0,2,Injury Collision,,45,Bicycle,Matched,0,1,Clear or Partly Cloudy,0,"(47.59347648700003, -122.32377278299998)",0,0,N,08-274179
4200,88835,88835,Block,Cycles,298.5,NEI,"Not Enough Information, or Insufficient Location Information",0,,11/12/2008 12:00:00 AM +0000,11/12/2008 5:30:00 PM,1,,Mid-Block (not related to intersection),Dark - Street Lights On,EASTLAKE AVE E BETWEEN FAIRVIEW AVE N AND E GARFIELD ST,0,1,,2,C712562,Dry,18,"MOTOR VEHICLE STRUCK PEDALCYCLIST, FRONT END AT ANGLE",08317063,10171,0,2,Injury Collision,,45,Bicycle,Matched,0,1,Unknown,0,"(47.63305620800003, -122.32582946499997)",11631,0,N,
4218,88442,88442,Intersection,Cycles,0,,,0,,04/22/2008 12:00:00 AM +0000,4/22/2008 1:15:00 PM,1,27141,At Intersection (intersection related),Unknown,BROOKLYN AVE NE AND NE CAMPUS WB PY,0,1,Y,2,2904574,Unknown,18,"MOTOR VEHICLE STRUCK PEDALCYCLIST, FRONT END AT ANGLE",08113005,9478,0,2,Injury Collision,,45,Bicycle,Matched,0,1,Unknown,0,"(47.656225446000064, -122.31441858999995)",31398,0,N,08-144226