OBJECTID,INCKEY,COLDETKEY,ADDRTYPE,COLLISIONTYPE,DISTANCE,EXCEPTRSNCODE,EXCEPTRSNDESC,FATALITIES,INATTENTIONIND,INCDATE,INCDTTM,INJURIES,INTKEY,JUNCTIONTYPE,LIGHTCOND,LOCATION,PEDCOUNT,PEDCYLCOUNT,PEDROWNOTGRNT,PERSONCOUNT,REPORTNO,ROADCOND,SDOT_COLCODE,SDOT_COLDESC,SDOTCOLNUM,SEGKEY,SERIOUSINJURIES,SEVERITYCODE,SEVERITYDESC,SPEEDING,ST_COLCODE,ST_COLDESC,STATUS,UNDERINFL,VEHCOUNT,WEATHER,WIDTH,Shape,SEGLANEKEY,CROSSWALKKEY,HITPARKEDCAR,SPDCASENO
4248,90029,90029,Block,Cycles,222,,,0,,10/13/2008 12:00:00 AM +0000,10/13/2008 5:26:00 PM,1,,Mid-Block (not related to intersection),Daylight,12TH AVE BETWEEN E MADISON ST AND E PIKE ST,0,1,Y,2,3273910,Dry,51,PEDALCYCLIST STRUCK MOTOR VEHICLE FRONT END AT ANGLE,08287019,1536,0,2,Injury Collision,,45,Bicycle,Matched,0,1,Clear or Partly Cloudy,0,"(47.613495138000076, -122.31678450399994)",10782,0,N,08-385414
4288,89090,89090,Block,Cycles,272.5,,,0,,05/24/2008 12:00:00 AM +0000,5/24/2008 5:01:00 PM,1,,Mid-Block (not related to intersection),Daylight,17TH AVE SW BETWEEN SW GRAHAM ST AND DEAD END 4,0,1,,2,2798325,Dry,51,PEDALCYCLIST STRUCK MOTOR VEHICLE FRONT END AT ANGLE,08145002,2500,0,2,Injury Collision,Y,45,Bicycle,Matched,0,1,Clear or Partly Cloudy,0,"(47.54583754400005, -122.35600855599995)",0,0,N,2008-187094
4321,88563,88563,Intersection,Cycles,0, ,,0,,05/06/2008 12:00:00 AM +0000,5/6/2008,1,26896,At Intersection (intersection related),Daylight,STONE WAY N AND N 34TH ST,0,1,Y,2,2905791,Dry,18,"MOTOR VEHICLE STRUCK PEDALCYCLIST, FRONT END AT ANGLE",08127026,12955,0,2,Injury Collision,,45,Bicycle,Matched,0,1,Clear or Partly Cloudy,0,"(47.64854072800006, -122.34277540199997)",0,524012,N,08-162137
4336,88695,88695,Intersection,Cycles,0,,,0,,04/20/2008 12:00:00 AM +0000,4/20/2008 10:28:00 PM,1,30487,At Intersection (intersection related),Dark - Street Lights On,3RD AVE AND YESLER WAY,0,1,Y,2,2908201,Dry,18,"MOTOR VEHICLE STRUCK PEDALCYCLIST, FRONT END AT ANGLE",08111021,4373,0,2,Injury Collision,,45,Bicycle,Matched,0,1,Overcast,0,"(47.601716156000066, -122.33026479299997)",9967,0,N,08-142066
4341,88569,88569,Block,Cycles,581.5,,,0,,10/24/2008 12:00:00 AM +0000,10/24/2008 6:59:00 AM,1,,Mid-Block (not related to intersection),Dawn,SW AVALON WAY BETWEEN 30TH AVE SW AND SW GENESEE ST,0,1,Y,2,2896203,Dry,18,"MOTOR VEHICLE STRUCK PEDALCYCLIST, FRONT END AT ANGLE",08298024,21819,0,2,Injury Collision,,45,Bicycle,Matched,0,1,Clear or Partly Cloudy,0,"(47.56613850800005, -122.37167070799995)",3490,0,N,08-399307
4351,89882,89882,Block,Cycles,453,,,0,Y,08/26/2008 12:00:00 AM +0000,8/26/2008 6:01:00 PM,1,,Mid-Block (not related to intersection),Daylight,NE 40TH ST BETWEEN 7TH AVE NE AND UNIVERSITY BR OFF RP,0,1,,2,3283980,Dry,18,"MOTOR VEHICLE STRUCK PEDALCYCLIST, FRONT END AT ANGLE",08239002,16733,0,2,Injury Collision,,45,Bicycle,Matched,0,1,Clear or Partly Cloudy,0,"(47.65552386500008, -122.31914462099996)",11720,0,N,08-318757
4369,88303,88303,Intersection,Cycles,0,,,0,,07/31/2008 12:00:00 AM +0000,7/31/2008 7:56:00 PM,1,30194,At Intersection (intersection related),Dusk,16TH AVE AND E JEFFERSON ST,0,1,Y,2,3277333,Wet,18,"MOTOR VEHICLE STRUCK PEDALCYCLIST, FRONT END AT ANGLE",08213006,2223,0,2,Injury Collision,,45,Bicycle,Matched,0,1,Overcast,0,"(47.606181175000074, -122.31155445499996)",10490,0,N,08-282775
4384,88431,88431,Block,Cycles,409.5,,,0,,05/23/2008 12:00:00 AM +0000,5/23/2008 5:00:00 PM,0,,Mid-Block (not related to intersection),Daylight,W NICKERSON ST BETWEEN 8TH AVE W AND XW JESSE AVE W,0,1,Y,2,2907280,Unknown,23,"MOTOR VEHICLE STRUCK PEDALCYCLIST, LEFT SIDE SIDESWIPE",08144002,23614,0,1,Property Damage Only Collision,,45,Bicycle,Matched,0,1,Clear or Partly Cloudy,0,"(47.65306427300004, -122.36872419399998)",12518,0,N,2008-185693
4400,90292,90292,Block,Cycles,244,,,0,Y,04/17/2008 12:00:00 AM +0000,4/17/2008 7:50:00 AM,1,,Mid-Block (but intersection related),Daylight,43RD AVE S BETWEEN LAKE WASHINGTON BLVD S AND S BRADFORD ST TRL,0,1,Y,2,2892342,Dry,21,"MOTOR VEHICLE STRUCK PEDALCYCLIST, REAR END",08108030,6662,1,2b,Serious Injury Collision,,45,Bicycle,Matched,0,1,Clear or Partly Cloudy,0,"(47.56946749600007, -122.27954402799998)",0,0,N,2008-137426
4417,89755,89755,Block,Cycles,161,,,0,,10/08/2008 12:00:00 AM +0000,10/8/2008,1,,Mid-Block (not related to intersection),Daylight,E OLIVE ST BETWEEN 16TH AVE AND 17TH AVE,0,1,,2,2906540,Dry,18,"MOTOR VEHICLE STRUCK PEDALCYCLIST, FRONT END AT ANGLE",08282032,14559,0,2,Injury Collision,,45,Bicycle,Matched,0,1,Clear or Partly Cloudy,0,"(47.61644440300006, -122.31080530199995)",0,0,N,08-378533
4430,89490,89490,Block,Cycles,247.5,,,0,,09/03/2008 12:00:00 AM +0000,9/3/2008,1,,Mid-Block (but intersection related),Daylight,PHINNEY AVE N BETWEEN N 56TH ST AND N 58TH ST,0,1,,2,2905658,Dry,23,"MOTOR VEHICLE STRUCK PEDALCYCLIST, LEFT SIDE SIDESWIPE",08247009,12152,0,2,Injury Collision,,45,Bicycle,Matched,0,1,Clear or Partly Cloudy,0,"(47.67047158300005, -122.35439478099994)",3832,0,N,08-329658
4463,88559,88559,Intersection,Cycles,0,,,0,Y,06/15/2008 12:00:00 AM +0000,6/15/2008 3:19:00 PM,1,30374,At Intersection (intersection related),Daylight,ALASKAN E RDWY WAY S AND S WASHINGTON ST,0,1,,2,2899760,Dry,51,PEDALCYCLIST STRUCK MOTOR VEHICLE FRONT END AT ANGLE,08167041,8754,0,2,Injury Collision,,45,Bicycle,Matched,0,1,Clear or Partly Cloudy,0,"(47.600885883000046, -122.33552594499997)",0,0,N,08-216421
4466,88558,88558,Intersection,Cycles,0, ,,0,,06/16/2008 12:00:00 AM +0000,6/16/2008 4:58:00 PM,1,29172,At Intersection (intersection related),Daylight,MINOR AVE AND STEWART ST,0,1,,3,2908267,Dry,18,"MOTOR VEHICLE STRUCK PEDALCYCLIST, FRONT END AT ANGLE",08168006,11880,0,2,Injury Collision,,45,Bicycle,Matched,0,1,Clear or Partly Cloudy,0,"(47.61760953300006, -122.33185855999994)",0,630806,N,2008-217827
4497,88426,88426,Intersection,Cycles,0,,,0,,10/31/2008 12:00:00 AM +0000,10/31/2008 12:20:00 PM,1,29070,At Intersection (intersection related),Daylight,BOYLSTON AVE AND E DENNY WAY,0,1,Y,3,2899591,Wet,18,"MOTOR VEHICLE STRUCK PEDALCYCLIST, FRONT END AT ANGLE",08305057,9379,0,2,Injury Collision,,45,Bicycle,Matched,0,1,Raining,0,"(47.61853533100003, -122.32345862799997)",35202,0,N,08-408987
4549,89073,89073,Intersection,Cycles,0,,,0,,11/18/2008 12:00:00 AM +0000,11/18/2008 9:10:00 PM,1,29593,At Intersection (intersection related),Dark - Street Lights On,1ST AVE AND PIKE ST,0,1,Y,2,2900025,Dry,51,PEDALCYCLIST STRUCK MOTOR VEHICLE FRONT END AT ANGLE,08323028,1009,0,2,Injury Collision,,45,Bicycle,Matched,0,1,Clear or Partly Cloudy,0,"(47.60882096000006, -122.34001342699997)",36657,0,N,2008-433352
4558,88945,88945,Block,Cycles,312,,,0,,11/21/2008 12:00:00 AM +0000,11/21/2008 7:21:00 PM,1,,Mid-Block (not related to intersection),Dark - Street Lights On,RAINIER AVE S BETWEEN S COLLEGE S ST AND 25TH AVE S,0,1,Y,2,3281912,Wet,21,"MOTOR VEHICLE STRUCK PEDALCYCLIST, REAR END",08326034,12362,0,2,Injury Collision,,45,Bicycle,Matched,0,1,Raining,0,"(47.58200385100008, -122.30093805699994)",20004,0,N,08-437354
4670,89601,89601,Block,Cycles,166,,,0,,11/21/2008 12:00:00 AM +0000,11/21/2008 4:38:00 PM,1,,Driveway Junction,Dark - Street Lights On,SW BARTON ST BETWEEN 16TH AVE SW AND 17TH AVE SW,0,1,,2,2803879,Dry,51,PEDALCYCLIST STRUCK MOTOR VEHICLE FRONT END AT ANGLE,08326033,21833,0,2,Injury Collision,,45,Bicycle,Matched,0,1,Overcast,0,"(47.52103240400004, -122.35579514799997)",0,0,N,2008-437171
4691,88672,88672,Block,Cycles,330.5,,,0,,10/20/2008 12:00:00 AM +0000,10/20/2008 12:22:00 PM,1,,Driveway Junction,Daylight,MERIDIAN AVE N BETWEEN N 107TH ST AND N NORTHGATE WAY,0,1,Y,2,3277800,Wet,18,"MOTOR VEHICLE STRUCK PEDALCYCLIST, FRONT END AT ANGLE",08294003,11825,0,2,Injury Collision,,45,Bicycle,Matched,0,1,Raining,0,"(47.70775527200004, -122.33397718499998)",0,0,N,08-394334
4704,89466,89466,Block,Cycles,133,,,0,,09/15/2008 12:00:00 AM +0000,9/15/2008 8:48:00 AM,1,,Driveway Junction,Daylight,24TH AVE NW BETWEEN NW 61ST ST AND NW 62ND ST,0,1,Y,2,2896895,Dry,18,"MOTOR VEHICLE STRUCK PEDALCYCLIST, FRONT END AT ANGLE",08259010,3596,0,2,Injury Collision,,45,Bicycle,Matched,0,1,Clear or Partly Cloudy,0,"(47.67346571500008, -122.38758610899998)",2126,0,N,08-346229
4721,90131,90131,Block,Cycles,340,,,0,,09/11/2008 12:00:00 AM +0000,9/11/2008 5:57:00 PM,1,,Mid-Block (but intersection related),Daylight,45TH AVE S BETWEEN S CLOVERDALE ST AND S TRENTON ST,0,1,Y,2,2794441,Dry,21,"MOTOR VEHICLE STRUCK PEDALCYCLIST, REAR END",08255007,6834,0,2,Injury Collision,,45,Bicycle,Matched,0,1,Clear or Partly Cloudy,0,"(47.52518743200005, -122.27584423199994)",0,0,N,2008-341291
4791,89464,89464,Block,Cycles,180,,,0,Y,09/17/2008 12:00:00 AM +0000,9/17/2008 7:25:00 AM,0,,Mid-Block (not related to intersection),Daylight,M L KING JR WAY S BETWEEN S PLUM ST AND S HILL ST,0,1,,2,2892368,Dry,21,"MOTOR VEHICLE STRUCK PEDALCYCLIST, REAR END",08261019,11514,0,1,Property Damage Only Collision,,45,Bicycle,Matched,0,1,Clear or Partly Cloudy,0,"(47.584988001000056, -122.29813430499996)",37786,0,N,2008-349039
4797,89857,89857,Block,Cycles,367,,,0,,09/23/2008 12:00:00 AM +0000,9/23/2008 11:18:00 AM,1,,Mid-Block (not related to intersection),Daylight,BEACON AVE S BETWEEN S STEVENS ST AND S HANFORD ST,0,1,,2,C710136,Dry,56,PEDALCYCLIST STRUCK MOTOR VEHICLE LEFT SIDE SIDESWIPE,08267043,9122,0,2,Injury Collision,,45,Bicycle,Matched,0,1,Clear or Partly Cloudy,0,"(47.576073543000064, -122.30951713499996)",13384,0,N,
4815,89465,89465,Intersection,Cycles,0,,,0,,09/17/2008 12:00:00 AM +0000,9/17/2008 9:46:00 PM,1,28619,At Intersection (intersection related),Dark - Street Lights On,QUEEN ANNE AVE N AND W ROY ST,0,1,Y,2,3274502,Dry,18,"MOTOR VEHICLE STRUCK PEDALCYCLIST, FRONT END AT ANGLE",08261004,12301,0,2,Injury Collision,,45,Bicycle,Matched,0,1,Clear or Partly Cloudy,0,"(47.625714353000035, -122.35670368099994)",30620,0,N,08-350179
4828,89195,89195,Intersection,Cycles,0,,,0,,06/19/2008 12:00:00 AM +0000,6/19/2008 7:47:00 PM,0,25124,At Intersection (intersection related),Dusk,24TH AVE NW AND NW 60TH ST,0,1,Y,2,3277458,Dry,51,PEDALCYCLIST STRUCK MOTOR VEHICLE FRONT END AT ANGLE,08171002,3595,0,1,Property Damage Only Collision,,45,Bicycle,Matched,0,1,Clear or Partly Cloudy,0,"(47.672373985000036, -122.38758712099997)",2115,0,N,2008-222743
4913,90123,90123,Intersection,Cycles,0, ,,0,,02/12/2008 12:00:00 AM +0000,2/12/2008 8:31:00 PM,1,27091,At Intersection (intersection related),Dark - Street Lights On,15TH AVE NE AND NE 42ND ST,0,1,,2,2799513,Dry,18,"MOTOR VEHICLE STRUCK PEDALCYCLIST, FRONT END AT ANGLE",08043004,2033,0,2,Injury Collision,,45,Bicycle,Matched,0,1,Overcast,0,"(47.65830145700005, -122.31207124999997)",0,520845,N,08-056591
4998,88263,88263,Intersection,Cycles,0,,,0,,05/31/2008 12:00:00 AM +0000,5/31/2008 1:00:00 PM,1,29053,At Intersection (intersection related),Daylight,10TH AVE E AND E JOHN ST,0,1,,2,C705012,Dry,18,"MOTOR VEHICLE STRUCK PEDALCYCLIST, FRONT END AT ANGLE",08152038,1198,0,2,Injury Collision,,45,Bicycle,Matched,0,1,Unknown,0,"(47.61991720000003, -122.31953929199994)",35215,0,N,
5005,88652,88652,Intersection,Cycles,0,,,0,,06/30/2008 12:00:00 AM +0000,6/30/2008 1:09:00 AM,1,29054,At Intersection (intersection related),Dark - Street Lights On,11TH AVE E AND E JOHN ST,0,1,Y,3,2882786,Dry,18,"MOTOR VEHICLE STRUCK PEDALCYCLIST, FRONT END AT ANGLE",08182001,1387,0,2,Injury Collision,,45,Bicycle,Matched,1,1,Clear or Partly Cloudy,0,"(47.61992718400006, -122.31823392599995)",35222,0,N,2008-237283
5013,88523,88523,Block,Cycles,128,,,0,,04/23/2008 12:00:00 AM +0000,4/23/2008 8:40:00 AM,1,,Driveway Junction,Daylight,NW 65TH ST BETWEEN 9TH AVE NW AND 10TH AVE NW,0,1,,2,C703284,Dry,18,"MOTOR VEHICLE STRUCK PEDALCYCLIST, FRONT END AT ANGLE",08114029,18614,0,2,Injury Collision,,45,Bicycle,Matched,0,1,Clear or Partly Cloudy,0,"(47.67597408100005, -122.36925624599996)",0,0,N,
5078,89576,89576,Block,Cycles,133,,,0,,02/26/2008 12:00:00 AM +0000,2/26/2008 4:51:00 PM,1,,Mid-Block (not related to intersection),Dusk,24TH AVE NW BETWEEN NW 56TH ST AND NW 57TH ST,0,1,Y,3,2795124,Dry,51,PEDALCYCLIST STRUCK MOTOR VEHICLE FRONT END AT ANGLE,08057002,3591,0,2,Injury Collision,,45,Bicycle,Matched,0,1,Clear or Partly Cloudy,0,"(47.66982111300007, -122.38758729899996)",1876,0,N,08 74537
5123,90105,90105,Intersection,Cycles,0,,,0,,09/12/2008 12:00:00 AM +0000,9/12/2008 5:36:00 PM,1,27153,At Intersection (intersection related),Daylight,EASTLAKE AVE E AND FUHRMAN AVE E,0,1,Y,2,2882797,Dry,51,PEDALCYCLIST STRUCK MOTOR VEHICLE FRONT END AT ANGLE,08256006,10579,0,2,Injury Collision,,45,Bicycle,Matched,0,1,Clear or Partly Cloudy,0,"(47.65157827200005, -122.32127525699997)",6078,0,N,08-342702
5164,89697,89697,Block,Cycles,542.5,,,0,,12/15/2008 12:00:00 AM +0000,12/15/2008 5:20:00 PM,0,,Mid-Block (but intersection related),Unknown,RAINIER AVE S BETWEEN S BAYVIEW ST AND S MCCLELLAN ST,0,1,,2,3289012,Unknown,18,"MOTOR VEHICLE STRUCK PEDALCYCLIST, FRONT END AT ANGLE",08350022,12364,0,1,Property Damage Only Collision,,45,Bicycle,Matched,0,1,Unknown,0,"(47.57967346300006, -122.29915965999999)",20041,0,N,2008-467688
5277,88243,88243,Intersection,Cycles,0,,,0,,09/14/2008 12:00:00 AM +0000,9/14/2008 3:39:00 PM,1,29052,At Intersection (intersection related),Daylight,BROADWAY E AND E OLIVE WAY,0,1,,2,2882243,Dry,18,"MOTOR VEHICLE STRUCK PEDALCYCLIST, FRONT END AT ANGLE",08258005,9452,0,2,Injury Collision,,45,Bicycle,Matched,0,1,Clear or Partly Cloudy,0,"(47.61990774700007, -122.32087289199995)",6798,0,N,08-345467
5323,89831,89831,Block,Cycles,153,,,0,,08/20/2008 12:00:00 AM +0000,8/20/2008 10:00:00 AM,1,,Mid-Block (not related to intersection),Daylight,2ND AVE BETWEEN CHERRY ST AND COLUMBIA ST,0,1,,1,3274023,Dry,69,PEDALCYCLIST OVERTURNED IN ROAD,08233027,2750,0,2,Injury Collision,,45,Bicycle,Matched,0,0,Clear or Partly Cloudy,0,"(47.60337492000008, -122.33349737199995)",12036,0,N,08-310306
5404,88234,88234,Block,Cycles,351.5,,,0,,10/04/2008 12:00:00 AM +0000,10/4/2008,1,,Mid-Block (not related to intersection),Dark - Street Lights On,35TH AVE NE BETWEEN NE 100TH ST AND NE 103RD ST,0,1,,1,2617745,Dry,69,PEDALCYCLIST OVERTURNED IN ROAD,08278008,5385,1,2b,Serious Injury Collision,Y,45,Bicycle,Matched,0,0,Clear or Partly Cloudy,0,"(47.702084341000045, -122.29074800999996)",4124,0,N,08-373950
5414,90089,90089,Intersection,Cycles,0,,,0,Y,05/27/2008 12:00:00 AM +0000,5/27/2008 6:03:00 PM,1,26662,At Intersection (intersection related),Daylight,3RD AVE NW AND LEARY WAY NW,0,1,Y,2,2614200,Dry,51,PEDALCYCLIST STRUCK MOTOR VEHICLE FRONT END AT ANGLE,08148003,4435,0,2,Injury Collision,,45,Bicycle,Matched,0,1,Clear or Partly Cloudy,0,"(47.654938093000055, -122.36083128799999)",0,0,N,08-191105
5482,89283,89283,Intersection,Cycles,0, ,,0,,06/15/2008 12:00:00 AM +0000,6/15/2008 4:14:00 PM,1,29174,At Intersection (intersection related),Daylight,HOWELL ST AND YALE AVE,0,1,Y,2,2900033,Dry,18,"MOTOR VEHICLE STRUCK PEDALCYCLIST, FRONT END AT ANGLE",08167001,10965,0,2,Injury Collision,,45,Bicycle,Matched,0,1,Clear or Partly Cloudy,0,"(47.617504618000055, -122.32969878999995)",0,524028,N,08-216470
5512,88624,88624,Intersection,Cycles,0,,,0,,05/09/2008 12:00:00 AM +0000,5/9/2008,1,27153,At Intersection (intersection related),Daylight,EASTLAKE AVE E AND FUHRMAN AVE E,0,1,Y,2,2898058,Dry,18,"MOTOR VEHICLE STRUCK PEDALCYCLIST, FRONT END AT ANGLE",08130021,10579,0,2,Injury Collision,,45,Bicycle,Matched,0,1,Overcast,0,"(47.65157827200005, -122.32127525699997)",6078,0,N,08-166562
5569,89543,89543,Block,Cycles,304.5,,,0,Y,04/09/2008 12:00:00 AM +0000,4/9/2008,0,,Mid-Block (not related to intersection),Daylight,S SPOKANE SR ST BETWEEN COLORADO AVE S AND 1ST AV S OFF RP,0,1,,2,2892328,Dry,23,"MOTOR VEHICLE STRUCK PEDALCYCLIST, LEFT SIDE SIDESWIPE",08100008,21326,0,1,Property Damage Only Collision,,45,Bicycle,Matched,0,1,Clear or Partly Cloudy,0,"(47.57138664200005, -122.33555421599999)",39236,0,N,08-127842
5607,89272,89272,Block,Cycles,126.5,,,0,,10/25/2008 12:00:00 AM +0000,10/25/2008 1:45:00 AM,1,,Driveway Junction,Dark - Street Lights On,YESLER WAY BETWEEN JAMES ST AND OCCIDENTAL AVE S,0,1,,2,3288540,Dry,18,"MOTOR VEHICLE STRUCK PEDALCYCLIST, FRONT END AT ANGLE",08299002,13762,0,2,Injury Collision,,45,Bicycle,Matched,0,1,Clear or Partly Cloudy,0,"(47.60172114900007, -122.33338828699999)",0,0,N,2008-400617
5623,89411,89411,Intersection,Cycles,0,,,0,,02/24/2008 12:00:00 AM +0000,2/24/2008 2:07:00 PM,1,25695,At Intersection (intersection related),Daylight,PHINNEY TURN RD AND N 46TH ST,0,1,,3,2802522,Dry,18,"MOTOR VEHICLE STRUCK PEDALCYCLIST, FRONT END AT ANGLE",08055004,12184,0,2,Injury Collision,,45,Bicycle,Matched,0,1,Clear or Partly Cloudy,0,"(47.66207518400006, -122.34751763899999)",22137,0,N,08-071981
5643,88745,88745,Intersection,Cycles,0,,,0,,01/16/2008 12:00:00 AM +0000,1/16/2008 12:02:00 PM,0,37326,At Intersection (intersection related),Daylight,AURORA AVE N AND N 94TH ST,0,1,,2,2905058,Dry,51,PEDALCYCLIST STRUCK MOTOR VEHICLE FRONT END AT ANGLE,08016003,8973,0,1,Property Damage Only Collision,,45,Bicycle,Matched,0,1,Clear or Partly Cloudy,0,"(47.69708410000004, -122.34459941499995)",0,0,N,2008-020967
5681,89799,89799,Intersection,Cycles,0, ,,0,,09/29/2008 12:00:00 AM +0000,9/29/2008 4:15:00 PM,1,28709,At Intersection (intersection related),Daylight,GALER ST AND WESTLAKE S AVE N,0,1,,2,C710661,Dry,18,"MOTOR VEHICLE STRUCK PEDALCYCLIST, FRONT END AT ANGLE",08273038,519941,0,2,Injury Collision,,45,Bicycle,Matched,0,1,Clear or Partly Cloudy,0,"(47.63227123300004, -122.34095387199994)",0,574140,N,
5724,89138,89138,Intersection,Cycles,0,,,0,,05/15/2008 12:00:00 AM +0000,5/15/2008 3:39:00 PM,1,37600,At Intersection (intersection related),Daylight,4TH AVE NE AND NE 88TH ST,0,1,,2,2905527,Dry,18,"MOTOR VEHICLE STRUCK PEDALCYCLIST, FRONT END AT ANGLE",08136019,17764,0,2,Injury Collision,,45,Bicycle,Matched,0,1,Clear or Partly Cloudy,0,"(47.69223142900006, -122.32436529999995)",0,0,N,2008-174455
5752,88868,88868,Block,Cycles,334,,,0,,07/31/2008 12:00:00 AM +0000,7/31/2008 7:45:00 AM,1,,Driveway Junction,Daylight,NE NORTHGATE WAY BETWEEN 5TH AVE NE AND 8TH AVE NE,0,1,Y,2,3276729,Dry,18,"MOTOR VEHICLE STRUCK PEDALCYCLIST, FRONT END AT ANGLE",08213004,18013,0,2,Injury Collision,Y,45,Bicycle,Matched,0,1,Clear or Partly Cloudy,0,"(47.708585793000054, -122.32192040599995)",0,0,N,08-281952
5832,87680,87680,Intersection,Cycles,0,,,0,,08/31/2008 12:00:00 AM +0000,8/31/2008 2:13:00 PM,1,28780,At Intersection (intersection related),Daylight,HARRISON ST AND WESTLAKE AVE N,0,1,Y,2,3273908,Dry,51,PEDALCYCLIST STRUCK MOTOR VEHICLE FRONT END AT ANGLE,08244019,10767,0,2,Injury Collision,,45,Bicycle,Matched,0,1,Clear or Partly Cloudy,0,"(47.62204123500004, -122.33845570699998)",25129,0,N,08-325654
5863,86760,86760,Block,Cycles,38, ,,0,,10/03/2008 12:00:00 AM +0000,10/3/2008,1,,Mid-Block (but intersection related),Dark - Street Lights On,S DAWSON ST BETWEEN BEACON WR AVE S AND BEACON ER AVE S,0,1,Y,2,3281651,Wet,18,"MOTOR VEHICLE STRUCK PEDALCYCLIST, FRONT END AT ANGLE",08277060,167176,0,2,Injury Collision,,45,Bicycle,Matched,0,1,Raining,0,"(47.55593686900005, -122.30338753699999)",0,630863,N,2008-372439
5904,87284,87284,Intersection,Cycles,0,,,0,,05/29/2008 12:00:00 AM +0000,5/29/2008 6:09:00 PM,1,30175,At Intersection (intersection related),Daylight,21ST AVE AND E CHERRY ST,0,1,Y,2,2622098,Dry,51,PEDALCYCLIST STRUCK MOTOR VEHICLE FRONT END AT ANGLE,08150004,3103,0,2,Injury Collision,,45,Bicycle,Matched,0,1,Clear or Partly Cloudy,0,"(47.60801396200003, -122.30502495999997)",9550,0,N,2008-193781
5926,86225,86225,Block,Cycles,117.5,,,0,Y,10/22/2008 12:00:00 AM +0000,10/22/2008 12:15:00 PM,1,,Driveway Junction,Daylight,NE 45TH ST BETWEEN 7TH AVE NE AND 8TH W AVE NE,0,1,,2,3276817,Dry,18,"MOTOR VEHICLE STRUCK PEDALCYCLIST, FRONT END AT ANGLE",08296005,16844,0,2,Injury Collision,Y,45,Bicycle,Matched,0,1,Clear or Partly Cloudy,0,"(47.66131589200006, -122.32025238999995)",0,0,N,08-396830
5978,87414,87414,Block,Cycles,310.5,,,0,,07/12/2008 12:00:00 AM +0000,7/12/2008 1:45:00 PM,1,,Mid-Block (not related to intersection),Daylight,N 77TH ST BETWEEN DAYTON AVE N AND FREMONT AVE N,0,1,,2,C707630,Dry,18,"MOTOR VEHICLE STRUCK PEDALCYCLIST, FRONT END AT ANGLE",08194036,15865,0,2,Injury Collision,,45,Bicycle,Matched,0,1,Clear or Partly Cloudy,0,"(47.68475316300004, -122.35115354299995)",0,0,N,
6054,87929,87929,Block,Cycles,200.5,,,0,,12/09/2008 12:00:00 AM +0000,12/9/2008,0,,Driveway Junction,Dark - Street Lights On,JAMES ST BETWEEN YESLER WAY AND 2ND AVE,0,1,,2,3282442,Wet,18,"MOTOR VEHICLE STRUCK PEDALCYCLIST, FRONT END AT ANGLE",08344034,11049,0,1,Property Damage Only Collision,,45,Bicycle,Matched,0,1,Overcast,0,"(47.60201533500003, -122.33321300699998)",36188,0,N,08-459771
6062,88196,88196,Intersection,Cycles,0,,,0,,10/14/2008 12:00:00 AM +0000,10/14/2008 3:34:00 PM,1,29508,At Intersection (intersection related),Daylight,DENNY WAY AND TERRY AVE,0,1,Y,2,3280735,Dry,18,"MOTOR VEHICLE STRUCK PEDALCYCLIST, FRONT END AT ANGLE",08288023,10016,0,2,Injury Collision,,45,Bicycle,Matched,0,1,Clear or Partly Cloudy,0,"(47.61852939200003, -122.33728173199995)",23507,0,N,2008 386597
6064,88194,88194,Intersection,Cycles,0,,,0,,10/15/2008 12:00:00 AM +0000,10/15/2008 1:55:00 PM,1,28049,At Intersection (intersection related),Daylight,FLORENTIA ST AND WARREN AVE N,0,1,Y,2,3280702,Dry,51,PEDALCYCLIST STRUCK MOTOR VEHICLE FRONT END AT ANGLE,08289027,10458,0,2,Injury Collision,,45,Bicycle,Matched,0,1,Clear or Partly Cloudy,0,"(47.646888114000035, -122.35450291799998)",34773,0,N,08-387838
6119,87534,87534,Intersection,Cycles,0,,,0,,08/08/2008 12:00:00 AM +0000,8/8/2008,1,28762,At Intersection (intersection related),Daylight,BOREN AVE N AND MERCER SR ST,0,1,,2,2899680,Dry,18,"MOTOR VEHICLE STRUCK PEDALCYCLIST, FRONT END AT ANGLE",08221003,11775,0,2,Injury Collision,,45,Bicycle,Matched,0,1,Clear or Partly Cloudy,0,"(47.62454274700008, -122.33582712499998)",0,0,N,2008-294246
6141,87662,87662,Block,Cycles,172.5,,,0,Y,09/15/2008 12:00:00 AM +0000,9/15/2008 9:08:00 PM,1,,Mid-Block (not related to intersection),Dark - Street Lights On,RAINIER AVE S BETWEEN S WELLER ST AND S LANE ST,0,1,,2,2899386,Dry,23,"MOTOR VEHICLE STRUCK PEDALCYCLIST, LEFT SIDE SIDESWIPE",08259006,12343,0,2,Injury Collision,,45,Bicycle,Matched,0,1,Clear or Partly Cloudy,0,"(47.59707290400007, -122.31244148699994)",24371,0,N,2008-347148
6192,86204,86204,Intersection,Cycles,0,,,0,,06/24/2008 12:00:00 AM +0000,6/24/2008 9:50:00 PM,1,25650,At Intersection (intersection related),Dark - Street Lights On,WHITMAN AVE N AND N 50TH ST,0,1,,2,2898159,Dry,18,"MOTOR VEHICLE STRUCK PEDALCYCLIST, FRONT END AT ANGLE",08176002,15643,0,2,Injury Collision,,45,Bicycle,Matched,0,1,Clear or Partly Cloudy,0,"(47.66504460200008, -122.34606372199994)",9741,0,N,2008-229857