OBJECTID,INCKEY,COLDETKEY,ADDRTYPE,COLLISIONTYPE,DISTANCE,EXCEPTRSNCODE,EXCEPTRSNDESC,FATALITIES,INATTENTIONIND,INCDATE,INCDTTM,INJURIES,INTKEY,JUNCTIONTYPE,LIGHTCOND,LOCATION,PEDCOUNT,PEDCYLCOUNT,PEDROWNOTGRNT,PERSONCOUNT,REPORTNO,ROADCOND,SDOT_COLCODE,SDOT_COLDESC,SDOTCOLNUM,SEGKEY,SERIOUSINJURIES,SEVERITYCODE,SEVERITYDESC,SPEEDING,ST_COLCODE,ST_COLDESC,STATUS,UNDERINFL,VEHCOUNT,WEATHER,WIDTH,Shape,SEGLANEKEY,CROSSWALKKEY,HITPARKEDCAR,SPDCASENO
6219,86339,86339,Intersection,Cycles,0, ,,0,,03/21/2008 12:00:00 AM +0000,3/21/2008 8:39:00 AM,1,32046,At Intersection (intersection related),Daylight,DELRIDGE WAY SW AND SW ANDOVER ST,0,1,,2,2792607,Dry,18,"MOTOR VEHICLE STRUCK PEDALCYCLIST, FRONT END AT ANGLE",08081001,9960,0,2,Injury Collision,,45,Bicycle,Matched,0,1,Overcast,0,"(47.568347464000055, -122.36328260899995)",0,525306,N,08-104081
6241,88189,88189,Intersection,Cycles,0,,,0,,10/19/2008 12:00:00 AM +0000,10/19/2008 9:46:00 AM,1,25349,At Intersection (intersection related),Daylight,6TH AVE NW AND NW 49TH ST,0,1,Y,3,3283632,Dry,18,"MOTOR VEHICLE STRUCK PEDALCYCLIST, FRONT END AT ANGLE",08293004,7934,1,2b,Serious Injury Collision,,45,Bicycle,Matched,0,1,Clear or Partly Cloudy,0,"(47.66438284600008, -122.36399733999997)",0,0,N,08-393022
6250,87131,87131,Block,Cycles,161,,,0,,05/27/2008 12:00:00 AM +0000,5/27/2008 4:43:00 PM,1,,Mid-Block (but intersection related),Daylight,BLANCHARD ST BETWEEN 8TH AVE AND WESTLAKE AVE,0,1,Y,2,2908466,Dry,21,"MOTOR VEHICLE STRUCK PEDALCYCLIST, REAR END",08148002,9298,0,2,Injury Collision,,45,Bicycle,Matched,0,1,Clear or Partly Cloudy,0,"(47.617590446000065, -122.33876683999995)",0,0,N,08-191006
6258,87392,87392,Block,Cycles,490.5,,,0,,06/17/2008 12:00:00 AM +0000,6/17/2008 4:50:00 PM,1,,Driveway Junction,Daylight,S ROYAL BROUGHAM WAY BETWEEN OCCIDENTAL AVE S AND DEAD END,0,1,Y,2,2797455,Dry,18,"MOTOR VEHICLE STRUCK PEDALCYCLIST, FRONT END AT ANGLE",08169027,21215,0,2,Injury Collision,,45,Bicycle,Matched,0,1,Clear or Partly Cloudy,0,"(47.59241153600004, -122.33133109099998)",0,0,N,08 219173
6274,86331,86331,Intersection,Cycles,0,,,0,,09/06/2008 12:00:00 AM +0000,9/6/2008,1,25184,At Intersection (intersection related),Daylight,SHILSHOLE AVE NW AND NW 46TH ST,0,1,,2,2794816,Dry,18,"MOTOR VEHICLE STRUCK PEDALCYCLIST, FRONT END AT ANGLE",08250001,12827,1,2b,Serious Injury Collision,,45,Bicycle,Matched,0,1,Clear or Partly Cloudy,0,"(47.66220710200008, -122.37830241899997)",41180,0,N,08-334259
6307,86598,86598,Block,Cycles,51,,,0,,05/20/2008 12:00:00 AM +0000,5/20/2008 9:05:00 AM,1,,Mid-Block (but intersection related),Daylight,NW 42ND ST BETWEEN 6TH E AVE NW AND 6TH W AVE NW,0,1,,2,2897259,Wet,18,"MOTOR VEHICLE STRUCK PEDALCYCLIST, FRONT END AT ANGLE",08141010,18305,0,2,Injury Collision,,45,Bicycle,Matched,0,1,Raining,0,"(47.65776310600006, -122.36377357999999)",0,0,N,08-18247
6374,87519,87519,Intersection,Cycles,0,,,0,,10/02/2008 12:00:00 AM +0000,10/2/2008,1,26803,At Intersection (intersection related),Dark - Street Lights On,STONE WAY N AND N 44TH ST,0,1,,2,3276813,Dry,18,"MOTOR VEHICLE STRUCK PEDALCYCLIST, FRONT END AT ANGLE",08276021,12967,0,2,Injury Collision,,45,Bicycle,Matched,0,1,Clear or Partly Cloudy,0,"(47.65995950800004, -122.34221726399994)",0,0,N,2008-371244
6508,86978,86978,Intersection,Cycles,0,,,0,,05/04/2008 12:00:00 AM +0000,5/4/2008,1,24318,At Intersection (intersection related),Daylight,GREENWOOD AVE N AND N 73RD ST,0,1,,3,2894014,Dry,51,PEDALCYCLIST STRUCK MOTOR VEHICLE FRONT END AT ANGLE,08125031,10740,0,2,Injury Collision,,45,Bicycle,Matched,0,1,Clear or Partly Cloudy,0,"(47.68180516000007, -122.35530362299994)",4445,0,N,08-159903
6531,87507,87507,Intersection,Cycles,0, ,,0,,01/18/2008 12:00:00 AM +0000,1/18/2008 5:53:00 PM,1,28915,At Intersection (intersection related),Dark - Street Lights On,4TH AVE N AND MERCER ST,0,1,Y,2,2906904,Dry,18,"MOTOR VEHICLE STRUCK PEDALCYCLIST, FRONT END AT ANGLE",08018002,6148,0,2,Injury Collision,,45,Bicycle,Matched,0,1,Overcast,0,"(47.624564331000045, -122.34887678099994)",0,521962,N,2008-023887
6541,87248,87248,Block,Cycles,91,,,0,,06/11/2008 12:00:00 AM +0000,6/11/2008 2:38:00 PM,1,,Mid-Block (but intersection related),Daylight,3RD AVE NW BETWEEN NW 52ND S ST AND NW MARKET ST,0,1,,2,2905886,Dry,23,"MOTOR VEHICLE STRUCK PEDALCYCLIST, LEFT SIDE SIDESWIPE",08163005,4444,0,2,Injury Collision,,45,Bicycle,Matched,0,1,Overcast,0,"(47.666669383000055, -122.36080092399999)",27129,0,N,2008-210774
6577,88023,88023,Intersection,Cycles,0,,,0,,07/23/2008 12:00:00 AM +0000,7/23/2008 1:10:00 PM,1,28791,At Intersection (intersection related),Daylight,THOMAS ST AND WESTLAKE AVE N,0,1,Y,2,2900214,Dry,18,"MOTOR VEHICLE STRUCK PEDALCYCLIST, FRONT END AT ANGLE",08205020,13140,0,2,Injury Collision,,45,Bicycle,Matched,0,1,Clear or Partly Cloudy,0,"(47.62087408300005, -122.33846537399995)",24570,0,N,08-270934
6637,86842,86842,Block,Cycles,231.5,,,0,,04/24/2008 12:00:00 AM +0000,4/24/2008 6:45:00 PM,1,,Mid-Block (not related to intersection),Dusk,LAKE WASHINGTON BLVD S BETWEEN S ANGELINE ST AND S FERDINAND ST,0,1,,2,2898182,Unknown,18,"MOTOR VEHICLE STRUCK PEDALCYCLIST, FRONT END AT ANGLE",08115017,11243,0,2,Injury Collision,,45,Bicycle,Matched,0,1,Unknown,0,"(47.558864311000036, -122.26366574299999)",38101,0,N,08-147146
6705,86443,86443,Block,Cycles,153,,,0,,10/18/2008 12:00:00 AM +0000,10/18/2008 12:34:00 AM,0,,Mid-Block (not related to intersection),Dark - Street Lights On,1ST AVE S BETWEEN YESLER WAY AND S WASHINGTON ST,0,1,,2,2907135,Wet,18,"MOTOR VEHICLE STRUCK PEDALCYCLIST, FRONT END AT ANGLE",08292001,1185,0,1,Property Damage Only Collision,,45,Bicycle,Matched,0,1,Overcast,0,"(47.60130412800004, -122.33418005599998)",0,0,N,2008-391473
6711,87751,87751,Block,Cycles,692.5,,,0,,11/07/2008 12:00:00 AM +0000,11/7/2008,1,,Mid-Block (not related to intersection),Dark - Street Lights On,HARBOR AVE SW BETWEEN SW MARYLAND PL AND CALIFORNIA WAY SW,0,1,,2,2803903,Wet,23,"MOTOR VEHICLE STRUCK PEDALCYCLIST, LEFT SIDE SIDESWIPE",08312008,10814,0,2,Injury Collision,,45,Bicycle,Matched,1,1,Raining,0,"(47.59131555300007, -122.38237552699997)",4105,0,N,2008-417807
6728,87758,87758,Intersection,Cycles,0,,,0,,08/22/2008 12:00:00 AM +0000,8/22/2008 4:43:00 PM,1,33106,At Intersection (intersection related),Daylight,7TH AVE S AND S LUCILE ST,0,1,,2,3279485,Dry,51,PEDALCYCLIST STRUCK MOTOR VEHICLE FRONT END AT ANGLE,08235004,8222,1,2b,Serious Injury Collision,,45,Bicycle,Matched,0,1,Clear or Partly Cloudy,0,"(47.55336811600006, -122.32390855599999)",0,0,N,08-313465
6744,88016,88016,Block,Cycles,209.5,,,0,,10/12/2008 12:00:00 AM +0000,10/12/2008 12:59:00 AM,1,,Mid-Block (but intersection related),Dark - Street Lights On,12TH AVE E BETWEEN E HARRISON ST AND E REPUBLICAN ST,0,1,,2,2899583,Dry,56,PEDALCYCLIST STRUCK MOTOR VEHICLE LEFT SIDE SIDESWIPE,08286022,1553,0,2,Injury Collision,,45,Bicycle,Matched,1,1,Clear or Partly Cloudy,0,"(47.622538606000035, -122.31676389699999)",10933,0,N,2008-383505
6789,87622,87622,Intersection,Cycles,0, ,,0,,08/28/2008 12:00:00 AM +0000,8/28/2008 3:00:00 PM,1,27180,At Intersection (intersection related),Daylight,LATONA AVE NE AND NE 45TH ST,0,1,,2,C709247,Dry,18,"MOTOR VEHICLE STRUCK PEDALCYCLIST, FRONT END AT ANGLE",08241043,11295,0,2,Injury Collision,,45,Bicycle,Matched,0,1,Overcast,0,"(47.66134408700003, -122.32510772899997)",0,523674,N,
6801,86834,86834,Intersection,Cycles,0,,,0,,06/17/2008 12:00:00 AM +0000,6/17/2008 6:57:00 AM,1,24483,At Intersection (intersection related),Daylight,ROOSEVELT WAY NE AND NE 68TH ST,0,1,Y,2,3277628,Wet,51,PEDALCYCLIST STRUCK MOTOR VEHICLE FRONT END AT ANGLE,08169006,12618,0,2,Injury Collision,,45,Bicycle,Matched,0,1,Raining,0,"(47.67801242100006, -122.31739331799997)",9408,0,N,08-218518
6811,86302,86302,Block,Cycles,155.5,,,0,,08/19/2008 12:00:00 AM +0000,8/19/2008 1:24:00 PM,1,,Mid-Block (not related to intersection),Daylight,RAINIER AVE S BETWEEN S EDMUNDS ST AND S FERDINAND ST,0,1,Y,2,3274104,Dry,18,"MOTOR VEHICLE STRUCK PEDALCYCLIST, FRONT END AT ANGLE",08232003,12386,0,2,Injury Collision,,45,Bicycle,Matched,0,1,Clear or Partly Cloudy,0,"(47.558253500000035, -122.28524315499999)",0,0,N,2008-309404
6821,86565,86565,Intersection,Cycles,0,,,0,,06/08/2008 12:00:00 AM +0000,6/8/2008,1,26863,At Intersection (intersection related),Daylight,STONE WAY N AND N 39TH ST,0,1,Y,2,3278006,Dry,18,"MOTOR VEHICLE STRUCK PEDALCYCLIST, FRONT END AT ANGLE",08160002,12959,0,2,Injury Collision,,45,Bicycle,Matched,0,1,Clear or Partly Cloudy,0,"(47.654120093000074, -122.34250125799997)",6304,0,N,2008-206928
6925,86561,86561,Intersection,Cycles,0, ,,0,,04/10/2008 12:00:00 AM +0000,4/10/2008 6:20:00 PM,2,29576,At Intersection (intersection related),Daylight,5TH AVE AND PIKE ST,1,1,,2,2898693,Dry,64,PEDALCYCLIST STRUCK PEDESTRIAN,08101003,7237,0,2,Injury Collision,,45,Bicycle,Matched,0,0,Raining,0,"(47.61067790300007, -122.33557402499997)",21847,523699,N,08 129287
6980,86554,86554,Block,Cycles,412.5,,,0,,09/09/2008 12:00:00 AM +0000,9/9/2008,2,,Mid-Block (not related to intersection),Dark - Street Lights On,SW SPOKANE BR BETWEEN SW SPOKANE E ST AND SW SPOKANE W ST,1,1,,2,2792932,Dry,64,PEDALCYCLIST STRUCK PEDESTRIAN,08253004,22804,0,2,Injury Collision,,45,Bicycle,Matched,0,0,Unknown,0,"(47.57137820400004, -122.35356018699997)",0,0,N,08-337371
7082,87215,87215,Intersection,Cycles,0,,,0,,06/27/2008 12:00:00 AM +0000,6/27/2008 12:47:00 PM,1,27153,At Intersection (intersection related),Daylight,EASTLAKE AVE E AND FUHRMAN AVE E,0,1,Y,2,2806190,Dry,51,PEDALCYCLIST STRUCK MOTOR VEHICLE FRONT END AT ANGLE,08179006,10579,0,2,Injury Collision,,45,Bicycle,Matched,0,1,Clear or Partly Cloudy,0,"(47.65157827200005, -122.32127525699997)",6078,0,N,08-233375
7128,87604,87604,Intersection,Cycles,0,,,0,,01/11/2008 12:00:00 AM +0000,1/11/2008 10:02:00 AM,1,29366,At Intersection (intersection related),Daylight,19TH AVE E AND E THOMAS ST,0,1,,2,2793570,Wet,51,PEDALCYCLIST STRUCK MOTOR VEHICLE FRONT END AT ANGLE,08011004,2656,0,2,Injury Collision,,45,Bicycle,Matched,0,1,Clear or Partly Cloudy,0,"(47.62048727900003, -122.30735048599996)",35317,0,N,08-013489
7140,87599,87599,Intersection,Cycles,0,,,0,,09/17/2008 12:00:00 AM +0000,9/17/2008 4:46:00 PM,1,32498,At Intersection (intersection related),Daylight,S ALASKA ST AND S COLUMBIAN WAY,0,1,,1,3279680,Dry,69,PEDALCYCLIST OVERTURNED IN ROAD,08261007,11936,0,2,Injury Collision,Y,45,Bicycle,Matched,0,0,Clear or Partly Cloudy,0,"(47.56163728300004, -122.297283102)",0,0,N,08-349833
7182,87066,87066,Block,Cycles,164,,,0,,08/02/2008 12:00:00 AM +0000,8/2/2008,1,,Driveway Junction,Daylight,E JEFFERSON ST BETWEEN 11TH AVE AND 12TH AVE,0,1,Y,2,2899332,Dry,51,PEDALCYCLIST STRUCK MOTOR VEHICLE FRONT END AT ANGLE,08215002,14219,0,2,Injury Collision,,45,Bicycle,Matched,0,1,Clear or Partly Cloudy,0,"(47.606204501000036, -122.31744752899999)",10458,0,N,2008-285149
7214,86276,86276,Intersection,Cycles,0,,,0,,03/04/2008 12:00:00 AM +0000,3/4/2008,1,29508,At Intersection (intersection related),Dusk,DENNY WAY AND TERRY AVE,0,1,,2,2898286,Dry,51,PEDALCYCLIST STRUCK MOTOR VEHICLE FRONT END AT ANGLE,08064005,10016,0,2,Injury Collision,,45,Bicycle,Matched,0,1,Clear or Partly Cloudy,0,"(47.61852939200003, -122.33728173199995)",23507,0,N,2008-083457
7228,86538,86538,Intersection,Cycles,0, ,,0,Y,06/13/2008 12:00:00 AM +0000,6/13/2008 6:54:00 PM,1,29292,At Intersection (intersection related),Dusk,M L KING JR WAY E AND E MADISON ST,0,1,,2,2882705,Dry,18,"MOTOR VEHICLE STRUCK PEDALCYCLIST, FRONT END AT ANGLE",08165003,4261,0,2,Injury Collision,,45,Bicycle,Matched,0,1,Clear or Partly Cloudy,0,"(47.62331723700004, -122.29642410499997)",0,524071,N,2008-213920
7282,87722,87722,Intersection,Cycles,0,,,0,,11/24/2008 12:00:00 AM +0000,11/24/2008 2:05:00 PM,1,26215,At Intersection (intersection related),Daylight,37TH AVE NE AND NE 55TH ST,0,1,,2,3276936,Dry,51,PEDALCYCLIST STRUCK MOTOR VEHICLE FRONT END AT ANGLE,08329005,5701,1,2b,Serious Injury Collision,,45,Bicycle,Matched,0,1,Clear or Partly Cloudy,0,"(47.66851081200008, -122.28796842999998)",0,0,N,08-440625
7324,86665,86665,Intersection,Cycles,0,,,0,,07/15/2008 12:00:00 AM +0000,7/15/2008 8:30:00 AM,1,30501,At Intersection (intersection related),Daylight,5TH AVE S AND S MAIN ST,0,1,,2,2616262,Dry,51,PEDALCYCLIST STRUCK MOTOR VEHICLE FRONT END AT ANGLE,08197002,7358,0,2,Injury Collision,,45,Bicycle,Matched,0,1,Clear or Partly Cloudy,0,"(47.60003407600004, -122.32766333399996)",35997,0,N,08-259497
7359,86265,86265,Block,Cycles,167,,,0,,09/19/2008 12:00:00 AM +0000,9/19/2008 8:50:00 PM,1,,Mid-Block (but intersection related),Dark - Street Lights On,E UNION ST BETWEEN 18TH AVE AND 19TH AVE,0,1,,2,2899394,Dry,18,"MOTOR VEHICLE STRUCK PEDALCYCLIST, FRONT END AT ANGLE",08263004,14896,0,2,Injury Collision,,45,Bicycle,Matched,0,1,Overcast,0,"(47.61290001800006, -122.30818486599998)",9334,0,N,2008-352936
7371,86131,86131,Block,Cycles,215.5,,,0,,03/16/2008 12:00:00 AM +0000,3/16/2008 4:18:00 AM,1,,Mid-Block (not related to intersection),Dark - Street Lights On,S ALBRO PL BETWEEN CORGIAT DR S AND SWIFT AVE S,0,1,,2,2828425,Wet,51,PEDALCYCLIST STRUCK MOTOR VEHICLE FRONT END AT ANGLE,08076008,19331,0,2,Injury Collision,,45,Bicycle,Matched,1,1,Raining,0,"(47.54852069000003, -122.31181883299996)",38523,0,N,2008-097975
7450,87451,87451,Block,Cycles,128,,,0,,09/26/2008 12:00:00 AM +0000,9/26/2008 4:44:00 PM,1,,Mid-Block (but intersection related),Daylight,EAST GREEN LAKE DR N BETWEEN WALLINGFORD AVE N AND GREEN LAKE DR N,0,1,Y,2,3283836,Dry,23,"MOTOR VEHICLE STRUCK PEDALCYCLIST, LEFT SIDE SIDESWIPE",08270021,14069,0,2,Injury Collision,,45,Bicycle,Matched,0,1,Clear or Partly Cloudy,0,"(47.68566719700004, -122.33727494899995)",9780,0,N,08-362214
7478,86659,86659,Intersection,Cycles,0,,,0,,05/25/2008 12:00:00 AM +0000,5/25/2008 4:51:00 PM,1,29469,At Intersection (intersection related),Daylight,LAKE WASHINGTON BLVD E AND MCGILVRA BLVD E,0,1,Y,2,2621798,Dry,18,"MOTOR VEHICLE STRUCK PEDALCYCLIST, FRONT END AT ANGLE",08146007,5966,0,2,Injury Collision,,45,Bicycle,Matched,0,1,Clear or Partly Cloudy,0,"(47.62124412900005, -122.28307237499996)",35989,0,N,08-188466
7480,86657,86657,Block,Cycles,167.5,,,0,,10/29/2008 12:00:00 AM +0000,10/29/2008 7:10:00 AM,1,,Mid-Block (but intersection related),Dawn,DAYTON AVE N BETWEEN N 67TH ST AND N 68TH ST,0,1,,2,2894074,Dry,14,"MOTOR VEHICLE STRUCK MOTOR VEHICLE, REAR END",08303005,9910,0,2,Injury Collision,,45,Bicycle,Matched,0,1,Clear or Partly Cloudy,0,"(47.67826897900005, -122.35260895199997)",0,0,N,2008-408971
7486,87971,87971,Block,Cycles,254.5,,,0,,05/05/2008 12:00:00 AM +0000,5/5/2008,0,,Mid-Block (but intersection related),Daylight,LAKEVIEW BLVD E BETWEEN E GARFIELD ST AND HARVARD AVE E,0,1,,2,2906239,Dry,23,"MOTOR VEHICLE STRUCK PEDALCYCLIST, LEFT SIDE SIDESWIPE",08126005,11281,0,1,Property Damage Only Collision,,45,Bicycle,Matched,0,1,Clear or Partly Cloudy,0,"(47.63520625500007, -122.32239428099996)",41909,0,N,08 160762
7508,88109,88109,Block,Cycles,166.5,,,0,,03/24/2008 12:00:00 AM +0000,3/24/2008 12:07:00 PM,1,,Mid-Block (but intersection related),Daylight,BROADWAY E BETWEEN E THOMAS ST AND E HARRISON ST,0,1,,1,2792421,Dry,69,PEDALCYCLIST OVERTURNED IN ROAD,08084008,9453,0,2,Injury Collision,,45,Bicycle,Matched,0,0,Clear or Partly Cloudy,0,"(47.62153060600008, -122.32089890399999)",6791,0,N,08-017836
7554,87445,87445,Intersection,Cycles,0,,,0,,07/01/2008 12:00:00 AM +0000,7/1/2008,1,29603,At Intersection (intersection related),Daylight,2ND AVE AND UNIVERSITY ST,0,1,Y,2,2900042,Dry,18,"MOTOR VEHICLE STRUCK PEDALCYCLIST, FRONT END AT ANGLE",08183003,2756,0,2,Injury Collision,,45,Bicycle,Matched,0,1,Clear or Partly Cloudy,0,"(47.60729905800008, -122.33708679799997)",12162,0,N,08-239183
7777,87431,87431,Intersection,Cycles,0, ,,1,,10/01/2008 12:00:00 AM +0000,10/1/2008,0,30553,At Intersection (intersection related),Dark - Street Lights On,4TH AVE S AND S ROYAL BROUGHAM WAY,0,1,,2,3280376,Dry,18,"MOTOR VEHICLE STRUCK PEDALCYCLIST, FRONT END AT ANGLE",08275005,6234,0,3,Fatality Collision,,45,Bicycle,Matched,0,1,Clear or Partly Cloudy,0,"(47.592394383000055, -122.32904874399998)",31081,0,N,2008-368535
7782,87428,87428,Block,Cycles,659,,,0,,07/20/2008 12:00:00 AM +0000,7/20/2008 8:28:00 PM,1,,Driveway Junction,Dusk,HIGH POINT DR SW BETWEEN 30TH N AVE SW AND SW RAYMOND ST,0,1,,6,2896559,Dry,18,"MOTOR VEHICLE STRUCK PEDALCYCLIST, FRONT END AT ANGLE",08202001,10878,0,2,Injury Collision,,45,Bicycle,Matched,0,1,Clear or Partly Cloudy,0,"(47.54912705700008, -122.36890638899996)",0,0,N,2008-267385
7809,87823,87823,Intersection,Cycles,0,,,0,,11/03/2008 12:00:00 AM +0000,11/3/2008,0,30488,At Intersection (intersection related),Dark - Street Lights On,2ND AVE AND YESLER WAY,0,1,Y,2,2906993,Wet,51,PEDALCYCLIST STRUCK MOTOR VEHICLE FRONT END AT ANGLE,08308005,2748,0,1,Property Damage Only Collision,,45,Bicycle,Matched,0,1,Raining,0,"(47.601718704000064, -122.33198350499998)",9961,0,N,08-413308
7817,87026,87026,Intersection,Cycles,0, ,,0,,06/08/2008 12:00:00 AM +0000,6/8/2008,1,25949,At Intersection (intersection related),Daylight,25TH AVE NE AND NE BLAKELEY ST,0,1,Y,2,3277960,Dry,18,"MOTOR VEHICLE STRUCK PEDALCYCLIST, FRONT END AT ANGLE",08160003,3723,0,2,Injury Collision,,45,Bicycle,Matched,0,1,Clear or Partly Cloudy,0,"(47.66626671800003, -122.30060497999995)",0,521604,N,2008-206714
7940,85692,85692,Block,Cycles,115,,,0,,07/24/2008 12:00:00 AM +0000,7/24/2008 8:07:00 PM,1,,Mid-Block (not related to intersection),Daylight,15TH AVE E BETWEEN E THOMAS S ST AND E THOMAS N ST,0,1,,2,2882331,Dry,56,PEDALCYCLIST STRUCK MOTOR VEHICLE LEFT SIDE SIDESWIPE,08206005,2004,0,2,Injury Collision,,45,Bicycle,Matched,0,1,Clear or Partly Cloudy,0,"(47.62081750300007, -122.31269202499999)",8579,0,N,2008-272928
7943,85689,85689,Intersection,Cycles,0,,,0,,07/27/2008 12:00:00 AM +0000,7/27/2008 11:30:00 AM,0,29109,At Intersection (intersection related),Daylight,FAIRVIEW AVE N AND FAIRVIEW PL N,0,1,,2,C707468,Dry,18,"MOTOR VEHICLE STRUCK PEDALCYCLIST, FRONT END AT ANGLE",08209030,10354,0,1,Property Damage Only Collision,,45,Bicycle,Matched,0,1,Clear or Partly Cloudy,0,"(47.626280877000056, -122.33400849299994)",0,0,N,
8074,85021,85021,Intersection,Cycles,0,,,0,,07/29/2008 12:00:00 AM +0000,7/29/2008 12:46:00 PM,1,25558,At Intersection (intersection related),Daylight,WALLINGFORD AVE N AND N 47TH ST,0,1,Y,2,3277079,Dry,18,"MOTOR VEHICLE STRUCK PEDALCYCLIST, FRONT END AT ANGLE",08211004,13375,0,2,Injury Collision,,45,Bicycle,Matched,0,1,Overcast,0,"(47.66286698400006, -122.33642195699997)",0,0,N,08-279435
8076,85019,85019,Intersection,Cycles,0,,,0,,07/29/2008 12:00:00 AM +0000,7/29/2008 3:54:00 PM,1,27041,At Intersection (intersection related),Daylight,ALBION PL N AND N 34TH ST,0,1,,2,2905738,Dry,18,"MOTOR VEHICLE STRUCK PEDALCYCLIST, FRONT END AT ANGLE",08211008,8774,0,2,Injury Collision,,45,Bicycle,Matched,0,1,Overcast,0,"(47.64884179300003, -122.34476587499995)",0,0,N,08-279644
8077,85018,85018,Block,Cycles,213.5,,,0,,07/10/2008 12:00:00 AM +0000,7/10/2008 5:22:00 PM,1,,Mid-Block (not related to intersection),Daylight,6TH AVE BETWEEN PINE ST AND OLIVE WAY,0,1,,4,2900104,Dry,55,PEDALCYCLIST STRUCK MOTOR VEHICLE RIGHT SIDE SIDESWIPE,08192003,7884,0,2,Injury Collision,,45,Bicycle,Matched,0,1,Clear or Partly Cloudy,0,"(47.612633294000034, -122.33582748299995)",25420,0,N,08 253091
8099,85024,85024,Block,Cycles,46.5,,,0,,08/23/2008 12:00:00 AM +0000,8/23/2008 1:57:00 AM,2,,Mid-Block (but intersection related),Dark - Street Lights On,1ST AVE BETWEEN BAY ST AND DENNY WAY,0,1,Y,2,3282679,Dry,23,"MOTOR VEHICLE STRUCK PEDALCYCLIST, LEFT SIDE SIDESWIPE",08236006,1024,0,2,Injury Collision,,45,Bicycle,Matched,0,1,Clear or Partly Cloudy,0,"(47.61853411100003, -122.35529172399998)",14438,0,N,2008-314194
8104,84494,84494,Block,Cycles,76.5,,,0,,09/05/2008 12:00:00 AM +0000,9/5/2008,0,,Mid-Block (not related to intersection),Dark - Street Lights On,LEARY WAY NW BETWEEN NW 43RD ST AND 7TH AVE NW,0,1,,2,3284079,Dry,55,PEDALCYCLIST STRUCK MOTOR VEHICLE RIGHT SIDE SIDESWIPE,08249004,11342,0,1,Property Damage Only Collision,,45,Bicycle,Matched,0,1,Clear or Partly Cloudy,0,"(47.65911854700005, -122.36488419999995)",17378,0,N,08-332854
8110,85417,85417,Intersection,Cycles,0,,,0,,03/17/2008 12:00:00 AM +0000,3/17/2008 2:58:00 PM,1,27153,At Intersection (intersection related),Daylight,EASTLAKE AVE E AND FUHRMAN AVE E,0,1,Y,2,2897694,Dry,51,PEDALCYCLIST STRUCK MOTOR VEHICLE FRONT END AT ANGLE,08077002,10579,0,2,Injury Collision,,45,Bicycle,Matched,0,1,Clear or Partly Cloudy,0,"(47.65157827200005, -122.32127525699997)",6078,0,N,08-099471
8188,86079,86079,Intersection,Cycles,0,,,0,,04/01/2008 12:00:00 AM +0000,4/1/2008,1,27087,At Intersection (intersection related),Daylight,11TH AVE NE AND NE 42ND ST,0,1,,2,2896976,Dry,18,"MOTOR VEHICLE STRUCK PEDALCYCLIST, FRONT END AT ANGLE",08092008,1407,0,2,Injury Collision,,45,Bicycle,Matched,0,1,Clear or Partly Cloudy,0,"(47.65835595400006, -122.31665565899999)",41835,0,N,2008-117509
8227,85281,85281,Block,Cycles,129.5,,,0,,11/10/2008 12:00:00 AM +0000,11/10/2008 3:32:00 PM,1,,Mid-Block (not related to intersection),Daylight,S JACKSON ST BETWEEN 22ND AVE S AND 23RD AVE S,0,1,,2,3287180,Dry,56,PEDALCYCLIST STRUCK MOTOR VEHICLE LEFT SIDE SIDESWIPE,08315023,20501,0,2,Injury Collision,,45,Bicycle,Matched,0,1,Clear or Partly Cloudy,0,"(47.59927789900007, -122.30276121699995)",11145,0,N,2008-422388
8256,84752,84752,Intersection,Cycles,0,,,0,,08/05/2008 12:00:00 AM +0000,8/5/2008,1,27106,At Intersection (intersection related),Dark - Street Lights On,15TH AVE NE AND NE 41ST ST,0,1,Y,2,2799018,Dry,18,"MOTOR VEHICLE STRUCK PEDALCYCLIST, FRONT END AT ANGLE",08218002,2032,0,2,Injury Collision,,45,Bicycle,Matched,0,1,Clear or Partly Cloudy,0,"(47.65681959300008, -122.31211005299997)",21313,0,N,2008-289044
8309,85932,85932,Block,Cycles,131.5,,,0,,09/19/2008 12:00:00 AM +0000,9/19/2008 5:57:00 PM,1,,Mid-Block (not related to intersection),Daylight,STONE WAY N BETWEEN BRIDGE WAY N AND N 40TH ST,0,1,Y,2,3277302,Dry,18,"MOTOR VEHICLE STRUCK PEDALCYCLIST, FRONT END AT ANGLE",08263007,12960,0,2,Injury Collision,,45,Bicycle,Matched,0,1,Overcast,0,"(47.65502131000005, -122.34245699799999)",6316,0,N,08-352736
8337,84611,84611,Block,Cycles,88.5,,,0,,10/17/2008 12:00:00 AM +0000,10/17/2008 6:44:00 PM,1,,Mid-Block (not related to intersection),Dark - Street Lights On,BEACON ER AVE S BETWEEN S ANGELINE ST AND S COLUMBIAN WAY,0,1,Y,4,3281664,Dry,18,"MOTOR VEHICLE STRUCK PEDALCYCLIST, FRONT END AT ANGLE",08291004,166925,0,2,Injury Collision,,45,Bicycle,Matched,0,2,Clear or Partly Cloudy,0,"(47.55987646800003, -122.30445987299998)",15929,0,N,2008-391030
8380,85794,85794,Intersection,Cycles,0, ,,0,,08/01/2008 12:00:00 AM +0000,8/1/2008,0,30360,At Intersection (intersection related),Dark - Street Lights On,ALASKAN WAY AND YESLER WAY,0,1,,3,2907156,Dry,11,"MOTOR VEHICLE STRUCK MOTOR VEHICLE, FRONT END AT ANGLE",08214047,8717,0,1,Property Damage Only Collision,,45,Bicycle,Matched,0,1,Clear or Partly Cloudy,0,"(47.60171754700008, -122.33658213799998)",38491,0,N,2008-284291