OBJECTID,INCKEY,COLDETKEY,ADDRTYPE,COLLISIONTYPE,DISTANCE,EXCEPTRSNCODE,EXCEPTRSNDESC,FATALITIES,INATTENTIONIND,INCDATE,INCDTTM,INJURIES,INTKEY,JUNCTIONTYPE,LIGHTCOND,LOCATION,PEDCOUNT,PEDCYLCOUNT,PEDROWNOTGRNT,PERSONCOUNT,REPORTNO,ROADCOND,SDOT_COLCODE,SDOT_COLDESC,SDOTCOLNUM,SEGKEY,SERIOUSINJURIES,SEVERITYCODE,SEVERITYDESC,SPEEDING,ST_COLCODE,ST_COLDESC,STATUS,UNDERINFL,VEHCOUNT,WEATHER,WIDTH,Shape,SEGLANEKEY,CROSSWALKKEY,HITPARKEDCAR,SPDCASENO
8422,84219,84219,Block,Cycles,334.5,,,0,,03/28/2008 12:00:00 AM +0000,3/28/2008 8:55:00 AM,0,,Mid-Block (but intersection related),Daylight,GOLF DR S BETWEEN S CHARLES ST AND 14TH AVE S,0,1,Y,2,2897979,Wet,23,"MOTOR VEHICLE STRUCK PEDALCYCLIST, LEFT SIDE SIDESWIPE",08088001,10668,0,1,Property Damage Only Collision,,45,Bicycle,Matched,0,1,Snowing,0,"(47.59367206500008, -122.31556822799996)",14098,0,N,2008-112954
8480,85791,85791,Intersection,Cycles,0,,,0,,08/05/2008 12:00:00 AM +0000,8/5/2008,1,27955,At Intersection (intersection related),Daylight,15TH AVE W AND W HOWE ST,0,1,Y,2,2899938,Dry,18,"MOTOR VEHICLE STRUCK PEDALCYCLIST, FRONT END AT ANGLE",08218001,2186,0,2,Injury Collision,,45,Bicycle,Matched,0,1,Clear or Partly Cloudy,0,"(47.63595304800003, -122.37613788399995)",18994,0,N,08-289466
8485,85789,85789,Intersection,Cycles,0, ,,1,,08/06/2008 12:00:00 AM +0000,8/6/2008,3,29683,At Intersection (intersection related),Dusk,CEDAR ST AND WESTERN AVE,0,1,,5,3282504,Dry,18,"MOTOR VEHICLE STRUCK PEDALCYCLIST, FRONT END AT ANGLE",08219001,9639,1,3,Fatality Collision,,45,Bicycle,Matched,0,2,Clear or Partly Cloudy,0,"(47.61513737700005, -122.35147584299995)",0,523859,N,08-291495
8491,84211,84211,Intersection,Cycles,0,,,0,,11/03/2008 12:00:00 AM +0000,11/3/2008,1,29863,At Intersection (intersection related),Dark - Street Lights On,MELROSE AVE AND PINE ST,0,1,Y,4,3287142,Wet,18,"MOTOR VEHICLE STRUCK PEDALCYCLIST, FRONT END AT ANGLE",08308009,11745,0,2,Injury Collision,,45,Bicycle,Matched,0,1,Raining,0,"(47.615238420000026, -122.32790375499997)",10336,0,N,2008-413526
8493,84210,84210,Intersection,Cycles,0,,,0,,11/03/2008 12:00:00 AM +0000,11/3/2008,1,26711,At Intersection (intersection related),Daylight,11TH AVE NW AND NW 45TH ST,0,1,Y,2,3287063,Wet,18,"MOTOR VEHICLE STRUCK PEDALCYCLIST, FRONT END AT ANGLE",08308010,1427,0,2,Injury Collision,,45,Bicycle,Matched,0,1,Overcast,0,"(47.66146941900007, -122.37076944799998)",41860,0,N,08-412733
8501,84081,84081,Block,Cycles,213,,,0,Y,09/03/2008 12:00:00 AM +0000,9/3/2008,1,,Mid-Block (not related to intersection),Daylight,12TH AVE BETWEEN E COLUMBIA ST AND E MARION ST,0,1,,3,2899108,Dry,56,PEDALCYCLIST STRUCK MOTOR VEHICLE LEFT SIDE SIDESWIPE,08247012,1533,0,2,Injury Collision,,45,Bicycle,Matched,0,1,Clear or Partly Cloudy,0,"(47.609809435000045, -122.31677966199999)",10714,0,N,2008-329906
8576,84595,84595,Intersection,Cycles,0,,,0,,07/02/2008 12:00:00 AM +0000,7/2/2008,2,28237,At Intersection (intersection related),Dark - Street Lights On,10TH AVE E AND E LYNN ST,0,2,Y,3,2906100,Dry,51,PEDALCYCLIST STRUCK MOTOR VEHICLE FRONT END AT ANGLE,08184007,1300,2,2b,Serious Injury Collision,,45,Bicycle,Matched,0,1,Clear or Partly Cloudy,0,"(47.63954711300005, -122.32006287099995)",6101,0,N,2008-241573
8600,84598,84598,Intersection,Cycles,0,,,0,,07/22/2008 12:00:00 AM +0000,7/22/2008 8:30:00 PM,1,36974,At Intersection (intersection related),Daylight,24TH AVE NW AND NW 85TH ST,0,1,,2,2897200,Dry,51,PEDALCYCLIST STRUCK MOTOR VEHICLE FRONT END AT ANGLE,08204027,3609,1,2b,Serious Injury Collision,,45,Bicycle,Matched,0,1,Clear or Partly Cloudy,0,"(47.690575454000054, -122.38759810599998)",2246,0,N,2008-270071
8692,85246,85246,Intersection,Cycles,0, ,,0,,01/14/2008 12:00:00 AM +0000,1/14/2008 6:25:00 PM,1,30367,At Intersection (intersection related),Dark - Street Lights On,ALASKAN WAY S AND S KING ST,0,1,Y,2,2804592,Wet,18,"MOTOR VEHICLE STRUCK PEDALCYCLIST, FRONT END AT ANGLE",08014010,8739,0,2,Injury Collision,,45,Bicycle,Matched,0,1,Raining,0,"(47.59829223200006, -122.33590723199995)",0,524773,N,2008-018149
8789,85901,85901,Intersection,Cycles,0,,,0,,08/12/2008 12:00:00 AM +0000,8/12/2008 8:02:00 AM,1,30521,At Intersection (intersection related),Daylight,OCCIDENTAL AVE S AND S KING E ST,0,1,Y,2,2616519,Dry,18,"MOTOR VEHICLE STRUCK PEDALCYCLIST, FRONT END AT ANGLE",08225004,20596,0,2,Injury Collision,,45,Bicycle,Matched,0,1,Clear or Partly Cloudy,0,"(47.59828969300003, -122.33288563299999)",35895,0,N,08-299090
8808,85235,85235,Intersection,Cycles,0, ,,0,,04/12/2008 12:00:00 AM +0000,4/12/2008 6:55:00 PM,1,30114,At Intersection (intersection related),Daylight,20TH AVE AND E MADISON ST,0,1,Y,2,2882204,Dry,23,"MOTOR VEHICLE STRUCK PEDALCYCLIST, LEFT SIDE SIDESWIPE",08103002,2942,0,2,Injury Collision,,45,Bicycle,Matched,0,1,Clear or Partly Cloudy,0,"(47.61726331600005, -122.30613644099998)",0,521181,N,2008-131978
8837,85507,85507,Block,Cycles,203.5,,,0,,11/03/2008 12:00:00 AM +0000,11/3/2008,1,,Mid-Block (not related to intersection),Daylight,AIRPORT WAY S BETWEEN S ADAMS ST AND S INDUSTRIAL WB WAY,0,1,Y,2,3277743,Wet,21,"MOTOR VEHICLE STRUCK PEDALCYCLIST, REAR END",08308044,8682,1,2b,Serious Injury Collision,,45,Bicycle,Matched,0,1,Raining,0,"(47.565634114000034, -122.32273101399994)",20745,0,N,08-413969
8913,84319,84319,Block,Cycles,124,,,0,Y,05/08/2008 12:00:00 AM +0000,5/8/2008,1,,Mid-Block (but intersection related),Dusk,E MADISON ST BETWEEN 28TH AVE E AND 29TH W AVE E,0,1,,3,2882452,Dry,51,PEDALCYCLIST STRUCK MOTOR VEHICLE FRONT END AT ANGLE,08129004,14362,0,2,Injury Collision,,45,Bicycle,Matched,0,1,Clear or Partly Cloudy,0,"(47.62371497300006, -122.29583475299995)",34609,0,N,08-165500
8930,84449,84449,Intersection,Cycles,0, ,,0,,01/18/2008 12:00:00 AM +0000,1/18/2008 1:00:00 AM,1,28642,At Intersection (intersection related),Unknown,QUEEN ANNE AVE N AND REPUBLICAN ST,0,1,,2,2906882,Dry,18,"MOTOR VEHICLE STRUCK PEDALCYCLIST, FRONT END AT ANGLE",08018003,12298,0,2,Injury Collision,,45,Bicycle,Matched,0,1,Clear or Partly Cloudy,0,"(47.623276813000075, -122.35671986099999)",0,523532,N,08-022967
8992,84698,84698,Intersection,Cycles,0,,,0,,09/19/2008 12:00:00 AM +0000,9/19/2008 3:45:00 PM,1,24485,At Intersection (intersection related),Daylight,15TH AVE NE AND NE 68TH N ST,0,1,Y,2,3276780,Dry,18,"MOTOR VEHICLE STRUCK PEDALCYCLIST, FRONT END AT ANGLE",08263002,2051,0,2,Injury Collision,,45,Bicycle,Matched,0,1,Overcast,0,"(47.678040560000056, -122.31197604899995)",29109,0,N,08-352596
9024,85094,85094,Intersection,Cycles,0,,,0,,10/24/2008 12:00:00 AM +0000,10/24/2008 10:50:00 AM,1,25940,At Intersection (intersection related),Daylight,25TH AVE NE AND NE 54TH ST,0,1,Y,2,2798020,Dry,18,"MOTOR VEHICLE STRUCK PEDALCYCLIST, FRONT END AT ANGLE",08298004,3724,1,2b,Serious Injury Collision,,45,Bicycle,Matched,0,1,Clear or Partly Cloudy,0,"(47.66797835300008, -122.30061611399998)",18810,0,N,08-399535
9033,84046,84046,Intersection,Cycles,0,,,0,,08/05/2008 12:00:00 AM +0000,8/5/2008,1,29876,At Intersection (intersection related),Daylight,BELMONT AVE AND E PIKE ST,0,1,Y,3,3286428,Dry,18,"MOTOR VEHICLE STRUCK PEDALCYCLIST, FRONT END AT ANGLE",08218004,9233,0,2,Injury Collision,,45,Bicycle,Matched,0,1,Clear or Partly Cloudy,0,"(47.61409446600004, -122.32445798499998)",31166,0,N,08-289146
9040,84441,84441,Intersection,Cycles,0,,,0,,09/17/2008 12:00:00 AM +0000,9/17/2008 10:02:00 AM,1,30513,At Intersection (intersection related),Daylight,7TH AVE S AND S JACKSON ST,0,1,Y,2,3274426,Dry,18,"MOTOR VEHICLE STRUCK PEDALCYCLIST, FRONT END AT ANGLE",08261001,8207,1,2b,Serious Injury Collision,,45,Bicycle,Matched,0,1,Clear or Partly Cloudy,0,"(47.59918859700008, -122.32375005299997)",24453,0,N,08-349323
9043,84440,84440,Block,Cycles,318.5,,,0,,09/20/2008 12:00:00 AM +0000,9/20/2008 6:20:00 AM,1,,Mid-Block (not related to intersection),Dark - Street Lights On,SEWARD PARK AVE S BETWEEN S KENYON ST AND S BUDD CT,0,1,Y,2,3279641,Wet,23,"MOTOR VEHICLE STRUCK PEDALCYCLIST, LEFT SIDE SIDESWIPE",08264001,12808,0,2,Injury Collision,,45,Bicycle,Matched,0,1,Raining,0,"(47.53071788800003, -122.266326204)",37676,0,N,2008-353539
9191,84433,84433,Block,Cycles,329.5,,,0,,10/02/2008 12:00:00 AM +0000,10/2/2008,1,,Mid-Block (not related to intersection),Daylight,YESLER WAY BETWEEN TERRACE ST AND 6TH AVE,0,1,Y,4,3282537,Wet,56,PEDALCYCLIST STRUCK MOTOR VEHICLE LEFT SIDE SIDESWIPE,08276023,13766,0,2,Injury Collision,,45,Bicycle,Matched,0,1,Overcast,0,"(47.60171208300005, -122.32768801499998)",9972,0,N,08 370272
9261,85214,85214,Intersection,Cycles,0,,,0,,09/23/2008 12:00:00 AM +0000,9/23/2008 7:52:00 PM,3,31581,At Intersection (intersection related),Dark - Street Lights On,RAINIER AVE S AND S COLLEGE N ST,0,1,,4,2613297,Dry,51,PEDALCYCLIST STRUCK MOTOR VEHICLE FRONT END AT ANGLE,08267021,12361,0,2,Injury Collision,,45,Bicycle,Matched,0,1,Clear or Partly Cloudy,0,"(47.58314526400005, -122.30180965099999)",19994,0,N,08-358237
9262,84817,84817,Intersection,Cycles,0, ,,0,,05/12/2008 12:00:00 AM +0000,5/12/2008 12:15:00 PM,1,28744,At Intersection (intersection related),Daylight,BROAD ST AND VALLEY ST,0,1,,2,C704187,Dry,18,"MOTOR VEHICLE STRUCK PEDALCYCLIST, FRONT END AT ANGLE",08133036,13265,0,2,Injury Collision,,45,Bicycle,Matched,0,1,Unknown,0,"(47.625795769000035, -122.33863455)",0,523904,N,
9268,85080,85080,Block,Cycles,161,,,0,,05/16/2008 12:00:00 AM +0000,5/16/2008 7:35:00 PM,1,,Driveway Junction,Daylight,BELL ST BETWEEN 1ST AVE AND 2ND AVE,0,1,,2,2906668,Dry,18,"MOTOR VEHICLE STRUCK PEDALCYCLIST, FRONT END AT ANGLE",08137010,9198,0,2,Injury Collision,,45,Bicycle,Matched,1,1,Clear or Partly Cloudy,0,"(47.61370646700004, -122.34608453999999)",0,0,N,2008-176169
9337,85868,85868,Intersection,Cycles,0, ,,0,,01/04/2008 12:00:00 AM +0000,1/4/2008,1,27149,At Intersection (intersection related),Dark - Street Lights On,15TH AVE NE AND NE PACIFIC ST,0,1,,2,C698602,Unknown,18,"MOTOR VEHICLE STRUCK PEDALCYCLIST, FRONT END AT ANGLE",08004034,2028,0,2,Injury Collision,,45,Bicycle,Matched,0,1,Clear or Partly Cloudy,0,"(47.65297596400006, -122.31246414499998)",0,520838,N,
9357,86007,86007,Block,Cycles,169,,,0,,09/12/2008 12:00:00 AM +0000,9/12/2008 10:15:00 AM,1,,Mid-Block (not related to intersection),Daylight,W MCGRAW ST BETWEEN 33RD AVE W AND 34TH AVE W,0,1,,2,3282893,Dry,56,PEDALCYCLIST STRUCK MOTOR VEHICLE LEFT SIDE SIDESWIPE,08256007,23571,0,2,Injury Collision,,45,Bicycle,Matched,0,1,Clear or Partly Cloudy,0,"(47.63955639000005, -122.40031342199995)",34144,0,N,08-342168
9364,85201,85201,Block,Cycles,211.5,,,0,,01/07/2008 12:00:00 AM +0000,1/7/2008,1,,Driveway Junction,Dark - Street Lights On,BROADWAY BETWEEN E PIKE ST AND E PINE ST,0,1,Y,2,2827599,Dry,51,PEDALCYCLIST STRUCK MOTOR VEHICLE FRONT END AT ANGLE,08007008,9447,0,2,Injury Collision,,45,Bicycle,Matched,0,1,Clear or Partly Cloudy,0,"(47.61465412100006, -122.32078948899999)",0,0,N,08-008600
9376,85071,85071,Intersection,Cycles,0,,,0,,01/26/2008 12:00:00 AM +0000,1/26/2008 2:06:00 AM,1,29809,At Intersection (intersection related),Dark - Street Lights On,12TH AVE AND E JEFFERSON ST,0,1,Y,2,2795699,Dry,18,"MOTOR VEHICLE STRUCK PEDALCYCLIST, FRONT END AT ANGLE",08026002,1529,0,2,Injury Collision,,45,Bicycle,Matched,1,1,Clear or Partly Cloudy,0,"(47.60620304500003, -122.31678046599995)",10636,0,N,08-033774
9379,84938,84938,Block,Cycles,88.5,,,0,,07/17/2008 12:00:00 AM +0000,7/17/2008 8:36:00 AM,1,,Mid-Block (not related to intersection),Daylight,29TH AVE E BETWEEN E REPUBLICAN ST AND E MADISON W ST,0,1,Y,2,2827550,Dry,56,PEDALCYCLIST STRUCK MOTOR VEHICLE LEFT SIDE SIDESWIPE,08199003,4279,0,2,Injury Collision,,45,Bicycle,Matched,0,1,Overcast,0,"(47.62381277500003, -122.29518442799997)",0,0,N,2008-262325
9434,85859,85859,Block,Cycles,181,,,0,,09/16/2008 12:00:00 AM +0000,9/16/2008 4:35:00 PM,1,,Mid-Block (but intersection related),Daylight,12TH AVE BETWEEN E YESLER WAY AND E FIR ST,0,1,Y,3,3286499,Dry,51,PEDALCYCLIST STRUCK MOTOR VEHICLE FRONT END AT ANGLE,08260003,1523,0,2,Injury Collision,,45,Bicycle,Matched,0,1,Clear or Partly Cloudy,0,"(47.602188270000056, -122.316781849)",10536,0,N,2008-348294
9473,84019,84019,Intersection,Cycles,0,,,0,,08/05/2008 12:00:00 AM +0000,8/5/2008,1,30411,At Intersection (intersection related),Daylight,BOREN AVE AND E YESLER WAY,0,1,,2,2899351,Dry,51,PEDALCYCLIST STRUCK MOTOR VEHICLE FRONT END AT ANGLE,08218003,9303,1,2b,Serious Injury Collision,,45,Bicycle,Matched,0,1,Clear or Partly Cloudy,0,"(47.601695164000034, -122.31782315599997)",9991,0,N,08-289816
9488,84150,84150,Intersection,Cycles,0,,,0,Y,11/15/2008 12:00:00 AM +0000,11/15/2008 12:00:00 PM,1,27184,At Intersection (intersection related),Daylight,EASTERN AVE N AND N 45TH ST,0,1,,2,3278025,Dry,18,"MOTOR VEHICLE STRUCK PEDALCYCLIST, FRONT END AT ANGLE",08320032,10159,0,2,Injury Collision,,45,Bicycle,Matched,0,1,Clear or Partly Cloudy,0,"(47.661363347000076, -122.32896932599999)",6530,0,N,08-428931
9502,85062,85062,Block,Cycles,213,,,0,Y,03/22/2008 12:00:00 AM +0000,3/22/2008 6:48:00 PM,1,,Driveway Junction,Daylight,2ND AVE BETWEEN UNIVERSITY ST AND UNION ST,0,1,Y,3,2906708,Dry,18,"MOTOR VEHICLE STRUCK PEDALCYCLIST, FRONT END AT ANGLE",08082025,2756,0,2,Injury Collision,,45,Bicycle,Matched,0,1,Clear or Partly Cloudy,0,"(47.60779445000003, -122.33754000999994)",0,0,N,2008-106072
9633,85184,85184,Block,Cycles,179.5,,,0,,04/27/2008 12:00:00 AM +0000,4/27/2008 12:00:00 PM,1,,Driveway Junction,Daylight,RAINIER AVE S BETWEEN S HENDERSON ST AND S DIRECTOR N ST,0,1,Y,2,2907472,Dry,51,PEDALCYCLIST STRUCK MOTOR VEHICLE FRONT END AT ANGLE,08118001,12420,0,2,Injury Collision,,45,Bicycle,Matched,0,1,Clear or Partly Cloudy,0,"(47.52281700700007, -122.26998786899998)",24134,0,N,2008-150691
9693,85842,85842,Intersection,Cycles,0,,,0,,01/16/2008 12:00:00 AM +0000,1/16/2008 5:21:00 PM,1,28258,At Intersection (intersection related),Dark - Street Lights On,10TH AVE E AND E NEWTON ST,0,1,Y,2,2897602,Wet,18,"MOTOR VEHICLE STRUCK PEDALCYCLIST, FRONT END AT ANGLE",08016004,1298,0,2,Injury Collision,,45,Bicycle,Matched,0,1,Clear or Partly Cloudy,0,"(47.63725179700003, -122.32007982299996)",6111,0,N,08-20951
9799,84784,84784,Intersection,Cycles,0,,,0,,05/29/2008 12:00:00 AM +0000,5/29/2008 11:45:00 PM,1,28237,At Intersection (intersection related),Dark - Street Lights On,10TH AVE E AND E LYNN ST,0,1,,2,C704839,Dry,51,PEDALCYCLIST STRUCK MOTOR VEHICLE FRONT END AT ANGLE,08150027,1300,0,2,Injury Collision,,45,Bicycle,Matched,0,1,Clear or Partly Cloudy,0,"(47.63954711300005, -122.32006287099995)",6101,0,N,
9812,84918,84918,Intersection,Cycles,0,,,0,,03/04/2008 12:00:00 AM +0000,3/4/2008,1,28300,At Intersection (intersection related),Dusk,EASTLAKE AVE E AND E ROANOKE ST,0,1,Y,2,2623543,Dry,51,PEDALCYCLIST STRUCK MOTOR VEHICLE FRONT END AT ANGLE,08064006,10179,0,2,Injury Collision,,45,Bicycle,Matched,0,1,Overcast,0,"(47.643190643000025, -122.32588681199996)",24724,0,N,08-83454
9891,85038,85038,Intersection,Cycles,0,,,0,,05/21/2008 12:00:00 AM +0000,5/21/2008 9:10:00 AM,1,27043,At Intersection (intersection related),Daylight,TROLL AVE N AND N 34TH ST,0,1,Y,2,2897260,Dry,18,"MOTOR VEHICLE STRUCK PEDALCYCLIST, FRONT END AT ANGLE",08142006,9002,0,2,Injury Collision,,45,Bicycle,Matched,0,1,Overcast,0,"(47.64924012200004, -122.34741874299999)",8816,0,N,08-182502
9906,85173,85173,Intersection,Cycles,0,,,0,Y,08/16/2008 12:00:00 AM +0000,8/16/2008 8:40:00 PM,1,30911,At Intersection (intersection related),Dark - Street Lights On,54TH PL SW AND ALKI AVE SW,0,1,,2,2896383,Dry,51,PEDALCYCLIST STRUCK MOTOR VEHICLE FRONT END AT ANGLE,08229041,7684,0,2,Injury Collision,,45,Bicycle,Matched,0,1,Clear or Partly Cloudy,0,"(47.58270371000003, -122.40207361799997)",0,0,N,08-305783
10000,83216,83216,Block,Cycles,179,,,0,,06/20/2008 12:00:00 AM +0000,6/20/2008 12:52:00 PM,1,,Driveway Junction,Daylight,E OLIVE WAY BETWEEN SUMMIT AVE E AND E JOHN ST,0,1,Y,3,2882614,Dry,51,PEDALCYCLIST STRUCK MOTOR VEHICLE FRONT END AT ANGLE,08172002,14586,0,2,Injury Collision,,45,Bicycle,Matched,0,1,Clear or Partly Cloudy,0,"(47.61927351300005, -122.32483051699995)",23263,0,N,2008-223360
10017,82159,82159,Intersection,Cycles,0, ,,0,,10/18/2008 12:00:00 AM +0000,10/18/2008 8:12:00 PM,1,25949,At Intersection (intersection related),Dark - Street Lights On,25TH AVE NE AND NE BLAKELEY ST,0,1,,3,3287051,Dry,18,"MOTOR VEHICLE STRUCK PEDALCYCLIST, FRONT END AT ANGLE",08292006,3723,0,2,Injury Collision,,45,Bicycle,Matched,0,1,Clear or Partly Cloudy,0,"(47.66626671800003, -122.30060497999995)",0,524372,N,2008-392391
10061,82155,82155,Intersection,Cycles,0, ,,0,,10/21/2008 12:00:00 AM +0000,10/21/2008 9:20:00 AM,1,27109,At Intersection (intersection related),Daylight,BROOKLYN AVE NE AND NE 40TH ST,0,1,,2,2896986,Dry,18,"MOTOR VEHICLE STRUCK PEDALCYCLIST, FRONT END AT ANGLE",08295006,9476,0,2,Injury Collision,,45,Bicycle,Matched,0,1,Clear or Partly Cloudy,0,"(47.655367643000034, -122.31444113299995)",0,631432,N,2008-395363
10129,83479,83479,Block,Cycles,153,,,0,,11/12/2008 12:00:00 AM +0000,11/12/2008 5:40:00 PM,1,,Mid-Block (not related to intersection),Dark - Street Lights On,2ND AVE BETWEEN COLUMBIA ST AND MARION ST,0,1,,2,C712479,Wet,18,"MOTOR VEHICLE STRUCK PEDALCYCLIST, FRONT END AT ANGLE",08317068,2751,0,2,Injury Collision,,45,Bicycle,Matched,0,1,Overcast,0,"(47.604088467000054, -122.33414983799997)",12047,0,N,
10165,82946,82946,Intersection,Cycles,0, ,,0,,08/30/2008 12:00:00 AM +0000,8/30/2008 11:50:00 AM,1,25949,At Intersection (intersection related),Daylight,25TH AVE NE AND NE BLAKELEY ST,0,1,,2,3277984,Dry,18,"MOTOR VEHICLE STRUCK PEDALCYCLIST, FRONT END AT ANGLE",08243028,3723,0,2,Injury Collision,,45,Bicycle,Matched,0,1,Clear or Partly Cloudy,0,"(47.66626671800003, -122.30060497999995)",0,521604,N,08-324105
10193,82284,82284,Intersection,Cycles,0, ,,0,,01/04/2008 12:00:00 AM +0000,1/4/2008,1,27167,At Intersection (intersection related),Dark - Street Lights On,UNIVERSITY WAY NE AND NE PACIFIC ST,0,1,Y,2,2830021,Wet,18,"MOTOR VEHICLE STRUCK PEDALCYCLIST, FRONT END AT ANGLE",08004004,13215,0,2,Injury Collision,,45,Bicycle,Matched,0,1,Raining,0,"(47.65339944100003, -122.31333457599999)",0,522415,N,2008-004101
10199,83467,83467,Block,Cycles,316,,,0,,09/14/2008 12:00:00 AM +0000,9/14/2008 3:16:00 PM,1,,Driveway Junction,Daylight,S JACKSON ST BETWEEN 14TH AVE S AND 16TH AVE S,0,1,Y,3,2614999,Dry,18,"MOTOR VEHICLE STRUCK PEDALCYCLIST, FRONT END AT ANGLE",08258006,20495,0,2,Injury Collision,,45,Bicycle,Matched,0,1,Clear or Partly Cloudy,0,"(47.599217493000026, -122.31285936399996)",11014,0,N,2008-345445
10212,82416,82416,Block,Cycles,137,,,0,Y,04/14/2008 12:00:00 AM +0000,4/14/2008 10:00:00 AM,0,,Mid-Block (not related to intersection),Daylight,NE RAVENNA EB BV BETWEEN NE 63RD ST AND NE RAVENNA BV OFF RP,0,1,,3,2894797,Dry,55,PEDALCYCLIST STRUCK MOTOR VEHICLE RIGHT SIDE SIDESWIPE,08105004,18064,0,1,Property Damage Only Collision,,45,Bicycle,Matched,0,1,Overcast,0,"(47.67368309400007, -122.32035482999999)",15745,0,N,2008-133911
10266,83331,83331,Intersection,Cycles,0,,,0,,06/30/2008 12:00:00 AM +0000,6/30/2008 8:53:00 AM,1,25418,At Intersection (intersection related),Daylight,8TH AVE NW AND NW 56TH ST,0,1,Y,2,3277362,Dry,51,PEDALCYCLIST STRUCK MOTOR VEHICLE FRONT END AT ANGLE,08182008,8385,0,2,Injury Collision,,45,Bicycle,Matched,0,1,Clear or Partly Cloudy,0,"(47.66943046700004, -122.36617831099994)",2426,0,N,08-237525
10281,83464,83464,Block,Cycles,160.5,,,0,,09/19/2008 12:00:00 AM +0000,9/19/2008 3:59:00 PM,1,,Mid-Block (not related to intersection),Daylight,E UNION ST BETWEEN 27TH AVE AND M L KING JR WAY,0,1,,3,2899393,Dry,56,PEDALCYCLIST STRUCK MOTOR VEHICLE LEFT SIDE SIDESWIPE,08263005,14905,0,2,Injury Collision,,45,Bicycle,Matched,0,1,Clear or Partly Cloudy,0,"(47.61293808800008, -122.29685170899995)",9486,0,N,08-352606
10330,82272,82272,Intersection,Cycles,0,,,0,,11/30/2008 12:00:00 AM +0000,11/30/2008 2:37:00 PM,1,24205,At Intersection (intersection related),Daylight,8TH AVE NW AND NW 67TH ST,0,1,Y,2,2623995,Wet,51,PEDALCYCLIST STRUCK MOTOR VEHICLE FRONT END AT ANGLE,08335004,8396,0,2,Injury Collision,,45,Bicycle,Matched,0,1,Overcast,0,"(47.67777043500007, -122.36602025599996)",2504,0,N,08-447684
10365,83329,83329,Intersection,Cycles,0, ,,0,,06/30/2008 12:00:00 AM +0000,6/30/2008 7:11:00 AM,0,27244,At Intersection (intersection related),Daylight,LATONA AVE NE AND NE PACIFIC ST,0,1,,3,2624105,Dry,18,"MOTOR VEHICLE STRUCK PEDALCYCLIST, FRONT END AT ANGLE",08182019,11289,0,1,Property Damage Only Collision,,45,Bicycle,Matched,0,1,Clear or Partly Cloudy,0,"(47.65488891200005, -122.32570273399995)",0,576113,N,2008-237463
10382,83827,83827,Intersection,Cycles,0,,,0,,05/18/2008 12:00:00 AM +0000,5/18/2008 8:15:00 PM,1,29862,At Intersection (intersection related),Dusk,BELLEVUE AVE AND E PINE ST,0,1,Y,2,2798392,Dry,51,PEDALCYCLIST STRUCK MOTOR VEHICLE FRONT END AT ANGLE,08139003,9213,0,2,Injury Collision,,45,Bicycle,Matched,0,1,Clear or Partly Cloudy,0,"(47.61521815300006, -122.32680418799998)",10342,0,N,2008-179301
10545,83188,83188,Block,Cycles,164.5,,,0,Y,07/19/2008 12:00:00 AM +0000,7/19/2008 7:04:00 PM,1,,Mid-Block (but intersection related),Daylight,E PIKE ST BETWEEN BROADWAY AND 10TH AVE,0,1,,2,2908613,Unknown,21,"MOTOR VEHICLE STRUCK PEDALCYCLIST, REAR END",08201032,14600,0,2,Injury Collision,,45,Bicycle,Matched,0,1,Unknown,0,"(47.61408040200007, -122.320115596)",31226,0,N,2008-268988
10591,83693,83693,Block,Cycles,556.5,,,0,,11/24/2008 12:00:00 AM +0000,11/24/2008 7:27:00 AM,0,,Driveway Junction,Daylight,RAINIER AVE S BETWEEN S KENNY ST AND S GRAHAM ST,0,1,Y,2,3281916,Dry,51,PEDALCYCLIST STRUCK MOTOR VEHICLE FRONT END AT ANGLE,08329001,12397,0,1,Property Damage Only Collision,,45,Bicycle,Matched,0,1,Overcast,0,"(47.54743303600003, -122.27674075999994)",23924,0,N,08-440152
10608,83945,83945,Intersection,Cycles,0, ,,0,,01/03/2008 12:00:00 AM +0000,1/3/2008,1,25423,At Intersection (intersection related),Dusk,14TH AVE NW AND NW MARKET ST,0,1,Y,2,2828765,Wet,18,"MOTOR VEHICLE STRUCK PEDALCYCLIST, FRONT END AT ANGLE",08003003,1895,0,2,Injury Collision,,45,Bicycle,Matched,0,1,Raining,0,"(47.66866536800006, -122.37358850399994)",0,520757,N,08-003337
10653,83044,83044,Intersection,Cycles,0,,,0,,09/08/2008 12:00:00 AM +0000,9/8/2008,1,25177,At Intersection (intersection related),Daylight,SHILSHOLE AVE NW AND NW DOCK PL,0,1,Y,2,3277819,Dry,18,"MOTOR VEHICLE STRUCK PEDALCYCLIST, FRONT END AT ANGLE",08252005,12829,0,2,Injury Collision,,45,Bicycle,Matched,0,1,Clear or Partly Cloudy,0,"(47.66397025500004, -122.381794362)",17205,0,N,08-336945
10705,82380,82380,Intersection,Cycles,0,,,0,Y,11/27/2008 12:00:00 AM +0000,11/27/2008 12:40:00 PM,1,31949,At Intersection (intersection related),Daylight,49TH AVE SW AND SW SPOKANE ST,0,1,,3,2798647,Dry,51,PEDALCYCLIST STRUCK MOTOR VEHICLE FRONT END AT ANGLE,08332016,7203,0,2,Injury Collision,,45,Bicycle,Matched,0,1,Clear or Partly Cloudy,0,"(47.57209456500004, -122.39474694499995)",0,0,N,08-444310