OBJECTID,INCKEY,COLDETKEY,ADDRTYPE,COLLISIONTYPE,DISTANCE,EXCEPTRSNCODE,EXCEPTRSNDESC,FATALITIES,INATTENTIONIND,INCDATE,INCDTTM,INJURIES,INTKEY,JUNCTIONTYPE,LIGHTCOND,LOCATION,PEDCOUNT,PEDCYLCOUNT,PEDROWNOTGRNT,PERSONCOUNT,REPORTNO,ROADCOND,SDOT_COLCODE,SDOT_COLDESC,SDOTCOLNUM,SEGKEY,SERIOUSINJURIES,SEVERITYCODE,SEVERITYDESC,SPEEDING,ST_COLCODE,ST_COLDESC,STATUS,UNDERINFL,VEHCOUNT,WEATHER,WIDTH,Shape,SEGLANEKEY,CROSSWALKKEY,HITPARKEDCAR,SPDCASENO
10787,82910,82910,Block,Cycles,410.5,,,0,,09/15/2008 12:00:00 AM +0000,9/15/2008 6:00:00 PM,0,,Mid-Block (not related to intersection),Daylight,NW 58TH ST BETWEEN 17TH AVE NW AND 20TH AVE NW,0,1,Y,3,3274261,Dry,21,"MOTOR VEHICLE STRUCK PEDALCYCLIST, REAR END",08259008,18497,0,1,Property Damage Only Collision,,45,Bicycle,Matched,0,1,Clear or Partly Cloudy,0,"(47.67090640600003, -122.38054607599997)",0,0,N,2008-347723
10795,82775,82775,Intersection,Cycles,0,,,0,,12/01/2008 12:00:00 AM +0000,12/1/2008,1,30511,At Intersection (intersection related),Daylight,6TH AVE S AND S JACKSON ST,0,1,Y,2,3274510,Dry,18,"MOTOR VEHICLE STRUCK PEDALCYCLIST, FRONT END AT ANGLE",08336005,7983,0,2,Injury Collision,,45,Bicycle,Matched,0,1,Overcast,0,"(47.599192756000036, -122.326360524)",24416,0,N,2008-448870
10855,82767,82767,Intersection,Cycles,0,,,0,,09/10/2008 12:00:00 AM +0000,9/10/2008 1:07:00 PM,1,24286,At Intersection (intersection related),Daylight,AURORA AVE N AND N 80TH ST,0,1,Y,2,3283761,Dry,51,PEDALCYCLIST STRUCK MOTOR VEHICLE FRONT END AT ANGLE,08254007,8958,0,2,Injury Collision,,45,Bicycle,Matched,0,1,Clear or Partly Cloudy,0,"(47.68694220500004, -122.34450322999999)",27296,0,N,08-339509
10876,83553,83553,Block,Cycles,109, ,,0,,11/25/2008 12:00:00 AM +0000,11/25/2008 5:16:00 PM,1,,Mid-Block (not related to intersection),Dark - Street Lights On,DEXTER AVE N BETWEEN 6TH AVE N AND WHEELER ST,0,1,,2,2826294,Wet,18,"MOTOR VEHICLE STRUCK PEDALCYCLIST, FRONT END AT ANGLE",08330034,10092,0,2,Injury Collision,,45,Bicycle,Matched,0,1,Overcast,0,"(47.64061580600003, -122.34449079299998)",0,522526,N,2008-442232
10912,83426,83426,Intersection,Cycles,0,,,0,,05/02/2008 12:00:00 AM +0000,5/2/2008,1,30136,At Intersection (intersection related),Daylight,15TH AVE AND E MADISON ST,0,1,,2,2827948,Dry,18,"MOTOR VEHICLE STRUCK PEDALCYCLIST, FRONT END AT ANGLE",08123013,1997,0,2,Injury Collision,Y,45,Bicycle,Matched,0,1,Clear or Partly Cloudy,0,"(47.61449898500007, -122.31277145499996)",22976,0,N,2008-157307
10917,82764,82764,Intersection,Cycles,0,,,0,,08/07/2008 12:00:00 AM +0000,8/7/2008,1,25159,At Intersection (intersection related),Daylight,17TH AVE NW AND BARNES AVE NW,0,1,Y,2,3284280,Dry,18,"MOTOR VEHICLE STRUCK PEDALCYCLIST, FRONT END AT ANGLE",08220003,2438,1,2b,Serious Injury Collision,,45,Bicycle,Matched,0,1,Clear or Partly Cloudy,0,"(47.66742847100005, -122.37888477799999)",0,0,N,2008-292 457
11045,83022,83022,Block,Cycles,158,,,0,,07/30/2008 12:00:00 AM +0000,7/30/2008 8:06:00 AM,1,,Mid-Block (not related to intersection),Daylight,DEXTER AVE N BETWEEN HIGHLAND DR AND COMSTOCK ST,0,1,Y,4,2899634,Dry,18,"MOTOR VEHICLE STRUCK PEDALCYCLIST, FRONT END AT ANGLE",08212035,10081,0,2,Injury Collision,,45,Bicycle,Matched,0,1,Clear or Partly Cloudy,0,"(47.63015164300003, -122.34229977599995)",12797,0,N,2008-280506
11171,83531,83531,Intersection,Cycles,0, ,,0,,05/28/2008 12:00:00 AM +0000,5/28/2008 6:09:00 PM,1,29632,At Intersection (intersection related),Daylight,ALASKAN WAY AND SPRING ST,0,1,Y,2,2805491,Dry,18,"MOTOR VEHICLE STRUCK PEDALCYCLIST, FRONT END AT ANGLE",08149002,8721,0,2,Injury Collision,,45,Bicycle,Matched,0,1,Clear or Partly Cloudy,0,"(47.60448768400005, -122.33909095699994)",0,523596,N,08-192503
11211,82882,82882,Intersection,Cycles,0, ,,0,Y,10/20/2008 12:00:00 AM +0000,10/20/2008 7:58:00 AM,1,32116,At Intersection (intersection related),Daylight,HARBOR AVE SW AND SW SPOKANE NR ST,0,1,,2,2895617,Wet,18,"MOTOR VEHICLE STRUCK PEDALCYCLIST, FRONT END AT ANGLE",08294004,10822,0,2,Injury Collision,,45,Bicycle,Matched,0,1,Raining,0,"(47.571788585000036, -122.37065501499995)",0,524810,N,2008-393979
11251,83906,83906,Intersection,Cycles,0,,,0,,10/16/2008 12:00:00 AM +0000,10/16/2008 1:55:00 PM,1,27900,At Intersection (intersection related),Daylight,15TH AVE W AND GILMAN UPPER DR W,0,1,,2,3280341,Wet,51,PEDALCYCLIST STRUCK MOTOR VEHICLE FRONT END AT ANGLE,08290003,2191,0,2,Injury Collision,,45,Bicycle,Matched,0,1,Overcast,0,"(47.64294366300004, -122.37616970399995)",16095,0,N,08-389309
11264,82082,82082,Block,Cycles,177,,,0,,05/14/2008 12:00:00 AM +0000,5/14/2008 6:09:00 PM,0,,Mid-Block (not related to intersection),Daylight,N 36TH ST BETWEEN FREMONT PL N AND FREMONT AVE N,0,1,,2,2617892,Dry,54,PEDALCYCLIST STRUCK MOTOR VEHICLE REAR END,08135005,15321,0,1,Property Damage Only Collision,Y,45,Bicycle,Matched,0,1,Clear or Partly Cloudy,0,"(47.651438848000055, -122.35064280899996)",0,0,N,08 173340
11266,82080,82080,Block,Cycles,1775.559560250000004,,,0,,07/16/2008 12:00:00 AM +0000,7/16/2008 5:10:00 PM,1,,Driveway Junction,Daylight,ALKI TRL BETWEEN HARBOR AVE SW AND SW FLORIDA ST,0,1,,2,C707628,Dry,51,PEDALCYCLIST STRUCK MOTOR VEHICLE FRONT END AT ANGLE,08198049,287002,0,2,Injury Collision,,45,Bicycle,Matched,0,1,Clear or Partly Cloudy,0,"(47.57666936900006, -122.37125076899997)",4286,0,N,
11303,83648,83648,Block,Cycles,116,,,0,,09/08/2008 12:00:00 AM +0000,9/8/2008,1,,Driveway Junction,Daylight,12TH AVE BETWEEN E REMINGTON CT AND E JEFFERSON ST,0,1,Y,2,2899014,Dry,18,"MOTOR VEHICLE STRUCK PEDALCYCLIST, FRONT END AT ANGLE",08252001,1528,0,2,Injury Collision,,45,Bicycle,Matched,0,1,Clear or Partly Cloudy,0,"(47.60588380000007, -122.31678057699997)",10614,0,N,08-336336
11323,83001,83001,Intersection,Cycles,0, ,,0,,03/23/2008 12:00:00 AM +0000,3/23/2008 8:10:00 AM,1,29592,At Intersection (intersection related),Daylight,2ND AVE AND PIKE ST,0,1,,2,2908430,Wet,18,"MOTOR VEHICLE STRUCK PEDALCYCLIST, FRONT END AT ANGLE",08083027,2758,0,2,Injury Collision,,45,Bicycle,Matched,0,1,Raining,0,"(47.60928514300008, -122.33890369399995)",0,523691,N,08-106728
11334,82610,82610,Block,Cycles,727.5,,,0,,06/27/2008 12:00:00 AM +0000,6/27/2008 8:40:00 PM,1,,Mid-Block (not related to intersection),Daylight,WESTLAKE AVE N BETWEEN NEWELL ST AND NICKERSON ST,0,1,,2,2805294,Dry,23,"MOTOR VEHICLE STRUCK PEDALCYCLIST, LEFT SIDE SIDESWIPE",08179005,13548,0,2,Injury Collision,,45,Bicycle,Matched,0,1,Clear or Partly Cloudy,0,"(47.64502969000006, -122.34730070499995)",20053,0,N,08-233970
11370,82071,82071,Intersection,Cycles,0,,,0,,03/26/2008 12:00:00 AM +0000,3/26/2008 11:15:00 AM,1,29665,At Intersection (intersection related),Daylight,1ST AVE AND BROAD ST,0,1,,2,2908306,Dry,18,"MOTOR VEHICLE STRUCK PEDALCYCLIST, FRONT END AT ANGLE",08086005,1021,0,2,Injury Collision,,45,Bicycle,Matched,0,1,Clear or Partly Cloudy,0,"(47.61691833900005, -122.35250653999998)",13269,0,N,2008-110278
11372,82343,82343,Block,Cycles,135.5,,,0,,03/06/2008 12:00:00 AM +0000,3/6/2008,1,,Driveway Junction,Dark - Street Lights On,S GENESEE ST BETWEEN 37TH AVE S AND 38TH AVE S,0,1,Y,2,2892007,Dry,18,"MOTOR VEHICLE STRUCK PEDALCYCLIST, FRONT END AT ANGLE",08066001,20096,0,2,Injury Collision,,45,Bicycle,Matched,0,1,Overcast,0,"(47.564117011000064, -122.28550948899999)",0,0,N,08-086040
11450,82595,82595,Intersection,Cycles,0,,,0,,07/15/2008 12:00:00 AM +0000,7/15/2008 7:49:00 AM,1,25716,At Intersection (intersection related),Daylight,ROOSEVELT WAY NE AND NE 62ND ST,0,1,Y,2,3277290,Dry,69,PEDALCYCLIST OVERTURNED IN ROAD,08197004,12612,0,2,Injury Collision,,45,Bicycle,Matched,0,1,Clear or Partly Cloudy,0,"(47.67333477600005, -122.31736337499996)",9202,0,N,2008-259461
11451,82594,82594,Intersection,Cycles,0,,,0,,07/16/2008 12:00:00 AM +0000,7/16/2008 9:34:00 AM,1,27153,At Intersection (intersection related),Daylight,EASTLAKE AVE E AND FUHRMAN AVE E,0,1,Y,2,2616707,Dry,51,PEDALCYCLIST STRUCK MOTOR VEHICLE FRONT END AT ANGLE,08198005,10579,0,2,Injury Collision,,45,Bicycle,Matched,0,1,Clear or Partly Cloudy,0,"(47.65157827200005, -122.32127525699997)",6078,0,N,08-260967
11616,82455,82455,Block,Cycles,213,,,0,,11/21/2008 12:00:00 AM +0000,11/21/2008 6:15:00 PM,1,,Driveway Junction,Dark - Street Lights On,2ND AVE BETWEEN UNION ST AND PIKE ST,0,1,Y,2,3289079,Wet,18,"MOTOR VEHICLE STRUCK PEDALCYCLIST, FRONT END AT ANGLE",08326003,2757,0,2,Injury Collision,,45,Bicycle,Matched,0,1,Raining,0,"(47.60878749200003, -122.33844845799996)",12168,0,N,08-437283
11787,83871,83871,Block,Cycles,160,,,0,,08/11/2008 12:00:00 AM +0000,8/11/2008 7:14:00 AM,1,,Mid-Block (not related to intersection),Daylight,QUEEN ANNE AVE N BETWEEN ALOHA ST AND WARD ST,0,1,,1,2907180,Dry,69,PEDALCYCLIST OVERTURNED IN ROAD,08224002,12303,1,2b,Serious Injury Collision,,45,Bicycle,Matched,0,0,Clear or Partly Cloudy,0,"(47.62762939900006, -122.356685358)",30638,0,N,2008-297685
11883,82311,82311,Intersection,Cycles,0,,,0,,04/21/2008 12:00:00 AM +0000,4/21/2008 6:38:00 PM,1,29050,At Intersection (intersection related),Daylight,BOYLSTON AVE E AND E OLIVE E WAY,0,1,Y,2,2882251,Wet,18,"MOTOR VEHICLE STRUCK PEDALCYCLIST, FRONT END AT ANGLE",08112018,9380,1,2b,Serious Injury Collision,,45,Bicycle,Matched,0,1,Raining,0,"(47.61986882600007, -122.32307185199994)",23232,0,N,2008-143070
11945,82966,82966,Block,Cycles,82,,,0,,08/01/2008 12:00:00 AM +0000,8/1/2008,1,,Mid-Block (not related to intersection),Dark - Street Lights On,BELMONT AVE E BETWEEN SUMMIT N AVE E AND BELLEVUE PL E,0,1,,1,2899279,Wet,69,PEDALCYCLIST OVERTURNED IN ROAD,08214048,9245,0,2,Injury Collision,Y,45,Bicycle,Matched,0,0,Overcast,0,"(47.626952361000065, -122.32577698099999)",36176,0,N,2008-283141
11966,83099,83099,Block,Cycles,107,,,0,,07/11/2008 12:00:00 AM +0000,7/11/2008 9:30:00 AM,1,,Mid-Block (but intersection related),Daylight,DENNY WAY BETWEEN FAIRVIEW AVE AND MINOR AVE,0,1,Y,2,2900043,Dry,18,"MOTOR VEHICLE STRUCK PEDALCYCLIST, FRONT END AT ANGLE",08193003,10019,0,2,Injury Collision,,45,Bicycle,Matched,0,1,Clear or Partly Cloudy,0,"(47.61851590800006, -122.33382329299997)",23526,0,N,2008-254188
11985,82296,82296,Block,Cycles,213.5,,,0,,04/09/2008 12:00:00 AM +0000,4/9/2008,0,,Mid-Block (not related to intersection),Dusk,6TH AVE BETWEEN PINE ST AND OLIVE WAY,0,1,,5,2898687,Unknown,18,"MOTOR VEHICLE STRUCK PEDALCYCLIST, FRONT END AT ANGLE",08100009,7884,0,1,Property Damage Only Collision,,45,Bicycle,Matched,0,1,Unknown,0,"(47.612633294000034, -122.33582748299995)",25420,0,N,2008-128189
12052,80957,80957,Block,Cycles,252,,,0,,02/05/2008 12:00:00 AM +0000,2/5/2008,1,,Mid-Block (not related to intersection),Daylight,FREMONT AVE N BETWEEN N 36TH ST AND N 38TH ST,0,1,,2,2894881,Wet,56,PEDALCYCLIST STRUCK MOTOR VEHICLE LEFT SIDE SIDESWIPE,08036007,10487,0,2,Injury Collision,,45,Bicycle,Matched,0,1,Overcast,0,"(47.652037807000056, -122.34992726899998)",8358,0,N,08-047222
12076,81359,81359,Intersection,Cycles,0,,,0,,05/16/2008 12:00:00 AM +0000,5/16/2008 12:50:00 PM,1,30430,At Intersection (intersection related),Daylight,12TH AVE S AND S KING ST,0,1,Y,2,2882553,Dry,18,"MOTOR VEHICLE STRUCK PEDALCYCLIST, FRONT END AT ANGLE",08137009,1655,0,2,Injury Collision,,45,Bicycle,Matched,0,1,Clear or Partly Cloudy,0,"(47.59833759300005, -122.317227979)",16232,0,N,2008-175603
12167,81079,81079,Intersection,Cycles,0,,,0,,09/18/2008 12:00:00 AM +0000,9/18/2008 8:08:00 AM,1,34625,At Intersection (intersection related),Daylight,SEWARD PARK AVE S AND S BRIGHTON ST,0,1,,2,2794173,Dry,51,PEDALCYCLIST STRUCK MOTOR VEHICLE FRONT END AT ANGLE,08262003,12801,0,2,Injury Collision,,45,Bicycle,Matched,0,1,Clear or Partly Cloudy,0,"(47.541577446000076, -122.26505531199996)",0,0,N,08-350606
12203,81462,81462,Block,Cycles,112.5,,,0,,08/16/2008 12:00:00 AM +0000,8/16/2008 5:00:00 PM,1,,Mid-Block (but intersection related),Daylight,EAST GREEN LAKE WAY N BETWEEN GREEN LAKE WAY N AND WEST GREEN LAKE WAY N,0,1,Y,2,2881008,Dry,18,"MOTOR VEHICLE STRUCK PEDALCYCLIST, FRONT END AT ANGLE",08229049,14070,0,2,Injury Collision,,45,Bicycle,Matched,0,1,Clear or Partly Cloudy,0,"(47.669090553000046, -122.33999562199995)",8784,0,N,08-306510
12259,80935,80935,Block,Cycles,316,,,0,,08/25/2008 12:00:00 AM +0000,8/25/2008 3:45:00 PM,1,,Driveway Junction,Daylight,S JACKSON ST BETWEEN 14TH AVE S AND 16TH AVE S,0,1,Y,3,2899085,Wet,18,"MOTOR VEHICLE STRUCK PEDALCYCLIST, FRONT END AT ANGLE",08238007,20495,0,2,Injury Collision,,45,Bicycle,Matched,0,1,Raining,0,"(47.599217493000026, -122.31285936399996)",11014,0,N,2008-317306
12262,81330,81330,Intersection,Cycles,0,,,0,,03/21/2008 12:00:00 AM +0000,3/21/2008 10:06:00 AM,1,29739,At Intersection (intersection related),Daylight,11TH AVE AND E PINE ST,0,1,Y,3,2897844,Dry,18,"MOTOR VEHICLE STRUCK PEDALCYCLIST, FRONT END AT ANGLE",08081002,1383,0,2,Injury Collision,,45,Bicycle,Matched,0,1,Clear or Partly Cloudy,0,"(47.615254391000065, -122.318159434)",10420,0,N,2008-104151
12281,81060,81060,Intersection,Cycles,0,,,0,,10/24/2008 12:00:00 AM +0000,10/24/2008 11:28:00 AM,1,29862,At Intersection (intersection related),Daylight,BELLEVUE AVE AND E PINE ST,0,1,Y,3,2899567,Dry,51,PEDALCYCLIST STRUCK MOTOR VEHICLE FRONT END AT ANGLE,08298005,9213,0,2,Injury Collision,,45,Bicycle,Matched,0,1,Clear or Partly Cloudy,0,"(47.61521815300006, -122.32680418799998)",10342,0,N,08-399581
12299,81453,81453,Intersection,Cycles,0,,,0,,01/02/2008 12:00:00 AM +0000,1/2/2008,1,29750,At Intersection (intersection related),Dark - Street Lights On,14TH AVE AND E PIKE ST,0,1,Y,3,2906552,Dry,18,"MOTOR VEHICLE STRUCK PEDALCYCLIST, FRONT END AT ANGLE",08002003,1852,0,2,Injury Collision,,45,Bicycle,Matched,0,1,Clear or Partly Cloudy,0,"(47.61412214900008, -122.31422402899994)",11896,0,N,Aug-33
12317,81584,81584,Intersection,Cycles,0, ,,0,,10/22/2008 12:00:00 AM +0000,10/22/2008 1:54:00 PM,0,30444,At Intersection (intersection related),Daylight,DEARBORN OFF RP AND S DEARBORN ST,0,1,Y,2,2899214,Dry,18,"MOTOR VEHICLE STRUCK PEDALCYCLIST, FRONT END AT ANGLE",08296004,19831,0,1,Property Damage Only Collision,,45,Bicycle,Matched,0,1,Clear or Partly Cloudy,0,"(47.595831547000046, -122.321370995)",0,525652,N,2008-396945
12356,81189,81189,Intersection,Cycles,0,,,0,Y,09/03/2008 12:00:00 AM +0000,9/3/2008,1,24297,At Intersection (intersection related),Daylight,AURORA AVE N AND N 77TH ST,0,1,,2,3284051,Dry,18,"MOTOR VEHICLE STRUCK PEDALCYCLIST, FRONT END AT ANGLE",08247014,8955,0,2,Injury Collision,,45,Bicycle,Matched,0,1,Clear or Partly Cloudy,0,"(47.684767703000034, -122.34449200399996)",0,0,N,2008-329182
12374,81184,81184,Intersection,Cycles,0, ,,0,,02/28/2008 12:00:00 AM +0000,2/28/2008 7:09:00 AM,1,28993,At Intersection (intersection related),Daylight,BROADWAY E AND E ROY E ST,0,1,Y,2,2616168,Dry,18,"MOTOR VEHICLE STRUCK PEDALCYCLIST, FRONT END AT ANGLE",08059011,14748,0,2,Injury Collision,,45,Bicycle,Matched,0,1,Clear or Partly Cloudy,0,"(47.62504920300006, -122.32089298799997)",0,522274,N,08-076449
12463,81172,81172,Block,Cycles,252,,,0,,09/10/2008 12:00:00 AM +0000,9/10/2008 5:00:00 PM,1,,Mid-Block (not related to intersection),Daylight,FREMONT AVE N BETWEEN N 36TH ST AND N 38TH ST,0,1,,2,C711074,Dry,56,PEDALCYCLIST STRUCK MOTOR VEHICLE LEFT SIDE SIDESWIPE,08254038,10487,0,2,Injury Collision,,45,Bicycle,Matched,0,1,Clear or Partly Cloudy,0,"(47.652037807000056, -122.34992726899998)",8358,0,N,
12529,81031,81031,Intersection,Cycles,0,,,0,,10/22/2008 12:00:00 AM +0000,10/22/2008 5:56:00 AM,1,30732,At Intersection (intersection related),Dark - Street Lights On,22ND AVE AND E YESLER WAY,0,1,Y,2,2804011,Dry,18,"MOTOR VEHICLE STRUCK PEDALCYCLIST, FRONT END AT ANGLE",08296002,3220,0,2,Injury Collision,,45,Bicycle,Matched,0,1,Overcast,0,"(47.60166927600005, -122.30373893499996)",10048,0,N,08-396510
12533,81027,81027,Intersection,Cycles,0,,,0,,05/05/2008 12:00:00 AM +0000,5/5/2008,0,24426,At Intersection (intersection related),Dusk,15TH AVE NE AND NE 75TH ST,0,1,Y,2,2905226,Dry,18,"MOTOR VEHICLE STRUCK PEDALCYCLIST, FRONT END AT ANGLE",08126002,2055,0,1,Property Damage Only Collision,,45,Bicycle,Matched,0,1,Clear or Partly Cloudy,0,"(47.683045873000026, -122.31207927199995)",27762,0,N,2008-161603
12542,81158,81158,Intersection,Cycles,0,,,0,,04/11/2008 12:00:00 AM +0000,4/11/2008 12:32:00 PM,1,27183,At Intersection (intersection related),Daylight,1ST AVE NE AND NE 45TH ST,0,1,,5,2795539,Dry,51,PEDALCYCLIST STRUCK MOTOR VEHICLE FRONT END AT ANGLE,08102004,1067,1,2b,Serious Injury Collision,,45,Bicycle,Matched,0,1,Clear or Partly Cloudy,0,"(47.66135978400007, -122.32826075599996)",6528,0,N,08-130145
12545,81169,81169,Block,Cycles,727.5,,,0,Y,05/22/2008 12:00:00 AM +0000,5/22/2008 8:30:00 AM,1,,Driveway Junction,Daylight,WESTLAKE AVE N BETWEEN NEWELL ST AND NICKERSON ST,0,1,Y,2,2804999,Wet,18,"MOTOR VEHICLE STRUCK PEDALCYCLIST, FRONT END AT ANGLE",08143038,13548,0,2,Injury Collision,,45,Bicycle,Matched,0,1,Raining,0,"(47.64502969000006, -122.34730070499995)",0,0,N,08-83725
12625,80887,80887,Block,Cycles,142,,,0,,05/26/2008 12:00:00 AM +0000,5/26/2008 5:30:00 PM,1,,Mid-Block (not related to intersection),Daylight,ALKI AVE SW BETWEEN MARINE AVE SW AND 59TH AVE SW,0,1,Y,2,2825337,Dry,51,PEDALCYCLIST STRUCK MOTOR VEHICLE FRONT END AT ANGLE,08147005,8795,0,2,Injury Collision,,45,Bicycle,Matched,0,1,Clear or Partly Cloudy,0,"(47.58027042700007, -122.407522342)",3634,0,N,08-190529
12643,81418,81418,Intersection,Cycles,0,,,0,,07/21/2008 12:00:00 AM +0000,7/21/2008 5:55:00 PM,1,24183,At Intersection (intersection related),Daylight,8TH AVE NW AND NW 70TH ST,0,1,Y,2,2829915,Dry,18,"MOTOR VEHICLE STRUCK PEDALCYCLIST, FRONT END AT ANGLE",08203031,8397,0,2,Injury Collision,,45,Bicycle,Matched,0,1,Clear or Partly Cloudy,0,"(47.679546713000036, -122.36601705199996)",3176,0,N,2008-268533
12683,81269,81269,Block,Cycles,332,,,0,,03/31/2008 12:00:00 AM +0000,3/31/2008 9:20:00 AM,0,,Mid-Block (not related to intersection),Daylight,ROOSEVELT WAY NE BETWEEN NE 47TH ST AND NE 50TH ST,0,1,,2,2829495,Dry,18,"MOTOR VEHICLE STRUCK PEDALCYCLIST, FRONT END AT ANGLE",08091010,12600,0,1,Property Damage Only Collision,,45,Bicycle,Matched,0,1,Clear or Partly Cloudy,0,"(47.66402617600005, -122.31741362599996)",9118,0,N,08-116357
12750,81796,81796,Intersection,Cycles,0,,,0,,11/23/2008 12:00:00 AM +0000,11/23/2008 4:59:00 PM,1,26605,At Intersection (intersection related),Dark - Street Lights On,8TH AVE NW AND NW 45TH ST,0,1,Y,2,3286833,Dry,51,PEDALCYCLIST STRUCK MOTOR VEHICLE FRONT END AT ANGLE,08328013,8374,1,2b,Serious Injury Collision,,45,Bicycle,Matched,0,1,Clear or Partly Cloudy,0,"(47.661461098000075, -122.36617373599995)",2280,0,N,08-439608
12757,81666,81666,Intersection,Cycles,0,,,0,,09/28/2008 12:00:00 AM +0000,9/28/2008 1:30:00 PM,1,30482,At Intersection (intersection related),Daylight,2ND AVE AND JAMES ST,0,1,,2,3274187,Dry,18,"MOTOR VEHICLE STRUCK PEDALCYCLIST, FRONT END AT ANGLE",08272011,2749,0,2,Injury Collision,,45,Bicycle,Matched,0,1,Clear or Partly Cloudy,0,"(47.60230560100007, -122.33251943999994)",12032,0,N,2008-364908
12788,81403,81403,Intersection,Cycles,0,,,0,,03/04/2008 12:00:00 AM +0000,3/4/2008,1,29851,At Intersection (intersection related),Dark - Street Lights On,BOREN AVE AND STEWART ST,0,1,,2,2826624,Dry,18,"MOTOR VEHICLE STRUCK PEDALCYCLIST, FRONT END AT ANGLE",08064007,9323,0,2,Injury Collision,,45,Bicycle,Matched,0,1,Clear or Partly Cloudy,0,"(47.61694494300008, -122.33271816499996)",13701,0,N,2008-83775
12809,80867,80867,Intersection,Cycles,0,,,0,,03/06/2008 12:00:00 AM +0000,3/6/2008,1,26965,At Intersection (intersection related),Daylight,FREMONT AVE N AND N 42ND ST,0,1,Y,2,2881084,Dry,51,PEDALCYCLIST STRUCK MOTOR VEHICLE FRONT END AT ANGLE,08066034,10492,0,2,Injury Collision,,45,Bicycle,Matched,0,1,Clear or Partly Cloudy,0,"(47.657738195000036, -122.34998173999998)",8396,0,N,08-85840
12927,80982,80982,Block,Cycles,117.5,,,0,,11/06/2008 12:00:00 AM +0000,11/6/2008,1,,Mid-Block (not related to intersection),Daylight,NE 45TH ST BETWEEN 7TH AVE NE AND 8TH W AVE NE,0,1,Y,2,2802351,Wet,23,"MOTOR VEHICLE STRUCK PEDALCYCLIST, LEFT SIDE SIDESWIPE",08311017,16844,0,2,Injury Collision,,45,Bicycle,Matched,0,1,Raining,0,"(47.66131589200006, -122.32025238999995)",7040,0,N,08-416990
12952,81374,81374,Intersection,Cycles,0, ,,0,,10/24/2008 12:00:00 AM +0000,10/24/2008 5:30:00 PM,0,25789,At Intersection (intersection related),Daylight,ROOSEVELT WAY NE AND NE 50TH ST,0,1,Y,2,3277991,Dry,18,"MOTOR VEHICLE STRUCK PEDALCYCLIST, FRONT END AT ANGLE",08298010,12601,0,1,Property Damage Only Collision,,45,Bicycle,Matched,0,1,Clear or Partly Cloudy,0,"(47.664937344000066, -122.31740379099995)",0,523566,N,08-400700
12955,81371,81371,Intersection,Cycles,0,,,0,,05/02/2008 12:00:00 AM +0000,5/2/2008,1,29821,At Intersection (intersection related),Daylight,12TH AVE AND E TERRACE ST,0,1,Y,3,2882324,Dry,18,"MOTOR VEHICLE STRUCK PEDALCYCLIST, FRONT END AT ANGLE",08123012,1527,0,2,Injury Collision,,45,Bicycle,Matched,0,1,Clear or Partly Cloudy,0,"(47.60519641900004, -122.31678089299999)",10597,0,N,2008-157488
12974,81761,81761,Block,Cycles,222,,,0,,09/10/2008 12:00:00 AM +0000,9/10/2008 8:00:00 AM,1,,Mid-Block (not related to intersection),Daylight,12TH AVE BETWEEN E MADISON ST AND E PIKE ST,0,1,,3,3277336,Dry,56,PEDALCYCLIST STRUCK MOTOR VEHICLE LEFT SIDE SIDESWIPE,08254006,1536,0,2,Injury Collision,,45,Bicycle,Matched,0,1,Clear or Partly Cloudy,0,"(47.613495138000076, -122.31678450399994)",10789,0,N,08-339120
13003,81237,81237,Block,Cycles,356, ,,0,,05/18/2008 12:00:00 AM +0000,5/18/2008 5:27:00 PM,1,,Mid-Block (not related to intersection),Daylight,LAKE CITY WAY NE BETWEEN NE 125TH ST AND NE 127TH ST,0,1,Y,3,2893010,Dry,18,"MOTOR VEHICLE STRUCK PEDALCYCLIST, FRONT END AT ANGLE",08139005,11183,0,2,Injury Collision,,45,Bicycle,Matched,0,1,Overcast,0,"(47.720183803000054, -122.29469766299997)",0,523060,N,2008 179118
13023,81365,81365,Intersection,Cycles,0,,,0,,04/25/2008 12:00:00 AM +0000,4/25/2008 9:50:00 PM,1,25602,At Intersection (intersection related),Other,PHINNEY AVE N AND N 62ND ST,0,1,Y,2,2803142,Dry,51,PEDALCYCLIST STRUCK MOTOR VEHICLE FRONT END AT ANGLE,08116037,12157,0,2,Injury Collision,,45,Bicycle,Matched,0,1,Clear or Partly Cloudy,0,"(47.67386526700005, -122.35436969299997)",3862,0,N,08-148601
13091,80522,80522,Intersection,Cycles,0,,,0,,01/19/2008 12:00:00 AM +0000,1/19/2008 4:40:00 PM,1,29860,At Intersection (intersection related),Daylight,SUMMIT AVE AND E PINE ST,0,1,,2,C698846,Wet,51,PEDALCYCLIST STRUCK MOTOR VEHICLE FRONT END AT ANGLE,08019044,12987,0,2,Injury Collision,,45,Bicycle,Matched,0,1,Raining,0,"(47.615218748000075, -122.325528841)",10354,0,N,