OBJECTID,INCKEY,COLDETKEY,ADDRTYPE,COLLISIONTYPE,DISTANCE,EXCEPTRSNCODE,EXCEPTRSNDESC,FATALITIES,INATTENTIONIND,INCDATE,INCDTTM,INJURIES,INTKEY,JUNCTIONTYPE,LIGHTCOND,LOCATION,PEDCOUNT,PEDCYLCOUNT,PEDROWNOTGRNT,PERSONCOUNT,REPORTNO,ROADCOND,SDOT_COLCODE,SDOT_COLDESC,SDOTCOLNUM,SEGKEY,SERIOUSINJURIES,SEVERITYCODE,SEVERITYDESC,SPEEDING,ST_COLCODE,ST_COLDESC,STATUS,UNDERINFL,VEHCOUNT,WEATHER,WIDTH,Shape,SEGLANEKEY,CROSSWALKKEY,HITPARKEDCAR,SPDCASENO
13151,80774,80774,Block,Cycles,198,,,0,,06/30/2008 12:00:00 AM +0000,6/30/2008 7:30:00 AM,1,,Driveway Junction,Daylight,BEACH DR SW BETWEEN 64TH AVE SW AND 63RD AVE SW,0,1,Y,2,2896804,Dry,18,"MOTOR VEHICLE STRUCK PEDALCYCLIST, FRONT END AT ANGLE",08182005,9090,0,2,Injury Collision,,45,Bicycle,Matched,0,1,Clear or Partly Cloudy,0,"(47.57280328500008, -122.41407181499994)",3987,0,N,2008-237464
13192,80369,80369,Intersection,Cycles,0,,,0,,08/07/2008 12:00:00 AM +0000,8/7/2008,1,32555,At Intersection (intersection related),Dark - No Street Lights,43RD AVE S AND LAKE WASHINGTON BLVD S,0,1,,2,3279759,Dry,51,PEDALCYCLIST STRUCK MOTOR VEHICLE FRONT END AT ANGLE,08220006,6662,0,2,Injury Collision,,45,Bicycle,Matched,0,1,Clear or Partly Cloudy,0,"(47.57013548000003, -122.27955244099996)",38085,0,N,2008-293164
13266,80480,80480,Block,Cycles,217.5,,,0,,01/31/2008 12:00:00 AM +0000,1/31/2008 9:15:00 AM,2,,Mid-Block (but intersection related),Daylight,EAST MARGINAL WAY S BETWEEN S HANFORD ST AND S HORTON ST,0,2,,3,2907604,Dry,21,"MOTOR VEHICLE STRUCK PEDALCYCLIST, REAR END",08031005,14385,2,2b,Serious Injury Collision,,45,Bicycle,Matched,0,1,Raining,0,"(47.574985420000075, -122.33996660699995)",4678,0,N,2008-0401S2
13280,80740,80740,Intersection,Cycles,0,,,0,,05/04/2008 12:00:00 AM +0000,5/4/2008,1,29861,At Intersection (intersection related),Daylight,CRAWFORD PL AND E PINE ST,0,1,Y,2,2882505,Dry,51,PEDALCYCLIST STRUCK MOTOR VEHICLE FRONT END AT ANGLE,08125021,9853,0,2,Injury Collision,,45,Bicycle,Matched,0,1,Clear or Partly Cloudy,0,"(47.61521476100006, -122.32618642899996)",10348,0,N,2008-160096
13321,80335,80335,Intersection,Cycles,0, ,,0,,10/13/2008 12:00:00 AM +0000,10/13/2008 10:37:00 PM,1,31299,At Intersection (intersection related),Dark - Street Lights On,AIRPORT WAY S AND S LANDER N ST,0,1,Y,2,2908712,Wet,18,"MOTOR VEHICLE STRUCK PEDALCYCLIST, FRONT END AT ANGLE",08287020,8668,0,2,Injury Collision,,45,Bicycle,Matched,0,1,Raining,0,"(47.57980781200007, -122.32139775599995)",0,524934,N,2008-385755
13428,80430,80430,Block,Cycles,65, ,,0,,11/26/2008 12:00:00 AM +0000,11/26/2008 9:45:00 AM,1,,Mid-Block (not related to intersection),Daylight,M L KING JR ER WAY S BETWEEN S HANFORD N ST AND S HANFORD S ST,0,1,,2,3289542,Dry,18,"MOTOR VEHICLE STRUCK PEDALCYCLIST, FRONT END AT ANGLE",08331036,352479,0,2,Injury Collision,,45,Bicycle,Matched,0,1,Clear or Partly Cloudy,0,"(47.57474862600003, -122.29668527299998)",0,525542,N,2008-442946
13441,80704,80704,Block,Cycles,161,,,0,,05/18/2008 12:00:00 AM +0000,5/18/2008 12:52:00 PM,0,,Mid-Block (not related to intersection),Daylight,S DEARBORN ST BETWEEN 6TH AVE S AND MAYNARD AVE S,0,1,,2,2908162,Dry,18,"MOTOR VEHICLE STRUCK PEDALCYCLIST, FRONT END AT ANGLE",08139004,19827,0,1,Property Damage Only Collision,,45,Bicycle,Matched,0,1,Clear or Partly Cloudy,0,"(47.59583631300006, -122.32572314499998)",5805,0,N,2008-178786
13523,80409,80409,Intersection,Cycles,0, ,,0,,06/09/2008 12:00:00 AM +0000,6/9/2008,1,29531,At Intersection (intersection related),Daylight,5TH AVE AND BELL ST,0,1,Y,2,2900006,Dry,18,"MOTOR VEHICLE STRUCK PEDALCYCLIST, FRONT END AT ANGLE",08161001,7246,0,2,Injury Collision,,45,Bicycle,Matched,0,1,Overcast,0,"(47.616032939000036, -122.34307495299998)",0,522672,N,08-207875
13565,80406,80406,Intersection,Cycles,0, ,,0,,06/10/2008 12:00:00 AM +0000,6/10/2008 11:22:00 AM,1,24933,At Intersection (intersection related),Daylight,35TH AVE NE AND NE 75TH ST,0,1,Y,2,2905014,Wet,18,"MOTOR VEHICLE STRUCK PEDALCYCLIST, FRONT END AT ANGLE",08162005,5363,0,2,Injury Collision,,45,Bicycle,Matched,0,1,Raining,0,"(47.68304823500006, -122.29047889299994)",0,524379,N,08-209201
13584,80255,80255,Intersection,Cycles,0,,,0,,07/10/2008 12:00:00 AM +0000,7/10/2008 7:00:00 AM,1,25220,At Intersection (intersection related),Daylight,26TH AVE NW AND NW 56TH ST,0,1,,2,3286501,Dry,18,"MOTOR VEHICLE STRUCK PEDALCYCLIST, FRONT END AT ANGLE",08192006,3888,1,2b,Serious Injury Collision,,45,Bicycle,Matched,0,1,Clear or Partly Cloudy,0,"(47.66946007300004, -122.39014455699999)",0,0,N,08 252378
13607,80399,80399,Block,Cycles,252,,,0,,09/11/2008 12:00:00 AM +0000,9/11/2008 9:15:00 AM,2,,Mid-Block (not related to intersection),Daylight,FREMONT AVE N BETWEEN N 36TH ST AND N 38TH ST,0,2,,3,3276779,Dry,56,PEDALCYCLIST STRUCK MOTOR VEHICLE LEFT SIDE SIDESWIPE,08255005,10487,0,2,Injury Collision,,45,Bicycle,Matched,0,1,Clear or Partly Cloudy,0,"(47.652037807000056, -122.34992726899998)",8360,0,N,08-340676
13639,79997,79997,Block,Cycles,160.5,,,0,,07/22/2008 12:00:00 AM +0000,7/22/2008 10:51:00 AM,1,,Mid-Block (not related to intersection),Daylight,S JACKSON ST BETWEEN 4TH AVE S AND 5TH AVE S,0,1,Y,2,2906846,Dry,21,"MOTOR VEHICLE STRUCK PEDALCYCLIST, REAR END",08204026,20487,0,2,Injury Collision,,45,Bicycle,Matched,0,1,Overcast,0,"(47.59919591100004, -122.32831927399997)",4875,0,N,08-269366
13676,80103,80103,Intersection,Cycles,0,,,0,,11/20/2008 12:00:00 AM +0000,11/20/2008 4:31:00 PM,1,30147,At Intersection (intersection related),Dark - Street Lights On,21ST AVE AND E UNION ST,0,1,Y,2,3287376,Wet,51,PEDALCYCLIST STRUCK MOTOR VEHICLE FRONT END AT ANGLE,08325003,3106,0,2,Injury Collision,,45,Bicycle,Matched,0,1,Overcast,0,"(47.61292129000003, -122.30494951099996)",9353,0,N,08-435814
13682,79987,79987,Block,Cycles,160.5,,,0,,05/30/2008 12:00:00 AM +0000,5/30/2008 2:44:00 PM,1,,Mid-Block (not related to intersection),Daylight,MADISON ST BETWEEN SUMMIT AVE AND BOYLSTON AVE,0,1,,2,2882646,Dry,56,PEDALCYCLIST STRUCK MOTOR VEHICLE LEFT SIDE SIDESWIPE,08151003,11594,0,2,Injury Collision,,45,Bicycle,Matched,0,1,Clear or Partly Cloudy,0,"(47.61049781300005, -122.32236556799995)",22834,0,N,2008-194956
13826,80201,80201,Block,Cycles,213,,,0,,06/27/2008 12:00:00 AM +0000,6/27/2008 4:21:00 PM,1,,Mid-Block (not related to intersection),Daylight,3RD AVE BETWEEN PIKE ST AND PINE ST,1,1,,2,2900226,Dry,64,PEDALCYCLIST STRUCK PEDESTRIAN,08179004,4384,0,2,Injury Collision,,45,Bicycle,Matched,1,0,Clear or Partly Cloudy,0,"(47.61024513900003, -122.33824624299996)",35770,0,N,2008-233647
13848,80203,80203,Block,Cycles,213,,,0,Y,03/17/2008 12:00:00 AM +0000,3/17/2008 8:35:00 AM,1,,Mid-Block (but intersection related),Daylight,2ND AVE BETWEEN UNIVERSITY ST AND UNION ST,0,1,Y,3,2908029,Dry,18,"MOTOR VEHICLE STRUCK PEDALCYCLIST, FRONT END AT ANGLE",08077003,2756,0,2,Injury Collision,,45,Bicycle,Matched,0,1,Overcast,0,"(47.60779445000003, -122.33754000999994)",12162,0,N,08-099105
13871,79937,79937,Intersection,Cycles,0,,,0,,04/09/2008 12:00:00 AM +0000,4/9/2008,1,29969,At Intersection (intersection related),Daylight,2ND AVE AND COLUMBIA ST,0,1,Y,2,2898683,Dry,51,PEDALCYCLIST STRUCK MOTOR VEHICLE FRONT END AT ANGLE,08100007,2751,1,2b,Serious Injury Collision,,45,Bicycle,Matched,0,1,Clear or Partly Cloudy,0,"(47.60373279300006, -122.33382457199997)",12042,0,N,08 127490
13935,80178,80178,Block,Cycles,542.5,,,0,,05/17/2008 12:00:00 AM +0000,5/17/2008 11:20:00 AM,1,,Driveway Junction,Daylight,RAINIER AVE S BETWEEN S BAYVIEW ST AND S MCCLELLAN ST,0,1,,2,2892283,Unknown,18,"MOTOR VEHICLE STRUCK PEDALCYCLIST, FRONT END AT ANGLE",08138038,12364,0,2,Injury Collision,,45,Bicycle,Matched,0,1,Unknown,0,"(47.57967346300006, -122.29915965999999)",0,0,N,2008-179959
13985,79898,79898,Intersection,Cycles,0,,,0,,09/08/2008 12:00:00 AM +0000,9/8/2008,0,27045,At Intersection (intersection related),Dark - No Street Lights,ETRURIA ST AND WARREN AVE N,0,1,,2,C709517,Dry,18,"MOTOR VEHICLE STRUCK PEDALCYCLIST, FRONT END AT ANGLE",08252037,10260,0,1,Property Damage Only Collision,,45,Bicycle,Matched,0,1,Clear or Partly Cloudy,0,"(47.647771428000055, -122.35449665699997)",0,0,N,
14034,80035,80035,Intersection,Cycles,0, ,,0,,05/14/2008 12:00:00 AM +0000,5/14/2008 4:40:00 PM,1,36054,At Intersection (intersection related),Daylight,30TH AVE NE AND NE 130TH ST,0,1,Y,3,2904998,Dry,18,"MOTOR VEHICLE STRUCK PEDALCYCLIST, FRONT END AT ANGLE",08135006,4635,0,2,Injury Collision,,45,Bicycle,Matched,0,1,Overcast,0,"(47.72290005100007, -122.29635851799998)",0,521375,N,08 173231
14062,79892,79892,Block,Cycles,334.5,,,0,,02/18/2008 12:00:00 AM +0000,2/18/2008 9:30:00 PM,1,,Driveway Junction,Dark - Street Lights On,9TH AVE SW BETWEEN SW TRENTON ST AND SW HENDERSON ST,0,1,,3,2625919,Dry,18,"MOTOR VEHICLE STRUCK PEDALCYCLIST, FRONT END AT ANGLE",08049006,8622,0,2,Injury Collision,,45,Bicycle,Matched,0,1,Clear or Partly Cloudy,0,"(47.52372797900006, -122.34673138799997)",0,0,N,08-064418
14128,79608,79608,Intersection,Cycles,0,,,0,,06/17/2008 12:00:00 AM +0000,6/17/2008 8:38:00 PM,1,24800,At Intersection (intersection related),Daylight,21ST AVE NE AND NE 65TH W ST,0,1,,2,2905431,Dry,18,"MOTOR VEHICLE STRUCK PEDALCYCLIST, FRONT END AT ANGLE",08169005,17272,0,2,Injury Collision,,45,Bicycle,Matched,0,1,Clear or Partly Cloudy,0,"(47.675777588000074, -122.30546890699998)",29720,0,N,2008-219465
14176,79732,79732,Intersection,Cycles,0, ,,0,,10/17/2008 12:00:00 AM +0000,10/17/2008 10:31:00 AM,1,36601,At Intersection (intersection related),Daylight,LAKE CITY WAY NE AND NE 125TH ST,0,1,Y,2,3278010,Dry,18,"MOTOR VEHICLE STRUCK PEDALCYCLIST, FRONT END AT ANGLE",08291005,11183,0,2,Injury Collision,,45,Bicycle,Matched,0,1,Clear or Partly Cloudy,0,"(47.71927875000006, -122.295233054)",0,524531,N,2008-394025
14182,79463,79463,Block,Cycles,617.5,,,0,,10/30/2008 12:00:00 AM +0000,10/30/2008 5:17:00 PM,1,,Driveway Junction,Daylight,35TH AVE NE BETWEEN NE 125TH ST AND NE 130TH S ST,0,1,Y,2,2794875,Dry,18,"MOTOR VEHICLE STRUCK PEDALCYCLIST, FRONT END AT ANGLE",08304032,5396,0,2,Injury Collision,,45,Bicycle,Matched,0,1,Clear or Partly Cloudy,0,"(47.72094486000003, -122.29079801899996)",0,0,N,2008-407986
14236,79716,79716,Block,Cycles,130,,,0,,06/18/2008 12:00:00 AM +0000,6/18/2008 7:45:00 PM,1,,Mid-Block (not related to intersection),Dark - Street Lights On,WOODLAND PARK AVE N BETWEEN N 49TH ST AND N 50TH ST,0,1,,2,2905433,Dry,56,PEDALCYCLIST STRUCK MOTOR VEHICLE LEFT SIDE SIDESWIPE,08170003,13666,0,2,Injury Collision,,45,Bicycle,Matched,0,1,Clear or Partly Cloudy,0,"(47.66464629700005, -122.34452288099999)",0,0,N,2008-220778
14240,79324,79324,Block,Cycles,661,,,0,Y,08/15/2008 12:00:00 AM +0000,8/15/2008 9:16:00 PM,0,,Mid-Block (not related to intersection),Dark - Street Lights On,25TH AVE NE BETWEEN NE 60TH ST AND NE 65TH ST,0,1,Y,2,3284109,Dry,51,PEDALCYCLIST STRUCK MOTOR VEHICLE FRONT END AT ANGLE,08228026,3727,0,1,Property Damage Only Collision,,45,Bicycle,Matched,0,1,Clear or Partly Cloudy,0,"(47.67396072400004, -122.30064519199999)",18789,0,N,2008-304345
14242,79316,79316,Intersection,Cycles,0,,,0,,01/19/2008 12:00:00 AM +0000,1/19/2008 6:20:00 PM,1,37267,At Intersection (intersection related),Dark - No Street Lights,14TH AVE NW AND NW 85TH ST,0,1,,2,C698720,Wet,18,"MOTOR VEHICLE STRUCK PEDALCYCLIST, FRONT END AT ANGLE",08019043,1912,0,2,Injury Collision,,45,Bicycle,Matched,0,1,Overcast,0,"(47.69062077800004, -122.37410322)",0,0,N,
14258,79432,79432,Intersection,Cycles,0,,,0,,09/12/2008 12:00:00 AM +0000,9/12/2008 9:18:00 PM,1,29056,At Intersection (intersection related),Dark - Street Lights On,13TH AVE E AND E JOHN ST,0,1,Y,2,2899377,Dry,18,"MOTOR VEHICLE STRUCK PEDALCYCLIST, FRONT END AT ANGLE",08256004,1744,0,2,Injury Collision,,45,Bicycle,Matched,0,1,Clear or Partly Cloudy,0,"(47.61994629700007, -122.31561901799995)",35234,0,N,08-342989
14290,79709,79709,Intersection,Cycles,0,,,0,,10/23/2008 12:00:00 AM +0000,10/23/2008 12:00:00 PM,1,29699,At Intersection (intersection related),Daylight,BATTERY ST AND WESTERN AVE,0,1,Y,2,3288628,Dry,18,"MOTOR VEHICLE STRUCK PEDALCYCLIST, FRONT END AT ANGLE",08297028,9072,0,2,Injury Collision,,45,Bicycle,Matched,0,1,Clear or Partly Cloudy,0,"(47.613479588000075, -122.34867330799995)",13107,0,N,08-399680
14301,79691,79691,Intersection,Cycles,0,,,0,,06/30/2008 12:00:00 AM +0000,6/30/2008 3:23:00 PM,1,30988,At Intersection (intersection related),Daylight,60TH AVE SW AND SW ADMIRAL WAY,0,1,Y,2,2895867,Dry,18,"MOTOR VEHICLE STRUCK PEDALCYCLIST, FRONT END AT ANGLE",08182002,8070,1,2b,Serious Injury Collision,,45,Bicycle,Matched,0,1,Clear or Partly Cloudy,0,"(47.57588836700006, -122.40943664799994)",28783,0,N,2008-237959
14323,79560,79560,Block,Cycles,304,,,0,,05/14/2008 12:00:00 AM +0000,5/14/2008 5:30:00 PM,0,,Mid-Block (not related to intersection),Daylight,ALASKAN WAY BETWEEN VINE ST AND CLAY ST,0,1,Y,2,2905505,Dry,18,"MOTOR VEHICLE STRUCK PEDALCYCLIST, FRONT END AT ANGLE",08135004,8732,0,1,Property Damage Only Collision,,45,Bicycle,Matched,0,1,Overcast,0,"(47.61388302300003, -122.35309719799994)",20771,0,N,2008 173385
14331,79554,79554,Intersection,Cycles,0,,,0,,07/21/2008 12:00:00 AM +0000,7/21/2008 7:10:00 PM,1,23943,At Intersection (intersection related),Daylight,24TH AVE NW AND NW 65TH ST,0,1,Y,2,3277178,Dry,18,"MOTOR VEHICLE STRUCK PEDALCYCLIST, FRONT END AT ANGLE",08203001,3600,0,2,Injury Collision,,45,Bicycle,Matched,0,1,Clear or Partly Cloudy,0,"(47.675948498000025, -122.38758472899997)",2255,0,N,2008-268626
14334,79424,79424,Intersection,Cycles,0,,,0,,11/15/2008 12:00:00 AM +0000,11/15/2008 7:26:00 PM,1,29160,At Intersection (intersection related),Dark - Street Lights On,SUMMIT AVE AND E DENNY WAY,0,1,,2,2615022,Dry,51,PEDALCYCLIST STRUCK MOTOR VEHICLE FRONT END AT ANGLE,08320030,12990,0,2,Injury Collision,,45,Bicycle,Matched,0,1,Clear or Partly Cloudy,0,"(47.61848764500007, -122.32528579199999)",35189,0,N,2008-429353
14366,79687,79687,Block,Cycles,242,,,0,,07/01/2008 12:00:00 AM +0000,7/1/2008,1,,Mid-Block (but intersection related),Daylight,DEXTER AVE N BETWEEN REPUBLICAN ST AND MERCER ST,0,1,Y,4,2826266,Dry,51,PEDALCYCLIST STRUCK MOTOR VEHICLE FRONT END AT ANGLE,08183002,10075,0,2,Injury Collision,,45,Bicycle,Matched,0,1,Clear or Partly Cloudy,0,"(47.62388537100003, -122.34235544599994)",12640,0,N,08-239618
14405,79530,79530,Intersection,Cycles,0,,,0,,02/02/2008 12:00:00 AM +0000,2/2/2008,1,29164,At Intersection (intersection related),Daylight,BELLEVUE AVE AND E DENNY WAY,0,1,,2,2906221,Dry,18,"MOTOR VEHICLE STRUCK PEDALCYCLIST, FRONT END AT ANGLE",08033003,9217,0,2,Injury Collision,,45,Bicycle,Matched,0,1,Overcast,0,"(47.61849264600005, -122.32672599299997)",23311,0,N,08-043487
14430,79658,79658,Block,Cycles,203.5,,,0,,06/16/2008 12:00:00 AM +0000,6/16/2008 6:40:00 PM,1,,Mid-Block (not related to intersection),Daylight,25TH AVE NE BETWEEN NE 80TH ST AND RAVENNA S AVE NE,0,1,,3,2799360,Dry,56,PEDALCYCLIST STRUCK MOTOR VEHICLE LEFT SIDE SIDESWIPE,08168002,3734,0,2,Injury Collision,,45,Bicycle,Matched,0,1,Clear or Partly Cloudy,0,"(47.68717778600006, -122.30122138999997)",11215,0,N,2008-217961
14432,79403,79403,Intersection,Cycles,0,,,0,,02/23/2008 12:00:00 AM +0000,2/23/2008 9:05:00 AM,1,27043,At Intersection (intersection related),Daylight,TROLL AVE N AND N 34TH ST,0,1,Y,2,2904585,Dry,18,"MOTOR VEHICLE STRUCK PEDALCYCLIST, FRONT END AT ANGLE",08054002,9002,0,2,Injury Collision,,45,Bicycle,Matched,0,1,Clear or Partly Cloudy,0,"(47.64924012200004, -122.34741874299999)",8824,0,N,08-070377
14475,79667,79667,Block,Cycles,163,,,0,,12/11/2008 12:00:00 AM +0000,12/11/2008 1:29:00 PM,1,,Mid-Block (not related to intersection),Daylight,WESTLAKE AVE BETWEEN 6TH AVE AND VIRGINIA ST,0,1,,4,3288906,Dry,56,PEDALCYCLIST STRUCK MOTOR VEHICLE LEFT SIDE SIDESWIPE,08346013,13527,0,2,Injury Collision,,45,Bicycle,Matched,0,1,Clear or Partly Cloudy,0,"(47.61438806600006, -122.337653607)",25288,0,N,08-462136
14584,79762,79762,Block,Cycles,1773.5,,,0,,10/02/2008 12:00:00 AM +0000,10/2/2008,1,,Mid-Block (not related to intersection),Daylight,E INTERLAKEN BLVD BETWEEN DELMAR DR E AND INTERLAKEN DR E,0,1,,3,2899022,Dry,23,"MOTOR VEHICLE STRUCK PEDALCYCLIST, LEFT SIDE SIDESWIPE",08276022,14202,0,2,Injury Collision,,45,Bicycle,Matched,0,1,Overcast,0,"(47.63870422800005, -122.31277085999994)",0,0,N,08-370193
14596,79630,79630,Intersection,Cycles,0,,,0,,07/07/2008 12:00:00 AM +0000,7/7/2008,1,25226,At Intersection (intersection related),Daylight,28TH AVE NW AND NW MARKET ST,0,1,Y,2,2830089,Dry,18,"MOTOR VEHICLE STRUCK PEDALCYCLIST, FRONT END AT ANGLE",08189002,4136,1,2b,Serious Injury Collision,,45,Bicycle,Matched,0,1,Clear or Partly Cloudy,0,"(47.66865485000005, -122.39285829699998)",25916,0,N,2008-248652
14610,79763,79763,Intersection,Cycles,0,,,0,,10/01/2008 12:00:00 AM +0000,10/1/2008,1,25411,At Intersection (intersection related),Daylight,11TH AVE NW AND NW 57TH ST,0,1,,2,2798119,Dry,18,"MOTOR VEHICLE STRUCK PEDALCYCLIST, FRONT END AT ANGLE",08275026,1439,0,2,Injury Collision,,45,Bicycle,Matched,0,1,Clear or Partly Cloudy,0,"(47.67016705000003, -122.370756014)",0,0,N,08-368713
14655,78954,78954,Intersection,Cycles,0,,,0,,01/19/2007 12:00:00 AM +0000,1/19/2007 7:26:00 AM,1,30748,At Intersection (intersection related),Dawn,16TH AVE S AND S JACKSON ST,0,1,Y,2,2614977,Wet,18,"MOTOR VEHICLE STRUCK PEDALCYCLIST, FRONT END AT ANGLE",07019002,2282,0,2,Injury Collision,,45,Bicycle,Matched,0,1,Raining,0,"(47.599224596000056, -122.31157742299996)",11024,0,N,07-025702
14732,79054,79054,Intersection,Cycles,0,,,0,,03/09/2007 12:00:00 AM +0000,3/9/2007,1,25389,At Intersection (intersection related),Daylight,9TH AVE NW AND NW 62ND ST,0,1,,3,2617572,Dry,18,"MOTOR VEHICLE STRUCK PEDALCYCLIST, FRONT END AT ANGLE",07068003,8580,1,2b,Serious Injury Collision,,45,Bicycle,Matched,0,1,Overcast,0,"(47.67381049200003, -122.36873253799996)",0,0,N,07-097059
14750,79183,79183,Block,Cycles,213,,,0,,06/29/2007 12:00:00 AM +0000,6/29/2007 5:29:00 AM,0,,Driveway Junction,Daylight,DEXTER AVE N BETWEEN JOHN ST AND THOMAS ST,0,1,Y,3,2807315,Dry,18,"MOTOR VEHICLE STRUCK PEDALCYCLIST, FRONT END AT ANGLE",07180002,10072,0,1,Property Damage Only Collision,,45,Bicycle,Matched,0,1,Clear or Partly Cloudy,0,"(47.62030263500003, -122.34238673299996)",12611,0,N,07-262735
14774,78801,78801,Block,Cycles,265.5,,,0,,05/23/2007 12:00:00 AM +0000,5/23/2007 1:08:00 PM,1,,Mid-Block (not related to intersection),Daylight,LAKE WASHINGTON BLVD S BETWEEN 48TH AVE S AND 49TH AVE S,0,1,,2,2401872,Dry,69,PEDALCYCLIST OVERTURNED IN ROAD,07143003,11235,0,2,Injury Collision,,45,Bicycle,Matched,0,1,Clear or Partly Cloudy,0,"(47.568234188000076, -122.27264218699997)",0,0,N,07 205846
14858,79151,79151,Block,Cycles,659,,,0,,07/15/2007 12:00:00 AM +0000,7/15/2007 6:43:00 PM,1,,Driveway Junction,Daylight,HIGH POINT DR SW BETWEEN 30TH N AVE SW AND SW RAYMOND ST,0,1,,2,2798500,Dry,51,PEDALCYCLIST STRUCK MOTOR VEHICLE FRONT END AT ANGLE,07196002,10878,0,2,Injury Collision,,45,Bicycle,Matched,0,1,Clear or Partly Cloudy,0,"(47.54912705700008, -122.36890638899996)",0,0,N,07-289357
14867,78905,78905,Block,Cycles,85,,,0,,11/18/2007 12:00:00 AM +0000,11/18/2007 8:31:00 PM,1,,Driveway Junction,Dark - Street Lights On,MELROSE AVE BETWEEN PINE ST AND YALE AVE,0,1,Y,2,2906126,Dry,51,PEDALCYCLIST STRUCK MOTOR VEHICLE FRONT END AT ANGLE,07322003,11745,1,2b,Serious Injury Collision,,45,Bicycle,Matched,0,1,Clear or Partly Cloudy,0,"(47.61547072600007, -122.32789888899998)",11516,0,N,07-468850
14902,79019,79019,Block,Cycles,148,,,0,Y,08/15/2007 12:00:00 AM +0000,8/15/2007 9:26:00 PM,1,,Mid-Block (not related to intersection),Dark - Street Lights On,NE 65TH ST BETWEEN 14TH AVE NE AND 15TH AVE NE,0,1,,2,2881383,Dry,56,PEDALCYCLIST STRUCK MOTOR VEHICLE LEFT SIDE SIDESWIPE,07227001,17265,0,2,Injury Collision,,45,Bicycle,Matched,0,1,Clear or Partly Cloudy,0,"(47.67578858600007, -122.31253248799999)",29273,0,N,07-336441
14903,79011,79011,Intersection,Cycles,0,,,0,,09/28/2007 12:00:00 AM +0000,9/28/2007 7:00:00 AM,1,37178,At Intersection (intersection related),Daylight,6TH AVE NW AND NW 87TH ST,0,1,Y,2,2795795,Wet,51,PEDALCYCLIST STRUCK MOTOR VEHICLE FRONT END AT ANGLE,07271009,7963,0,2,Injury Collision,,45,Bicycle,Matched,0,1,Overcast,0,"(47.69206610500004, -122.36333026499995)",0,0,N,07-400274
14909,79007,79007,Block,Cycles,218,,,0,,11/23/2007 12:00:00 AM +0000,11/23/2007 12:34:00 PM,1,,Mid-Block (but intersection related),Daylight,EASTLAKE AVE E BETWEEN HARVARD AVE E AND FUHRMAN AVE E,0,1,Y,2,2906084,Dry,69,PEDALCYCLIST OVERTURNED IN ROAD,07327004,10184,0,2,Injury Collision,,45,Bicycle,Matched,0,1,Clear or Partly Cloudy,0,"(47.65104751100006, -122.32168580199999)",6078,0,N,07-474215
14972,78991,78991,Intersection,Cycles,0, ,,0,,12/19/2007 12:00:00 AM +0000,12/19/2007 5:47:00 PM,1,28791,At Intersection (intersection related),Dark - Street Lights On,THOMAS ST AND WESTLAKE AVE N,0,1,Y,2,2898905,Wet,18,"MOTOR VEHICLE STRUCK PEDALCYCLIST, FRONT END AT ANGLE",07353039,13140,0,2,Injury Collision,,45,Bicycle,Matched,0,1,Raining,0,"(47.62087408300005, -122.33846537399995)",0,622502,N,07-507301
15085,79221,79221,Intersection,Cycles,0,,,0,,02/05/2007 12:00:00 AM +0000,2/5/2007,1,28918,At Intersection (intersection related),Daylight,MERCER ST AND WARREN AVE N,0,1,Y,2,2807396,Wet,51,PEDALCYCLIST STRUCK MOTOR VEHICLE FRONT END AT ANGLE,07036036,11763,0,2,Injury Collision,,45,Bicycle,Matched,0,1,Clear or Partly Cloudy,0,"(47.624575520000064, -122.35409847999995)",12352,0,N,07-53111
15163,78842,78842,Block,Cycles,132.5,,,0,,07/05/2007 12:00:00 AM +0000,7/5/2007,0,,Driveway Junction,Daylight,NE 55TH ST BETWEEN ROOSEVELT WAY NE AND 11TH AVE NE,0,1,,2,2617799,Dry,18,"MOTOR VEHICLE STRUCK PEDALCYCLIST, FRONT END AT ANGLE",07186007,17028,0,1,Property Damage Only Collision,,45,Bicycle,Matched,0,1,Clear or Partly Cloudy,0,"(47.66857355700006, -122.31682712999998)",0,0,N,07-273373
15173,78703,78703,Intersection,Cycles,0,,,0,,12/12/2007 12:00:00 AM +0000,12/12/2007 9:00:00 AM,1,34131,At Intersection (intersection related),Daylight,16TH AVE SW AND SW ORCHARD ST,0,1,,3,2825384,Wet,51,PEDALCYCLIST STRUCK MOTOR VEHICLE FRONT END AT ANGLE,07346034,2336,0,2,Injury Collision,,45,Bicycle,Matched,0,1,Clear or Partly Cloudy,0,"(47.53821330900007, -122.35499731599998)",0,0,N,07-497741
15257,78411,78411,Block,Cycles,210,,,0,,03/22/2007 12:00:00 AM +0000,3/22/2007 8:10:00 AM,1,,Mid-Block (not related to intersection),Daylight,EASTLAKE AVE E BETWEEN REPUBLICAN ST AND MERCER ST,0,1,,2,C684046,Dry,56,PEDALCYCLIST STRUCK MOTOR VEHICLE LEFT SIDE SIDESWIPE,07081043,10166,0,2,Injury Collision,,45,Bicycle,Matched,0,1,Overcast,0,"(47.62370146500007, -122.32916000699998)",11575,0,N,
15341,78259,78259,Intersection,Cycles,0,,,0,,08/28/2007 12:00:00 AM +0000,8/28/2007 12:20:00 PM,1,25142,At Intersection (intersection related),Daylight,24TH AVE NW AND NW 57TH ST,0,1,,2,2799264,Dry,18,"MOTOR VEHICLE STRUCK PEDALCYCLIST, FRONT END AT ANGLE",07240001,3592,0,2,Injury Collision,,45,Bicycle,Matched,0,1,Clear or Partly Cloudy,0,"(47.67018719400005, -122.38758731999997)",1884,0,N,07-355030