OBJECTID,INCKEY,COLDETKEY,ADDRTYPE,COLLISIONTYPE,DISTANCE,EXCEPTRSNCODE,EXCEPTRSNDESC,FATALITIES,INATTENTIONIND,INCDATE,INCDTTM,INJURIES,INTKEY,JUNCTIONTYPE,LIGHTCOND,LOCATION,PEDCOUNT,PEDCYLCOUNT,PEDROWNOTGRNT,PERSONCOUNT,REPORTNO,ROADCOND,SDOT_COLCODE,SDOT_COLDESC,SDOTCOLNUM,SEGKEY,SERIOUSINJURIES,SEVERITYCODE,SEVERITYDESC,SPEEDING,ST_COLCODE,ST_COLDESC,STATUS,UNDERINFL,VEHCOUNT,WEATHER,WIDTH,Shape,SEGLANEKEY,CROSSWALKKEY,HITPARKEDCAR,SPDCASENO
15362,78387,78387,Block,Cycles,213,,,0,,07/06/2007 12:00:00 AM +0000,7/6/2007,1,,Mid-Block (not related to intersection),Daylight,1ST AVE BETWEEN UNION ST AND PIKE ST,0,1,,2,2618329,Dry,56,PEDALCYCLIST STRUCK MOTOR VEHICLE LEFT SIDE SIDESWIPE,07187006,1008,0,2,Injury Collision,,45,Bicycle,Matched,0,1,Clear or Partly Cloudy,0,"(47.60832339900003, -122.33955831299994)",36670,0,N,07-275330
15446,78751,78751,Intersection,Cycles,0,,,0,,06/19/2007 12:00:00 AM +0000,6/19/2007 7:48:00 PM,1,29717,At Intersection (intersection related),Daylight,1ST AVE AND DENNY WAY,0,1,Y,2,2826162,Dry,21,"MOTOR VEHICLE STRUCK PEDALCYCLIST, REAR END",07170002,1025,0,2,Injury Collision,,45,Bicycle,Matched,0,1,Clear or Partly Cloudy,0,"(47.61860206600005, -122.35545314299998)",14438,0,N,07-248015
15467,78360,78360,Intersection,Cycles,0,,,0,,04/03/2007 12:00:00 AM +0000,4/3/2007,1,30144,At Intersection (intersection related),Daylight,18TH AVE AND E UNION ST,0,1,Y,2,2805961,Dry,18,"MOTOR VEHICLE STRUCK PEDALCYCLIST, FRONT END AT ANGLE",07093029,2540,1,2b,Serious Injury Collision,,45,Bicycle,Matched,0,1,Clear or Partly Cloudy,0,"(47.612901753000074, -122.30886086799995)",9330,0,N,07-133273
15485,78742,78742,Block,Cycles,342.5,,,0,,08/15/2007 12:00:00 AM +0000,8/15/2007 2:51:00 PM,1,,Mid-Block (not related to intersection),Daylight,15TH AVE NE BETWEEN NE 73RD ST AND NE 75TH ST,0,1,,2,2799480,Dry,54,PEDALCYCLIST STRUCK MOTOR VEHICLE REAR END,07227003,2054,1,2b,Serious Injury Collision,,45,Bicycle,Matched,0,1,Clear or Partly Cloudy,0,"(47.68214975400008, -122.31169203799999)",29132,0,N,07-335934
15545,78468,78468,Block,Cycles,213,,,0,,03/16/2007 12:00:00 AM +0000,3/16/2007 11:37:00 PM,1,,Mid-Block (not related to intersection),Dark - Street Lights On,1ST AVE BETWEEN LENORA ST AND BLANCHARD ST,0,1,,2,2608975,Dry,56,PEDALCYCLIST STRUCK MOTOR VEHICLE LEFT SIDE SIDESWIPE,07075002,1013,0,2,Injury Collision,,45,Bicycle,Matched,0,1,Clear or Partly Cloudy,0,"(47.61222096200004, -122.34456117999997)",13227,0,N,07-108194
15573,78731,78731,Intersection,Cycles,0,,,0,,04/17/2007 12:00:00 AM +0000,4/17/2007 10:33:00 PM,1,38474,At Intersection (intersection related),Dark - Street Lights On,TERRACE ST AND YESLER WAY,0,1,Y,2,2607440,Wet,18,"MOTOR VEHICLE STRUCK PEDALCYCLIST, FRONT END AT ANGLE",07107007,13095,1,2b,Serious Injury Collision,,45,Bicycle,Matched,0,1,Raining,0,"(47.60172128500005, -122.32902105199997)",9972,0,N,07-153777
15696,78160,78160,Intersection,Cycles,0, ,,1,,09/07/2007 12:00:00 AM +0000,9/7/2007,1,27153,At Intersection (intersection related),Daylight,EASTLAKE AVE E AND FUHRMAN AVE E,0,2,Y,3,2827876,Dry,18,"MOTOR VEHICLE STRUCK PEDALCYCLIST, FRONT END AT ANGLE",07250001,10579,0,3,Fatality Collision,,45,Bicycle,Matched,0,1,Clear or Partly Cloudy,0,"(47.65157827200005, -122.32127525699997)",6078,0,N,07-370804
15730,77778,77778,Intersection,Cycles,0,,,0,,11/08/2007 12:00:00 AM +0000,11/8/2007,1,37625,At Intersection (intersection related),Dusk,RAVENNA AVE NE AND NE 98TH ST,0,1,Y,3,2799462,Dry,18,"MOTOR VEHICLE STRUCK PEDALCYCLIST, FRONT END AT ANGLE",07312001,12480,0,2,Injury Collision,,45,Bicycle,Matched,0,1,Overcast,0,"(47.70025636500003, -122.30131815199996)",33401,0,N,07-455729
15750,77784,77784,Block,Cycles,1842,,,0,,07/31/2007 12:00:00 AM +0000,7/31/2007 3:00:00 PM,1,,Mid-Block (not related to intersection),Daylight,LAKE WASHINGTON BLVD S BETWEEN LAKE PARK DR S AND S HORTON NR ST,0,1,,2,2829640,Dry,18,"MOTOR VEHICLE STRUCK PEDALCYCLIST, FRONT END AT ANGLE",07212005,11230,1,2b,Serious Injury Collision,,45,Bicycle,Matched,0,1,Clear or Partly Cloudy,0,"(47.578874744000075, -122.28370626699996)",38078,0,N,07-315901
15781,78149,78149,Intersection,Cycles,0,,,0,,05/07/2007 12:00:00 AM +0000,5/7/2007,1,26688,At Intersection (intersection related),Dusk,3RD AVE W AND W NICKERSON ST,0,1,Y,3,2609095,Dry,51,PEDALCYCLIST STRUCK MOTOR VEHICLE FRONT END AT ANGLE,07127001,4570,0,2,Injury Collision,,45,Bicycle,Matched,0,1,Clear or Partly Cloudy,0,"(47.65082920700007, -122.36087725499999)",12501,0,N,07-182552
15795,77764,77764,Intersection,Cycles,0,,,0,,11/28/2007 12:00:00 AM +0000,11/28/2007 4:51:00 PM,1,29689,At Intersection (intersection related),Dark - Street Lights On,3RD AVE AND BELL ST,0,1,,2,2898786,Wet,51,PEDALCYCLIST STRUCK MOTOR VEHICLE FRONT END AT ANGLE,07332003,4390,0,2,Injury Collision,,45,Bicycle,Matched,0,1,Raining,0,"(47.61470458600007, -122.34479351999994)",14229,0,N,07-480541
15827,78135,78135,Intersection,Cycles,0,,,0,,07/10/2007 12:00:00 AM +0000,7/10/2007 6:20:00 PM,1,27185,At Intersection (intersection related),Daylight,SUNNYSIDE AVE N AND N 45TH ST,0,1,,2,2829082,Unknown,51,PEDALCYCLIST STRUCK MOTOR VEHICLE FRONT END AT ANGLE,07191040,13012,0,2,Injury Collision,,45,Bicycle,Matched,0,1,Unknown,0,"(47.66136913200006, -122.33016245999994)",6519,0,N,07-304567
15835,78136,78136,Block,Cycles,262.5,,,0,,07/10/2007 12:00:00 AM +0000,7/10/2007 11:18:00 PM,1,,Mid-Block (not related to intersection),Dark - Street Lights On,BOYLSTON AVE E BETWEEN LAKEVIEW N BV E AND E BOSTON ST,0,1,Y,2,2806116,Dry,23,"MOTOR VEHICLE STRUCK PEDALCYCLIST, LEFT SIDE SIDESWIPE",07191006,9390,0,2,Injury Collision,,45,Bicycle,Matched,0,1,Clear or Partly Cloudy,0,"(47.63752603300003, -122.32346609299998)",37363,0,N,07-281844
15880,78124,78124,Block,Cycles,291.5, ,,0,,05/15/2007 12:00:00 AM +0000,5/15/2007 8:08:00 PM,1,,Mid-Block (not related to intersection),Daylight,23RD AVE S BETWEEN S JUDKINS ST AND MOUNTAINS TO SOUND TRL,0,1,,2,2617192,Dry,18,"MOTOR VEHICLE STRUCK PEDALCYCLIST, FRONT END AT ANGLE",07135002,3450,0,2,Injury Collision,,45,Bicycle,Matched,0,1,Clear or Partly Cloudy,0,"(47.59111809800004, -122.30222588699996)",0,630876,N,07-194479
16018,77843,77843,Intersection,Cycles,0, ,,0,,11/15/2007 12:00:00 AM +0000,11/15/2007 5:10:00 AM,1,28916,At Intersection (intersection related),Dark - Street Lights Off,3RD AVE N AND MERCER ST,0,1,,2,2825909,Wet,18,"MOTOR VEHICLE STRUCK PEDALCYCLIST, FRONT END AT ANGLE",07319007,4397,0,2,Injury Collision,,45,Bicycle,Matched,0,1,Raining,0,"(47.624569963000056, -122.35148741499995)",0,521619,N,07-463988
16066,78071,78071,Intersection,Cycles,0,,,0,,08/01/2007 12:00:00 AM +0000,8/1/2007,0,29900,At Intersection (intersection related),Daylight,SENECA ST AND SUMMIT AVE,0,1,Y,2,2792505,Dry,18,"MOTOR VEHICLE STRUCK PEDALCYCLIST, FRONT END AT ANGLE",07213006,12783,0,1,Property Damage Only Collision,,45,Bicycle,Matched,0,1,Clear or Partly Cloudy,0,"(47.61169433900005, -122.32422347199997)",0,0,N,07-314317
16084,78198,78198,Block,Cycles,392.5,,,0,,06/17/2007 12:00:00 AM +0000,6/17/2007 2:37:00 PM,1,,Driveway Junction,Daylight,4TH AVE S BETWEEN S FOREST ST AND S HANFORD ST,0,1,Y,3,2826091,Dry,18,"MOTOR VEHICLE STRUCK PEDALCYCLIST, FRONT END AT ANGLE",07168004,6241,1,2b,Serious Injury Collision,,45,Bicycle,Matched,0,1,Overcast,0,"(47.57665128000008, -122.32905817799997)",0,0,N,07-2444642
16151,78188,78188,Block,Cycles,153,,,0,,07/23/2007 12:00:00 AM +0000,7/23/2007 2:28:00 PM,0,,Mid-Block (but intersection related),Daylight,1ST AVE BETWEEN COLUMBIA ST AND MARION ST,0,1,Y,2,2607320,Dry,18,"MOTOR VEHICLE STRUCK PEDALCYCLIST, FRONT END AT ANGLE",07204002,1002,0,1,Property Damage Only Collision,,45,Bicycle,Matched,0,1,Clear or Partly Cloudy,0,"(47.60362423600003, -122.33525945199995)",36808,0,N,07-300851
16205,77272,77272,Intersection,Cycles,0,,,0,,07/06/2007 12:00:00 AM +0000,7/6/2007,1,26886,At Intersection (intersection related),Daylight,STONE WAY N AND N 36TH ST,0,1,,2,2803453,Dry,51,PEDALCYCLIST STRUCK MOTOR VEHICLE FRONT END AT ANGLE,07187007,12957,0,2,Injury Collision,,45,Bicycle,Matched,0,1,Clear or Partly Cloudy,0,"(47.650533523000036, -122.34267836099997)",0,0,N,07-275138
16228,77524,77524,Intersection,Cycles,0,,,0,,07/02/2007 12:00:00 AM +0000,7/2/2007,1,27016,At Intersection (intersection related),Daylight,FREMONT AVE N AND N 38TH ST,0,1,Y,5,2802848,Dry,18,"MOTOR VEHICLE STRUCK PEDALCYCLIST, FRONT END AT ANGLE",07183003,10488,0,2,Injury Collision,,45,Bicycle,Matched,0,1,Clear or Partly Cloudy,0,"(47.65272954000005, -122.34992005699996)",8368,0,N,07-268222
16251,77641,77641,Block,Cycles,130,,,0,,04/02/2007 12:00:00 AM +0000,4/2/2007,1,,Mid-Block (but intersection related),Daylight,E MADISON ST BETWEEN BROADWAY AND BROADWAY CT,0,1,Y,2,2805925,Dry,18,"MOTOR VEHICLE STRUCK PEDALCYCLIST, FRONT END AT ANGLE",07092003,14337,0,2,Injury Collision,,45,Bicycle,Matched,0,1,Clear or Partly Cloudy,0,"(47.611355521000064, -122.32031301199999)",22911,0,N,07-131630
16265,77248,77248,Block,Cycles,148,,,0,,09/12/2007 12:00:00 AM +0000,9/12/2007 12:55:00 PM,2,,Mid-Block (not related to intersection),Daylight,15TH AVE E BETWEEN E THOMAS N ST AND E HARRISON S ST,0,2,,3,2827834,Dry,18,"MOTOR VEHICLE STRUCK PEDALCYCLIST, FRONT END AT ANGLE",07255006,2005,0,2,Injury Collision,,45,Bicycle,Matched,0,1,Clear or Partly Cloudy,0,"(47.621539133000056, -122.31265761799995)",8576,0,N,07-378043
16309,77363,77363,Block,Cycles,274.5,,,0,,09/21/2007 12:00:00 AM +0000,9/21/2007 10:02:00 AM,1,,Mid-Block (but intersection related),Daylight,NE 45TH ST BETWEEN 5TH AVE NE AND 7TH AVE NE,0,1,,2,2798868,Dry,54,PEDALCYCLIST STRUCK MOTOR VEHICLE REAR END,07264035,16843,0,2,Injury Collision,,45,Bicycle,Matched,0,1,Clear or Partly Cloudy,0,"(47.66132627500008, -122.32184411599997)",7058,0,N,07-390426
16377,77355,77355,Intersection,Cycles,0,,,0,,11/24/2007 12:00:00 AM +0000,11/24/2007 2:00:00 PM,1,27063,At Intersection (intersection related),Daylight,BROOKLYN AVE NE AND NE 45TH ST,0,1,,2,C696090,Dry,18,"MOTOR VEHICLE STRUCK PEDALCYCLIST, FRONT END AT ANGLE",07328027,9482,0,2,Injury Collision,,45,Bicycle,Matched,0,1,Clear or Partly Cloudy,0,"(47.661276978000046, -122.314285816)",31442,0,N,
16432,77604,77604,Intersection,Cycles,0,,,0,Y,04/12/2007 12:00:00 AM +0000,4/12/2007 5:58:00 PM,1,30410,At Intersection (intersection related),Daylight,12TH AVE AND E YESLER WAY,0,1,,2,2806308,Dry,18,"MOTOR VEHICLE STRUCK PEDALCYCLIST, FRONT END AT ANGLE",07102002,1523,0,2,Injury Collision,,45,Bicycle,Matched,0,1,Clear or Partly Cloudy,0,"(47.60169336800004, -122.31678189299998)",10532,0,N,07-146438
16603,77424,77424,Block,Cycles,213,,,0,Y,06/09/2007 12:00:00 AM +0000,6/9/2007,1,,Driveway Junction,Dusk,4TH AVE BETWEEN STEWART ST AND VIRGINIA ST,0,1,Y,2,2805623,Wet,18,"MOTOR VEHICLE STRUCK PEDALCYCLIST, FRONT END AT ANGLE",07160001,6136,0,2,Injury Collision,,45,Bicycle,Matched,0,1,Overcast,0,"(47.61267733600005, -122.33938113599999)",0,0,N,07-232930
16640,77688,77688,Block,Cycles,256,,,0,,06/10/2007 12:00:00 AM +0000,6/10/2007 2:44:00 PM,1,,Driveway Junction,Daylight,32ND AVE NE BETWEEN NE 118TH ST AND NE 120TH ST,0,1,,2,2830052,Dry,51,PEDALCYCLIST STRUCK MOTOR VEHICLE FRONT END AT ANGLE,07161002,4967,0,2,Injury Collision,,45,Bicycle,Matched,0,1,Clear or Partly Cloudy,0,"(47.71484929600007, -122.29408341699997)",0,0,N,07-233826
16654,77553,77553,Intersection,Cycles,0, ,,0,,04/20/2007 12:00:00 AM +0000,4/20/2007 3:32:00 PM,1,23942,At Intersection (intersection related),Daylight,15TH AVE NW AND NW 67TH ST,0,1,,2,2802541,Dry,18,"MOTOR VEHICLE STRUCK PEDALCYCLIST, FRONT END AT ANGLE",07110005,2113,0,2,Injury Collision,,45,Bicycle,Matched,0,1,Clear or Partly Cloudy,0,"(47.67776765700006, -122.37676361299998)",0,521274,N,07-157729
16758,76745,76745,Intersection,Cycles,0,,,0,,09/14/2007 12:00:00 AM +0000,9/14/2007 12:00:00 PM,1,29761,At Intersection (intersection related),Daylight,12TH AVE AND E MADISON ST,0,1,,2,2828428,Dry,18,"MOTOR VEHICLE STRUCK PEDALCYCLIST, FRONT END AT ANGLE",07257005,1536,0,2,Injury Collision,,45,Bicycle,Matched,0,1,Clear or Partly Cloudy,0,"(47.61288923600006, -122.31673339099996)",10773,0,N,07-381261
16769,76874,76874,Block,Cycles,335.5, ,,0,Y,06/28/2007 12:00:00 AM +0000,6/28/2007 7:50:00 AM,1,,Mid-Block (but intersection related),Daylight,10TH AVE E BETWEEN E MILLER ST AND E ROANOKE W ST,0,1,,2,2793563,Wet,54,PEDALCYCLIST STRUCK MOTOR VEHICLE REAR END,07179006,1301,1,2b,Serious Injury Collision,,45,Bicycle,Matched,0,1,Raining,0,"(47.64227343300007, -122.32005761599999)",6090,0,N,07-261366
16794,76979,76979,Block,Cycles,334,,,0,,06/29/2007 12:00:00 AM +0000,6/29/2007 2:05:00 PM,0,,Driveway Junction,Daylight,NE NORTHGATE WAY BETWEEN 5TH AVE NE AND 8TH AVE NE,0,1,,2,2794808,Dry,18,"MOTOR VEHICLE STRUCK PEDALCYCLIST, FRONT END AT ANGLE",07180001,18013,0,1,Property Damage Only Collision,,45,Bicycle,Matched,0,1,Overcast,0,"(47.708585793000054, -122.32192040599995)",14523,0,N,07-263234
16835,76846,76846,Intersection,Cycles,0, ,,0,,01/18/2007 12:00:00 AM +0000,1/18/2007 5:00:00 PM,1,27153,At Intersection (intersection related),Dusk,EASTLAKE AVE E AND FUHRMAN AVE E,0,0,,2,C680478,Wet,51,PEDALCYCLIST STRUCK MOTOR VEHICLE FRONT END AT ANGLE,07018039,10579,0,2,Injury Collision,,45,Bicycle,Matched,0,2,Overcast,0,"(47.65157827200005, -122.32127525699997)",6078,0,N,
16864,77087,77087,Intersection,Cycles,0,,,0,,02/15/2007 12:00:00 AM +0000,2/15/2007 8:24:00 AM,1,25661,At Intersection (intersection related),Daylight,PHINNEY AVE N AND N 50TH E ST,0,1,,2,2609911,Dry,18,"MOTOR VEHICLE STRUCK PEDALCYCLIST, FRONT END AT ANGLE",07046006,15639,0,2,Injury Collision,,45,Bicycle,Matched,0,1,Overcast,0,"(47.66501938000005, -122.35395996399996)",28288,0,N,07-066016
16881,76706,76706,Block,Cycles,552,,,0,,05/24/2007 12:00:00 AM +0000,5/24/2007 12:00:00 PM,2,,Mid-Block (not related to intersection),Daylight,RAINIER AVE S BETWEEN 75TH AVE S AND CITY LIMITS,0,2,,2,2794137,Dry,61,PEDALCYCLIST STRUCK PEDALCYCLIST REAR END,07144031,12439,0,2,Injury Collision,,45,Bicycle,Matched,0,0,Clear or Partly Cloudy,0,"(47.510508927000046, -122.23897175399998)",4991,0,N,07-207178
16921,76956,76956,Intersection,Cycles,0,,,0,,07/13/2007 12:00:00 AM +0000,7/13/2007 10:58:00 PM,0,29559,At Intersection (intersection related),Dark - Street Lights On,2ND AVE AND BLANCHARD ST,0,1,,2,2791501,Dry,18,"MOTOR VEHICLE STRUCK PEDALCYCLIST, FRONT END AT ANGLE",07194007,2763,0,1,Property Damage Only Collision,,45,Bicycle,Matched,0,1,Clear or Partly Cloudy,0,"(47.61327122300003, -122.34435339899994)",12203,0,N,07-286494
16928,76950,76950,Intersection,Cycles,0,,,0,,02/21/2007 12:00:00 AM +0000,2/21/2007 3:00:00 PM,1,30410,At Intersection (intersection related),Daylight,12TH AVE AND E YESLER WAY,0,1,,2,2805906,Dry,21,"MOTOR VEHICLE STRUCK PEDALCYCLIST, REAR END",07052036,1523,0,2,Injury Collision,,45,Bicycle,Matched,0,1,Clear or Partly Cloudy,0,"(47.60169336800004, -122.31678189299998)",10532,0,N,07-075242
17052,76922,76922,Intersection,Cycles,0,,,0,Y,06/11/2007 12:00:00 AM +0000,6/11/2007 3:45:00 PM,1,27614,At Intersection (intersection related),Daylight,MAGNOLIA BR AND MAGNOLIA EB E BR,0,1,,2,2825853,Dry,18,"MOTOR VEHICLE STRUCK PEDALCYCLIST, FRONT END AT ANGLE",07162004,11627,0,2,Injury Collision,,45,Bicycle,Matched,0,1,Overcast,0,"(47.63349488800003, -122.37965251499998)",0,0,N,07-235398
17135,76773,76773,Block,Cycles,318.5,,,0,Y,04/20/2007 12:00:00 AM +0000,4/20/2007 1:16:00 PM,1,,Mid-Block (not related to intersection),Daylight,38TH AVE S BETWEEN S ANDOVER ST AND S DAKOTA ST,0,1,,2,2806839,Dry,21,"MOTOR VEHICLE STRUCK PEDALCYCLIST, REAR END",07110003,5898,0,2,Injury Collision,,45,Bicycle,Matched,0,1,Clear or Partly Cloudy,0,"(47.56705158800003, -122.28502405199998)",13760,0,N,07-157521
17158,76886,76886,Block,Cycles,1775.559560250000004,,,0,,09/25/2007 12:00:00 AM +0000,9/25/2007 7:30:00 AM,1,,Driveway Junction,Daylight,ALKI TRL BETWEEN HARBOR AVE SW AND SW FLORIDA ST,0,1,Y,2,2825305,Wet,18,"MOTOR VEHICLE STRUCK PEDALCYCLIST, FRONT END AT ANGLE",07268002,287002,0,2,Injury Collision,,45,Bicycle,Matched,0,1,Raining,0,"(47.57666936900006, -122.37125076899997)",4286,0,N,07-396061
17169,77027,77027,Intersection,Cycles,0, ,,0,,12/08/2007 12:00:00 AM +0000,12/8/2007,0,36360,At Intersection (intersection related),Dark - Street Lights On,AURORA AVE N AND N NORTHGATE WAY,0,1,Y,6,2892955,Dry,18,"MOTOR VEHICLE STRUCK PEDALCYCLIST, FRONT END AT ANGLE",07342019,8985,0,1,Property Damage Only Collision,,45,Bicycle,Matched,0,1,Clear or Partly Cloudy,0,"(47.70505121300005, -122.34469413)",0,521685,N,07-493324
17174,76360,76360,Intersection,Cycles,0,,,0,,03/05/2007 12:00:00 AM +0000,3/5/2007,1,27128,At Intersection (intersection related),Dusk,9TH AVE NE AND NE 40TH ALLEY ST,0,1,,2,2614347,Dry,18,"MOTOR VEHICLE STRUCK PEDALCYCLIST, FRONT END AT ANGLE",07064004,8538,0,2,Injury Collision,,45,Bicycle,Matched,0,1,Clear or Partly Cloudy,0,"(47.65613981200005, -122.31880212699997)",0,0,N,07-092141
17208,77144,77144,Block,Cycles,334.5,,,0,,03/16/2007 12:00:00 AM +0000,3/16/2007 8:05:00 PM,1,,Mid-Block (not related to intersection),Dark - Street Lights On,NW MARKET ST BETWEEN 26TH AVE NW AND 28TH AVE NW,0,1,,2,2794986,Dry,23,"MOTOR VEHICLE STRUCK PEDALCYCLIST, LEFT SIDE SIDESWIPE",07075003,19237,0,2,Injury Collision,,45,Bicycle,Matched,0,1,Clear or Partly Cloudy,0,"(47.66866164900006, -122.39149959699995)",25921,0,N,07-107912
17271,76337,76337,Block,Cycles,296.5,,,0,,07/25/2007 12:00:00 AM +0000,7/25/2007 11:15:00 PM,0,,Mid-Block (not related to intersection),Dark - Street Lights On,BALLARD AVE NW BETWEEN NW VERNON PL AND 22ND AVE NW,0,1,,2,2829083,Dry,56,PEDALCYCLIST STRUCK MOTOR VEHICLE LEFT SIDE SIDESWIPE,07206025,9045,0,1,Property Damage Only Collision,,45,Bicycle,Matched,1,1,Clear or Partly Cloudy,0,"(47.667044041000054, -122.38394701799996)",26297,0,N,07-304793
17274,76475,76475,Block,Cycles,33.5,,,0,,05/05/2007 12:00:00 AM +0000,5/5/2007,1,,Mid-Block (but intersection related),Daylight,NE 65TH ST BETWEEN 5TH E AVE NE AND HILLMAN PL NE,0,1,,2,2829538,Dry,51,PEDALCYCLIST STRUCK MOTOR VEHICLE FRONT END AT ANGLE,07125003,17254,0,2,Injury Collision,,45,Bicycle,Matched,0,1,Clear or Partly Cloudy,0,"(47.675876972000026, -122.32297500799996)",6669,0,N,07-179038
17281,76348,76348,Block,Cycles,1842,,,0,,06/18/2007 12:00:00 AM +0000,6/18/2007 5:00:00 PM,0,,Mid-Block (not related to intersection),Daylight,LAKE WASHINGTON BLVD S BETWEEN LAKE PARK DR S AND S HORTON NR ST,0,1,,2,2798620,Dry,23,"MOTOR VEHICLE STRUCK PEDALCYCLIST, LEFT SIDE SIDESWIPE",07169003,11230,0,1,Property Damage Only Collision,,45,Bicycle,Matched,0,1,Clear or Partly Cloudy,0,"(47.578874744000075, -122.28370626699996)",38078,0,N,07-247950
17296,76615,76615,Block,Cycles,344,,,0,Y,08/07/2007 12:00:00 AM +0000,8/7/2007,1,,Mid-Block (not related to intersection),Daylight,CALIFORNIA AVE SW BETWEEN SW ADMIRAL WAY AND SW LANDER ST,0,1,,2,2798550,Dry,54,PEDALCYCLIST STRUCK MOTOR VEHICLE REAR END,07219001,9540,0,2,Injury Collision,,45,Bicycle,Matched,0,1,Overcast,0,"(47.580254111000045, -122.38658351199996)",2587,0,N,07-324509
17311,76195,76195,Intersection,Cycles,0,,,0,Y,06/23/2007 12:00:00 AM +0000,6/23/2007 8:45:00 PM,1,30968,At Intersection (intersection related),Daylight,61ST AVE SW AND ALKI AVE SW,0,1,,3,2613355,Dry,18,"MOTOR VEHICLE STRUCK PEDALCYCLIST, FRONT END AT ANGLE",07174026,8086,0,2,Injury Collision,,45,Bicycle,Matched,0,1,Clear or Partly Cloudy,0,"(47.57912495100004, -122.41064800799995)",0,0,N,07-254574
17328,76205,76205,Intersection,Cycles,0,,,0,,05/21/2007 12:00:00 AM +0000,5/21/2007 9:14:00 PM,1,27094,At Intersection (intersection related),Dark - Street Lights On,9TH AVE NE AND NE 42ND ST,0,1,,2,2829031,Wet,18,"MOTOR VEHICLE STRUCK PEDALCYCLIST, FRONT END AT ANGLE",07141004,8539,1,2b,Serious Injury Collision,,45,Bicycle,Matched,0,1,Raining,0,"(47.657515871000044, -122.31879625099998)",21701,0,N,07-203550
17343,76599,76599,Block,Cycles,174, ,,0,,04/08/2007 12:00:00 AM +0000,4/8/2007,1,,Mid-Block (but intersection related),Daylight,ELLIOTT AVE W BETWEEN ELLIOTT ER AVE W AND W THOMAS S ST,0,1,Y,2,2793546,Dry,18,"MOTOR VEHICLE STRUCK PEDALCYCLIST, FRONT END AT ANGLE",07098018,10212,0,2,Injury Collision,,45,Bicycle,Matched,1,1,Clear or Partly Cloudy,0,"(47.62029195700006, -122.36048457299995)",0,606528,N,07-140604
17349,76187,76187,Intersection,Cycles,0, ,,0,,04/07/2007 12:00:00 AM +0000,4/7/2007,1,32672,At Intersection (intersection related),Dark - Street Lights On,RAINIER AVE S AND S CHARLESTOWN ST,0,1,Y,2,2613282,Wet,18,"MOTOR VEHICLE STRUCK PEDALCYCLIST, FRONT END AT ANGLE",07097002,11378,0,2,Injury Collision,Y,45,Bicycle,Matched,0,1,Raining,0,"(47.56977061300006, -122.29069886499997)",0,524336,N,07-139816
17359,76180,76180,Intersection,Cycles,0,,,0,,05/30/2007 12:00:00 AM +0000,5/30/2007 12:19:00 PM,1,28057,At Intersection (intersection related),Daylight,NICKERSON ST AND WESTLAKE AVE N,0,1,,2,2825753,Dry,51,PEDALCYCLIST STRUCK MOTOR VEHICLE FRONT END AT ANGLE,07150040,6170,0,2,Injury Collision,,45,Bicycle,Matched,0,1,Clear or Partly Cloudy,0,"(47.64614702700004, -122.34974100999995)",13898,0,N,07-216153
17378,76576,76576,Intersection,Cycles,0,,,0,,01/09/2007 12:00:00 AM +0000,1/9/2007,1,29508,At Intersection (intersection related),Daylight,DENNY WAY AND TERRY AVE,0,1,,1,2793304,Dry,18,"MOTOR VEHICLE STRUCK PEDALCYCLIST, FRONT END AT ANGLE",07009005,10016,0,2,Injury Collision,,45,Bicycle,Matched,0,0,Clear or Partly Cloudy,0,"(47.61852939200003, -122.33728173199995)",23506,0,N,07-12219
17428,76582,76582,Block,Cycles,89,,,0,,06/19/2007 12:00:00 AM +0000,6/19/2007 4:30:00 PM,1,,Mid-Block (but intersection related),Daylight,S ALASKA ST BETWEEN MCCOY PL S AND M L KING JR WR WAY S,0,1,Y,2,2806887,Dry,18,"MOTOR VEHICLE STRUCK PEDALCYCLIST, FRONT END AT ANGLE",07170026,19303,0,2,Injury Collision,,45,Bicycle,Matched,0,1,Clear or Partly Cloudy,0,"(47.56082962900007, -122.29387366499998)",15688,0,N,07-252743
17446,76306,76306,Block,Cycles,153,,,0,,05/08/2007 12:00:00 AM +0000,5/8/2007,2,,Mid-Block (not related to intersection),Daylight,2ND AVE BETWEEN COLUMBIA ST AND MARION ST,0,2,,3,2793912,Dry,61,PEDALCYCLIST STRUCK PEDALCYCLIST REAR END,07128008,2751,0,2,Injury Collision,,45,Bicycle,Matched,0,1,Clear or Partly Cloudy,0,"(47.604088467000054, -122.33414983799997)",12047,0,N,07-184043
17495,76293,76293,Block,Cycles,213.5,,,0,,05/09/2007 12:00:00 AM +0000,5/9/2007,1,,Mid-Block (but intersection related),Daylight,DEXTER AVE N BETWEEN DENNY WAY AND JOHN ST,0,1,,2,2793550,Dry,21,"MOTOR VEHICLE STRUCK PEDALCYCLIST, REAR END",07129002,10071,0,2,Injury Collision,,45,Bicycle,Matched,0,1,Clear or Partly Cloudy,0,"(47.61913352200003, -122.34239679399997)",12566,0,N,07-185303
17547,76271,76271,Block,Cycles,162,,,0,,09/11/2007 12:00:00 AM +0000,9/11/2007 2:14:00 PM,0,,Mid-Block (but intersection related),Daylight,E UNION ST BETWEEN 10TH AVE AND 11TH AVE,0,1,,2,2621862,Dry,51,PEDALCYCLIST STRUCK MOTOR VEHICLE FRONT END AT ANGLE,07254004,14888,0,1,Property Damage Only Collision,,45,Bicycle,Matched,0,1,Clear or Partly Cloudy,0,"(47.612935650000054, -122.31878054099997)",0,0,N,07-376613