OBJECTID,INCKEY,COLDETKEY,ADDRTYPE,COLLISIONTYPE,DISTANCE,EXCEPTRSNCODE,EXCEPTRSNDESC,FATALITIES,INATTENTIONIND,INCDATE,INCDTTM,INJURIES,INTKEY,JUNCTIONTYPE,LIGHTCOND,LOCATION,PEDCOUNT,PEDCYLCOUNT,PEDROWNOTGRNT,PERSONCOUNT,REPORTNO,ROADCOND,SDOT_COLCODE,SDOT_COLDESC,SDOTCOLNUM,SEGKEY,SERIOUSINJURIES,SEVERITYCODE,SEVERITYDESC,SPEEDING,ST_COLCODE,ST_COLDESC,STATUS,UNDERINFL,VEHCOUNT,WEATHER,WIDTH,Shape,SEGLANEKEY,CROSSWALKKEY,HITPARKEDCAR,SPDCASENO
17551,76268,76268,Intersection,Cycles,0,,,0,,08/16/2007 12:00:00 AM +0000,8/16/2007 7:58:00 AM,1,29679,At Intersection (intersection related),Unknown,ALASKAN WAY AND BROAD ST,0,1,,2,2791552,Dry,51,PEDALCYCLIST STRUCK MOTOR VEHICLE FRONT END AT ANGLE,07228001,9410,0,2,Injury Collision,,45,Bicycle,Matched,0,1,Overcast,0,"(47.61503359400007, -122.35487619999998)",15668,0,N,07-336912
17562,76540,76540,Intersection,Cycles,0,,,0,,02/07/2007 12:00:00 AM +0000,2/7/2007,1,29878,At Intersection (intersection related),Dark - Street Lights On,BOREN AVE AND PIKE ST,0,1,Y,3,2621630,Wet,18,"MOTOR VEHICLE STRUCK PEDALCYCLIST, FRONT END AT ANGLE",07038027,9319,1,2b,Serious Injury Collision,,45,Bicycle,Matched,0,1,Raining,0,"(47.613465820000044, -122.32891310199994)",31090,0,N,07-055311
17637,76387,76387,Intersection,Cycles,0,,,0,,04/17/2007 12:00:00 AM +0000,4/17/2007 2:46:00 PM,1,36635,At Intersection (intersection related),Daylight,LAKE CITY WAY NE AND NE 117TH ST,0,1,,2,2802539,Dry,18,"MOTOR VEHICLE STRUCK PEDALCYCLIST, FRONT END AT ANGLE",07107003,11178,0,2,Injury Collision,,45,Bicycle,Matched,0,1,Overcast,0,"(47.71421240700005, -122.29822972699998)",0,0,N,07-153178
17732,76082,76082,Intersection,Cycles,0, ,,0,,06/30/2007 12:00:00 AM +0000,6/30/2007 2:44:00 PM,1,27071,At Intersection (intersection related),Daylight,5TH AVE NE AND NE 45TH ST,0,1,,4,2609986,Dry,18,"MOTOR VEHICLE STRUCK PEDALCYCLIST, FRONT END AT ANGLE",07181004,7286,0,2,Injury Collision,,45,Bicycle,Matched,0,1,Clear or Partly Cloudy,0,"(47.66133334700004, -122.32295632099999)",0,521817,N,07-264939
17739,75960,75960,Intersection,Cycles,0,,,0,,08/29/2007 12:00:00 AM +0000,8/29/2007 5:46:00 PM,1,28915,At Intersection (intersection related),Daylight,4TH AVE N AND MERCER ST,0,1,Y,2,2791313,Dry,18,"MOTOR VEHICLE STRUCK PEDALCYCLIST, FRONT END AT ANGLE",07241002,6148,0,2,Injury Collision,Y,45,Bicycle,Matched,0,1,Clear or Partly Cloudy,0,"(47.624564331000045, -122.34887678099994)",12377,0,N,07 357070
17762,75945,75945,Intersection,Cycles,0, ,,0,,07/30/2007 12:00:00 AM +0000,7/30/2007 7:32:00 PM,1,31904,At Intersection (intersection related),Daylight,CALIFORNIA AVE SW AND SW OREGON ST,0,1,,2,2826905,Dry,18,"MOTOR VEHICLE STRUCK PEDALCYCLIST, FRONT END AT ANGLE",07211001,9553,0,2,Injury Collision,,45,Bicycle,Matched,0,1,Clear or Partly Cloudy,0,"(47.56291162500003, -122.38677531799999)",0,525186,N,07-312211
17768,75840,75840,Block,Cycles,288,,,0,,01/20/2007 12:00:00 AM +0000,1/20/2007 2:26:00 PM,1,,Driveway Junction,Daylight,EASTLAKE AVE E BETWEEN E SHELBY ST AND E ALLISON ST,0,1,Y,2,2617312,Dry,18,"MOTOR VEHICLE STRUCK PEDALCYCLIST, FRONT END AT ANGLE",07020001,10182,0,2,Injury Collision,,45,Bicycle,Matched,0,1,Clear or Partly Cloudy,0,"(47.64808303800004, -122.32397810399999)",24676,0,N,07-027811
17772,75836,75836,Intersection,Cycles,0,,,0,,08/16/2007 12:00:00 AM +0000,8/16/2007 2:50:00 PM,1,27146,At Intersection (intersection related),Daylight,BROOKLYN AVE NE AND NE PACIFIC ST,0,1,,2,C691055,Dry,51,PEDALCYCLIST STRUCK MOTOR VEHICLE FRONT END AT ANGLE,07228034,9475,0,2,Injury Collision,,45,Bicycle,Matched,0,1,Clear or Partly Cloudy,0,"(47.65359884600008, -122.31448850999999)",31308,0,N,
17800,75827,75827,Intersection,Cycles,0,,,0,,02/06/2007 12:00:00 AM +0000,2/6/2007,1,28258,At Intersection (intersection related),Daylight,10TH AVE E AND E NEWTON ST,0,1,Y,2,2615423,Dry,18,"MOTOR VEHICLE STRUCK PEDALCYCLIST, FRONT END AT ANGLE",07037005,1298,0,2,Injury Collision,,45,Bicycle,Matched,0,1,Overcast,0,"(47.63725179700003, -122.32007982299996)",6111,0,N,07-52888
17815,75933,75933,Intersection,Cycles,0,,,0,,11/26/2007 12:00:00 AM +0000,11/26/2007 6:19:00 PM,1,24578,At Intersection (intersection related),Dark - Street Lights On,EAST GREEN LAKE DR N AND NE MAPLE LEAF PL,0,1,,2,2893293,Wet,18,"MOTOR VEHICLE STRUCK PEDALCYCLIST, FRONT END AT ANGLE",07330012,14058,0,2,Injury Collision,,45,Bicycle,Matched,0,1,Raining,0,"(47.68071059600004, -122.326130208)",7286,0,N,07-478123
17860,75928,75928,Block,Cycles,213,,,0,,05/15/2007 12:00:00 AM +0000,5/15/2007 8:39:00 AM,1,,Mid-Block (but intersection related),Daylight,12TH AVE BETWEEN E MARION ST AND E SPRING ST,0,1,Y,2,2792009,Dry,18,"MOTOR VEHICLE STRUCK PEDALCYCLIST, FRONT END AT ANGLE",07135008,1534,0,2,Injury Collision,,45,Bicycle,Matched,0,1,Clear or Partly Cloudy,0,"(47.61097747700006, -122.31677912199996)",10728,0,N,07-193669
17878,76051,76051,Block,Cycles,168,,,0,Y,07/13/2007 12:00:00 AM +0000,7/13/2007 2:49:00 PM,1,,Mid-Block (not related to intersection),Daylight,FREMONT AVE N BETWEEN FREMONT PL N AND N 36TH ST,0,1,Y,2,2830060,Dry,18,"MOTOR VEHICLE STRUCK PEDALCYCLIST, FRONT END AT ANGLE",07194009,10486,0,2,Injury Collision,,45,Bicycle,Matched,0,1,Clear or Partly Cloudy,0,"(47.65088855100004, -122.34988452999994)",8357,0,N,07-285783
17901,76056,76056,Block,Cycles,162,,,0,,09/19/2007 12:00:00 AM +0000,9/19/2007 6:00:00 PM,1,,Mid-Block (not related to intersection),Daylight,E UNION ST BETWEEN 10TH AVE AND 11TH AVE,0,1,,2,C692291,Dry,56,PEDALCYCLIST STRUCK MOTOR VEHICLE LEFT SIDE SIDESWIPE,07262037,14888,0,2,Injury Collision,,45,Bicycle,Matched,0,1,Clear or Partly Cloudy,0,"(47.612935650000054, -122.31878054099997)",6255,0,N,
17913,76046,76046,Intersection,Cycles,0,,,0,,04/27/2007 12:00:00 AM +0000,4/27/2007 8:53:00 PM,1,29141,At Intersection (intersection related),Dark - Street Lights On,BELMONT AVE E AND E HARRISON ST,0,1,,2,2806503,Dry,51,PEDALCYCLIST STRUCK MOTOR VEHICLE FRONT END AT ANGLE,07117006,9239,0,2,Injury Collision,Y,45,Bicycle,Matched,0,1,Clear or Partly Cloudy,0,"(47.62198950700008, -122.32402407999996)",0,0,N,07-168102
17942,75657,75657,Intersection,Cycles,0,,,0,,02/22/2007 12:00:00 AM +0000,2/22/2007 6:30:00 AM,1,29882,At Intersection (intersection related),Dawn,8TH AVE AND PINE ST,0,1,,2,2805153,Wet,18,"MOTOR VEHICLE STRUCK PEDALCYCLIST, FRONT END AT ANGLE",07053001,8281,0,2,Injury Collision,,45,Bicycle,Matched,0,1,Overcast,0,"(47.61306393500007, -122.33315264099997)",21789,0,N,07-076119
17949,75655,75655,Block,Cycles,153,,,0,,01/19/2007 12:00:00 AM +0000,1/19/2007 6:24:00 PM,1,,Mid-Block (not related to intersection),Dark - Street Lights On,4TH AVE BETWEEN VINE ST AND CEDAR ST,0,1,,3,2807473,Dry,55,PEDALCYCLIST STRUCK MOTOR VEHICLE RIGHT SIDE SIDESWIPE,07019008,6143,1,2b,Serious Injury Collision,,45,Bicycle,Matched,0,1,Clear or Partly Cloudy,0,"(47.61751842100006, -122.34757051799994)",12877,0,N,07-026507
18005,75762,75762,Intersection,Cycles,0,,,0,,04/10/2007 12:00:00 AM +0000,4/10/2007 6:20:00 PM,1,29289,At Intersection (intersection related),Daylight,29TH AVE AND E DENNY WAY,0,1,,2,2806307,Dry,18,"MOTOR VEHICLE STRUCK PEDALCYCLIST, FRONT END AT ANGLE",07100005,4275,0,2,Injury Collision,,45,Bicycle,Matched,0,1,Clear or Partly Cloudy,0,"(47.61889269200003, -122.29481074699999)",0,0,N,07-143591
18100,76007,76007,Intersection,Cycles,0, ,,0,,09/25/2007 12:00:00 AM +0000,9/25/2007 10:55:00 AM,0,29920,At Intersection (intersection related),Daylight,BOREN AVE AND MADISON ST,0,1,Y,2,2621165,Wet,18,"MOTOR VEHICLE STRUCK PEDALCYCLIST, FRONT END AT ANGLE",07268007,9314,0,1,Property Damage Only Collision,,45,Bicycle,Matched,0,1,Raining,0,"(47.60933797200005, -122.32513907699996)",0,523649,N,07-396244
18115,76006,76006,Intersection,Cycles,0,,,0,,10/06/2007 12:00:00 AM +0000,10/6/2007,1,29744,At Intersection (intersection related),Dark - Street Lights On,HARVARD AVE AND E PIKE ST,0,1,,2,2828106,Dry,51,PEDALCYCLIST STRUCK MOTOR VEHICLE FRONT END AT ANGLE,07279007,10841,0,2,Injury Collision,,45,Bicycle,Matched,0,1,Clear or Partly Cloudy,0,"(47.61406619600007, -122.32211092499995)",31201,0,N,07-410868
18134,75741,75741,Block,Cycles,165,,,0,,03/25/2007 12:00:00 AM +0000,3/25/2007 3:38:00 PM,1,,Mid-Block (not related to intersection),Daylight,W MCGRAW ST BETWEEN 6TH AVE W AND 7TH AVE W,0,1,,3,2793878,Dry,56,PEDALCYCLIST STRUCK MOTOR VEHICLE LEFT SIDE SIDESWIPE,07084002,23556,0,2,Injury Collision,,45,Bicycle,Matched,0,1,Clear or Partly Cloudy,0,"(47.63959581800003, -122.36561747299999)",34947,0,N,07-120533
18178,75729,75729,Block,Cycles,166.5,,,0,,02/24/2007 12:00:00 AM +0000,2/24/2007 5:21:00 PM,1,,Driveway Junction,Dusk,BROADWAY E BETWEEN E THOMAS ST AND E HARRISON ST,0,1,,2,2805984,Dry,51,PEDALCYCLIST STRUCK MOTOR VEHICLE FRONT END AT ANGLE,07055001,9453,0,2,Injury Collision,,45,Bicycle,Matched,0,1,Overcast,0,"(47.62153060600008, -122.32089890399999)",6788,0,N,07-079677
18197,75722,75722,Block,Cycles,137.5,,,0,,08/14/2007 12:00:00 AM +0000,8/14/2007 7:00:00 PM,1,,Mid-Block (not related to intersection),Daylight,EAST GREEN LAKE WAY N BETWEEN SUNNYSIDE AVE N AND 1ST AVE NE,0,1,,2,C690783,Dry,54,PEDALCYCLIST STRUCK MOTOR VEHICLE REAR END,07226041,14080,0,2,Injury Collision,,45,Bicycle,Matched,0,1,Clear or Partly Cloudy,0,"(47.67833493400008, -122.32883586599996)",7398,0,N,
18226,75977,75977,Intersection,Cycles,0,,,0,,09/05/2007 12:00:00 AM +0000,9/5/2007,1,27424,At Intersection (intersection related),Daylight,SURBER DR NE AND NE BELVOIR PL,0,1,,2,C694031,Dry,18,"MOTOR VEHICLE STRUCK PEDALCYCLIST, FRONT END AT ANGLE",07248052,13036,1,2b,Serious Injury Collision,,45,Bicycle,Matched,0,1,Clear or Partly Cloudy,0,"(47.65686417000006, -122.28644383399995)",0,0,N,
18242,75317,75317,Intersection,Cycles,0,,,0,,10/29/2007 12:00:00 AM +0000,10/29/2007 12:52:00 PM,1,29774,At Intersection (intersection related),Daylight,12TH AVE AND E SPRING ST,0,1,,2,2827403,Wet,18,"MOTOR VEHICLE STRUCK PEDALCYCLIST, FRONT END AT ANGLE",07302004,1535,0,2,Injury Collision,Y,45,Bicycle,Matched,0,1,Overcast,0,"(47.61156267600006, -122.31677888999997)",0,0,N,2007-441918
18308,75430,75430,Block,Cycles,372,,,0,Y,11/01/2007 12:00:00 AM +0000,11/1/2007,0,,Mid-Block (not related to intersection),Daylight,DEXTER AVE N BETWEEN HAYES ST AND HOWE ST,0,1,,2,2828961,Dry,54,PEDALCYCLIST STRUCK MOTOR VEHICLE REAR END,07305002,10087,0,1,Property Damage Only Collision,,45,Bicycle,Matched,0,1,Clear or Partly Cloudy,0,"(47.63498698700005, -122.34228517999998)",0,0,N,07-446454
18355,75421,75421,Intersection,Cycles,0,,,0,,06/30/2007 12:00:00 AM +0000,6/30/2007 11:20:00 AM,0,27816,At Intersection (intersection related),Daylight,W MCGRAW PL AND W MCGRAW E ST,0,1,,2,2793848,Dry,55,PEDALCYCLIST STRUCK MOTOR VEHICLE RIGHT SIDE SIDESWIPE,07181001,2916,0,1,Property Damage Only Collision,,45,Bicycle,Matched,0,1,Clear or Partly Cloudy,0,"(47.639596907000055, -122.35958981199997)",30163,0,N,07 264702
18510,75249,75249,Block,Cycles,354.5,,,0,,07/26/2007 12:00:00 AM +0000,7/26/2007 2:56:00 PM,1,,Mid-Block (not related to intersection),Daylight,DENNY WAY BETWEEN STEWART ST AND MELROSE AVE,0,1,,1,2791532,Dry,69,PEDALCYCLIST OVERTURNED IN ROAD,07207001,10023,1,2b,Serious Injury Collision,,45,Bicycle,Matched,0,0,Clear or Partly Cloudy,0,"(47.61844935400006, -122.32929210599997)",23551,0,N,07-305692
18514,75376,75376,Intersection,Cycles,0,,,0,,12/20/2007 12:00:00 AM +0000,12/20/2007 8:54:00 AM,1,25415,At Intersection (intersection related),Daylight,15TH AVE NW AND NW 56TH ST,0,1,,2,2799048,Dry,18,"MOTOR VEHICLE STRUCK PEDALCYCLIST, FRONT END AT ANGLE",07354025,2103,1,2b,Serious Injury Collision,,45,Bicycle,Matched,0,1,Clear or Partly Cloudy,0,"(47.66944247300006, -122.37621377399995)",0,0,N,07-508005
18535,75240,75240,Intersection,Cycles,0,,,0,,10/15/2007 12:00:00 AM +0000,10/15/2007 7:36:00 AM,1,29739,At Intersection (intersection related),Daylight,11TH AVE AND E PINE ST,0,1,,2,C693658,Dry,18,"MOTOR VEHICLE STRUCK PEDALCYCLIST, FRONT END AT ANGLE",07288056,1383,0,2,Injury Collision,,45,Bicycle,Matched,0,1,Overcast,0,"(47.615254391000065, -122.318159434)",10420,0,N,
18575,75364,75364,Intersection,Cycles,0,,,0,,12/10/2007 12:00:00 AM +0000,12/10/2007 6:14:00 AM,1,30408,At Intersection (intersection related),Dark - Street Lights On,14TH AVE AND E YESLER WAY,0,1,Y,2,2792412,Dry,18,"MOTOR VEHICLE STRUCK PEDALCYCLIST, FRONT END AT ANGLE",07344002,1840,0,2,Injury Collision,,45,Bicycle,Matched,0,1,Clear or Partly Cloudy,0,"(47.60168875700003, -122.31416192599994)",10011,0,N,07-495065
18647,75474,75474,Block,Cycles,153,,,0,,09/04/2007 12:00:00 AM +0000,9/4/2007,1,,Mid-Block (not related to intersection),Daylight,5TH AVE BETWEEN COLUMBIA ST AND MARION ST,0,1,,2,2804507,Dry,16,"MOTOR VEHICLE STRUCK MOTOR VEHICLE, LEFT SIDE SIDESWIPE",07247021,7228,0,2,Injury Collision,,45,Bicycle,Matched,0,1,Overcast,0,"(47.60548149700003, -122.33081889699997)",36266,0,N,07-366011
18659,75607,75607,Intersection,Cycles,0,,,0,,11/19/2007 12:00:00 AM +0000,11/19/2007 8:38:00 AM,1,32410,At Intersection (intersection related),Dawn,RAINIER AVE S AND S BYRON ST,0,1,Y,2,2828148,Wet,18,"MOTOR VEHICLE STRUCK PEDALCYCLIST, FRONT END AT ANGLE",07323001,12372,0,2,Injury Collision,,45,Bicycle,Matched,0,1,Raining,0,"(47.57394302500006, -122.29478739999996)",23771,0,N,2007-469304
18668,75339,75339,Intersection,Cycles,0,,,0,,10/15/2007 12:00:00 AM +0000,10/15/2007 11:50:00 AM,1,29872,At Intersection (intersection related),Daylight,BOREN AVE AND PINE ST,0,1,,2,2804741,Wet,18,"MOTOR VEHICLE STRUCK PEDALCYCLIST, FRONT END AT ANGLE",07288002,9320,0,2,Injury Collision,,45,Bicycle,Matched,0,1,Raining,0,"(47.61445724200007, -122.32982243299995)",10320,0,N,07-422802
18673,75466,75466,Block,Cycles,213,,,0,Y,03/30/2007 12:00:00 AM +0000,3/30/2007 6:48:00 PM,0,,Mid-Block (not related to intersection),Daylight,1ST AVE BETWEEN BLANCHARD ST AND BELL ST,0,1,,2,2607570,Dry,21,"MOTOR VEHICLE STRUCK PEDALCYCLIST, REAR END",07089007,1014,0,1,Property Damage Only Collision,,45,Bicycle,Matched,0,1,Clear or Partly Cloudy,0,"(47.61298991400008, -122.34586158799999)",13233,0,N,07-127878
18721,74679,74679,Intersection,Cycles,0,,,0,,01/08/2007 12:00:00 AM +0000,1/8/2007,1,29072,At Intersection (intersection related),Daylight,BROADWAY AND E HOWELL ST,0,1,,3,2621402,Dry,18,"MOTOR VEHICLE STRUCK PEDALCYCLIST, FRONT END AT ANGLE",07008001,9450,0,2,Injury Collision,,45,Bicycle,Matched,0,1,Clear or Partly Cloudy,0,"(47.61757128900007, -122.32083582899998)",6840,0,N,07-010941
18726,74677,74677,Intersection,Cycles,0, ,,0,,01/09/2007 12:00:00 AM +0000,1/9/2007,0,36067,At Intersection (intersection related),Daylight,LAKE CITY WAY NE AND NE 127TH ST,0,1,,3,2624599,Wet,18,"MOTOR VEHICLE STRUCK PEDALCYCLIST, FRONT END AT ANGLE",07009003,11184,0,1,Property Damage Only Collision,,45,Bicycle,Matched,0,1,Raining,0,"(47.72109139600008, -122.29416074699998)",0,524634,N,07-12830
18730,75459,75459,Block,Cycles,124,,,0,,09/22/2007 12:00:00 AM +0000,9/22/2007 11:25:00 AM,1,,Mid-Block (not related to intersection),Daylight,E MADISON ST BETWEEN 28TH AVE E AND 29TH W AVE E,0,1,,2,2805254,Dry,23,"MOTOR VEHICLE STRUCK PEDALCYCLIST, LEFT SIDE SIDESWIPE",07265001,14362,0,2,Injury Collision,,45,Bicycle,Matched,0,1,Clear or Partly Cloudy,0,"(47.62371497300006, -122.29583475299995)",34621,0,N,07-392277
18983,74874,74874,Intersection,Cycles,0,,,0,,04/19/2007 12:00:00 AM +0000,4/19/2007 6:38:00 AM,1,28767,At Intersection (intersection related),Dawn,DEXTER AVE N AND MERCER ST,0,1,Y,2,2622566,Dry,18,"MOTOR VEHICLE STRUCK PEDALCYCLIST, FRONT END AT ANGLE",07109004,10076,0,2,Injury Collision,,45,Bicycle,Matched,0,1,Overcast,0,"(47.624549727000044, -122.34234960099997)",12649,0,N,07-155499
19055,74974,74974,Alley,Cycles,,,,0,,09/02/2007 12:00:00 AM +0000,9/2/2007,2,,Driveway Junction,Daylight,,0,1,,6,2826921,Dry,18,"MOTOR VEHICLE STRUCK PEDALCYCLIST, FRONT END AT ANGLE",07245003,,0,2,Injury Collision,,45,Bicycle,Matched,0,1,Clear or Partly Cloudy,0,,0,0,N,07-363022
19090,74849,74849,Block,Cycles,232.5,,,0,,05/08/2007 12:00:00 AM +0000,5/8/2007,1,,Mid-Block (not related to intersection),Daylight,FAIRVIEW AVE N BETWEEN WARD ST AND YALE AVE N,0,1,,3,2791926,Dry,54,PEDALCYCLIST STRUCK MOTOR VEHICLE REAR END,07128006,10356,0,2,Injury Collision,,45,Bicycle,Matched,0,1,Clear or Partly Cloudy,0,"(47.62822810400007, -122.33151976799996)",25364,0,N,07-183920
19142,75077,75077,Block,Cycles,348.5,,,0,,04/05/2007 12:00:00 AM +0000,4/5/2007,1,,Mid-Block (not related to intersection),Daylight,NW 45TH ST BETWEEN 11TH AVE NW AND 14TH AVE NW,0,1,,2,2621687,Dry,18,"MOTOR VEHICLE STRUCK PEDALCYCLIST, FRONT END AT ANGLE",07095001,18337,0,2,Injury Collision,,45,Bicycle,Matched,0,1,Clear or Partly Cloudy,0,"(47.66147103000003, -122.37218152999998)",41204,0,N,07-136346
19158,75081,75081,Block,Cycles,138,,,0,,02/14/2007 12:00:00 AM +0000,2/14/2007 7:10:00 PM,0,,Mid-Block (not related to intersection),Dark - Street Lights On,15TH AVE S BETWEEN S PEARL ST AND S DAWSON ST,0,1,Y,2,2807051,Wet,23,"MOTOR VEHICLE STRUCK PEDALCYCLIST, LEFT SIDE SIDESWIPE",07045003,2166,0,1,Property Damage Only Collision,,45,Bicycle,Matched,0,1,Overcast,0,"(47.55600628700006, -122.31345355399998)",11882,0,N,07-065359
19220,74945,74945,Block,Cycles,213,,,0,Y,08/10/2007 12:00:00 AM +0000,8/10/2007 10:34:00 PM,1,,Driveway Junction,Dark - No Street Lights,7TH AVE BETWEEN STEWART ST AND VIRGINIA ST,0,1,Y,2,2791385,Dry,18,"MOTOR VEHICLE STRUCK PEDALCYCLIST, FRONT END AT ANGLE",07222005,8161,0,2,Injury Collision,,45,Bicycle,Matched,0,1,Clear or Partly Cloudy,0,"(47.61467145100005, -122.33680297599994)",0,0,N,7329372
19266,74540,74540,Block,Cycles,153,,,0,,08/17/2007 12:00:00 AM +0000,8/17/2007 8:27:00 AM,1,,Mid-Block (but intersection related),Daylight,4TH AVE S BETWEEN S WASHINGTON ST AND S MAIN ST,0,1,,3,2807836,Dry,51,PEDALCYCLIST STRUCK MOTOR VEHICLE FRONT END AT ANGLE,07229011,6227,0,2,Injury Collision,,45,Bicycle,Matched,0,2,Clear or Partly Cloudy,0,"(47.60045709600007, -122.32896381999996)",5741,0,N,07-338563
19290,74543,74543,Intersection,Cycles,0,,,0,,04/13/2007 12:00:00 AM +0000,4/13/2007 7:52:00 PM,1,29057,At Intersection (intersection related),Dusk,14TH AVE E AND E JOHN ST,0,1,Y,2,2806314,Wet,18,"MOTOR VEHICLE STRUCK PEDALCYCLIST, FRONT END AT ANGLE",07103006,1857,0,2,Injury Collision,,45,Bicycle,Matched,0,1,Raining,0,"(47.61995563000005, -122.31431663899997)",35241,0,N,07-147977
19306,74150,74150,Intersection,Cycles,0,,,0,,09/25/2007 12:00:00 AM +0000,9/25/2007 5:28:00 PM,1,29604,At Intersection (intersection related),Daylight,1ST AVE AND UNIVERSITY ST,0,1,Y,2,2825967,Dry,18,"MOTOR VEHICLE STRUCK PEDALCYCLIST, FRONT END AT ANGLE",07268001,1007,0,2,Injury Collision,,45,Bicycle,Matched,0,1,Clear or Partly Cloudy,0,"(47.60683500400006, -122.33819701599998)",36738,0,N,07-396741
19330,74389,74389,Intersection,Cycles,0,,,0,Y,09/10/2007 12:00:00 AM +0000,9/10/2007 3:36:00 PM,1,30405,At Intersection (intersection related),Daylight,14TH AVE AND E FIR ST,0,1,Y,2,2827906,Dry,18,"MOTOR VEHICLE STRUCK PEDALCYCLIST, FRONT END AT ANGLE",07253003,1841,0,2,Injury Collision,,45,Bicycle,Matched,0,1,Clear or Partly Cloudy,0,"(47.60268128400003, -122.31419707799995)",0,0,N,07-375268
19337,74535,74535,Block,Cycles,164.5,,,0,,05/24/2007 12:00:00 AM +0000,5/24/2007 11:30:00 AM,1,,Mid-Block (but intersection related),Daylight,E LYNN ST BETWEEN DELMAR DR E AND 15TH AVE E,0,1,,1,C687416,Dry,69,PEDALCYCLIST OVERTURNED IN ROAD,07144044,14320,0,2,Injury Collision,,45,Bicycle,Matched,0,0,Clear or Partly Cloudy,0,"(47.63956697300006, -122.31304111399999)",8316,0,N,
19368,74128,74128,Block,Cycles,180,,,0,,02/27/2007 12:00:00 AM +0000,2/27/2007 8:20:00 AM,1,,Mid-Block (not related to intersection),Daylight,20TH AVE NE BETWEEN NE 63RD ST AND NE 65TH ST,0,1,,2,2614638,Dry,18,"MOTOR VEHICLE STRUCK PEDALCYCLIST, FRONT END AT ANGLE",07058006,2970,0,2,Injury Collision,,45,Bicycle,Matched,0,1,Clear or Partly Cloudy,0,"(47.675283308000076, -122.30652051499999)",33146,0,N,07-083131
19400,74522,74522,Block,Cycles,218,,,0,,02/24/2007 12:00:00 AM +0000,2/24/2007 6:55:00 AM,1,,Mid-Block (but intersection related),Dawn,EASTLAKE AVE E BETWEEN HARVARD AVE E AND FUHRMAN AVE E,0,1,Y,2,2615264,Wet,18,"MOTOR VEHICLE STRUCK PEDALCYCLIST, FRONT END AT ANGLE",07055026,10184,0,2,Injury Collision,,45,Bicycle,Matched,0,1,Raining,0,"(47.65104751100006, -122.32168580199999)",6070,0,N,07-79138
19468,74497,74497,Intersection,Cycles,0,,,0,,04/19/2007 12:00:00 AM +0000,4/19/2007 10:04:00 AM,1,29529,At Intersection (intersection related),Daylight,7TH AVE AND BLANCHARD ST,0,1,,2,2607592,Dry,51,PEDALCYCLIST STRUCK MOTOR VEHICLE FRONT END AT ANGLE,07109005,8165,0,2,Injury Collision,Y,45,Bicycle,Matched,0,1,Clear or Partly Cloudy,0,"(47.61659465400004, -122.34005494499996)",14208,0,N,07-155708
19499,74619,74619,Block,Cycles,409.5,,,0,,07/10/2007 12:00:00 AM +0000,7/10/2007 9:43:00 AM,1,,Mid-Block (not related to intersection),Daylight,N 34TH ST BETWEEN PHINNEY AVE N AND EVANSTON AVE N,0,1,,2,2795784,Dry,51,PEDALCYCLIST STRUCK MOTOR VEHICLE FRONT END AT ANGLE,07191002,15284,0,2,Injury Collision,,45,Bicycle,Matched,0,1,Clear or Partly Cloudy,0,"(47.65011298300004, -122.35290934099999)",15301,0,N,07-280758
19509,74102,74102,Intersection,Cycles,0,,,0,,08/28/2007 12:00:00 AM +0000,8/28/2007 6:17:00 PM,1,24058,At Intersection (intersection related),Daylight,6TH AVE NW AND NW 80TH ST,0,1,Y,2,2880955,Dry,18,"MOTOR VEHICLE STRUCK PEDALCYCLIST, FRONT END AT ANGLE",07240030,7956,0,2,Injury Collision,,45,Bicycle,Matched,0,1,Clear or Partly Cloudy,0,"(47.68693779000006, -122.36332585199995)",27352,0,N,07-355540
19640,74193,74193,Block,Cycles,105.5,,,0,,07/19/2007 12:00:00 AM +0000,7/19/2007 7:25:00 PM,1,,Mid-Block (not related to intersection),Daylight,E HARRISON ST BETWEEN 31ST AVE E AND 32ND AVE E,0,1,,2,2792426,Dry,53,PEDALCYCLIST STRUCK MOTOR VEHICLE LEFT SIDE AT ANGLE,07200002,14123,0,2,Injury Collision,,45,Bicycle,Matched,0,1,Clear or Partly Cloudy,0,"(47.62248094100005, -122.29155345899994)",0,0,N,07-295410
19696,74435,74435,Block,Cycles,61.5,,,0,,07/05/2007 12:00:00 AM +0000,7/5/2007,1,,Mid-Block (not related to intersection),Daylight,RAINIER AVE S BETWEEN S GRAND ST AND 22ND N AVE S,0,1,,2,2793932,Dry,55,PEDALCYCLIST STRUCK MOTOR VEHICLE RIGHT SIDE SIDESWIPE,07186006,12356,0,2,Injury Collision,,45,Bicycle,Matched,0,1,Clear or Partly Cloudy,0,"(47.58676174100003, -122.30457005199997)",19964,0,N,07-273671
19723,74302,74302,Block,Cycles,369.5,,,0,,08/04/2007 12:00:00 AM +0000,8/4/2007,1,,Mid-Block (not related to intersection),Daylight,THORNDYKE AVE W BETWEEN 21ST AVE W AND 20TH AVE W,0,1,Y,2,2791524,Dry,51,PEDALCYCLIST STRUCK MOTOR VEHICLE FRONT END AT ANGLE,07216003,13161,0,2,Injury Collision,,45,Bicycle,Matched,0,1,Clear or Partly Cloudy,0,"(47.64565217000006, -122.38254561699995)",16133,0,N,07-319752