OBJECTID,INCKEY,COLDETKEY,ADDRTYPE,COLLISIONTYPE,DISTANCE,EXCEPTRSNCODE,EXCEPTRSNDESC,FATALITIES,INATTENTIONIND,INCDATE,INCDTTM,INJURIES,INTKEY,JUNCTIONTYPE,LIGHTCOND,LOCATION,PEDCOUNT,PEDCYLCOUNT,PEDROWNOTGRNT,PERSONCOUNT,REPORTNO,ROADCOND,SDOT_COLCODE,SDOT_COLDESC,SDOTCOLNUM,SEGKEY,SERIOUSINJURIES,SEVERITYCODE,SEVERITYDESC,SPEEDING,ST_COLCODE,ST_COLDESC,STATUS,UNDERINFL,VEHCOUNT,WEATHER,WIDTH,Shape,SEGLANEKEY,CROSSWALKKEY,HITPARKEDCAR,SPDCASENO
19752,74290,74290,Intersection,Cycles,0,,,0,,02/19/2007 12:00:00 AM +0000,2/19/2007 6:05:00 PM,1,37475,At Intersection (intersection related),Dark - Street Lights On,5TH AVE NE AND NE 103RD ST,0,1,,2,2604136,Wet,51,PEDALCYCLIST STRUCK MOTOR VEHICLE FRONT END AT ANGLE,07050012,7333,1,2b,Serious Injury Collision,,45,Bicycle,Matched,0,1,Raining,0,"(47.703140321000035, -122.32314837099995)",10991,0,N,07-72647
19844,73870,73870,Intersection,Cycles,0,,,0,,03/28/2007 12:00:00 AM +0000,3/28/2007 6:00:00 PM,1,25464,At Intersection (intersection related),Daylight,LEARY WAY NW AND NW 46TH ST,0,1,,2,2607567,Dry,18,"MOTOR VEHICLE STRUCK PEDALCYCLIST, FRONT END AT ANGLE",07087029,11347,0,2,Injury Collision,,45,Bicycle,Matched,0,1,Clear or Partly Cloudy,0,"(47.66219540600008, -122.36786512799995)",17343,0,N,07-126053
19888,73866,73866,Block,Cycles,265.5,,,0,,04/15/2007 12:00:00 AM +0000,4/15/2007 6:00:00 PM,1,,Mid-Block (not related to intersection),Daylight,S DELLA ST BETWEEN CHEASTY BLVD S AND 27TH AVE S,0,1,Y,2,2613244,Unknown,21,"MOTOR VEHICLE STRUCK PEDALCYCLIST, REAR END",07105039,19860,1,2b,Serious Injury Collision,,45,Bicycle,Matched,0,1,Unknown,0,"(47.57238287400003, -122.29817921999995)",0,0,N,07-224484
20088,73696,73696,Intersection,Cycles,0,,,0,,10/10/2007 12:00:00 AM +0000,10/10/2007 10:21:00 AM,1,25469,At Intersection (intersection related),Daylight,BALLARD BR OFF RP AND NW BALLARD WAY,0,1,,2,2794783,Wet,51,PEDALCYCLIST STRUCK MOTOR VEHICLE FRONT END AT ANGLE,07283022,2211,0,2,Injury Collision,,45,Bicycle,Matched,0,1,Overcast,0,"(47.66293226300007, -122.37611913799998)",0,0,N,07-416122
20097,73950,73950,Block,Cycles,153,,,0,,11/08/2007 12:00:00 AM +0000,11/8/2007,1,,Mid-Block (not related to intersection),Daylight,3RD AVE BETWEEN MADISON ST AND SPRING ST,0,1,,4,2805820,Dry,55,PEDALCYCLIST STRUCK MOTOR VEHICLE RIGHT SIDE SIDESWIPE,07312005,4379,0,2,Injury Collision,,45,Bicycle,Matched,0,1,Overcast,0,"(47.605979465000075, -122.33434423899996)",35854,0,N,07-455332
20171,74060,74060,Block,Cycles,213,,,0,Y,09/12/2007 12:00:00 AM +0000,9/12/2007 8:54:00 AM,1,,Mid-Block (not related to intersection),Daylight,BROADWAY E BETWEEN E DENNY WAY AND E OLIVE WAY,1,1,,2,2827831,Dry,64,PEDALCYCLIST STRUCK PEDESTRIAN,07255001,9451,0,2,Injury Collision,,45,Bicycle,Matched,0,0,Clear or Partly Cloudy,0,"(47.61932227600005, -122.32086366599998)",6823,0,N,07-377718
20244,73909,73909,Block,Cycles,328,,,0,Y,08/05/2007 12:00:00 AM +0000,8/5/2007,1,,Mid-Block (not related to intersection),Dusk,35TH AVE NE BETWEEN NE 62ND ST AND NE 65TH ST,0,1,,2,2609944,Dry,54,PEDALCYCLIST STRUCK MOTOR VEHICLE REAR END,07217001,5358,0,2,Injury Collision,,45,Bicycle,Matched,0,1,Overcast,0,"(47.67488274300007, -122.29026377899999)",30289,0,N,07-321657
20255,73654,73654,Intersection,Cycles,0,,,0,,12/17/2007 12:00:00 AM +0000,12/17/2007 4:53:00 PM,1,25929,At Intersection (intersection related),Dark - Street Lights On,30TH AVE NE AND NE 55TH E ST,0,1,Y,2,2795071,Dry,18,"MOTOR VEHICLE STRUCK PEDALCYCLIST, FRONT END AT ANGLE",07351007,4605,0,2,Injury Collision,,45,Bicycle,Matched,0,1,Overcast,0,"(47.66851834800008, -122.29506361399996)",33957,0,N,07-504639
20319,73505,73505,Intersection,Cycles,0,,,0,,10/29/2007 12:00:00 AM +0000,10/29/2007 2:01:00 PM,1,26791,At Intersection (intersection related),Daylight,WOODLAWN AVE N AND N 45TH W ST,0,1,Y,2,2893284,Dry,18,"MOTOR VEHICLE STRUCK PEDALCYCLIST, FRONT END AT ANGLE",07302002,13680,0,2,Injury Collision,,45,Bicycle,Matched,0,1,Clear or Partly Cloudy,0,"(47.66138585200008, -122.33915660499997)",0,0,N,07-442007
20387,73214,73214,Intersection,Cycles,0,,,0,,05/23/2007 12:00:00 AM +0000,5/23/2007 2:52:00 PM,1,32565,At Intersection (intersection related),Daylight,49TH AVE S AND LAKE WASHINGTON BLVD S,0,1,,2,2806856,Dry,21,"MOTOR VEHICLE STRUCK PEDALCYCLIST, REAR END",07143004,7178,0,2,Injury Collision,Y,45,Bicycle,Matched,0,1,Clear or Partly Cloudy,0,"(47.56764392300005, -122.27200996399995)",0,0,N,07-205974
20390,73094,73094,Block,Cycles,130,,,0,,01/16/2007 12:00:00 AM +0000,1/16/2007 9:23:00 PM,0,,Mid-Block (but intersection related),Dark - Street Lights On,NE 43RD ST BETWEEN 7TH AVE NE AND 8TH AVE NE,0,1,Y,2,2802659,Snow/Slush,23,"MOTOR VEHICLE STRUCK PEDALCYCLIST, LEFT SIDE SIDESWIPE",07016008,16806,0,1,Property Damage Only Collision,,45,Bicycle,Matched,0,1,Overcast,0,"(47.65946149600006, -122.32031135799997)",0,0,N,07-22290
20427,73481,73481,Block,Cycles,182,,,0,Y,08/12/2007 12:00:00 AM +0000,8/12/2007 4:07:00 PM,1,,Mid-Block (not related to intersection),Daylight,E PINE ST BETWEEN 14TH AVE AND 15TH AVE,0,1,,2,2802723,Dry,53,PEDALCYCLIST STRUCK MOTOR VEHICLE LEFT SIDE AT ANGLE,07224003,14640,0,2,Injury Collision,,45,Bicycle,Matched,0,1,Clear or Partly Cloudy,0,"(47.61528451500004, -122.31350633299996)",10435,0,N,07-331716
20433,73088,73088,Block,Cycles,77,,,0,,11/25/2007 12:00:00 AM +0000,11/25/2007 1:57:00 PM,1,,Mid-Block (but intersection related),Daylight,S GRAHAM ST BETWEEN BLAIR TER S AND WILSON AVE S,0,1,,1,2797142,Dry,66,PEDALCYCLIST STRUCK OBJECT IN ROAD,07329004,20139,0,2,Injury Collision,,45,Bicycle,Matched,0,0,Clear or Partly Cloudy,0,"(47.54605613100006, -122.26404113999996)",0,0,N,07-476724
20485,73473,73473,Intersection,Cycles,0, ,,0,,10/10/2007 12:00:00 AM +0000,10/10/2007 5:22:00 PM,1,35449,At Intersection (intersection related),Daylight,RAINIER AVE S AND S FISHER PL,0,1,Y,2,2797139,Dry,18,"MOTOR VEHICLE STRUCK PEDALCYCLIST, FRONT END AT ANGLE",07283005,12423,0,2,Injury Collision,,45,Bicycle,Matched,0,1,Clear or Partly Cloudy,0,"(47.521410787000036, -122.269997478)",0,523393,N,07-416604
20492,73323,73323,Block,Cycles,270,,,0,,11/16/2007 12:00:00 AM +0000,11/16/2007 4:07:00 PM,1,,Mid-Block (not related to intersection),Dark - Street Lights On,EASTLAKE AVE E BETWEEN E BOSTON ST AND E LYNN ST,0,1,,3,2906076,Wet,56,PEDALCYCLIST STRUCK MOTOR VEHICLE LEFT SIDE SIDESWIPE,07320005,10176,0,2,Injury Collision,,45,Bicycle,Matched,0,2,Raining,0,"(47.638985674000025, -122.32589341199997)",24749,0,N,07-465869
20494,73057,73057,Block,Cycles,123.5,,,0,,08/15/2007 12:00:00 AM +0000,8/15/2007 1:05:00 PM,1,,Driveway Junction,Daylight,ROOSEVELT WAY NE BETWEEN NE 56TH ST AND NE 57TH ST,0,1,Y,2,2799051,Dry,18,"MOTOR VEHICLE STRUCK PEDALCYCLIST, FRONT END AT ANGLE",07227002,12605,0,2,Injury Collision,,45,Bicycle,Matched,0,1,Clear or Partly Cloudy,0,"(47.66971448900006, -122.31736372499995)",0,0,N,07-335793
20515,73061,73061,Block,Cycles,165,,,0,,09/05/2007 12:00:00 AM +0000,9/5/2007,1,,Mid-Block (not related to intersection),Daylight,HARVARD AVE E BETWEEN E SHELBY ST AND E GWINN PL,0,1,Y,2,2827826,Dry,23,"MOTOR VEHICLE STRUCK PEDALCYCLIST, LEFT SIDE SIDESWIPE",07248003,10860,0,2,Injury Collision,,45,Bicycle,Matched,0,1,Clear or Partly Cloudy,0,"(47.647372983000025, -122.32210191399997)",42014,0,N,07-367349
20539,73316,73316,Intersection,Cycles,0, ,,0,,12/09/2007 12:00:00 AM +0000,12/9/2007,1,30538,At Intersection (intersection related),Daylight,4TH AVE S AND SEATTLE BLVD S,0,1,,2,2612711,Dry,51,PEDALCYCLIST STRUCK MOTOR VEHICLE FRONT END AT ANGLE,07343025,6232,0,2,Injury Collision,,45,Bicycle,Matched,0,1,Overcast,0,"(47.59648601400005, -122.32904622099994)",0,522348,N,07-494450
20647,73571,73571,Block,Cycles,177,,,0,,02/24/2007 12:00:00 AM +0000,2/24/2007 1:35:00 AM,1,,Driveway Junction,Dark - Street Lights On,N 36TH ST BETWEEN FREMONT PL N AND FREMONT AVE N,0,1,Y,2,2611514,Dry,18,"MOTOR VEHICLE STRUCK PEDALCYCLIST, FRONT END AT ANGLE",07055003,15321,0,2,Injury Collision,,45,Bicycle,Matched,0,1,Clear or Partly Cloudy,0,"(47.651438848000055, -122.35064280899996)",0,0,N,07-078929
20804,72855,72855,Intersection,Cycles,0,,,0,,06/02/2007 12:00:00 AM +0000,6/2/2007,1,27273,At Intersection (intersection related),Daylight,N 36TH ST AND N PACIFIC ST,0,1,,2,2830252,Dry,18,"MOTOR VEHICLE STRUCK PEDALCYCLIST, FRONT END AT ANGLE",07153005,9764,0,2,Injury Collision,,45,Bicycle,Matched,0,1,Clear or Partly Cloudy,0,"(47.65050201500003, -122.33154340399994)",0,0,N,07-221452
20810,72851,72851,Block,Cycles,130.5,,,0,,04/05/2007 12:00:00 AM +0000,4/5/2007,1,,Mid-Block (not related to intersection),Daylight,E PINE ST BETWEEN SUMMIT AVE AND BELMONT AVE,0,1,,2,C684641,Dry,23,"MOTOR VEHICLE STRUCK PEDALCYCLIST, LEFT SIDE SIDESWIPE",07095040,14630,0,2,Injury Collision,,45,Bicycle,Matched,0,1,Clear or Partly Cloudy,0,"(47.61522186600007, -122.32500275399997)",10354,0,N,
20861,72970,72970,Block,Cycles,211.5,,,0,,05/12/2007 12:00:00 AM +0000,5/12/2007 9:53:00 AM,1,,Mid-Block (not related to intersection),Daylight,ALASKAN WAY BETWEEN BLANCHARD ST AND XW BELL ST,0,1,Y,2,2805428,Dry,18,"MOTOR VEHICLE STRUCK PEDALCYCLIST, FRONT END AT ANGLE",07132003,8729,0,2,Injury Collision,,45,Bicycle,Matched,0,1,Clear or Partly Cloudy,0,"(47.61114197200004, -122.34825489499997)",20841,0,N,07-189660
20895,72716,72716,Block,Cycles,214,,,0,,11/03/2007 12:00:00 AM +0000,11/3/2007,0,,Mid-Block (not related to intersection),Dusk,1ST AVE BETWEEN STEWART ST AND VIRGINIA ST,0,1,,2,2608096,Dry,54,PEDALCYCLIST STRUCK MOTOR VEHICLE REAR END,07307002,1011,0,1,Property Damage Only Collision,,45,Bicycle,Matched,0,1,Clear or Partly Cloudy,0,"(47.61068110100007, -122.34195802499994)",36642,0,N,07-449203
20938,72813,72813,Intersection,Cycles,0,,,0,,01/31/2007 12:00:00 AM +0000,1/31/2007 7:11:00 AM,0,33025,At Intersection (intersection related),Dawn,1ST AVE S AND S BENNETT ST,0,1,,2,2609372,Dry,18,"MOTOR VEHICLE STRUCK PEDALCYCLIST, FRONT END AT ANGLE",07031001,1219,0,1,Property Damage Only Collision,,45,Bicycle,Matched,0,1,Clear or Partly Cloudy,0,"(47.55492434200005, -122.33421483699999)",1408,0,N,07-043611
20981,72554,72554,Block,Cycles,930.5,,,0,,07/06/2007 12:00:00 AM +0000,7/6/2007,1,,Mid-Block (not related to intersection),Daylight,BALLARD BR BETWEEN 15TH AVE W AND POINT A,0,1,,2,2795038,Dry,18,"MOTOR VEHICLE STRUCK PEDALCYCLIST, FRONT END AT ANGLE",07187001,9047,1,2b,Serious Injury Collision,,45,Bicycle,Matched,0,1,Clear or Partly Cloudy,0,"(47.656987822000076, -122.37622256199995)",0,0,N,07-274813
21008,72925,72925,Intersection,Cycles,0, ,,0,Y,03/13/2007 12:00:00 AM +0000,3/13/2007 6:55:00 AM,1,26144,At Intersection (intersection related),Daylight,50TH AVE NE AND SAND POINT WAY NE,0,1,Y,3,2624875,Dry,18,"MOTOR VEHICLE STRUCK PEDALCYCLIST, FRONT END AT ANGLE",07072004,12712,0,2,Injury Collision,,45,Bicycle,Matched,0,1,Clear or Partly Cloudy,0,"(47.66830673000004, -122.27411830499994)",0,521820,N,07-102544
21020,72677,72677,Block,Cycles,180,,,0,,05/09/2007 12:00:00 AM +0000,5/9/2007,1,,Mid-Block (not related to intersection),Daylight,BROADWAY BETWEEN TERRACE ST AND JEFFERSON ST,0,1,,2,2791902,Dry,18,"MOTOR VEHICLE STRUCK PEDALCYCLIST, FRONT END AT ANGLE",07129005,9436,0,2,Injury Collision,,45,Bicycle,Matched,0,1,Clear or Partly Cloudy,0,"(47.60571832000005, -122.32074918599994)",42023,0,N,07-184841
21025,72549,72549,Intersection,Cycles,0,,,0,,10/16/2007 12:00:00 AM +0000,10/16/2007 5:20:00 PM,1,28775,At Intersection (intersection related),Dusk,DEXTER AVE N AND REPUBLICAN ST,0,1,,2,2791792,Dry,51,PEDALCYCLIST STRUCK MOTOR VEHICLE FRONT END AT ANGLE,07289033,10075,0,2,Injury Collision,,45,Bicycle,Matched,0,1,Overcast,0,"(47.62322375000008, -122.34236126699994)",12628,0,N,07-424613
21046,72668,72668,Block,Cycles,213, ,,0,Y,11/16/2007 12:00:00 AM +0000,11/16/2007 4:06:00 PM,1,,Mid-Block (not related to intersection),Dark - Street Lights On,3RD AVE BETWEEN VIRGINIA ST AND LENORA ST,0,1,,2,2898552,Wet,23,"MOTOR VEHICLE STRUCK PEDALCYCLIST, LEFT SIDE SIDESWIPE",07320004,4387,0,2,Injury Collision,,45,Bicycle,Matched,0,1,Raining,0,"(47.61278151100004, -122.34154107899997)",35721,0,N,07-465868
21065,72791,72791,Block,Cycles,181,,,0,,02/05/2007 12:00:00 AM +0000,2/5/2007,1,,Mid-Block (not related to intersection),Daylight,12TH AVE BETWEEN E YESLER WAY AND E FIR ST,0,1,,2,2614972,Wet,56,PEDALCYCLIST STRUCK MOTOR VEHICLE LEFT SIDE SIDESWIPE,07036003,1523,1,2b,Serious Injury Collision,,45,Bicycle,Matched,0,1,Overcast,0,"(47.602188270000056, -122.316781849)",10536,0,N,07-051046
21146,72895,72895,Intersection,Cycles,0,,,0,,04/24/2007 12:00:00 AM +0000,4/24/2007 7:40:00 AM,1,36754,At Intersection (intersection related),Daylight,20TH AVE NE AND NE NORTHGATE WAY,0,1,,2,2614184,Dry,18,"MOTOR VEHICLE STRUCK PEDALCYCLIST, FRONT END AT ANGLE",07114002,2996,0,2,Injury Collision,,45,Bicycle,Matched,0,1,Overcast,0,"(47.708470059000035, -122.30623651999997)",0,0,N,07-162746
21198,73006,73006,Intersection,Cycles,0,,,0,,09/11/2007 12:00:00 AM +0000,9/11/2007 12:52:00 PM,1,29622,At Intersection (intersection related),Daylight,1ST AVE AND MARION ST,0,1,,2,2804826,Dry,18,"MOTOR VEHICLE STRUCK PEDALCYCLIST, FRONT END AT ANGLE",07254032,1003,0,2,Injury Collision,,45,Bicycle,Matched,0,1,Clear or Partly Cloudy,0,"(47.60398223800007, -122.33558646699998)",36223,0,N,07-376503
21229,72886,72886,Block,Cycles,200,,,0,,06/09/2007 12:00:00 AM +0000,6/9/2007,1,,Mid-Block (not related to intersection),Daylight,NW MARKET ST BETWEEN LEARY AVE NW AND BALLARD AVE NW,1,1,Y,2,2795578,Wet,64,PEDALCYCLIST STRUCK PEDESTRIAN,07160004,19234,0,2,Injury Collision,,45,Bicycle,Matched,0,0,Raining,0,"(47.66867918000003, -122.38555473999998)",0,0,N,07-232432
21230,72885,72885,Intersection,Cycles,0,,,0,,06/10/2007 12:00:00 AM +0000,6/10/2007 5:01:00 PM,1,36985,At Intersection (intersection related),Daylight,18TH AVE NW AND NW 85TH ST,0,1,,2,2624638,Dry,51,PEDALCYCLIST STRUCK MOTOR VEHICLE FRONT END AT ANGLE,07161001,2586,0,2,Injury Collision,,45,Bicycle,Matched,0,1,Overcast,0,"(47.69059913500007, -122.38002882699999)",26116,0,N,07-233968
21243,72624,72624,Intersection,Cycles,0,,,0,,08/31/2007 12:00:00 AM +0000,8/31/2007 11:19:00 AM,1,26795,At Intersection (intersection related),Daylight,STONE WAY N AND N ALLEN PL,0,1,Y,2,2881393,Dry,18,"MOTOR VEHICLE STRUCK PEDALCYCLIST, FRONT END AT ANGLE",07243012,12968,0,2,Injury Collision,,45,Bicycle,Matched,0,1,Clear or Partly Cloudy,0,"(47.66067212100006, -122.34218132399997)",12968,0,N,07-359710
21333,72463,72463,Intersection,Cycles,0, ,,0,,09/13/2007 12:00:00 AM +0000,9/13/2007 7:32:00 PM,1,27065,At Intersection (intersection related),Daylight,11TH AVE NE AND NE 45TH ST,0,1,Y,2,2795717,Dry,18,"MOTOR VEHICLE STRUCK PEDALCYCLIST, FRONT END AT ANGLE",07256004,1409,0,2,Injury Collision,,45,Bicycle,Matched,0,1,Clear or Partly Cloudy,0,"(47.66129196000003, -122.31657893399995)",0,520890,N,07-379961
21397,72311,72311,Intersection,Cycles,0,,,0,,07/10/2007 12:00:00 AM +0000,7/10/2007 3:00:00 PM,1,25464,At Intersection (intersection related),Daylight,LEARY WAY NW AND NW 46TH ST,0,1,Y,2,2830286,Dry,18,"MOTOR VEHICLE STRUCK PEDALCYCLIST, FRONT END AT ANGLE",07191003,11347,0,2,Injury Collision,,45,Bicycle,Matched,0,1,Clear or Partly Cloudy,0,"(47.66219540600008, -122.36786512799995)",0,0,N,07-281154
21583,72139,72139,Block,Cycles,255,,,0,Y,09/08/2007 12:00:00 AM +0000,9/8/2007,1,,Mid-Block (not related to intersection),Daylight,LAKE WASHINGTON BLVD E BETWEEN E DENNY BLAINE N PL AND MCGILVRA BLVD E,0,1,,2,2827757,Dry,51,PEDALCYCLIST STRUCK MOTOR VEHICLE FRONT END AT ANGLE,07251001,11201,0,2,Injury Collision,,45,Bicycle,Matched,0,1,Clear or Partly Cloudy,0,"(47.62083351900003, -122.28223950299997)",0,0,N,07-372104
21655,72133,72133,Intersection,Cycles,0,,,0,,10/17/2007 12:00:00 AM +0000,10/17/2007 5:48:00 PM,1,25790,At Intersection (intersection related),Daylight,11TH AVE NE AND NE 50TH ST,0,1,Y,2,2892917,Wet,18,"MOTOR VEHICLE STRUCK PEDALCYCLIST, FRONT END AT ANGLE",07290001,1411,1,2b,Serious Injury Collision,,45,Bicycle,Matched,0,1,Raining,0,"(47.66492767300008, -122.31633451799996)",0,0,N,07-426003
21669,72123,72123,Intersection,Cycles,0,,,0,Y,05/30/2007 12:00:00 AM +0000,5/30/2007 11:51:00 AM,1,29603,At Intersection (intersection related),Daylight,2ND AVE AND UNIVERSITY ST,0,1,,2,2607314,Dry,51,PEDALCYCLIST STRUCK MOTOR VEHICLE FRONT END AT ANGLE,07150002,2756,0,2,Injury Collision,,45,Bicycle,Matched,0,1,Clear or Partly Cloudy,0,"(47.60729905800008, -122.33708679799997)",12165,0,N,07-216102
21714,72505,72505,Intersection,Cycles,0,,,0,,09/12/2007 12:00:00 AM +0000,9/12/2007 5:36:00 AM,1,28775,At Intersection (intersection related),Dark - Street Lights On,DEXTER AVE N AND REPUBLICAN ST,0,1,,2,2804877,Dry,51,PEDALCYCLIST STRUCK MOTOR VEHICLE FRONT END AT ANGLE,07255004,10075,1,2b,Serious Injury Collision,,45,Bicycle,Matched,0,1,Clear or Partly Cloudy,0,"(47.62322375000008, -122.34236126699994)",0,0,N,07-377580
21806,72355,72355,Block,Cycles,150.5,,,0,,06/28/2007 12:00:00 AM +0000,6/28/2007 8:30:00 AM,1,,Mid-Block (not related to intersection),Daylight,DEXTER AVE N BETWEEN COMSTOCK ST AND LEE ST,0,1,Y,2,2805386,Wet,18,"MOTOR VEHICLE STRUCK PEDALCYCLIST, FRONT END AT ANGLE",07179005,10082,0,2,Injury Collision,,45,Bicycle,Matched,0,1,Raining,0,"(47.63099716500005, -122.34229241699995)",12809,0,N,07-261405
21831,71941,71941,Intersection,Cycles,0,,,0,,04/23/2007 12:00:00 AM +0000,4/23/2007 6:00:00 PM,0,31899,At Intersection (intersection related),Daylight,35TH AVE SW AND SW AVALON WAY,0,1,Y,2,2798236,Dry,18,"MOTOR VEHICLE STRUCK PEDALCYCLIST, FRONT END AT ANGLE",07113001,5450,0,1,Property Damage Only Collision,,45,Bicycle,Matched,0,1,Clear or Partly Cloudy,0,"(47.56407659800004, -122.37618931799994)",3547,0,N,07-162099
21864,71683,71683,Intersection,Cycles,0, ,,0,,09/29/2007 12:00:00 AM +0000,9/29/2007 12:45:00 PM,1,25949,At Intersection (intersection related),Daylight,25TH AVE NE AND NE BLAKELEY ST,0,1,Y,2,2893251,Wet,18,"MOTOR VEHICLE STRUCK PEDALCYCLIST, FRONT END AT ANGLE",07272001,3723,0,2,Injury Collision,,45,Bicycle,Matched,0,1,Raining,0,"(47.66626671800003, -122.30060497999995)",0,524372,N,07-402075
21965,71784,71784,Intersection,Cycles,0,,,0,,12/12/2007 12:00:00 AM +0000,12/12/2007 4:12:00 PM,1,25447,At Intersection (intersection related),Dark - Street Lights On,15TH AVE NW AND BALLARD BR,0,1,Y,2,2904627,Dry,18,"MOTOR VEHICLE STRUCK PEDALCYCLIST, FRONT END AT ANGLE",07346033,2097,0,2,Injury Collision,,45,Bicycle,Matched,0,1,Overcast,0,"(47.665049759000055, -122.37622023499995)",18252,0,N,07-498422
21968,71782,71782,Intersection,Cycles,0,,,0,Y,12/16/2007 12:00:00 AM +0000,12/16/2007 7:00:00 PM,1,29054,At Intersection (intersection related),Dark - Street Lights On,11TH AVE E AND E JOHN ST,0,1,,2,2906253,Wet,51,PEDALCYCLIST STRUCK MOTOR VEHICLE FRONT END AT ANGLE,07350007,1387,0,2,Injury Collision,Y,45,Bicycle,Matched,0,1,Raining,0,"(47.61992718400006, -122.31823392599995)",0,0,N,07-503557
22008,71648,71648,Block,Cycles,254.5,,,0,,12/12/2007 12:00:00 AM +0000,12/12/2007 10:09:00 PM,1,,Mid-Block (but intersection related),Dark - Street Lights On,LAKEVIEW BLVD E BETWEEN E GARFIELD ST AND HARVARD AVE E,0,1,Y,2,2906402,Dry,18,"MOTOR VEHICLE STRUCK PEDALCYCLIST, FRONT END AT ANGLE",07346014,11281,0,2,Injury Collision,,45,Bicycle,Matched,1,1,Clear or Partly Cloudy,0,"(47.63520625500007, -122.32239428099996)",0,0,N,2007-498677
22069,71624,71624,Intersection,Cycles,0,,,0,,01/07/2007 12:00:00 AM +0000,1/7/2007,1,29915,At Intersection (intersection related),Daylight,HUBBELL PL AND SENECA ST,0,1,Y,2,2621305,Wet,18,"MOTOR VEHICLE STRUCK PEDALCYCLIST, FRONT END AT ANGLE",07007005,10968,0,2,Injury Collision,,45,Bicycle,Matched,0,1,Overcast,0,"(47.60901487500007, -122.33063081799997)",9107,0,N,07-009700
22081,72022,72022,Intersection,Cycles,0,,,0,,01/22/2007 12:00:00 AM +0000,1/22/2007 5:50:00 PM,1,25494,At Intersection (intersection related),Dark - Street Lights On,GREEN LAKE TURN RD AND WEST GREEN LAKE WAY N,0,1,Y,2,2609834,Dry,18,"MOTOR VEHICLE STRUCK PEDALCYCLIST, FRONT END AT ANGLE",07022002,10699,0,2,Injury Collision,,45,Bicycle,Matched,0,1,Clear or Partly Cloudy,0,"(47.66977339400006, -122.34034257599995)",29196,0,N,07-030856
22093,71755,71755,Block,Cycles,153,,,0,,06/23/2007 12:00:00 AM +0000,6/23/2007 4:45:00 PM,1,,Mid-Block (not related to intersection),Daylight,1ST AVE S BETWEEN S MAIN ST AND S JACKSON ST,0,1,,2,2619202,Dry,18,"MOTOR VEHICLE STRUCK PEDALCYCLIST, FRONT END AT ANGLE",07174003,1187,0,2,Injury Collision,,45,Bicycle,Matched,0,1,Clear or Partly Cloudy,0,"(47.59962589500003, -122.33418648099996)",36141,0,N,07-254543
22133,71997,71997,Intersection,Cycles,0, ,,0,,10/30/2007 12:00:00 AM +0000,10/30/2007 9:00:00 AM,1,167156,At Intersection (intersection related),Unknown,BEACON ER AVE S AND S DAWSON ST,0,1,Y,2,2804864,Unknown,18,"MOTOR VEHICLE STRUCK PEDALCYCLIST, FRONT END AT ANGLE",07303036,19788,0,2,Injury Collision,,45,Bicycle,Matched,0,1,Unknown,0,"(47.555958572000065, -122.30323531799996)",0,524766,N,07-443268
22158,72012,72012,Intersection,Cycles,0,,,0,,04/12/2007 12:00:00 AM +0000,4/12/2007 12:39:00 AM,0,29577,At Intersection (intersection related),Dark - Street Lights On,5TH AVE AND PINE ST,0,1,,2,2806612,Dry,51,PEDALCYCLIST STRUCK MOTOR VEHICLE FRONT END AT ANGLE,07102001,7239,0,1,Property Damage Only Collision,,45,Bicycle,Matched,0,1,Clear or Partly Cloudy,0,"(47.61167201000006, -122.33648396599995)",21833,0,N,07-145529
22234,71707,71707,Intersection,Cycles,0,,,0,,02/19/2007 12:00:00 AM +0000,2/19/2007 4:37:00 PM,1,29130,At Intersection (intersection related),Daylight,BELLEVUE AVE E AND E REPUBLICAN ST,0,1,,3,2616947,Wet,51,PEDALCYCLIST STRUCK MOTOR VEHICLE FRONT END AT ANGLE,07050002,9222,1,2b,Serious Injury Collision,,45,Bicycle,Matched,0,1,Raining,0,"(47.62313419700007, -122.32659192299997)",0,0,N,07-072566
22268,71973,71973,Block,Cycles,129.5,,,0,,04/15/2007 12:00:00 AM +0000,4/15/2007 2:30:00 PM,0,,Mid-Block (but intersection related),Daylight,S WASHINGTON ST BETWEEN 26TH AVE S AND 27TH AVE S,0,1,,2,2615121,Dry,18,"MOTOR VEHICLE STRUCK PEDALCYCLIST, FRONT END AT ANGLE",07105007,21508,0,1,Property Damage Only Collision,,45,Bicycle,Matched,0,1,Clear or Partly Cloudy,0,"(47.60086529300003, -122.29840836099999)",0,0,N,07-150388
22390,71153,71153,Block,Cycles,161,,,0,,04/28/2007 12:00:00 AM +0000,4/28/2007 12:55:00 PM,1,,Driveway Junction,Daylight,LENORA ST BETWEEN 1ST AVE AND 2ND AVE,0,1,,2,2795030,Dry,51,PEDALCYCLIST STRUCK MOTOR VEHICLE FRONT END AT ANGLE,07118004,11367,0,2,Injury Collision,Y,45,Bicycle,Matched,0,1,Clear or Partly Cloudy,0,"(47.612168567000026, -122.34348369299994)",0,0,N,07-169218
22479,71399,71399,Block,Cycles,387.5,,,0,,08/01/2007 12:00:00 AM +0000,8/1/2007,1,,Driveway Junction,Dark - Street Lights On,1ST AVE S BETWEEN S MASSACHUSETTS ST AND S HOLGATE ST,0,1,Y,3,2826072,Dry,18,"MOTOR VEHICLE STRUCK PEDALCYCLIST, FRONT END AT ANGLE",07213003,1204,0,2,Injury Collision,,45,Bicycle,Matched,0,1,Clear or Partly Cloudy,0,"(47.587167547000035, -122.33419724299995)",0,0,N,07-315335