OBJECTID,INCKEY,COLDETKEY,ADDRTYPE,COLLISIONTYPE,DISTANCE,EXCEPTRSNCODE,EXCEPTRSNDESC,FATALITIES,INATTENTIONIND,INCDATE,INCDTTM,INJURIES,INTKEY,JUNCTIONTYPE,LIGHTCOND,LOCATION,PEDCOUNT,PEDCYLCOUNT,PEDROWNOTGRNT,PERSONCOUNT,REPORTNO,ROADCOND,SDOT_COLCODE,SDOT_COLDESC,SDOTCOLNUM,SEGKEY,SERIOUSINJURIES,SEVERITYCODE,SEVERITYDESC,SPEEDING,ST_COLCODE,ST_COLDESC,STATUS,UNDERINFL,VEHCOUNT,WEATHER,WIDTH,Shape,SEGLANEKEY,CROSSWALKKEY,HITPARKEDCAR,SPDCASENO
22521,71124,71124,Intersection,Cycles,0,,,0,,07/30/2007 12:00:00 AM +0000,7/30/2007 11:20:00 AM,1,29134,At Intersection (intersection related),Daylight,MINOR AVE N AND REPUBLICAN ST,0,1,Y,3,2826062,Dry,18,"MOTOR VEHICLE STRUCK PEDALCYCLIST, FRONT END AT ANGLE",07211036,11889,1,2b,Serious Injury Collision,,45,Bicycle,Matched,0,1,Clear or Partly Cloudy,0,"(47.62311600600003, -122.33299987599997)",31263,0,N,07-311600
22557,71382,71382,Block,Cycles,150,,,0,Y,02/06/2007 12:00:00 AM +0000,2/6/2007,1,,Driveway Junction,Daylight,7TH AVE BETWEEN WESTLAKE AVE AND LENORA ST,0,1,Y,2,2622545,Wet,51,PEDALCYCLIST STRUCK MOTOR VEHICLE FRONT END AT ANGLE,07037006,8163,0,2,Injury Collision,,45,Bicycle,Matched,0,1,Overcast,0,"(47.61555350900005, -122.33829361)",13839,0,N,07-052477
22579,70981,70981,Intersection,Cycles,0, ,,0,,05/31/2007 12:00:00 AM +0000,5/31/2007 10:01:00 AM,1,27141,At Intersection (intersection related),Daylight,BROOKLYN AVE NE AND NE CAMPUS WB PY,0,1,,1,2794755,Dry,18,"MOTOR VEHICLE STRUCK PEDALCYCLIST, FRONT END AT ANGLE",07151003,9478,0,2,Injury Collision,,45,Bicycle,Matched,0,0,Clear or Partly Cloudy,0,"(47.656225446000064, -122.31441858999995)",31383,0,N,07-217696
22639,71359,71359,Intersection,Cycles,0, ,,0,,02/12/2007 12:00:00 AM +0000,2/12/2007 3:35:00 PM,1,33100,At Intersection (intersection related),Daylight,AIRPORT WAY S AND S LUCILE ST,0,1,Y,2,2625247,Dry,18,"MOTOR VEHICLE STRUCK PEDALCYCLIST, FRONT END AT ANGLE",07043006,8690,0,2,Injury Collision,,45,Bicycle,Matched,0,1,Clear or Partly Cloudy,0,"(47.55335102400005, -122.32100440499994)",0,525162,N,07-062244
22692,71348,71348,Intersection,Cycles,0,,,0,,05/22/2007 12:00:00 AM +0000,5/22/2007 9:20:00 AM,1,29911,At Intersection (intersection related),Daylight,7TH AVE AND UNION ST,0,1,,2,2825690,Dry,18,"MOTOR VEHICLE STRUCK PEDALCYCLIST, FRONT END AT ANGLE",07142003,8157,0,2,Injury Collision,,45,Bicycle,Matched,0,1,Overcast,0,"(47.610614154000075, -122.33244672399996)",37014,0,N,07-204157
22702,71068,71068,Intersection,Cycles,0,,,0,,12/11/2007 12:00:00 AM +0000,12/11/2007 2:34:00 PM,1,25423,At Intersection (intersection related),Daylight,14TH AVE NW AND NW MARKET ST,0,1,Y,2,2881150,Dry,18,"MOTOR VEHICLE STRUCK PEDALCYCLIST, FRONT END AT ANGLE",07345004,1895,0,2,Injury Collision,,45,Bicycle,Matched,0,1,Clear or Partly Cloudy,0,"(47.66866536800006, -122.37358850399994)",26709,0,N,07-496808
22705,71067,71067,Block,Cycles,57.5,,,0,,12/11/2007 12:00:00 AM +0000,12/11/2007 8:45:00 AM,1,,Mid-Block (not related to intersection),Daylight,FAUNTLEROY WAY SW BETWEEN 44TH AVE SW AND FAUNTLEROY WR N WAY SW,0,1,Y,2,2792601,Dry,18,"MOTOR VEHICLE STRUCK PEDALCYCLIST, FRONT END AT ANGLE",07345005,10401,0,2,Injury Collision,,45,Bicycle,Matched,0,1,Clear or Partly Cloudy,0,"(47.54458200100004, -122.38892295499994)",0,0,N,07-496434
22721,71469,71469,Intersection,Cycles,0,,,0,Y,05/14/2007 12:00:00 AM +0000,5/14/2007 7:45:00 PM,1,25789,At Intersection (intersection related),Daylight,ROOSEVELT WAY NE AND NE 50TH ST,0,1,,2,2609933,Dry,51,PEDALCYCLIST STRUCK MOTOR VEHICLE FRONT END AT ANGLE,07134001,12601,0,2,Injury Collision,,45,Bicycle,Matched,0,1,Clear or Partly Cloudy,0,"(47.664937344000066, -122.31740379099995)",9124,0,N,07-193017
22725,71333,71333,Block,Cycles,213, ,,0,,07/15/2007 12:00:00 AM +0000,7/15/2007 1:14:00 PM,1,,Mid-Block (not related to intersection),Daylight,WESTERN AVE BETWEEN BLANCHARD ST AND BELL ST,0,1,Y,2,2618330,Dry,18,"MOTOR VEHICLE STRUCK PEDALCYCLIST, FRONT END AT ANGLE",07196001,13508,0,2,Injury Collision,,45,Bicycle,Matched,0,1,Clear or Partly Cloudy,0,"(47.61232510100007, -122.34672087299998)",0,523763,N,07-288972
22728,71204,71204,Block,Cycles,218,,,0,Y,05/01/2007 12:00:00 AM +0000,5/1/2007,1,,Driveway Junction,Daylight,EASTLAKE AVE E BETWEEN HARVARD AVE E AND FUHRMAN AVE E,0,1,Y,3,2805830,Dry,18,"MOTOR VEHICLE STRUCK PEDALCYCLIST, FRONT END AT ANGLE",07121007,10184,0,2,Injury Collision,,45,Bicycle,Matched,0,1,Clear or Partly Cloudy,0,"(47.65104751100006, -122.32168580199999)",6064,0,N,07-173678
22801,71451,71451,Block,Cycles,71.5,,,0,,05/18/2007 12:00:00 AM +0000,5/18/2007 11:23:00 AM,1,,Mid-Block (but intersection related),Daylight,E OLIVE WAY BETWEEN BELMONT AVE E AND BOYLSTON W AVE E,0,1,,1,2621742,Dry,69,PEDALCYCLIST OVERTURNED IN ROAD,07138009,14588,0,2,Injury Collision,,45,Bicycle,Matched,0,0,Clear or Partly Cloudy,0,"(47.61974514500008, -122.32374795099997)",23250,0,N,07-198418
22811,71184,71184,Block,Cycles,108.5,,,0,,07/14/2007 12:00:00 AM +0000,7/14/2007 7:38:00 AM,0,,Mid-Block (not related to intersection),Daylight,LAKESIDE AVE S BETWEEN S LESCHI PL AND S JACKSON ST,0,1,,2,2792338,Dry,54,PEDALCYCLIST STRUCK MOTOR VEHICLE REAR END,07195006,11259,0,1,Property Damage Only Collision,,45,Bicycle,Matched,0,1,Clear or Partly Cloudy,0,"(47.59937385000006, -122.286507831)",0,0,N,07-287164
22825,70522,70522,Intersection,Cycles,0,,,0,,06/28/2007 12:00:00 AM +0000,6/28/2007 8:30:00 AM,1,29515,At Intersection (intersection related),Daylight,DENNY WAY AND DEXTER AVE,0,1,,2,2607897,Wet,18,"MOTOR VEHICLE STRUCK PEDALCYCLIST, FRONT END AT ANGLE",07179008,10011,1,2b,Serious Injury Collision,,45,Bicycle,Matched,0,1,Raining,0,"(47.618550165000045, -122.34240185299996)",12567,0,N,07-261408
22949,70872,70872,Intersection,Cycles,0,,,0,,07/08/2007 12:00:00 AM +0000,7/8/2007,1,29220,At Intersection (intersection related),Daylight,28TH AVE E AND E WARD ST,0,1,,2,2792364,Dry,51,PEDALCYCLIST STRUCK MOTOR VEHICLE FRONT END AT ANGLE,07189007,4105,0,2,Injury Collision,,45,Bicycle,Matched,0,1,Clear or Partly Cloudy,0,"(47.62738580000007, -122.29639627199998)",0,0,N,07-277839
23158,70564,70564,Intersection,Cycles,0, ,,0,,05/06/2007 12:00:00 AM +0000,5/6/2007,0,36052,At Intersection (intersection related),Dusk,LAKE CITY WAY NE AND NE 130TH ST,0,1,,3,2603719,Dry,18,"MOTOR VEHICLE STRUCK PEDALCYCLIST, FRONT END AT ANGLE",07126022,11185,0,1,Property Damage Only Collision,,45,Bicycle,Matched,0,1,Clear or Partly Cloudy,0,"(47.722899066000025, -122.29319374499994)",0,630790,N,07-181077
23175,70689,70689,Block,Cycles,130,,,0,,03/15/2007 12:00:00 AM +0000,3/15/2007 8:08:00 PM,1,,Driveway Junction,Dark - Street Lights On,15TH AVE NW BETWEEN NW 64TH ST AND NW 65TH ST,0,1,Y,2,2624522,Wet,18,"MOTOR VEHICLE STRUCK PEDALCYCLIST, FRONT END AT ANGLE",07074006,2111,0,2,Injury Collision,,45,Bicycle,Matched,0,1,Raining,0,"(47.67563448100003, -122.37621067499998)",0,0,N,07-106420
23257,70551,70551,Intersection,Cycles,0, ,,0,,06/17/2007 12:00:00 AM +0000,6/17/2007 1:40:00 PM,1,25132,At Intersection (intersection related),Daylight,24TH AVE NW AND NW 58TH ST,0,1,Y,3,2795036,Dry,18,"MOTOR VEHICLE STRUCK PEDALCYCLIST, FRONT END AT ANGLE",07168001,3593,0,2,Injury Collision,,45,Bicycle,Matched,0,1,Clear or Partly Cloudy,0,"(47.670916205000026, -122.38758736899996)",0,520925,N,07-244584
23328,70787,70787,Intersection,Cycles,0,,,0,,05/15/2007 12:00:00 AM +0000,5/15/2007 6:01:00 PM,1,26688,At Intersection (intersection related),Daylight,3RD AVE W AND W NICKERSON ST,0,1,Y,3,2825484,Dry,18,"MOTOR VEHICLE STRUCK PEDALCYCLIST, FRONT END AT ANGLE",07135011,4570,0,2,Injury Collision,,45,Bicycle,Matched,0,1,Clear or Partly Cloudy,0,"(47.65082920700007, -122.36087725499999)",12501,0,N,07-194341
23381,70386,70386,Intersection,Cycles,0,,,0,,03/07/2007 12:00:00 AM +0000,3/7/2007,1,29539,At Intersection (intersection related),Dark - Street Lights On,8TH AVE AND STEWART ST,0,1,,2,2620915,Dry,23,"MOTOR VEHICLE STRUCK PEDALCYCLIST, LEFT SIDE SIDESWIPE",07066012,8283,0,2,Injury Collision,,45,Bicycle,Matched,0,1,Clear or Partly Cloudy,0,"(47.61495251800005, -122.33529537599998)",0,0,N,07-093878
23404,70373,70373,Block,Cycles,143,,,0,,09/03/2007 12:00:00 AM +0000,9/3/2007,0,,Driveway Junction,Unknown,NE 47TH ST BETWEEN 7TH AVE NE AND 8TH AVE NE,0,1,,3,2792498,Unknown,18,"MOTOR VEHICLE STRUCK PEDALCYCLIST, FRONT END AT ANGLE",07246004,16890,0,1,Property Damage Only Collision,,45,Bicycle,Matched,0,1,Unknown,0,"(47.66313667600008, -122.32013700399995)",0,0,N,07-364 729
23411,70391,70391,Intersection,Cycles,0,,,0,,07/13/2007 12:00:00 AM +0000,7/13/2007 2:04:00 PM,1,38474,At Intersection (intersection related),Daylight,TERRACE ST AND YESLER WAY,0,1,Y,2,2791411,Dry,18,"MOTOR VEHICLE STRUCK PEDALCYCLIST, FRONT END AT ANGLE",07194005,13095,0,2,Injury Collision,,45,Bicycle,Matched,0,1,Clear or Partly Cloudy,0,"(47.60172128500005, -122.32902105199997)",9972,0,N,07-285720
23560,69948,69948,Alley,Cycles,,,,0,,05/19/2007 12:00:00 AM +0000,5/19/2007 6:30:00 PM,1,,Mid-Block (not related to intersection),Daylight,,0,1,,2,2798416,Wet,18,"MOTOR VEHICLE STRUCK PEDALCYCLIST, FRONT END AT ANGLE",07139004,,0,2,Injury Collision,,45,Bicycle,Matched,0,1,Overcast,0,,0,0,N,07-200660
23617,70181,70181,Intersection,Cycles,0,,,0,,06/02/2007 12:00:00 AM +0000,6/2/2007,1,29086,At Intersection (intersection related),Dark - Street Lights On,BELMONT AVE E AND LAKEVIEW BLVD E,0,1,,1,2792129,Dry,69,PEDALCYCLIST OVERTURNED IN ROAD,07153001,11278,1,2b,Serious Injury Collision,,45,Bicycle,Matched,1,0,Clear or Partly Cloudy,0,"(47.62832451000003, -122.32709992299999)",36179,0,N,07-222186
23624,70055,70055,Block,Cycles,135,,,0,,08/15/2007 12:00:00 AM +0000,8/15/2007 7:20:00 AM,1,,Driveway Junction,Daylight,STONE WAY N BETWEEN N 45TH ST AND N 46TH ST,0,1,Y,3,2829684,Dry,18,"MOTOR VEHICLE STRUCK PEDALCYCLIST, FRONT END AT ANGLE",07227004,12969,1,2b,Serious Injury Collision,,45,Bicycle,Matched,0,1,Clear or Partly Cloudy,0,"(47.661753944000054, -122.34213066499996)",6394,0,N,07-335433
23629,70323,70323,Intersection,Cycles,0,,,0,,07/26/2007 12:00:00 AM +0000,7/26/2007 7:35:00 PM,1,30974,At Intersection (intersection related),Daylight,61ST AVE SW AND SW STEVENS ST,0,1,,2,2613598,Dry,18,"MOTOR VEHICLE STRUCK PEDALCYCLIST, FRONT END AT ANGLE",07207002,8087,1,2b,Serious Injury Collision,,45,Bicycle,Matched,0,1,Clear or Partly Cloudy,0,"(47.57774170500005, -122.41068633099997)",0,0,N,07-306057
23643,70175,70175,Intersection,Cycles,0,,,0,,06/08/2007 12:00:00 AM +0000,6/8/2007,1,32070,At Intersection (intersection related),Daylight,DELRIDGE WAY SW AND SW OREGON ST,0,1,,2,2798703,Dry,18,"MOTOR VEHICLE STRUCK PEDALCYCLIST, FRONT END AT ANGLE",07159002,9963,0,2,Injury Collision,,45,Bicycle,Matched,0,1,Clear or Partly Cloudy,0,"(47.56289684500007, -122.36336114699998)",22928,0,N,07-230256
23648,70046,70046,Block,Cycles,390,,,0,,04/16/2007 12:00:00 AM +0000,4/16/2007 5:00:00 PM,0,,Driveway Junction,Daylight,WESTLAKE AVE N BETWEEN 8TH N AVE N AND BLAINE ST,0,1,Y,2,2802387,Dry,18,"MOTOR VEHICLE STRUCK PEDALCYCLIST, FRONT END AT ANGLE",07106001,13542,0,1,Property Damage Only Collision,,45,Bicycle,Matched,0,1,Clear or Partly Cloudy,0,"(47.63359097400007, -122.34052541699998)",0,0,N,07-152049
23735,70451,70451,Intersection,Cycles,0,,,0,,08/24/2007 12:00:00 AM +0000,8/24/2007 7:20:00 PM,1,34479,At Intersection (intersection related),Dusk,RAINIER AVE S AND S AUSTIN ST,0,1,Y,2,2797239,Dry,18,"MOTOR VEHICLE STRUCK PEDALCYCLIST, FRONT END AT ANGLE",07236008,12411,0,2,Injury Collision,,45,Bicycle,Matched,0,1,Clear or Partly Cloudy,0,"(47.53467180200005, -122.26999025799995)",0,0,N,07-349710
23795,70416,70416,Block,Cycles,988,,,0,,11/16/2007 12:00:00 AM +0000,11/16/2007 7:58:00 AM,2,,Mid-Block (not related to intersection),Daylight,MAGNOLIA BR BETWEEN W GARFIELD ST OFF RP AND W GALER ST,1,1,Y,2,2804880,Dry,64,PEDALCYCLIST STRUCK PEDESTRIAN,07320006,11605,0,2,Injury Collision,,45,Bicycle,Matched,0,0,Overcast,0,"(47.63347634100006, -122.38743485599997)",0,0,N,07-465356
23812,70019,70019,Intersection,Cycles,0,,,0,,04/07/2007 12:00:00 AM +0000,4/7/2007,1,25490,At Intersection (intersection related),Unknown,EAST GREEN LAKE WAY N AND N 57TH ST,0,1,Y,2,2803176,Unknown,18,"MOTOR VEHICLE STRUCK PEDALCYCLIST, FRONT END AT ANGLE",07097004,14073,1,2b,Serious Injury Collision,,45,Bicycle,Matched,0,1,Unknown,0,"(47.67020367600003, -122.33990391199995)",41100,0,N,07-140579
23850,70398,70398,Block,Cycles,166.5,,,0,,08/08/2007 12:00:00 AM +0000,8/8/2007,0,,Mid-Block (not related to intersection),Daylight,OCCIDENTAL AVE S BETWEEN S JACKSON ST AND S KING E ST,0,1,,2,2606529,Dry,18,"MOTOR VEHICLE STRUCK PEDALCYCLIST, FRONT END AT ANGLE",07220005,12023,0,1,Property Damage Only Collision,,45,Bicycle,Matched,0,1,Clear or Partly Cloudy,0,"(47.59874765700005, -122.33288401699997)",0,0,N,07-325410
23858,69482,69482,Block,Cycles,213,,,0,,08/06/2007 12:00:00 AM +0000,8/6/2007,1,,Mid-Block (not related to intersection),Daylight,ELLIOTT AVE BETWEEN BELL ST AND BATTERY ST,0,1,,2,C691056,Dry,55,PEDALCYCLIST STRUCK MOTOR VEHICLE RIGHT SIDE SIDESWIPE,07218029,10203,0,2,Injury Collision,,45,Bicycle,Matched,0,1,Clear or Partly Cloudy,0,"(47.61242924800007, -122.348880727)",13185,0,N,
23901,69721,69721,Intersection,Cycles,0,,,0,Y,08/23/2007 12:00:00 AM +0000,8/23/2007 7:25:00 AM,1,29747,At Intersection (intersection related),Daylight,11TH AVE AND E PIKE ST,0,1,Y,2,2827629,Dry,18,"MOTOR VEHICLE STRUCK PEDALCYCLIST, FRONT END AT ANGLE",07235002,1382,0,2,Injury Collision,,45,Bicycle,Matched,0,1,Clear or Partly Cloudy,0,"(47.61409443200006, -122.31814094999999)",31243,0,N,07-347219
24024,69831,69831,Intersection,Cycles,0,,,0,,11/28/2007 12:00:00 AM +0000,11/28/2007 10:30:00 PM,1,25793,At Intersection (intersection related),Dark - Street Lights On,UNIVERSITY WAY NE AND NE 50TH ST,0,1,,2,C695696,Wet,18,"MOTOR VEHICLE STRUCK PEDALCYCLIST, FRONT END AT ANGLE",07332041,13224,0,2,Injury Collision,,45,Bicycle,Matched,0,1,Overcast,0,"(47.66490072400006, -122.31307415999999)",21411,0,N,
24039,69809,69809,Intersection,Cycles,0, ,,0,,06/18/2007 12:00:00 AM +0000,6/18/2007 5:48:00 AM,1,29911,At Intersection (intersection related),Daylight,7TH AVE AND UNION ST,0,1,,2,2608348,Wet,18,"MOTOR VEHICLE STRUCK PEDALCYCLIST, FRONT END AT ANGLE",07169001,8157,0,2,Injury Collision,,45,Bicycle,Matched,0,1,Overcast,0,"(47.610614154000075, -122.33244672399996)",37095,0,N,07-245476
24049,69434,69434,Block,Cycles,331,,,0,,02/09/2007 12:00:00 AM +0000,2/9/2007,1,,Mid-Block (not related to intersection),Daylight,11TH AVE NE BETWEEN NE 47TH ST AND NE 50TH ST,0,1,,2,2609840,Dry,18,"MOTOR VEHICLE STRUCK PEDALCYCLIST, FRONT END AT ANGLE",07040004,1410,0,2,Injury Collision,,45,Bicycle,Matched,0,1,Overcast,0,"(47.66401835600004, -122.31634655099998)",9010,0,N,07-057705
24133,69931,69931,Block,Cycles,262,,,0,,12/27/2007 12:00:00 AM +0000,12/27/2007 6:38:00 PM,0,,Driveway Junction,Dark - Street Lights On,S ALASKA ST BETWEEN RAINIER AVE S AND 38TH AVE S,0,1,,2,2907451,Wet,18,"MOTOR VEHICLE STRUCK PEDALCYCLIST, FRONT END AT ANGLE",07361006,19311,0,1,Property Damage Only Collision,,45,Bicycle,Matched,0,1,Raining,0,"(47.56074452000007, -122.28596862299997)",0,0,N,2007-515929
24140,69914,69914,Block,Cycles,661,,,0,,08/29/2007 12:00:00 AM +0000,8/29/2007 6:39:00 PM,1,,Mid-Block (not related to intersection),Daylight,25TH AVE NE BETWEEN NE 60TH ST AND NE 65TH ST,0,1,,4,2880831,Dry,23,"MOTOR VEHICLE STRUCK PEDALCYCLIST, LEFT SIDE SIDESWIPE",07241004,3727,0,2,Injury Collision,,45,Bicycle,Matched,0,1,Clear or Partly Cloudy,0,"(47.67396072400004, -122.30064519199999)",0,0,N,07-357133
24230,69639,69639,Block,Cycles,1967,,,0,,08/13/2007 12:00:00 AM +0000,8/13/2007 5:41:00 PM,1,,Mid-Block (not related to intersection),Daylight,AIRPORT WAY S BETWEEN CITY LIMITS C AND S NORFOLK ST,0,1,,3,2796740,Dry,51,PEDALCYCLIST STRUCK MOTOR VEHICLE FRONT END AT ANGLE,07225004,8702,0,2,Injury Collision,,45,Bicycle,Matched,0,1,Clear or Partly Cloudy,0,"(47.51412594400006, -122.28840763199997)",19366,0,N,07-333-119
24260,69756,69756,Intersection,Cycles,0,,,0,,01/03/2007 12:00:00 AM +0000,1/3/2007,1,29055,At Intersection (intersection related),Dark - Street Lights On,12TH AVE E AND E JOHN ST,0,1,,2,2621207,Dry,51,PEDALCYCLIST STRUCK MOTOR VEHICLE FRONT END AT ANGLE,07003004,1551,0,2,Injury Collision,,45,Bicycle,Matched,0,1,Clear or Partly Cloudy,0,"(47.61993670700008, -122.31692834199998)",35229,0,N,06-003859
24272,69771,69771,Intersection,Cycles,0,,,0,,09/28/2007 12:00:00 AM +0000,9/28/2007 7:32:00 AM,1,37430,At Intersection (intersection related),Daylight,DAYTON AVE N AND N 92ND ST,0,1,,3,2881163,Dry,18,"MOTOR VEHICLE STRUCK PEDALCYCLIST, FRONT END AT ANGLE",07271007,9931,1,2b,Serious Injury Collision,,45,Bicycle,Matched,0,1,Overcast,0,"(47.696020184000076, -122.35266730799998)",0,0,N,07-400283
24291,69887,69887,Intersection,Cycles,0,,,0,,09/05/2007 12:00:00 AM +0000,9/5/2007,1,28775,At Intersection (intersection related),Daylight,DEXTER AVE N AND REPUBLICAN ST,0,1,,2,2804685,Dry,18,"MOTOR VEHICLE STRUCK PEDALCYCLIST, FRONT END AT ANGLE",07248002,10075,1,2b,Serious Injury Collision,,45,Bicycle,Matched,0,1,Clear or Partly Cloudy,0,"(47.62322375000008, -122.34236126699994)",12628,0,N,07 367638
24293,69763,69763,Intersection,Cycles,0, ,,0,,07/06/2007 12:00:00 AM +0000,7/6/2007,1,28915,At Intersection (intersection related),Daylight,4TH AVE N AND MERCER ST,0,1,Y,2,2793624,Dry,18,"MOTOR VEHICLE STRUCK PEDALCYCLIST, FRONT END AT ANGLE",07187014,6148,0,2,Injury Collision,Y,45,Bicycle,Matched,0,1,Clear or Partly Cloudy,0,"(47.624564331000045, -122.34887678099994)",0,521962,N,07-274666
24322,69495,69495,Intersection,Cycles,0,,,0,,11/17/2007 12:00:00 AM +0000,11/17/2007 9:17:00 PM,1,37367,At Intersection (intersection related),Dark - Street Lights On,AURORA AVE N AND N 85TH ST,0,1,,2,2614671,Dry,51,PEDALCYCLIST STRUCK MOTOR VEHICLE FRONT END AT ANGLE,07321003,8963,0,2,Injury Collision,,45,Bicycle,Matched,0,1,Overcast,0,"(47.690562587000045, -122.34452192099997)",16438,0,N,07-467624
24341,69621,69621,Intersection,Cycles,0, ,,0,,04/18/2007 12:00:00 AM +0000,4/18/2007 10:30:00 PM,0,27167,At Intersection (intersection related),Dark - Street Lights On,UNIVERSITY WAY NE AND NE PACIFIC ST,0,1,Y,2,2501875,Wet,18,"MOTOR VEHICLE STRUCK PEDALCYCLIST, FRONT END AT ANGLE",07108048,13215,0,1,Property Damage Only Collision,,45,Bicycle,Matched,0,1,Raining,0,"(47.65339944100003, -122.31333457599999)",0,522415,N,07-000873
24374,69738,69738,Intersection,Cycles,0, ,,0,,08/22/2007 12:00:00 AM +0000,8/22/2007 4:38:00 PM,1,34082,At Intersection (intersection related),Daylight,HIGHLAND PARK WAY SW AND WEST MARGINAL WAY SW,0,1,Y,3,2827471,Dry,18,"MOTOR VEHICLE STRUCK PEDALCYCLIST, FRONT END AT ANGLE",07234029,10898,0,2,Injury Collision,,45,Bicycle,Matched,0,1,Clear or Partly Cloudy,0,"(47.540352977000055, -122.34218139199999)",0,525317,N,07-346309
24382,69490,69490,Intersection,Cycles,0,,,0,,01/25/2007 12:00:00 AM +0000,1/25/2007 6:40:00 PM,0,29757,At Intersection (intersection related),Dark - Street Lights On,BROADWAY AND E UNION ST,0,1,,5,2803431,Wet,18,"MOTOR VEHICLE STRUCK PEDALCYCLIST, FRONT END AT ANGLE",07025002,9446,0,1,Property Damage Only Collision,,45,Bicycle,Matched,0,1,Clear or Partly Cloudy,0,"(47.61296336300006, -122.32076237799998)",9235,0,N,07-035687
24394,69868,69868,Intersection,Cycles,0,,,0,,09/07/2007 12:00:00 AM +0000,9/7/2007,1,23879,At Intersection (intersection related),Daylight,18TH AVE NW AND NW 80TH ST,0,1,Y,2,2799032,Dry,51,PEDALCYCLIST STRUCK MOTOR VEHICLE FRONT END AT ANGLE,07250002,2584,1,2b,Serious Injury Collision,,45,Bicycle,Matched,0,1,Clear or Partly Cloudy,0,"(47.68685575100005, -122.38001421799999)",27509,0,N,07-371105
24407,68947,68947,Intersection,Cycles,0,,,0,,10/03/2007 12:00:00 AM +0000,10/3/2007,1,29529,At Intersection (intersection related),Daylight,7TH AVE AND BLANCHARD ST,0,1,,3,2804903,Dry,51,PEDALCYCLIST STRUCK MOTOR VEHICLE FRONT END AT ANGLE,07276031,8165,0,2,Injury Collision,,45,Bicycle,Matched,0,1,Overcast,0,"(47.61659465400004, -122.34005494499996)",14209,0,N,07-407064
24431,69191,69191,Intersection,Cycles,0, ,,0,,08/01/2007 12:00:00 AM +0000,8/1/2007,1,29772,At Intersection (intersection related),Daylight,BROADWAY AND MADISON ST,0,1,Y,5,2792507,Dry,18,"MOTOR VEHICLE STRUCK PEDALCYCLIST, FRONT END AT ANGLE",07213008,9444,0,2,Injury Collision,,45,Bicycle,Matched,0,1,Clear or Partly Cloudy,0,"(47.61116907600007, -122.32076019899995)",0,523946,N,07-314935
24479,69068,69068,Intersection,Cycles,0,,,0,,03/09/2007 12:00:00 AM +0000,3/9/2007,1,30054,At Intersection (intersection related),Dark - Street Lights On,25TH AVE AND E COLUMBIA ST,0,1,,2,2620787,Wet,51,PEDALCYCLIST STRUCK MOTOR VEHICLE FRONT END AT ANGLE,07068002,3692,0,2,Injury Collision,,45,Bicycle,Matched,0,1,Raining,0,"(47.60901406000005, -122.30015994399997)",0,0,N,07-098026
24528,69058,69058,Block,Cycles,154,,,0,,04/07/2007 12:00:00 AM +0000,4/7/2007,1,,Mid-Block (not related to intersection),Daylight,20TH AVE BETWEEN E JAMES ST AND E CHERRY ST,0,1,,3,2622389,Dry,18,"MOTOR VEHICLE STRUCK PEDALCYCLIST, FRONT END AT ANGLE",07097001,2935,0,2,Injury Collision,,45,Bicycle,Matched,0,1,Overcast,0,"(47.60759287500008, -122.30632189699998)",0,0,N,07-139081
24548,68910,68910,Intersection,Cycles,0,,,0,,02/21/2007 12:00:00 AM +0000,2/21/2007 6:40:00 AM,2,25418,At Intersection (intersection related),Dawn,8TH AVE NW AND NW 56TH ST,0,2,,2,2803327,Dry,58,PEDALCYCLIST STRUCK PEDALCYCLIST FRONT END AT ANGLE,07052003,8385,0,2,Injury Collision,,45,Bicycle,Matched,0,0,Overcast,0,"(47.66943046700004, -122.36617831099994)",2426,0,N,07-74720
24553,69310,69310,Block,Cycles,132,,,0,Y,09/28/2007 12:00:00 AM +0000,9/28/2007 5:28:00 PM,1,,Mid-Block (but intersection related),Daylight,FREMONT AVE N BETWEEN N 104TH ST AND N 105TH ST,0,1,,2,2829746,Dry,18,"MOTOR VEHICLE STRUCK PEDALCYCLIST, FRONT END AT ANGLE",07271001,10547,0,2,Injury Collision,,45,Bicycle,Matched,0,1,Clear or Partly Cloudy,0,"(47.704703951000056, -122.350069486)",0,0,N,07-401001
24596,69034,69034,Intersection,Cycles,0,,,0,,04/09/2007 12:00:00 AM +0000,4/9/2007,1,25756,At Intersection (intersection related),Daylight,ROOSEVELT WAY NE AND NE RAVENNA WB BV,0,1,,2,C684509,Dry,18,"MOTOR VEHICLE STRUCK PEDALCYCLIST, FRONT END AT ANGLE",07099035,12610,0,2,Injury Collision,,45,Bicycle,Matched,0,1,Clear or Partly Cloudy,0,"(47.67226898800004, -122.31736339599996)",0,0,N,
24638,69416,69416,Intersection,Cycles,0,,,0,,07/04/2007 12:00:00 AM +0000,7/4/2007,1,36618,At Intersection (intersection related),Daylight,33RD AVE NE AND NE 120TH ST,0,1,,2,2830058,Dry,51,PEDALCYCLIST STRUCK MOTOR VEHICLE FRONT END AT ANGLE,07185004,5130,0,2,Injury Collision,,45,Bicycle,Matched,0,1,Clear or Partly Cloudy,0,"(47.71553092800008, -122.29285447299998)",0,0,N,07-271322