OBJECTID,INCKEY,COLDETKEY,ADDRTYPE,COLLISIONTYPE,DISTANCE,EXCEPTRSNCODE,EXCEPTRSNDESC,FATALITIES,INATTENTIONIND,INCDATE,INCDTTM,INJURIES,INTKEY,JUNCTIONTYPE,LIGHTCOND,LOCATION,PEDCOUNT,PEDCYLCOUNT,PEDROWNOTGRNT,PERSONCOUNT,REPORTNO,ROADCOND,SDOT_COLCODE,SDOT_COLDESC,SDOTCOLNUM,SEGKEY,SERIOUSINJURIES,SEVERITYCODE,SEVERITYDESC,SPEEDING,ST_COLCODE,ST_COLDESC,STATUS,UNDERINFL,VEHCOUNT,WEATHER,WIDTH,Shape,SEGLANEKEY,CROSSWALKKEY,HITPARKEDCAR,SPDCASENO
24660,69018,69018,Intersection,Cycles,0,,,0,,06/18/2007 12:00:00 AM +0000,6/18/2007 9:02:00 AM,1,29531,At Intersection (intersection related),Daylight,5TH AVE AND BELL ST,0,1,,3,2805760,Dry,23,"MOTOR VEHICLE STRUCK PEDALCYCLIST, LEFT SIDE SIDESWIPE",07169004,7246,0,2,Injury Collision,,45,Bicycle,Matched,0,1,Clear or Partly Cloudy,0,"(47.616032939000036, -122.34307495299998)",14240,0,N,07-245664
24672,69156,69156,Block,Cycles,617,,,0,,05/15/2007 12:00:00 AM +0000,5/15/2007 3:01:00 PM,1,,Driveway Junction,Daylight,HOLMAN RD NW BETWEEN 9TH AVE NW AND 7TH AVE NW,0,1,Y,2,2794884,Dry,18,"MOTOR VEHICLE STRUCK PEDALCYCLIST, FRONT END AT ANGLE",07135007,10943,0,2,Injury Collision,,45,Bicycle,Matched,0,1,Clear or Partly Cloudy,0,"(47.69936489100007, -122.36672257599997)",0,0,N,07-194111
24772,69108,69108,Block,Cycles,238,,,0,,07/27/2007 12:00:00 AM +0000,7/27/2007 6:10:00 PM,1,,Mid-Block (not related to intersection),Daylight,CALIFORNIA AVE SW BETWEEN SW BARTON ST AND SW BRACE POINT E DR,0,1,,2,2826901,Dry,54,PEDALCYCLIST STRUCK MOTOR VEHICLE REAR END,07208003,9590,1,2b,Serious Injury Collision,,45,Bicycle,Matched,0,1,Clear or Partly Cloudy,0,"(47.52181669500004, -122.38746939199996)",29351,0,N,07-307584
24889,69233,69233,Intersection,Cycles,0,,,0,,08/14/2007 12:00:00 AM +0000,8/14/2007 5:53:00 AM,1,35876,At Intersection (intersection related),Dawn,15TH AVE NE AND NE BROCKMAN S PL,0,1,Y,2,2614623,Dry,51,PEDALCYCLIST STRUCK MOTOR VEHICLE FRONT END AT ANGLE,07226005,2090,1,2b,Serious Injury Collision,,45,Bicycle,Matched,0,1,Clear or Partly Cloudy,0,"(47.72399703900004, -122.31266095899997)",13559,0,N,07-333871
24896,68568,68568,Block,Cycles,355,,,0,,08/09/2007 12:00:00 AM +0000,8/9/2007,1,,Mid-Block (not related to intersection),Dark - Street Lights On,15TH AVE E BETWEEN E PROSPECT N ST AND E HIGHLAND DR,0,1,,2,2622162,Dry,21,"MOTOR VEHICLE STRUCK PEDALCYCLIST, REAR END",07221032,2017,0,2,Injury Collision,,45,Bicycle,Matched,1,1,Clear or Partly Cloudy,0,"(47.62966831500006, -122.31253178499998)",8507,0,N,07-326631
24964,68683,68683,Block,Cycles,143,,,0,,09/13/2007 12:00:00 AM +0000,9/13/2007 2:05:00 PM,0,,Mid-Block (not related to intersection),Daylight,NE 50TH ST BETWEEN 7TH AVE NE AND 8TH AVE NE,0,1,Y,2,2829958,Dry,23,"MOTOR VEHICLE STRUCK PEDALCYCLIST, LEFT SIDE SIDESWIPE",07256031,16927,0,1,Property Damage Only Collision,,45,Bicycle,Matched,0,1,Clear or Partly Cloudy,0,"(47.664954108000074, -122.320124411)",21501,0,N,07-379528
25011,68416,68416,Intersection,Cycles,0,,,0,,10/18/2007 12:00:00 AM +0000,10/18/2007 4:35:00 PM,1,29878,At Intersection (intersection related),Daylight,BOREN AVE AND PIKE ST,0,1,Y,2,2828059,Dry,18,"MOTOR VEHICLE STRUCK PEDALCYCLIST, FRONT END AT ANGLE",07291002,9319,0,2,Injury Collision,,45,Bicycle,Matched,0,1,Clear or Partly Cloudy,0,"(47.613465820000044, -122.32891310199994)",31087,0,N,07-427411
25013,68415,68415,Block,Cycles,330,,,0,,10/19/2007 12:00:00 AM +0000,10/19/2007 10:03:00 PM,1,,Mid-Block (not related to intersection),Dark - Street Lights On,LAKE CITY WAY NE BETWEEN NE 143RD ST AND NE 145TH ST,0,2,,4,2830153,Wet,18,"MOTOR VEHICLE STRUCK PEDALCYCLIST, FRONT END AT ANGLE",07292010,11190,1,2b,Serious Injury Collision,,45,Bicycle,Matched,0,1,Raining,0,"(47.73284649900006, -122.29240305399998)",17684,0,N,07-429183
25042,68405,68405,Block,Cycles,161,,,0,,07/20/2007 12:00:00 AM +0000,7/20/2007 8:35:00 AM,0,,Driveway Junction,Daylight,STEWART ST BETWEEN TERRY AVE AND BOREN AVE,0,1,,2,C689381,Wet,51,PEDALCYCLIST STRUCK MOTOR VEHICLE FRONT END AT ANGLE,07201071,12907,0,1,Property Damage Only Collision,,45,Bicycle,Matched,0,1,Raining,0,"(47.61661180900006, -122.33314897999998)",13691,0,N,
25076,68782,68782,Intersection,Cycles,0, ,,0,,01/29/2007 12:00:00 AM +0000,1/29/2007 7:49:00 PM,0,27078,At Intersection (intersection related),Dark - Street Lights On,15TH AVE NE AND NE 43RD ST,0,1,Y,2,2803556,Dry,18,"MOTOR VEHICLE STRUCK PEDALCYCLIST, FRONT END AT ANGLE",07029004,2034,0,1,Property Damage Only Collision,,45,Bicycle,Matched,0,1,Clear or Partly Cloudy,0,"(47.659781475000045, -122.31203248399999)",0,524562,N,07-41462
25093,68403,68403,Intersection,Cycles,0, ,,0,,08/29/2007 12:00:00 AM +0000,8/29/2007 4:47:00 PM,1,28888,At Intersection (intersection related),Daylight,5TH AVE N AND ROY ST,0,1,Y,2,2825845,Dry,18,"MOTOR VEHICLE STRUCK PEDALCYCLIST, FRONT END AT ANGLE",07241052,7265,0,2,Injury Collision,,45,Bicycle,Matched,0,1,Clear or Partly Cloudy,0,"(47.62542294100007, -122.34756482099999)",0,521788,N,07-356994
25383,68705,68705,Block,Cycles,213,,,0,,05/27/2007 12:00:00 AM +0000,5/27/2007 1:05:00 AM,1,,Driveway Junction,Dark - Street Lights On,1ST AVE BETWEEN LENORA ST AND BLANCHARD ST,0,1,Y,2,2825802,Dry,18,"MOTOR VEHICLE STRUCK PEDALCYCLIST, FRONT END AT ANGLE",07147001,1013,0,2,Injury Collision,,45,Bicycle,Matched,0,1,Clear or Partly Cloudy,0,"(47.61222096200004, -122.34456117999997)",13227,0,N,07-211377
25389,68177,68177,Intersection,Cycles,0,,,0,,08/14/2007 12:00:00 AM +0000,8/14/2007 5:59:00 PM,1,30173,At Intersection (intersection related),Daylight,23RD AVE AND E CHERRY ST,0,1,Y,2,2827234,Dry,18,"MOTOR VEHICLE STRUCK PEDALCYCLIST, FRONT END AT ANGLE",07226004,3359,1,2b,Serious Injury Collision,,45,Bicycle,Matched,0,1,Clear or Partly Cloudy,0,"(47.60800896100005, -122.30276995599996)",9564,0,N,07-354665
25417,67910,67910,Intersection,Cycles,0,,,0,,06/28/2007 12:00:00 AM +0000,6/28/2007 5:36:00 PM,1,35429,At Intersection (intersection related),Daylight,SEWARD PARK AVE S AND S CLOVERDALE ST,0,1,Y,2,2796808,Dry,18,"MOTOR VEHICLE STRUCK PEDALCYCLIST, FRONT END AT ANGLE",07179058,12812,0,2,Injury Collision,,45,Bicycle,Matched,0,1,Overcast,0,"(47.52673429600003, -122.26491262299999)",0,0,N,07-262043
25425,68310,68310,Block,Cycles,183.5,,,0,,03/24/2007 12:00:00 AM +0000,3/24/2007 2:57:00 AM,1,,Mid-Block (not related to intersection),Dark - Street Lights On,AIRPORT WAY S BETWEEN S DAKOTA ST AND S ADAMS ST,0,1,,2,2404474,Wet,21,"MOTOR VEHICLE STRUCK PEDALCYCLIST, REAR END",07083008,8681,1,2b,Serious Injury Collision,,45,Bicycle,Matched,1,1,Raining,0,"(47.56669444800008, -122.32267394699994)",20740,0,N,07-118787
25522,68296,68296,Intersection,Cycles,0,,,0,,02/06/2007 12:00:00 AM +0000,2/6/2007,1,30024,At Intersection (intersection related),Dark - Street Lights On,26TH AVE AND E UNION ST,0,1,Y,2,2621296,Wet,18,"MOTOR VEHICLE STRUCK PEDALCYCLIST, FRONT END AT ANGLE",07037004,3836,1,2b,Serious Injury Collision,,45,Bicycle,Matched,0,1,Raining,0,"(47.61293104200007, -122.29880591999995)",9402,0,N,07-53231
25526,68293,68293,Block,Cycles,270,,,0,,03/28/2007 12:00:00 AM +0000,3/28/2007 3:50:00 PM,1,,Mid-Block (not related to intersection),Daylight,UNIVERSITY WAY NE BETWEEN NE 41ST ST AND NE 42ND ST,0,1,,3,2802761,Dry,56,PEDALCYCLIST STRUCK MOTOR VEHICLE LEFT SIDE SIDESWIPE,07087006,13219,0,2,Injury Collision,,45,Bicycle,Matched,0,2,Clear or Partly Cloudy,0,"(47.65757316600008, -122.31322662399998)",30525,0,N,07-124788
25531,68015,68015,Intersection,Cycles,0,,,0,,11/27/2007 12:00:00 AM +0000,11/27/2007 3:47:00 PM,1,25532,At Intersection (intersection related),Dusk,STONE AVE N AND N 50TH ST,0,1,,3,2893294,Dry,51,PEDALCYCLIST STRUCK MOTOR VEHICLE FRONT END AT ANGLE,07331007,15646,0,2,Injury Collision,,45,Bicycle,Matched,0,1,Clear or Partly Cloudy,0,"(47.66503744200003, -122.342082044)",0,0,N,07-479130
25541,68021,68021,Intersection,Cycles,0, ,,0,,10/12/2007 12:00:00 AM +0000,10/12/2007 10:15:00 AM,1,26679,At Intersection (intersection related),Daylight,1ST AVE NW AND NW 36TH ST,0,0,,2,C693457,Dry,51,PEDALCYCLIST STRUCK MOTOR VEHICLE FRONT END AT ANGLE,07285049,1115,0,2,Injury Collision,,45,Bicycle,Matched,0,2,Overcast,0,"(47.65296538800004, -122.35766174699995)",17466,0,N,
25618,68122,68122,Intersection,Cycles,0,,,0,,07/13/2007 12:00:00 AM +0000,7/13/2007 10:45:00 AM,1,33499,At Intersection (intersection related),Daylight,RAINIER AVE S AND S BRANDON ST,0,1,Y,2,2614487,Dry,18,"MOTOR VEHICLE STRUCK PEDALCYCLIST, FRONT END AT ANGLE",07194042,12391,0,2,Injury Collision,,45,Bicycle,Matched,0,1,Clear or Partly Cloudy,0,"(47.553404802000045, -122.27965845499995)",23898,0,N,07-285483
25664,68117,68117,Block,Cycles,41,,,0,,02/21/2007 12:00:00 AM +0000,2/21/2007 3:44:00 PM,1,,Mid-Block (not related to intersection),Daylight,E MADISON ST BETWEEN M L KING JR WAY E AND 28TH AVE E,0,1,,2,2805905,Dry,56,PEDALCYCLIST STRUCK MOTOR VEHICLE LEFT SIDE SIDESWIPE,07052002,14361,0,2,Injury Collision,,45,Bicycle,Matched,0,1,Clear or Partly Cloudy,0,"(47.62339568600004, -122.29630786299998)",34601,0,N,07-75295
25827,68199,68199,Block,Cycles,124.5,,,0,,02/01/2007 12:00:00 AM +0000,2/1/2007,1,,Driveway Junction,Dark - Street Lights On,NE 45TH ST BETWEEN 1ST AVE NE AND 2ND AVE NE,0,1,Y,2,2795181,Dry,51,PEDALCYCLIST STRUCK MOTOR VEHICLE FRONT END AT ANGLE,07032034,16838,0,2,Injury Collision,,45,Bicycle,Matched,0,1,Clear or Partly Cloudy,0,"(47.661357277000036, -122.32775751099996)",6532,0,N,07-045945
26010,67379,67379,Block,Cycles,213,,,0,,08/10/2007 12:00:00 AM +0000,8/10/2007 9:04:00 AM,1,,Driveway Junction,Daylight,2ND AVE BETWEEN UNIVERSITY ST AND UNION ST,0,1,Y,2,2607599,Dry,18,"MOTOR VEHICLE STRUCK PEDALCYCLIST, FRONT END AT ANGLE",07222007,2756,1,2b,Serious Injury Collision,,45,Bicycle,Matched,0,1,Clear or Partly Cloudy,0,"(47.60779445000003, -122.33754000999994)",12162,0,N,07-328332
26034,67373,67373,Intersection,Cycles,0,,,0,,08/26/2007 12:00:00 AM +0000,8/26/2007 2:44:00 PM,1,33878,At Intersection (intersection related),Daylight,LINCOLN PARK WAY SW AND MURRAY AVE SW,0,1,Y,2,2827160,Dry,18,"MOTOR VEHICLE STRUCK PEDALCYCLIST, FRONT END AT ANGLE",07238001,11388,1,2b,Serious Injury Collision,,45,Bicycle,Matched,0,1,Clear or Partly Cloudy,0,"(47.53991622400008, -122.39537932099995)",29430,0,N,07-352403
26130,67346,67346,Intersection,Cycles,0, ,,0,,03/07/2007 12:00:00 AM +0000,3/7/2007,0,29577,At Intersection (intersection related),Dark - Street Lights On,5TH AVE AND PINE ST,0,1,,2,2608940,Wet,51,PEDALCYCLIST STRUCK MOTOR VEHICLE FRONT END AT ANGLE,07066002,7239,0,1,Property Damage Only Collision,,45,Bicycle,Matched,0,1,Overcast,0,"(47.61167201000006, -122.33648396599995)",0,630800,N,07-095089
26159,67717,67717,Block,Cycles,131,,,0,,11/01/2007 12:00:00 AM +0000,11/1/2007,1,,Mid-Block (not related to intersection),Dark - Street Lights On,E PIKE ST BETWEEN BELMONT AVE AND BOYLSTON AVE,0,1,,2,2827530,Dry,54,PEDALCYCLIST STRUCK MOTOR VEHICLE REAR END,07305006,14597,0,2,Injury Collision,,45,Bicycle,Matched,0,1,Clear or Partly Cloudy,0,"(47.61410020100004, -122.32392864299999)",31166,0,N,07-445723
26210,67707,67707,Block,Cycles,166.5,,,0,,03/25/2007 12:00:00 AM +0000,3/25/2007 2:05:00 PM,1,,Mid-Block (not related to intersection),Daylight,SW BARTON ST BETWEEN 25TH AVE SW AND 26TH AVE SW,0,1,,2,2798486,Dry,51,PEDALCYCLIST STRUCK MOTOR VEHICLE FRONT END AT ANGLE,07084003,21845,0,2,Injury Collision,,45,Bicycle,Matched,0,1,Clear or Partly Cloudy,0,"(47.52102253900006, -122.36521899599995)",0,0,N,07-120435
26343,67683,67683,Block,Cycles,213,,,0,,02/06/2007 12:00:00 AM +0000,2/6/2007,0,,Mid-Block (not related to intersection),Daylight,NE CAMPUS EB PY BETWEEN NE CAMPUS PY OFF RP AND 12TH AVE NE,0,1,,2,2611337,Dry,21,"MOTOR VEHICLE STRUCK PEDALCYCLIST, REAR END",07037003,17986,0,1,Property Damage Only Collision,,45,Bicycle,Matched,0,1,Overcast,0,"(47.65602141900007, -122.31643796699996)",30451,0,N,07-052846
26375,67542,67542,Block,Cycles,551.5,,,0,,10/23/2007 12:00:00 AM +0000,10/23/2007 5:14:00 PM,1,,Driveway Junction,Daylight,ALKI AVE SW BETWEEN SW ARKANSAS ST AND SW HAMPSHIRE ST,0,1,Y,2,2619050,Dry,18,"MOTOR VEHICLE STRUCK PEDALCYCLIST, FRONT END AT ANGLE",07296005,8785,0,2,Injury Collision,,45,Bicycle,Matched,0,1,Clear or Partly Cloudy,0,"(47.589503782000065, -122.39412509399995)",3594,0,N,07-434159
26378,67539,67539,Intersection,Cycles,0,,,0,,12/06/2007 12:00:00 AM +0000,12/6/2007,1,29968,At Intersection (intersection related),Daylight,2ND AVE AND MARION ST,0,1,,2,2797726,Dry,18,"MOTOR VEHICLE STRUCK PEDALCYCLIST, FRONT END AT ANGLE",07340036,2752,1,2b,Serious Injury Collision,,45,Bicycle,Matched,0,1,Clear or Partly Cloudy,0,"(47.60444646500008, -122.33447723499995)",12103,0,N,07-490432
26443,66868,66868,Block,Cycles,212.5,,,0,Y,04/30/2007 12:00:00 AM +0000,4/30/2007 9:37:00 AM,1,,Driveway Junction,Daylight,5TH AVE N BETWEEN BROAD ST AND HARRISON ST,0,1,,2,2807311,Dry,18,"MOTOR VEHICLE STRUCK PEDALCYCLIST, FRONT END AT ANGLE",07120001,7252,0,2,Injury Collision,,45,Bicycle,Matched,0,1,Clear or Partly Cloudy,0,"(47.62148874700006, -122.34759660299994)",20363,0,N,07-171771
26446,66866,66866,Block,Cycles,330.5,,,0,,01/27/2007 12:00:00 AM +0000,1/27/2007 1:00:00 PM,0,,Driveway Junction,Daylight,ELLIOTT AVE BETWEEN BAY ST AND W DENNY WAY,0,1,,2,C681000,Dry,18,"MOTOR VEHICLE STRUCK PEDALCYCLIST, FRONT END AT ANGLE",07027040,10210,0,1,Property Damage Only Collision,,45,Bicycle,Matched,0,1,Clear or Partly Cloudy,0,"(47.61795105200008, -122.35756633599999)",0,0,N,
26543,66846,66846,Block,Cycles,213,,,0,,05/04/2007 12:00:00 AM +0000,5/4/2007,1,,Mid-Block (not related to intersection),Daylight,2ND AVE BETWEEN UNIVERSITY ST AND UNION ST,0,1,,4,2825427,Dry,51,PEDALCYCLIST STRUCK MOTOR VEHICLE FRONT END AT ANGLE,07124011,2756,1,2b,Serious Injury Collision,,45,Bicycle,Matched,0,2,Clear or Partly Cloudy,0,"(47.60779445000003, -122.33754000999994)",12162,0,N,07-177722
26579,66978,66978,Block,Cycles,125.5,,,0,,05/10/2007 12:00:00 AM +0000,5/10/2007 6:00:00 PM,1,,Driveway Junction,Daylight,S AUSTIN ST BETWEEN 40TH AVE S AND M L KING JR WR WAY S,0,1,,2,2613166,Dry,51,PEDALCYCLIST STRUCK MOTOR VEHICLE FRONT END AT ANGLE,07130002,164379,0,2,Injury Collision,,45,Bicycle,Matched,0,1,Clear or Partly Cloudy,0,"(47.53420099400006, -122.28134696399997)",0,0,N,07-187094
26660,66959,66959,Block,Cycles,156,,,0,,08/21/2007 12:00:00 AM +0000,8/21/2007 10:50:00 AM,1,,Mid-Block (but intersection related),Daylight,WEST MARGINAL WAY SW BETWEEN MARGINAL SB PL SW AND SW ANDOVER ST,0,1,,2,2827156,Dry,18,"MOTOR VEHICLE STRUCK PEDALCYCLIST, FRONT END AT ANGLE",07233008,23531,0,2,Injury Collision,,45,Bicycle,Matched,0,1,Overcast,0,"(47.56872400800006, -122.35477519899996)",18211,0,N,07-344303
26684,66949,66949,Intersection,Cycles,0,,,0,,05/26/2007 12:00:00 AM +0000,5/26/2007 3:00:00 PM,1,30410,At Intersection (intersection related),Daylight,12TH AVE AND E YESLER WAY,0,1,,2,C686634,Dry,51,PEDALCYCLIST STRUCK MOTOR VEHICLE FRONT END AT ANGLE,07146038,1523,0,2,Injury Collision,,45,Bicycle,Matched,0,1,Overcast,0,"(47.60169336800004, -122.31678189299998)",10532,0,N,
26711,67068,67068,Intersection,Cycles,0,,,0,,07/04/2007 12:00:00 AM +0000,7/4/2007,1,26815,At Intersection (intersection related),Dark - No Street Lights,STONE WAY N AND N 43RD ST,0,1,Y,2,2825854,Unknown,18,"MOTOR VEHICLE STRUCK PEDALCYCLIST, FRONT END AT ANGLE",07185019,12966,0,2,Injury Collision,,45,Bicycle,Matched,0,1,Unknown,0,"(47.65918322600004, -122.34225641699999)",6355,0,N,07-273271
26731,67327,67327,Block,Cycles,179.5,,,0,,11/17/2007 12:00:00 AM +0000,11/17/2007 8:30:00 PM,1,,Mid-Block (not related to intersection),Dark - Street Lights On,BROADWAY BETWEEN MARION ST AND MADISON ST,0,1,Y,3,2828072,Dry,18,"MOTOR VEHICLE STRUCK PEDALCYCLIST, FRONT END AT ANGLE",07321002,9443,0,2,Injury Collision,,45,Bicycle,Matched,0,2,Overcast,0,"(47.610675068000035, -122.32075931399999)",42005,0,N,07-467610
26764,67060,67060,Block,Cycles,194.5,NEI,"Not Enough Information, or Insufficient Location Information",0,,07/11/2007 12:00:00 AM +0000,7/11/2007 3:00:00 PM,1,,Mid-Block (not related to intersection),Daylight,GILMAN UPPER DR W BETWEEN 13TH AVE W AND W WHEELER ST,0,1,Y,2,2617091,Dry,18,"MOTOR VEHICLE STRUCK PEDALCYCLIST, FRONT END AT ANGLE",07192031,10655,0,2,Injury Collision,,45,Bicycle,Matched,0,1,Clear or Partly Cloudy,0,"(47.640212088000055, -122.37400223099996)",15442,0,N,07-293969
26807,67182,67182,Block,Cycles,157,,,0,,06/18/2007 12:00:00 AM +0000,6/18/2007 2:50:00 PM,1,,Mid-Block (not related to intersection),Daylight,11TH AVE NE BETWEEN NE 55TH ST AND NE 56TH ST,0,1,,2,2795065,Dry,18,"MOTOR VEHICLE STRUCK PEDALCYCLIST, FRONT END AT ANGLE",07169002,1413,0,2,Injury Collision,,45,Bicycle,Matched,0,1,Clear or Partly Cloudy,0,"(47.668999298000074, -122.31628654099995)",9051,0,N,07-246108
26950,66736,66736,Block,Cycles,161,,,0,,06/23/2007 12:00:00 AM +0000,6/23/2007 2:45:00 PM,0,,Mid-Block (not related to intersection),Daylight,PINE ST BETWEEN 4TH AVE AND 5TH AVE,0,1,,2,2608397,Dry,18,"MOTOR VEHICLE STRUCK PEDALCYCLIST, FRONT END AT ANGLE",07174001,12216,0,1,Property Damage Only Collision,,45,Bicycle,Matched,0,1,Clear or Partly Cloudy,0,"(47.61143896100003, -122.33703967999998)",21836,0,N,07-254180
26990,66345,66345,Intersection,Cycles,0,,,0,,10/25/2007 12:00:00 AM +0000,10/25/2007 6:57:00 PM,1,28736,At Intersection (intersection related),Dark - Street Lights On,DEXTER AVE N AND VALLEY ST,0,1,Y,2,2791797,Dry,18,"MOTOR VEHICLE STRUCK PEDALCYCLIST, FRONT END AT ANGLE",07298001,10079,0,2,Injury Collision,,45,Bicycle,Matched,1,1,Clear or Partly Cloudy,0,"(47.626261483000064, -122.34233438599995)",12719,0,N,07-437098
26999,66612,66612,Intersection,Cycles,0,,,0,,08/06/2007 12:00:00 AM +0000,8/6/2007,1,29546,At Intersection (intersection related),Daylight,4TH AVE AND BLANCHARD ST,0,1,Y,2,2791510,Dry,18,"MOTOR VEHICLE STRUCK PEDALCYCLIST, FRONT END AT ANGLE",07218022,6139,0,2,Injury Collision,,45,Bicycle,Matched,0,1,Clear or Partly Cloudy,0,"(47.61460039800005, -122.34263408799995)",12814,0,N,07-324257
27000,66473,66473,Block,Cycles,255,,,0,,05/09/2007 12:00:00 AM +0000,5/9/2007,1,,Mid-Block (but intersection related),Unknown,26TH AVE E BETWEEN E GARFIELD ST AND BOYER AVE E,0,1,,2,C687197,Unknown,51,PEDALCYCLIST STRUCK MOTOR VEHICLE FRONT END AT ANGLE,07129052,3854,0,2,Injury Collision,,45,Bicycle,Matched,0,1,Unknown,0,"(47.63333849800006, -122.30001462799999)",0,0,N,
27058,66469,66469,Block,Cycles,161,,,0,,09/11/2007 12:00:00 AM +0000,9/11/2007 1:15:00 PM,1,,Driveway Junction,Daylight,HARRISON ST BETWEEN WESTLAKE AVE N AND TERRY AVE N,0,1,,2,2825963,Dry,51,PEDALCYCLIST STRUCK MOTOR VEHICLE FRONT END AT ANGLE,07254001,10767,0,2,Injury Collision,,45,Bicycle,Matched,0,1,Clear or Partly Cloudy,0,"(47.622038857000064, -122.33780561999998)",0,0,N,07-376536
27107,66709,66709,Intersection,Cycles,0,,,0,,07/07/2007 12:00:00 AM +0000,7/7/2007,1,26521,At Intersection (intersection related),Daylight,32ND AVE W AND W THURMAN ST,0,1,,2,2825471,Dry,18,"MOTOR VEHICLE STRUCK PEDALCYCLIST, FRONT END AT ANGLE",07188004,5091,0,2,Injury Collision,,45,Bicycle,Matched,0,1,Clear or Partly Cloudy,0,"(47.65587043700003, -122.39823125799995)",0,0,N,07-276269
27121,66693,66693,Block,Cycles,780,,,0,,06/08/2007 12:00:00 AM +0000,6/8/2007,1,,Driveway Junction,Daylight,SEAVIEW AVE NW BETWEEN NW 61ST ST AND NW 67TH ST,0,1,Y,2,2828937,Dry,18,"MOTOR VEHICLE STRUCK PEDALCYCLIST, FRONT END AT ANGLE",07159042,12761,0,2,Injury Collision,,45,Bicycle,Matched,0,1,Clear or Partly Cloudy,0,"(47.67489630600005, -122.40636222599994)",28770,0,N,07-231095
27126,66690,66690,Intersection,Cycles,0,,,0,,09/17/2007 12:00:00 AM +0000,9/17/2007 9:39:00 AM,1,28746,At Intersection (intersection related),Daylight,BOREN AVE N AND VALLEY ST,0,1,Y,2,2804796,Dry,18,"MOTOR VEHICLE STRUCK PEDALCYCLIST, FRONT END AT ANGLE",07260002,13267,0,2,Injury Collision,,45,Bicycle,Matched,0,1,Clear or Partly Cloudy,0,"(47.62578474600008, -122.33581704499994)",25335,0,N,07-384696
27244,66528,66528,Intersection,Cycles,0,,,0,,11/19/2007 12:00:00 AM +0000,11/19/2007 11:56:00 AM,1,29862,At Intersection (intersection related),Daylight,BELLEVUE AVE AND E PINE ST,0,1,Y,2,2906080,Wet,18,"MOTOR VEHICLE STRUCK PEDALCYCLIST, FRONT END AT ANGLE",07323003,9213,0,2,Injury Collision,,45,Bicycle,Matched,0,1,Overcast,0,"(47.61521815300006, -122.32680418799998)",10342,0,N,07-469494
27283,66780,66780,Intersection,Cycles,0, ,,0,,10/02/2007 12:00:00 AM +0000,10/2/2007,1,29568,At Intersection (intersection related),Daylight,6TH AVE AND PINE ST,0,1,,3,2805011,Wet,18,"MOTOR VEHICLE STRUCK PEDALCYCLIST, FRONT END AT ANGLE",07275012,7884,0,2,Injury Collision,,45,Bicycle,Matched,0,2,Raining,0,"(47.612136459000055, -122.33537313699998)",0,523150,N,07-40557U
27321,66518,66518,Intersection,Cycles,0,,,0,,04/15/2007 12:00:00 AM +0000,4/15/2007 3:46:00 PM,1,33741,At Intersection (intersection related),Daylight,SEWARD PARK AVE S AND S VAN DYKE RD,0,1,Y,2,2807045,Dry,51,PEDALCYCLIST STRUCK MOTOR VEHICLE FRONT END AT ANGLE,07105006,12797,0,2,Injury Collision,,45,Bicycle,Matched,0,1,Clear or Partly Cloudy,0,"(47.54668144100003, -122.26162088199999)",37492,0,N,07-150460
27380,66385,66385,Block,Cycles,213,,,0,,08/21/2007 12:00:00 AM +0000,8/21/2007 3:05:00 PM,0,,Mid-Block (not related to intersection),Daylight,BROADWAY BETWEEN E PINE ST AND XW E OLIVE ST,0,1,,2,2827553,Dry,54,PEDALCYCLIST STRUCK MOTOR VEHICLE REAR END,07233010,9448,0,1,Property Damage Only Collision,,45,Bicycle,Matched,0,1,Clear or Partly Cloudy,0,"(47.61581794700004, -122.32080786599994)",6853,0,N,07-344645
27382,66772,66772,Intersection,Cycles,0,,,0,,05/01/2007 12:00:00 AM +0000,5/1/2007,1,27257,At Intersection (intersection related),Dark - Street Lights On,1ST AVE NE AND NE PACIFIC ST,0,1,,2,2604024,Wet,51,PEDALCYCLIST STRUCK MOTOR VEHICLE FRONT END AT ANGLE,07121005,1062,0,2,Injury Collision,,45,Bicycle,Matched,0,1,Raining,0,"(47.65369250800006, -122.32790419399998)",20110,0,N,07-172808
27386,66629,66629,Block,Cycles,266,,,0,,07/02/2007 12:00:00 AM +0000,7/2/2007,1,,Mid-Block (not related to intersection),Daylight,ROOSEVELT WAY NE BETWEEN NE 43RD N ST AND NE 45TH ST,0,1,Y,2,2829891,Dry,18,"MOTOR VEHICLE STRUCK PEDALCYCLIST, FRONT END AT ANGLE",07183004,12598,0,2,Injury Collision,,45,Bicycle,Matched,0,1,Clear or Partly Cloudy,0,"(47.660577379000074, -122.31772271499995)",9000,0,N,07-267536
27605,66053,66053,Intersection,Cycles,0,,,0,,09/08/2007 12:00:00 AM +0000,9/8/2007,1,25949,At Intersection (intersection related),Daylight,25TH AVE NE AND NE BLAKELEY ST,0,1,,2,C691870,Dry,18,"MOTOR VEHICLE STRUCK PEDALCYCLIST, FRONT END AT ANGLE",07251040,3723,0,2,Injury Collision,,45,Bicycle,Matched,0,1,Clear or Partly Cloudy,0,"(47.66626671800003, -122.30060497999995)",0,0,N,
27606,66187,66187,Intersection,Cycles,0,,,0,,05/22/2007 12:00:00 AM +0000,5/22/2007 2:31:00 PM,1,25836,At Intersection (intersection related),Daylight,1ST AVE NE AND NE 58TH ST,0,1,,3,2829051,Wet,51,PEDALCYCLIST STRUCK MOTOR VEHICLE FRONT END AT ANGLE,07142002,1076,0,2,Injury Collision,,45,Bicycle,Matched,0,1,Clear or Partly Cloudy,0,"(47.67085623300005, -122.32823458499996)",0,0,N,07-204496