OBJECTID,INCKEY,COLDETKEY,ADDRTYPE,COLLISIONTYPE,DISTANCE,EXCEPTRSNCODE,EXCEPTRSNDESC,FATALITIES,INATTENTIONIND,INCDATE,INCDTTM,INJURIES,INTKEY,JUNCTIONTYPE,LIGHTCOND,LOCATION,PEDCOUNT,PEDCYLCOUNT,PEDROWNOTGRNT,PERSONCOUNT,REPORTNO,ROADCOND,SDOT_COLCODE,SDOT_COLDESC,SDOTCOLNUM,SEGKEY,SERIOUSINJURIES,SEVERITYCODE,SEVERITYDESC,SPEEDING,ST_COLCODE,ST_COLDESC,STATUS,UNDERINFL,VEHCOUNT,WEATHER,WIDTH,Shape,SEGLANEKEY,CROSSWALKKEY,HITPARKEDCAR,SPDCASENO
27624,66194,66194,Intersection,Cycles,0,,,0,,11/08/2007 12:00:00 AM +0000,11/8/2007,1,28329,At Intersection (intersection related),Daylight,EASTLAKE AVE E AND E BLAINE ST,0,1,,2,2792384,Wet,18,"MOTOR VEHICLE STRUCK PEDALCYCLIST, FRONT END AT ANGLE",07312006,10173,0,2,Injury Collision,,45,Bicycle,Matched,0,1,Overcast,0,"(47.63486592400005, -122.32521590599998)",24782,0,N,07-455050
27753,66148,66148,Intersection,Cycles,0,,,0,,06/14/2007 12:00:00 AM +0000,6/14/2007 5:04:00 PM,1,24248,At Intersection (intersection related),Daylight,EAST GREEN LAKE DR N AND N 78TH ST,0,1,Y,3,2795845,Dry,18,"MOTOR VEHICLE STRUCK PEDALCYCLIST, FRONT END AT ANGLE",07165003,14067,0,2,Injury Collision,,45,Bicycle,Matched,0,1,Clear or Partly Cloudy,0,"(47.68508660200007, -122.33569761599995)",7354,0,N,07-240165
27859,65983,65983,Intersection,Cycles,0,,,0,,02/24/2007 12:00:00 AM +0000,2/24/2007 7:05:00 AM,1,24573,At Intersection (intersection related),Daylight,LATONA AVE NE AND EAST GREEN LAKE DR N,0,1,Y,2,2614335,Wet,18,"MOTOR VEHICLE STRUCK PEDALCYCLIST, FRONT END AT ANGLE",07055002,11313,0,2,Injury Collision,,45,Bicycle,Matched,0,1,Raining,0,"(47.68165808100008, -122.32748855199998)",7307,0,N,07-079140
27914,66239,66239,Block,Cycles,229.5,,,0,,07/10/2007 12:00:00 AM +0000,7/10/2007 11:25:00 AM,1,,Mid-Block (not related to intersection),Daylight,FREMONT AVE N BETWEEN XW N40 AND N 41ST ST,0,1,Y,2,2807921,Dry,18,"MOTOR VEHICLE STRUCK PEDALCYCLIST, FRONT END AT ANGLE",07191005,10490,0,2,Injury Collision,,45,Bicycle,Matched,0,1,Clear or Partly Cloudy,0,"(47.65603275500007, -122.34993767699996)",8390,0,N,07-280974
27961,66101,66101,Intersection,Cycles,0,,,0,,08/30/2007 12:00:00 AM +0000,8/30/2007 10:10:00 PM,1,33644,At Intersection (intersection related),Dark - Street Lights On,33RD AVE S AND S GRAHAM ST,0,1,,1,2794520,Dry,69,PEDALCYCLIST OVERTURNED IN ROAD,07242001,5173,0,2,Injury Collision,,45,Bicycle,Matched,0,0,Clear or Partly Cloudy,0,"(47.54611811700005, -122.29028647499996)",37727,0,N,07-358983
27962,65968,65968,Block,Cycles,335.5,,,0,,12/08/2007 12:00:00 AM +0000,12/8/2007,1,,Mid-Block (not related to intersection),Dark - Street Lights On,10TH AVE E BETWEEN E MILLER ST AND E ROANOKE W ST,0,1,,3,2906357,Dry,51,PEDALCYCLIST STRUCK MOTOR VEHICLE FRONT END AT ANGLE,07342004,1301,0,2,Injury Collision,,45,Bicycle,Matched,0,2,Clear or Partly Cloudy,0,"(47.64227343300007, -122.32005761599999)",6086,0,N,07-4952535
28027,65685,65685,Block,Cycles,262.5,,,0,,05/17/2007 12:00:00 AM +0000,5/17/2007 2:02:00 PM,1,,Mid-Block (but intersection related),Daylight,BOYLSTON AVE E BETWEEN LAKEVIEW N BV E AND E BOSTON ST,0,1,,2,2806476,Dry,18,"MOTOR VEHICLE STRUCK PEDALCYCLIST, FRONT END AT ANGLE",07137023,9390,0,2,Injury Collision,,45,Bicycle,Matched,0,1,Clear or Partly Cloudy,0,"(47.63752603300003, -122.32346609299998)",37357,0,N,07-197080
28082,65536,65536,Block,Cycles,321.5,,,0,,07/24/2007 12:00:00 AM +0000,7/24/2007 7:11:00 PM,0,,Mid-Block (not related to intersection),Unknown,38TH AVE NE BETWEEN NE 80TH ST AND NE 82ND ST,0,1,,2,2617734,Unknown,16,"MOTOR VEHICLE STRUCK MOTOR VEHICLE, LEFT SIDE SIDESWIPE",07205009,5871,0,1,Property Damage Only Collision,,45,Bicycle,Matched,0,1,Unknown,0,"(47.687547781000035, -122.28742501699998)",0,0,N,07-302920
28090,65675,65675,Block,Cycles,237,,,0,Y,08/03/2007 12:00:00 AM +0000,8/3/2007,1,,Driveway Junction,Daylight,RAINIER AVE S BETWEEN S GENESEE S ST AND S OREGON ST,0,1,Y,2,2798108,Dry,18,"MOTOR VEHICLE STRUCK PEDALCYCLIST, FRONT END AT ANGLE",07215042,12382,0,2,Injury Collision,,45,Bicycle,Matched,0,1,Clear or Partly Cloudy,0,"(47.563457999000036, -122.28801140299998)",0,0,N,07-317467
28113,65282,65282,Intersection,Cycles,0, ,,0,,08/09/2007 12:00:00 AM +0000,8/9/2007,1,25949,At Intersection (intersection related),Daylight,25TH AVE NE AND NE BLAKELEY ST,0,1,Y,3,2829286,Dry,18,"MOTOR VEHICLE STRUCK PEDALCYCLIST, FRONT END AT ANGLE",07221001,3723,0,2,Injury Collision,,45,Bicycle,Matched,0,1,Clear or Partly Cloudy,0,"(47.66626671800003, -122.30060497999995)",0,521604,N,07-326859
28123,65664,65664,Block,Cycles,134.5,,,0,,05/31/2007 12:00:00 AM +0000,5/31/2007 5:34:00 PM,0,,Driveway Junction,Daylight,WALL ST BETWEEN ALASKAN WAY AND ELLIOTT AVE,0,1,Y,2,2825879,Dry,18,"MOTOR VEHICLE STRUCK PEDALCYCLIST, FRONT END AT ANGLE",07151001,13352,0,1,Property Damage Only Collision,,45,Bicycle,Matched,0,1,Clear or Partly Cloudy,0,"(47.61308846600008, -122.35082566499995)",0,0,N,07-218291
28128,65402,65402,Intersection,Cycles,0,,,0,,08/06/2007 12:00:00 AM +0000,8/6/2007,0,24404,At Intersection (intersection related),Dark - Street Lights On,5TH AVE NE AND BANNER WAY NE,0,1,,2,2799312,Dry,51,PEDALCYCLIST STRUCK MOTOR VEHICLE FRONT END AT ANGLE,07218021,7311,0,1,Property Damage Only Collision,,45,Bicycle,Matched,0,1,Clear or Partly Cloudy,0,"(47.68507268700006, -122.32292811299999)",7477,0,N,07-323323
28172,65385,65385,Intersection,Cycles,0,,,0,,10/17/2007 12:00:00 AM +0000,10/17/2007 8:05:00 AM,1,36062,At Intersection (intersection related),Daylight,27TH AVE NE AND NE 127TH ST,0,1,,2,2799149,Dry,51,PEDALCYCLIST STRUCK MOTOR VEHICLE FRONT END AT ANGLE,07290003,4036,0,2,Injury Collision,,45,Bicycle,Matched,0,1,Overcast,0,"(47.721110819000046, -122.29910492299996)",0,0,N,07-425270
28174,65383,65383,Block,Cycles,73.5,,,0,,06/01/2007 12:00:00 AM +0000,6/1/2007,1,,Mid-Block (not related to intersection),Daylight,CARKEEK DR S BETWEEN 40TH AVE S AND HARADEN PL S,0,1,,2,2794601,Dry,21,"MOTOR VEHICLE STRUCK PEDALCYCLIST, REAR END",07152001,9609,0,2,Injury Collision,,45,Bicycle,Matched,0,1,Clear or Partly Cloudy,0,"(47.51699476400006, -122.28276966899995)",13462,0,N,07-220052
28206,65261,65261,Block,Cycles,200.5,,,0,,12/14/2007 12:00:00 AM +0000,12/14/2007 2:38:00 PM,1,,Mid-Block (not related to intersection),Daylight,WALLINGFORD AVE N BETWEEN N 44TH ST AND N 45TH ST,0,1,,3,2881125,Dry,56,PEDALCYCLIST STRUCK MOTOR VEHICLE LEFT SIDE SIDESWIPE,07348005,13372,0,2,Injury Collision,,45,Bicycle,Matched,0,2,Overcast,0,"(47.66086041300008, -122.33618657999995)",6234,0,N,07-500737
28235,65641,65641,Block,Cycles,1671.5,,,0,Y,06/04/2007 12:00:00 AM +0000,6/4/2007,1,,Mid-Block (not related to intersection),Daylight,BEACON AVE S BETWEEN BEACON WR N AVE S AND BEACON ER AVE S,0,1,,2,2611993,Dry,18,"MOTOR VEHICLE STRUCK PEDALCYCLIST, FRONT END AT ANGLE",07155001,166849,0,2,Injury Collision,,45,Bicycle,Matched,0,1,Clear or Partly Cloudy,0,"(47.56643348000006, -122.30647051299997)",13073,0,N,07-224085
28313,65351,65351,Block,Cycles,161,,,0,,06/15/2007 12:00:00 AM +0000,6/15/2007 12:51:00 PM,1,,Mid-Block (not related to intersection),Daylight,UNION ST BETWEEN 2ND AVE AND 3RD AVE,0,1,,2,2793761,Dry,21,"MOTOR VEHICLE STRUCK PEDALCYCLIST, REAR END",07166004,13180,0,2,Injury Collision,,45,Bicycle,Matched,0,1,Clear or Partly Cloudy,0,"(47.60852347800005, -122.33744170299997)",36553,0,N,07-241400
28370,65473,65473,Block,Cycles,132.5,,,0,,08/20/2007 12:00:00 AM +0000,8/20/2007 11:52:00 AM,1,,Mid-Block (not related to intersection),Daylight,AURORA AVE N BETWEEN N 84TH ST AND N 85TH ST,0,1,,2,2799415,Wet,54,PEDALCYCLIST STRUCK MOTOR VEHICLE REAR END,07232001,8962,0,2,Injury Collision,,45,Bicycle,Matched,0,1,Raining,0,"(47.69019792300003, -122.34452003799998)",16445,0,N,07-342951
28375,65468,65468,Block,Cycles,213,,,0,,08/29/2007 12:00:00 AM +0000,8/29/2007 4:10:00 PM,1,,Mid-Block (not related to intersection),Daylight,5TH AVE BETWEEN UNION ST AND PIKE ST,0,1,,2,2825797,Dry,51,PEDALCYCLIST STRUCK MOTOR VEHICLE FRONT END AT ANGLE,07241050,7235,0,2,Injury Collision,,45,Bicycle,Matched,0,1,Clear or Partly Cloudy,0,"(47.61018050100006, -122.33511874299995)",24885,0,N,07-356942
28436,65572,65572,Intersection,Cycles,0,,,0,,12/13/2007 12:00:00 AM +0000,12/13/2007 1:38:00 PM,1,29601,At Intersection (intersection related),Daylight,3RD AVE AND UNIVERSITY ST,0,1,Y,2,2906135,Wet,18,"MOTOR VEHICLE STRUCK PEDALCYCLIST, FRONT END AT ANGLE",07347003,4382,0,2,Injury Collision,,45,Bicycle,Matched,0,1,Overcast,0,"(47.60776317700004, -122.33597579399998)",32841,0,N,07-499376
28506,64914,64914,Intersection,Cycles,0, ,,0,,02/08/2007 12:00:00 AM +0000,2/8/2007,1,24429,At Intersection (intersection related),Dusk,12TH AVE NE AND NE 75TH ST,0,1,,2,2614118,Dry,51,PEDALCYCLIST STRUCK MOTOR VEHICLE FRONT END AT ANGLE,07039001,1590,0,2,Injury Collision,,45,Bicycle,Matched,0,1,Clear or Partly Cloudy,0,"(47.68308626400005, -122.31527968899996)",0,521080,N,07-056289
28531,64773,64773,Block,Cycles,331,,,0,,07/04/2007 12:00:00 AM +0000,7/4/2007,1,,Mid-Block (but intersection related),Daylight,LINDEN AVE N BETWEEN N 143RD ST AND N 145TH ST,0,1,,2,C688428,Dry,21,"MOTOR VEHICLE STRUCK PEDALCYCLIST, REAR END",07185027,11460,0,2,Injury Collision,,45,Bicycle,Matched,0,1,Clear or Partly Cloudy,0,"(47.733220225000025, -122.34779052099998)",40812,0,N,
28562,65026,65026,Intersection,Cycles,0,,,0,,03/20/2007 12:00:00 AM +0000,3/20/2007 7:42:00 AM,1,27043,At Intersection (intersection related),Daylight,TROLL AVE N AND N 34TH ST,0,1,Y,2,2624159,Dry,18,"MOTOR VEHICLE STRUCK PEDALCYCLIST, FRONT END AT ANGLE",07079002,9002,1,2b,Serious Injury Collision,,45,Bicycle,Matched,0,1,Clear or Partly Cloudy,0,"(47.64924012200004, -122.34741874299999)",8816,0,N,07-112724
28624,65152,65152,Intersection,Cycles,0,,,0,,05/08/2007 12:00:00 AM +0000,5/8/2007,1,29913,At Intersection (intersection related),Daylight,5TH AVE AND UNION ST,0,1,,2,2608394,Dry,51,PEDALCYCLIST STRUCK MOTOR VEHICLE FRONT END AT ANGLE,07128002,7235,0,2,Injury Collision,,45,Bicycle,Matched,0,1,Clear or Partly Cloudy,0,"(47.60968542100005, -122.33466559799996)",25512,0,N,07-183697
28632,65145,65145,Block,Cycles,516,,,0,,05/12/2007 12:00:00 AM +0000,5/12/2007 9:28:00 AM,1,,Mid-Block (not related to intersection),Daylight,UNIVERSITY BR BETWEEN POINT B AND EASTLAKE AVE NE,0,1,,1,2829107,Dry,66,PEDALCYCLIST STRUCK OBJECT IN ROAD,07132001,13191,1,2b,Serious Injury Collision,,45,Bicycle,Matched,0,0,Clear or Partly Cloudy,0,"(47.654215958000066, -122.31923589299998)",11650,0,N,07-189649
28680,65135,65135,Intersection,Cycles,0,,,0,,01/04/2007 12:00:00 AM +0000,1/4/2007,1,24284,At Intersection (intersection related),Dark - Street Lights On,FREMONT AVE N AND N 80TH ST,0,1,Y,2,2390447,Wet,18,"MOTOR VEHICLE STRUCK PEDALCYCLIST, FRONT END AT ANGLE",07004002,10523,0,2,Injury Collision,,45,Bicycle,Matched,0,1,Overcast,0,"(47.68693908300003, -122.34990541099995)",27300,0,N,07-005546
28743,65114,65114,Block,Cycles,166.5,,,0,,07/17/2007 12:00:00 AM +0000,7/17/2007 12:32:00 PM,1,,Driveway Junction,Daylight,SW TRENTON ST BETWEEN 22ND AVE SW AND 24TH AVE SW,0,1,,2,2829371,Dry,51,PEDALCYCLIST STRUCK MOTOR VEHICLE FRONT END AT ANGLE,07198001,22923,0,2,Injury Collision,,45,Bicycle,Matched,0,1,Overcast,0,"(47.52468850000008, -122.36250069999994)",0,0,N,07-291889
28812,64967,64967,Intersection,Cycles,0,,,0,,08/16/2007 12:00:00 AM +0000,8/16/2007 1:36:00 PM,1,29146,At Intersection (intersection related),Daylight,EASTLAKE AVE E AND THOMAS ST,0,1,,3,2791679,Dry,51,PEDALCYCLIST STRUCK MOTOR VEHICLE FRONT END AT ANGLE,07228002,10164,0,2,Injury Collision,,45,Bicycle,Matched,0,1,Clear or Partly Cloudy,0,"(47.62082387600003, -122.32914203999997)",0,0,N,07-337292
28817,65219,65219,Block,Cycles,213,,,0,,03/06/2007 12:00:00 AM +0000,3/6/2007,1,,Mid-Block (not related to intersection),Daylight,BROADWAY BETWEEN E HOWELL ST AND E DENNY WAY,0,1,Y,3,2615207,Dry,18,"MOTOR VEHICLE STRUCK PEDALCYCLIST, FRONT END AT ANGLE",07065002,9450,0,2,Injury Collision,,45,Bicycle,Matched,0,1,Clear or Partly Cloudy,0,"(47.618154047000075, -122.32084513599995)",6825,0,N,07-093099
28821,65102,65102,Block,Cycles,333.5,,,0,,11/07/2007 12:00:00 AM +0000,11/7/2007,1,,Driveway Junction,Dark - Street Lights Off,NE NORTHGATE WAY BETWEEN 8TH AVE NE AND ROOSEVELT WAY NE,0,1,Y,2,2802621,Dry,18,"MOTOR VEHICLE STRUCK PEDALCYCLIST, FRONT END AT ANGLE",07311035,18014,0,2,Injury Collision,,45,Bicycle,Matched,0,1,Clear or Partly Cloudy,0,"(47.708569219000026, -122.31920878399995)",0,0,N,07-456050
28825,64835,64835,Block,Cycles,140,,,0,Y,07/11/2007 12:00:00 AM +0000,7/11/2007 12:28:00 AM,1,,Driveway Junction,Dark - Street Lights On,NE 50TH ST BETWEEN UNIVERSITY WAY NE AND 15TH AVE NE,0,1,,2,2799451,Dry,18,"MOTOR VEHICLE STRUCK PEDALCYCLIST, FRONT END AT ANGLE",07192040,16934,1,2b,Serious Injury Collision,,45,Bicycle,Matched,0,1,Clear or Partly Cloudy,0,"(47.664896783000074, -122.31250781199998)",21411,0,N,07-281925
28850,65090,65090,Intersection,Cycles,0,,,0,,06/06/2007 12:00:00 AM +0000,6/6/2007,1,25389,At Intersection (intersection related),Daylight,9TH AVE NW AND NW 62ND ST,0,1,,3,2830030,Dry,18,"MOTOR VEHICLE STRUCK PEDALCYCLIST, FRONT END AT ANGLE",07157003,8580,0,2,Injury Collision,Y,45,Bicycle,Matched,0,1,Overcast,0,"(47.67381049200003, -122.36873253799996)",0,0,N,07-228003
28886,64815,64815,Intersection,Cycles,0,,,0,,08/10/2007 12:00:00 AM +0000,8/10/2007 8:22:00 AM,1,28242,At Intersection (intersection related),Daylight,10TH AVE E AND E BOSTON ST,0,1,Y,2,2615348,Dry,51,PEDALCYCLIST STRUCK MOTOR VEHICLE FRONT END AT ANGLE,07222003,1299,0,2,Injury Collision,,45,Bicycle,Matched,0,1,Overcast,0,"(47.63840322500005, -122.32007129499999)",6106,0,N,07-328287
28983,65060,65060,Block,Cycles,213,,,0,,06/15/2007 12:00:00 AM +0000,6/15/2007 7:39:00 PM,1,,Mid-Block (not related to intersection),Daylight,12TH AVE BETWEEN E COLUMBIA ST AND E MARION ST,0,1,Y,2,2806063,Dry,56,PEDALCYCLIST STRUCK MOTOR VEHICLE LEFT SIDE SIDESWIPE,07166001,1533,1,2b,Serious Injury Collision,,45,Bicycle,Matched,0,1,Clear or Partly Cloudy,0,"(47.609809435000045, -122.31677966199999)",10710,0,N,07-241950
29011,64651,64651,Intersection,Cycles,0,,,0,,07/30/2007 12:00:00 AM +0000,7/30/2007 4:14:00 PM,1,27027,At Intersection (intersection related),Daylight,FREMONT AVE N AND N 36TH ST,0,1,Y,3,2799258,Dry,18,"MOTOR VEHICLE STRUCK PEDALCYCLIST, FRONT END AT ANGLE",07211002,10487,0,2,Injury Collision,,45,Bicycle,Matched,0,1,Clear or Partly Cloudy,0,"(47.65134880900007, -122.34993445299995)",38078,0,N,07-31190
29015,64658,64658,Intersection,Cycles,0,,,0,,05/03/2007 12:00:00 AM +0000,5/3/2007,1,25131,At Intersection (intersection related),Daylight,24TH AVE NW AND NW 59TH ST,0,1,Y,3,2802792,Dry,18,"MOTOR VEHICLE STRUCK PEDALCYCLIST, FRONT END AT ANGLE",07123004,3594,1,2b,Serious Injury Collision,,45,Bicycle,Matched,0,1,Clear or Partly Cloudy,0,"(47.67164521700005, -122.38758724499996)",2112,0,N,07-176323
29016,64526,64526,Intersection,Cycles,0,,,0,,02/10/2007 12:00:00 AM +0000,2/10/2007 5:20:00 PM,1,29196,At Intersection (intersection related),Daylight,24TH AVE E AND E LEE ST,0,1,Y,2,2620590,Dry,18,"MOTOR VEHICLE STRUCK PEDALCYCLIST, FRONT END AT ANGLE",07041001,3545,0,2,Injury Collision,,45,Bicycle,Matched,0,1,Clear or Partly Cloudy,0,"(47.63127418500005, -122.30163002999996)",22515,0,N,07-59550
29043,64394,64394,Intersection,Cycles,0,,,0,,04/24/2007 12:00:00 AM +0000,4/24/2007 6:50:00 PM,1,26949,At Intersection (intersection related),Daylight,FREMONT AVE N AND N 43RD S ST,0,1,,1,2618183,Dry,69,PEDALCYCLIST OVERTURNED IN ROAD,07114006,10494,0,2,Injury Collision,,45,Bicycle,Matched,0,0,Clear or Partly Cloudy,0,"(47.65895414400006, -122.350013279)",8427,0,N,07-163534
29104,64377,64377,Block,Cycles,439,,,0,,01/17/2007 12:00:00 AM +0000,1/17/2007 9:20:00 AM,1,,Mid-Block (not related to intersection),Daylight,15TH AVE NE BETWEEN NE PACIFIC ST AND NE 40TH ST,0,1,,3,2624866,Dry,51,PEDALCYCLIST STRUCK MOTOR VEHICLE FRONT END AT ANGLE,07017003,2028,1,2b,Serious Injury Collision,,45,Bicycle,Matched,0,1,Clear or Partly Cloudy,0,"(47.65413543600005, -122.312178916)",0,0,N,07-022855
29176,64239,64239,Intersection,Cycles,0,,,0,Y,02/11/2006 12:00:00 AM +0000,2/11/2006 8:15:00 PM,1,30510,At Intersection (intersection related),Dark - Street Lights On,5TH AVE S AND S JACKSON ST,0,1,,2,2108786,Dry,51,PEDALCYCLIST STRUCK MOTOR VEHICLE FRONT END AT ANGLE,06042006,7359,0,2,Injury Collision,,45,Bicycle,Matched,0,1,Clear or Partly Cloudy,0,"(47.599194924000074, -122.32766699399997)",0,0,N,6060256
29184,64349,64349,Block,Cycles,492,,,0,,11/09/2007 12:00:00 AM +0000,11/9/2007,1,,Driveway Junction,Dusk,SW AVALON WAY BETWEEN SW GENESEE ST AND 35TH AVE SW,0,1,Y,2,2825107,Dry,18,"MOTOR VEHICLE STRUCK PEDALCYCLIST, FRONT END AT ANGLE",07313003,21820,0,2,Injury Collision,,45,Bicycle,Matched,0,1,Clear or Partly Cloudy,0,"(47.56407560000008, -122.37419372599999)",41933,0,N,07-457068
29247,64591,64591,Block,Cycles,149, ,,0,,03/17/2007 12:00:00 AM +0000,3/17/2007 12:11:00 PM,1,,Mid-Block (not related to intersection),Daylight,NW MARKET ST BETWEEN BALLARD AVE NW AND 24TH AVE NW,0,1,,2,2803030,Wet,56,PEDALCYCLIST STRUCK MOTOR VEHICLE LEFT SIDE SIDESWIPE,07076001,19235,0,2,Injury Collision,,45,Bicycle,Matched,0,1,Raining,0,"(47.668680546000076, -122.38697024799995)",25847,0,N,07-108851
29281,64336,64336,Block,Cycles,99.5,,,0,,07/20/2007 12:00:00 AM +0000,7/20/2007 8:20:00 AM,1,,Driveway Junction,Daylight,STONE WAY N BETWEEN N 40TH ST AND N LUCAS PL,0,1,Y,5,2803333,Wet,18,"MOTOR VEHICLE STRUCK PEDALCYCLIST, FRONT END AT ANGLE",07201006,12961,0,2,Injury Collision,,45,Bicycle,Matched,0,1,Raining,0,"(47.65565365200007, -122.34242594099999)",6322,0,N,07-296097
29298,64322,64322,Intersection,Cycles,0,,,0,,10/09/2007 12:00:00 AM +0000,10/9/2007,1,29563,At Intersection (intersection related),Dusk,3RD AVE AND VIRGINIA ST,0,1,Y,2,2898306,Wet,18,"MOTOR VEHICLE STRUCK PEDALCYCLIST, FRONT END AT ANGLE",07282001,4387,0,2,Injury Collision,,45,Bicycle,Matched,0,1,Raining,0,"(47.61239802600005, -122.34089245499996)",35736,0,N,07-415349
29344,64445,64445,Block,Cycles,516,,,0,,02/09/2007 12:00:00 AM +0000,2/9/2007,1,,Mid-Block (but intersection related),Daylight,UNIVERSITY BR BETWEEN POINT B AND EASTLAKE AVE NE,0,1,,2,2615398,Dry,18,"MOTOR VEHICLE STRUCK PEDALCYCLIST, FRONT END AT ANGLE",07040009,13191,0,2,Injury Collision,,45,Bicycle,Matched,0,1,Clear or Partly Cloudy,0,"(47.654215958000066, -122.31923589299998)",11718,0,N,07-057748
29379,64309,64309,Block,Cycles,153,,,0,,06/14/2007 12:00:00 AM +0000,6/14/2007 5:15:00 PM,1,,Mid-Block (not related to intersection),Daylight,1ST AVE BETWEEN MADISON ST AND SPRING ST,0,1,,2,2794405,Dry,21,"MOTOR VEHICLE STRUCK PEDALCYCLIST, REAR END",07165002,1004,0,2,Injury Collision,,45,Bicycle,Matched,0,1,Clear or Partly Cloudy,0,"(47.605050498000026, -122.33656362299996)",36773,0,N,07-240508
29393,64443,64443,Block,Cycles,316,,,0,,03/28/2007 12:00:00 AM +0000,3/28/2007 5:11:00 PM,1,,Mid-Block (not related to intersection),Daylight,S JACKSON ST BETWEEN 14TH AVE S AND 16TH AVE S,0,1,,2,2806203,Dry,56,PEDALCYCLIST STRUCK MOTOR VEHICLE LEFT SIDE SIDESWIPE,07087004,20495,0,2,Injury Collision,,45,Bicycle,Matched,0,1,Clear or Partly Cloudy,0,"(47.599217493000026, -122.31285936399996)",11019,0,N,07-124898
29397,64304,64304,Intersection,Cycles,0,,,0,,11/26/2007 12:00:00 AM +0000,11/26/2007 4:36:00 PM,1,27100,At Intersection (intersection related),Dark - Street Lights On,ROOSEVELT WAY NE AND NE 41ST ST,0,1,Y,2,2799344,Wet,18,"MOTOR VEHICLE STRUCK PEDALCYCLIST, FRONT END AT ANGLE",07330014,12594,0,2,Injury Collision,,45,Bicycle,Matched,0,1,Raining,0,"(47.65688930500005, -122.31781902899996)",0,0,N,07-477998
29421,64306,64306,Intersection,Cycles,0,,,0,,10/15/2007 12:00:00 AM +0000,10/15/2007 1:00:00 PM,0,29959,At Intersection (intersection related),Daylight,9TH AVE AND JAMES ST,0,1,,4,2827734,Wet,51,PEDALCYCLIST STRUCK MOTOR VEHICLE FRONT END AT ANGLE,07288001,8512,0,1,Property Damage Only Collision,,45,Bicycle,Matched,0,1,Raining,0,"(47.60555469800005, -122.32474925199995)",11686,0,N,07-423185
29450,64541,64541,Intersection,Cycles,0,,,0,,02/06/2007 12:00:00 AM +0000,2/6/2007,1,29054,At Intersection (intersection related),Dark - Street Lights On,11TH AVE E AND E JOHN ST,0,1,Y,2,2621656,Wet,51,PEDALCYCLIST STRUCK MOTOR VEHICLE FRONT END AT ANGLE,07037002,1387,1,2b,Serious Injury Collision,,45,Bicycle,Matched,0,1,Raining,0,"(47.61992718400006, -122.31823392599995)",35222,0,N,07-053552
29487,64408,64408,Intersection,Cycles,0,,,0,,03/05/2007 12:00:00 AM +0000,3/5/2007,1,28309,At Intersection (intersection related),Daylight,YALE AVE E AND E LYNN ST,0,1,Y,2,2806053,Dry,18,"MOTOR VEHICLE STRUCK PEDALCYCLIST, FRONT END AT ANGLE",07064003,13742,0,2,Injury Collision,,45,Bicycle,Matched,0,1,Overcast,0,"(47.63972724800004, -122.32710821799998)",0,0,N,07-91607
29512,64531,64531,Intersection,Cycles,0,,,0,,11/07/2007 12:00:00 AM +0000,11/7/2007,1,29068,At Intersection (intersection related),Daylight,BROADWAY AND E DENNY WAY,0,1,,3,2616853,Wet,18,"MOTOR VEHICLE STRUCK PEDALCYCLIST, FRONT END AT ANGLE",07311004,9451,0,2,Injury Collision,,45,Bicycle,Matched,0,1,Overcast,0,"(47.61873954100008, -122.32085448299995)",0,0,N,2007-454014
29553,63999,63999,Intersection,Cycles,0,,,0,,01/14/2006 12:00:00 AM +0000,1/14/2006 6:16:00 PM,1,29515,At Intersection (intersection related),Dark - Street Lights On,DENNY WAY AND DEXTER AVE,0,1,Y,2,2191978,Dry,18,"MOTOR VEHICLE STRUCK PEDALCYCLIST, FRONT END AT ANGLE",06014029,10011,0,2,Injury Collision,,45,Bicycle,Matched,0,1,Raining,0,"(47.618550165000045, -122.34240185299996)",0,0,N,06-019299
29634,63980,63980,Intersection,Cycles,0,,,0,,08/14/2006 12:00:00 AM +0000,8/14/2006 6:16:00 PM,1,24610,At Intersection (intersection related),Daylight,EAST GREEN LAKE WAY N AND NE RAVENNA SR BV,0,1,,2,2624890,Dry,18,"MOTOR VEHICLE STRUCK PEDALCYCLIST, FRONT END AT ANGLE",06226005,14084,0,2,Injury Collision,,45,Bicycle,Matched,0,1,Clear or Partly Cloudy,0,"(47.678905275000034, -122.32626439899997)",0,0,N,06-342251
29732,63962,63962,Block,Cycles,418,,,0,,09/07/2006 12:00:00 AM +0000,9/7/2006,1,,Driveway Junction,Daylight,EASTLAKE AVE E BETWEEN PROSPECT ST AND E NELSON PL,0,1,Y,2,2622287,Dry,18,"MOTOR VEHICLE STRUCK PEDALCYCLIST, FRONT END AT ANGLE",06250005,334269,0,2,Injury Collision,,45,Bicycle,Matched,0,1,Clear or Partly Cloudy,0,"(47.62965397600004, -122.32861177999996)",0,0,N,06-378910
29769,63824,63824,Block,Cycles,42,,,0,,07/23/2006 12:00:00 AM +0000,7/23/2006 12:04:00 PM,1,,Driveway Junction,Daylight,HARBOR AVE SW BETWEEN SW SPOKANE NR ST AND SW AVALON WAY,0,1,,1,2613403,Dry,69,PEDALCYCLIST OVERTURNED IN ROAD,06204004,10822,0,2,Injury Collision,,45,Bicycle,Matched,0,0,Clear or Partly Cloudy,0,"(47.57167480700008, -122.37064237199996)",0,0,N,06 305477