OBJECTID,INCKEY,COLDETKEY,ADDRTYPE,COLLISIONTYPE,DISTANCE,EXCEPTRSNCODE,EXCEPTRSNDESC,FATALITIES,INATTENTIONIND,INCDATE,INCDTTM,INJURIES,INTKEY,JUNCTIONTYPE,LIGHTCOND,LOCATION,PEDCOUNT,PEDCYLCOUNT,PEDROWNOTGRNT,PERSONCOUNT,REPORTNO,ROADCOND,SDOT_COLCODE,SDOT_COLDESC,SDOTCOLNUM,SEGKEY,SERIOUSINJURIES,SEVERITYCODE,SEVERITYDESC,SPEEDING,ST_COLCODE,ST_COLDESC,STATUS,UNDERINFL,VEHCOUNT,WEATHER,WIDTH,Shape,SEGLANEKEY,CROSSWALKKEY,HITPARKEDCAR,SPDCASENO
29796,63686,63686,Block,Cycles,163.5,,,0,,01/10/2006 12:00:00 AM +0000,1/10/2006 5:49:00 PM,1,,Driveway Junction,Dark - Street Lights On,E TERRACE ST BETWEEN 11TH AVE AND 12TH AVE,0,1,Y,2,1217211,Wet,18,"MOTOR VEHICLE STRUCK PEDALCYCLIST, FRONT END AT ANGLE",06010006,14831,0,2,Injury Collision,,45,Bicycle,Matched,0,1,Raining,0,"(47.60519770600007, -122.31744628599995)",0,0,N,06 13498
29820,63798,63798,Intersection,Cycles,0,,,0,,02/07/2006 12:00:00 AM +0000,2/7/2006,1,27035,At Intersection (intersection related),Dark - Street Lights On,FREMONT AVE N AND FREMONT PL N,0,1,Y,2,2185320,Dry,18,"MOTOR VEHICLE STRUCK PEDALCYCLIST, FRONT END AT ANGLE",06038003,10486,0,2,Injury Collision,,45,Bicycle,Matched,0,1,Clear or Partly Cloudy,0,"(47.65043101700007, -122.34983490399998)",0,0,N,69053171
29880,64196,64196,Intersection,Cycles,0,,,0,,10/05/2006 12:00:00 AM +0000,10/5/2006,1,28767,At Intersection (intersection related),Dark - Street Lights On,DEXTER AVE N AND MERCER ST,0,1,Y,2,2606477,Dry,18,"MOTOR VEHICLE STRUCK PEDALCYCLIST, FRONT END AT ANGLE",06278001,10076,0,2,Injury Collision,,45,Bicycle,Matched,0,1,Clear or Partly Cloudy,0,"(47.624549727000044, -122.34234960099997)",0,0,N,06-422504
29947,63758,63758,Block,Cycles,214,,,0,,08/26/2006 12:00:00 AM +0000,8/26/2006 6:43:00 PM,1,,Mid-Block (not related to intersection),Daylight,LAKE WASHINGTON BLVD BETWEEN E ALDER ST AND E TERRACE ST,0,1,,3,2622255,Dry,18,"MOTOR VEHICLE STRUCK PEDALCYCLIST, FRONT END AT ANGLE",06238001,11175,0,2,Injury Collision,,45,Bicycle,Matched,0,1,Clear or Partly Cloudy,0,"(47.60410229300004, -122.28386814199996)",0,0,N,06-360163
30142,63452,63452,Intersection,Cycles,0,,,0,,10/23/2006 12:00:00 AM +0000,10/23/2006 6:07:00 PM,1,29508,At Intersection (intersection related),Dusk,DENNY WAY AND TERRY AVE,0,1,,2,2606704,Dry,51,PEDALCYCLIST STRUCK MOTOR VEHICLE FRONT END AT ANGLE,06296001,10016,1,2b,Serious Injury Collision,,45,Bicycle,Matched,0,1,Clear or Partly Cloudy,0,"(47.61852939200003, -122.33728173199995)",0,0,N,06-451104
30229,63561,63561,Intersection,Cycles,0,,,0,,09/21/2006 12:00:00 AM +0000,9/21/2006 6:38:00 AM,1,26711,At Intersection (intersection related),Daylight,11TH AVE NW AND NW 45TH ST,0,1,,2,2611678,Wet,18,"MOTOR VEHICLE STRUCK PEDALCYCLIST, FRONT END AT ANGLE",06264006,1427,0,2,Injury Collision,,45,Bicycle,Matched,0,1,Overcast,0,"(47.66146941900007, -122.37076944799998)",0,0,N,6399416
30357,63655,63655,Intersection,Cycles,0,,,0,,10/14/2006 12:00:00 AM +0000,10/14/2006 12:34:00 PM,0,30987,At Intersection (intersection related),Daylight,61ST AVE SW AND SW ADMIRAL WAY,0,1,Y,2,2619499,Dry,18,"MOTOR VEHICLE STRUCK PEDALCYCLIST, FRONT END AT ANGLE",06287002,8088,0,1,Property Damage Only Collision,,45,Bicycle,Matched,0,1,Overcast,0,"(47.575906098000075, -122.41073930699997)",0,0,N,06-436735
30358,63279,63279,Intersection,Cycles,0,,,0,,08/17/2006 12:00:00 AM +0000,8/17/2006 5:10:00 PM,1,26752,At Intersection (intersection related),Daylight,15TH AVE W AND W RUFFNER ST,0,1,,2,2400417,Dry,18,"MOTOR VEHICLE STRUCK PEDALCYCLIST, FRONT END AT ANGLE",06229006,2195,0,2,Injury Collision,,45,Bicycle,Matched,0,1,Clear or Partly Cloudy,0,"(47.65216806800004, -122.376206261)",0,0,N,06-346677
30412,63378,63378,Block,Cycles,167.5,,,0,,08/24/2006 12:00:00 AM +0000,8/24/2006 8:36:00 AM,2,,Mid-Block (not related to intersection),Daylight,EASTLAKE AVE E BETWEEN E HOWE ST AND E NEWTON ST,0,1,,3,2604036,Dry,18,"MOTOR VEHICLE STRUCK PEDALCYCLIST, FRONT END AT ANGLE",06236005,10174,0,2,Injury Collision,,45,Bicycle,Matched,0,1,Overcast,0,"(47.63631851000008, -122.32574173699999)",0,0,N,06-356349
30419,63392,63392,Intersection,Cycles,0,,,0,,09/06/2006 12:00:00 AM +0000,9/6/2006,1,29658,At Intersection (intersection related),Daylight,3RD AVE AND BROAD ST,0,1,Y,2,2618457,Dry,18,"MOTOR VEHICLE STRUCK PEDALCYCLIST, FRONT END AT ANGLE",06249044,4396,0,2,Injury Collision,,45,Bicycle,Matched,0,1,Clear or Partly Cloudy,0,"(47.61824782800005, -122.35078725599999)",0,0,N,2006-376706
30437,63383,63383,Intersection,Cycles,0,,,0,,06/21/2006 12:00:00 AM +0000,6/21/2006 6:00:00 PM,1,29370,At Intersection (intersection related),Daylight,16TH AVE E AND E THOMAS ST,0,1,,2,2400845,Dry,51,PEDALCYCLIST STRUCK MOTOR VEHICLE FRONT END AT ANGLE,06172006,2235,0,2,Injury Collision,,45,Bicycle,Matched,0,1,Clear or Partly Cloudy,0,"(47.62049930300003, -122.31138365999999)",0,0,N,60252659
30448,63640,63640,Intersection,Cycles,0,,,0,,11/14/2006 12:00:00 AM +0000,11/14/2006 6:26:00 PM,1,25114,At Intersection (intersection related),Dark - Street Lights On,24TH AVE NW AND NW 62ND ST,0,1,Y,2,2610054,Wet,18,"MOTOR VEHICLE STRUCK PEDALCYCLIST, FRONT END AT ANGLE",06318002,3597,0,2,Injury Collision,,45,Bicycle,Matched,0,1,Overcast,0,"(47.673831464000045, -122.38758562099997)",0,0,N,06-485318
30506,63622,63622,Block,Cycles,166.5,,,0,,11/17/2006 12:00:00 AM +0000,11/17/2006 2:50:00 PM,1,,Mid-Block (not related to intersection),Daylight,BROADWAY E BETWEEN E THOMAS ST AND E HARRISON ST,0,1,Y,2,2623163,Dry,18,"MOTOR VEHICLE STRUCK PEDALCYCLIST, FRONT END AT ANGLE",06321002,9453,0,2,Injury Collision,,45,Bicycle,Matched,0,1,Overcast,0,"(47.62153060600008, -122.32089890399999)",0,0,N,06-489685
30512,63362,63362,Block,Cycles,218,,,0,Y,09/12/2006 12:00:00 AM +0000,9/12/2006 4:51:00 PM,1,,Driveway Junction,Daylight,EASTLAKE AVE E BETWEEN HARVARD AVE E AND FUHRMAN AVE E,0,1,,3,2614862,Dry,18,"MOTOR VEHICLE STRUCK PEDALCYCLIST, FRONT END AT ANGLE",06255005,10184,0,2,Injury Collision,,45,Bicycle,Matched,0,1,Clear or Partly Cloudy,0,"(47.65104751100006, -122.32168580199999)",0,0,N,06-386442
30550,62702,62702,Intersection,Cycles,0,,,0,,02/02/2006 12:00:00 AM +0000,2/2/2006,1,27167,At Intersection (intersection related),Daylight,UNIVERSITY WAY NE AND NE PACIFIC ST,0,1,,2,2061111,Dry,18,"MOTOR VEHICLE STRUCK PEDALCYCLIST, FRONT END AT ANGLE",06033013,13215,0,2,Injury Collision,,45,Bicycle,Matched,0,1,Overcast,0,"(47.65339944100003, -122.31333457599999)",0,0,N,06 045761
30560,63614,63614,Intersection,Cycles,0,,,0,,04/10/2006 12:00:00 AM +0000,4/10/2006 7:23:00 AM,1,36830,At Intersection (intersection related),Daylight,35TH AVE NE AND NE 115TH ST,0,1,,2,2178679,Dry,18,"MOTOR VEHICLE STRUCK PEDALCYCLIST, FRONT END AT ANGLE",06100004,5391,0,2,Injury Collision,,45,Bicycle,Matched,0,1,Overcast,0,"(47.71195941600007, -122.29065019999996)",0,0,N,06-143237
30685,62788,62788,Block,Cycles,124.5,,,0,,06/20/2006 12:00:00 AM +0000,6/20/2006 12:22:00 PM,1,,Driveway Junction,Daylight,NE 45TH ST BETWEEN 1ST AVE NE AND 2ND AVE NE,0,1,Y,4,2400641,Dry,18,"MOTOR VEHICLE STRUCK PEDALCYCLIST, FRONT END AT ANGLE",06171003,16838,0,2,Injury Collision,Y,45,Bicycle,Matched,0,1,Clear or Partly Cloudy,0,"(47.661357277000036, -122.32775751099996)",0,0,N,06-250440
30707,62671,62671,Block,Cycles,139.5,,,0,,05/30/2006 12:00:00 AM +0000,5/30/2006 6:44:00 PM,2,,Driveway Junction,Daylight,S NORMAN ST BETWEEN 28TH AVE S AND 29TH AVE S,0,1,,5,2063981,Dry,51,PEDALCYCLIST STRUCK MOTOR VEHICLE FRONT END AT ANGLE,06150003,20954,0,2,Injury Collision,,45,Bicycle,Matched,0,1,Clear or Partly Cloudy,0,"(47.59331718000004, -122.29602945299996)",0,0,N,06 217752
30759,62918,62918,Block,Cycles,153,,,0,Y,03/17/2006 12:00:00 AM +0000,3/17/2006 4:05:00 PM,1,,Mid-Block (not related to intersection),Daylight,BOREN AVE BETWEEN MADISON ST AND SPRING ST,0,1,,2,2070681,Dry,23,"MOTOR VEHICLE STRUCK PEDALCYCLIST, LEFT SIDE SIDESWIPE",06076006,9314,0,2,Injury Collision,,45,Bicycle,Matched,1,1,Overcast,0,"(47.60969372900007, -122.32546429599995)",0,0,N,6109359
30789,62771,62771,Intersection,Cycles,0,,,0,,03/27/2006 12:00:00 AM +0000,3/27/2006 7:49:00 PM,1,26053,At Intersection (intersection related),Dark - Street Lights On,16TH AVE NE AND NE 50TH ST,0,1,,2,2185217,Dry,51,PEDALCYCLIST STRUCK MOTOR VEHICLE FRONT END AT ANGLE,06086007,2249,0,2,Injury Collision,,45,Bicycle,Matched,0,1,Clear or Partly Cloudy,0,"(47.66488423200008, -122.31080203699997)",0,0,N,06 124049
30844,62884,62884,Intersection,Cycles,0,,,0,,11/25/2006 12:00:00 AM +0000,11/25/2006 5:30:00 PM,1,36802,At Intersection (intersection related),Dark - Street Lights Off,SAND POINT WAY NE AND NE 123RD ST,0,1,Y,3,2617918,Dry,24,MOTOR VEHCILE STRUCK PEDESTRIAN,06329002,12746,0,2,Injury Collision,,45,Bicycle,Matched,0,1,Clear or Partly Cloudy,0,"(47.71736901600008, -122.28390740299994)",0,0,N,06-501273
30915,63135,63135,Intersection,Cycles,0,,,0,,05/18/2006 12:00:00 AM +0000,5/18/2006 3:09:00 PM,1,29872,At Intersection (but not related to intersection),Daylight,BOREN AVE AND PINE ST,0,1,Y,2,2024539,Dry,22,"MOTOR VEHICLE STRUCK PEDALCYCLIST, RIGHT SIDE SIDESWIPE",06138008,9320,0,2,Injury Collision,,45,Bicycle,Matched,0,1,Clear or Partly Cloudy,0,"(47.61445724200007, -122.32982243299995)",0,0,N,06 199773
30923,62868,62868,Intersection,Cycles,0,,,0,,09/05/2006 12:00:00 AM +0000,9/5/2006,1,29657,At Intersection (intersection related),Daylight,BROAD ST AND DENNY WAY,0,1,Y,2,2618733,Dry,18,"MOTOR VEHICLE STRUCK PEDALCYCLIST, FRONT END AT ANGLE",06248028,9416,0,2,Injury Collision,,45,Bicycle,Matched,0,1,Clear or Partly Cloudy,0,"(47.618581919000064, -122.35035531499994)",0,0,N,06-376949
30951,62869,62869,Block,Cycles,161.5,,,0,,09/05/2006 12:00:00 AM +0000,9/5/2006,0,,Mid-Block (not related to intersection),Daylight,S JACKSON ST BETWEEN 20TH PL S AND 22ND AVE S,0,1,Y,2,2622351,Dry,18,"MOTOR VEHICLE STRUCK PEDALCYCLIST, FRONT END AT ANGLE",06248008,510318,0,1,Property Damage Only Collision,,45,Bicycle,Matched,0,1,Clear or Partly Cloudy,0,"(47.59927027100008, -122.30394564399995)",0,0,N,06-375281
30960,63134,63134,Block,Cycles,375,,,0,,05/18/2006 12:00:00 AM +0000,5/18/2006 4:31:00 PM,1,,Mid-Block (not related to intersection),Daylight,SAND POINT WAY NE BETWEEN NE 106TH ST AND NE 107TH ST,0,1,,2,2058365,Dry,18,"MOTOR VEHICLE STRUCK PEDALCYCLIST, FRONT END AT ANGLE",06138012,12740,0,2,Injury Collision,,45,Bicycle,Matched,0,1,Clear or Partly Cloudy,0,"(47.70604697200008, -122.27881460499998)",0,0,N,60199786
30970,62998,62998,Intersection,Cycles,0,,,0,,05/05/2006 12:00:00 AM +0000,5/5/2006,1,25932,At Intersection (intersection related),Daylight,29TH AVE NE AND NE 55TH ST,0,1,Y,2,2179018,Dry,18,"MOTOR VEHICLE STRUCK PEDALCYCLIST, FRONT END AT ANGLE",06125049,4285,0,2,Injury Collision,,45,Bicycle,Matched,0,1,Clear or Partly Cloudy,0,"(47.66851987500007, -122.29620115099999)",0,0,N,06 179371
31126,62418,62418,Intersection,Cycles,0,,,0,,07/14/2006 12:00:00 AM +0000,7/14/2006 7:40:00 AM,1,30748,At Intersection (intersection related),Daylight,16TH AVE S AND S JACKSON ST,0,1,Y,2,2620905,Dry,18,"MOTOR VEHICLE STRUCK PEDALCYCLIST, FRONT END AT ANGLE",06195042,2282,0,2,Injury Collision,,45,Bicycle,Matched,0,1,Clear or Partly Cloudy,0,"(47.599224596000056, -122.31157742299996)",0,0,N,06-290293
31157,62293,62293,Intersection,Cycles,0,,,0,,03/14/2006 12:00:00 AM +0000,3/14/2006 4:50:00 PM,1,25823,At Intersection (intersection related),Daylight,CORLISS AVE N AND N 61ST ST,0,1,,2,2059234,Dry,51,PEDALCYCLIST STRUCK MOTOR VEHICLE FRONT END AT ANGLE,06073003,9777,0,2,Injury Collision,,45,Bicycle,Matched,0,1,Clear or Partly Cloudy,0,"(47.67289337600005, -122.33089370399995)",0,0,N,06-105153
31173,62542,62542,Block,Cycles,279,,,0,,04/20/2006 12:00:00 AM +0000,4/20/2006 8:51:00 PM,0,,Mid-Block (not related to intersection),Dark - Street Lights On,WESTLAKE AVE N BETWEEN VALLEY ST AND 9TH AVE N,0,1,Y,2,2108695,Dry,26,MOTOR VEHICLE STRUCK OBJECT IN ROAD,06110005,13538,0,1,Property Damage Only Collision,,45,Bicycle,Matched,0,1,Clear or Partly Cloudy,0,"(47.62648210300006, -122.33912756699999)",0,0,N,06-157818
31174,62541,62541,Block,Cycles,280,,,0,,11/22/2006 12:00:00 AM +0000,11/22/2006 9:15:00 AM,1,,Mid-Block (not related to intersection),Daylight,BROOKLYN AVE NE BETWEEN NE 50TH ST AND NE 52ND ST,0,1,Y,2,2614561,Wet,22,"MOTOR VEHICLE STRUCK PEDALCYCLIST, RIGHT SIDE SIDESWIPE",06326001,9484,0,2,Injury Collision,,45,Bicycle,Matched,0,1,Clear or Partly Cloudy,0,"(47.665674584000044, -122.31419835899999)",0,0,N,06-497014
31205,62406,62406,Block,Cycles,306,,,0,,07/22/2006 12:00:00 AM +0000,7/22/2006 2:25:00 PM,1,,Mid-Block (not related to intersection),Daylight,FAUNTLEROY WAY SW BETWEEN SW MYRTLE ST AND SW OTHELLO ST,0,1,Y,2,2619529,Dry,56,PEDALCYCLIST STRUCK MOTOR VEHICLE LEFT SIDE SIDESWIPE,06203003,10407,0,2,Injury Collision,,45,Bicycle,Matched,0,1,Clear or Partly Cloudy,0,"(47.53882185800006, -122.39109185899997)",0,0,N,06-303918
31206,62405,62405,Block,Cycles,139,,,0,,05/14/2006 12:00:00 AM +0000,5/14/2006 2:40:00 PM,0,,Driveway Junction,Daylight,NE 45TH ST BETWEEN NE 45TH ST RP AND MONTLAKE BLVD NE,0,1,,2,2188375,Dry,18,"MOTOR VEHICLE STRUCK PEDALCYCLIST, FRONT END AT ANGLE",06134003,16861,0,1,Property Damage Only Collision,,45,Bicycle,Matched,0,1,Clear or Partly Cloudy,0,"(47.66122236800004, -122.29886205099996)",0,0,N,06 193342
31208,62403,62403,Block,Cycles,1087.5,,,0,,05/16/2006 12:00:00 AM +0000,5/16/2006 5:06:00 PM,1,,Driveway Junction,Daylight,WEST GREEN LAKE WAY N BETWEEN GREEN LAKE TURN RD AND N 63RD ST,0,1,Y,2,2400410,Dry,18,"MOTOR VEHICLE STRUCK PEDALCYCLIST, FRONT END AT ANGLE",06136004,23399,0,2,Injury Collision,,45,Bicycle,Matched,0,1,Clear or Partly Cloudy,0,"(47.67149845500006, -122.34367493899998)",0,0,N,06 196555
31234,62393,62393,Block,Cycles,727.5,,,0,,05/18/2006 12:00:00 AM +0000,5/18/2006 5:36:00 PM,1,,Mid-Block (not related to intersection),Daylight,WESTLAKE AVE N BETWEEN NEWELL ST AND NICKERSON ST,0,1,,2,2069901,Dry,51,PEDALCYCLIST STRUCK MOTOR VEHICLE FRONT END AT ANGLE,06138003,13548,1,2b,Serious Injury Collision,,45,Bicycle,Matched,0,1,Clear or Partly Cloudy,0,"(47.64502969000006, -122.34730070499995)",0,0,N,06 199864
31241,62273,62273,Block,Cycles,270,,,0,,06/05/2006 12:00:00 AM +0000,6/5/2006,0,,Mid-Block (not related to intersection),Daylight,EASTLAKE AVE E BETWEEN E BOSTON ST AND E LYNN ST,0,1,,2,2071199,Dry,56,PEDALCYCLIST STRUCK MOTOR VEHICLE LEFT SIDE SIDESWIPE,06156004,10176,0,1,Property Damage Only Collision,,45,Bicycle,Matched,0,1,Overcast,0,"(47.638985674000025, -122.32589341199997)",0,0,N,06 226393
31325,62377,62377,Block,Cycles,203.5,,,0,,04/26/2006 12:00:00 AM +0000,4/26/2006 3:04:00 PM,0,,Mid-Block (but intersection related),Daylight,NW MARKET ST BETWEEN 28TH AVE NW AND NW 54TH ST,0,1,,4,2390702,Dry,55,PEDALCYCLIST STRUCK MOTOR VEHICLE RIGHT SIDE SIDESWIPE,06116004,19238,0,1,Property Damage Only Collision,,45,Bicycle,Matched,0,1,Clear or Partly Cloudy,0,"(47.66865140600004, -122.39368163099999)",0,0,N,06-166164
31397,62610,62610,Block,Cycles,251.5,,,0,,06/11/2006 12:00:00 AM +0000,6/11/2006 9:08:00 AM,1,,Driveway Junction,Daylight,LAKESIDE AVE S BETWEEN S KING ST AND S LANE ST,0,1,Y,2,2063960,Dry,18,"MOTOR VEHICLE STRUCK PEDALCYCLIST, FRONT END AT ANGLE",06162004,11261,0,2,Injury Collision,,45,Bicycle,Matched,0,1,Clear or Partly Cloudy,0,"(47.59725865900003, -122.28720950799999)",0,0,N,06 236122
31445,62626,62626,Block,Cycles,503,,,0,,10/10/2006 12:00:00 AM +0000,10/10/2006 1:02:00 PM,1,,Driveway Junction,Daylight,25TH AVE NE BETWEEN NE 44TH ST AND NE 47TH ST,0,1,,2,2610493,Dry,18,"MOTOR VEHICLE STRUCK PEDALCYCLIST, FRONT END AT ANGLE",06283004,3720,0,2,Injury Collision,,45,Bicycle,Matched,0,1,Clear or Partly Cloudy,0,"(47.66188693000004, -122.30090615699999)",0,0,N,06-430184
31481,62208,62208,Intersection,Cycles,0,,,0,,12/09/2006 12:00:00 AM +0000,12/9/2006,1,27167,At Intersection (intersection related),Daylight,UNIVERSITY WAY NE AND NE PACIFIC ST,0,1,,2,2803694,Dry,18,"MOTOR VEHICLE STRUCK PEDALCYCLIST, FRONT END AT ANGLE",06343037,13215,0,2,Injury Collision,,45,Bicycle,Matched,0,1,Clear or Partly Cloudy,0,"(47.65339944100003, -122.31333457599999)",0,0,N,06-522634
31487,62335,62335,Intersection,Cycles,0,,,0,Y,08/27/2006 12:00:00 AM +0000,8/27/2006 3:18:00 PM,0,25793,At Intersection (intersection related),Daylight,UNIVERSITY WAY NE AND NE 50TH ST,0,1,,2,2614437,Dry,51,PEDALCYCLIST STRUCK MOTOR VEHICLE FRONT END AT ANGLE,06239002,13224,0,1,Property Damage Only Collision,,45,Bicycle,Matched,0,1,Clear or Partly Cloudy,0,"(47.66490072400006, -122.31307415999999)",0,0,N,06-361483
31521,62328,62328,Intersection,Cycles,0,,,0,,05/31/2006 12:00:00 AM +0000,5/31/2006 6:05:00 PM,1,26786,At Intersection (intersection related),Daylight,BURKE AVE N AND N 45TH ST,0,1,,2,2058640,Dry,51,PEDALCYCLIST STRUCK MOTOR VEHICLE FRONT END AT ANGLE,06151006,9511,0,2,Injury Collision,,45,Bicycle,Matched,0,1,Clear or Partly Cloudy,0,"(47.661385848000066, -122.33507243499997)",0,0,N,6219366
31606,61782,61782,Intersection,Cycles,0,,,0,,11/08/2006 12:00:00 AM +0000,11/8/2006,1,29161,At Intersection (intersection related),Dark - Street Lights On,SUMMIT AVE E AND E OLIVE WAY,0,1,Y,2,2623480,Wet,18,"MOTOR VEHICLE STRUCK PEDALCYCLIST, FRONT END AT ANGLE",06312005,12991,0,2,Injury Collision,,45,Bicycle,Matched,0,1,Raining,0,"(47.61889599600005, -122.32528836099999)",0,0,N,06-476703
31629,61902,61902,Block,Cycles,213.5,,,0,,09/07/2006 12:00:00 AM +0000,9/7/2006,1,,Driveway Junction,Daylight,ALASKAN WAY BETWEEN LENORA ST AND BLANCHARD ST,0,1,Y,2,2618737,Dry,18,"MOTOR VEHICLE STRUCK PEDALCYCLIST, FRONT END AT ANGLE",06250001,8728,0,2,Injury Collision,,45,Bicycle,Matched,0,1,Clear or Partly Cloudy,0,"(47.61037733900008, -122.34695317499995)",0,0,N,06-379186
31765,62014,62014,Intersection,Cycles,0,,,0,,03/15/2006 12:00:00 AM +0000,3/15/2006 4:40:00 PM,1,29661,At Intersection (intersection related),Unknown,1ST AVE AND WARREN PL,0,1,,2,C665579,Dry,18,"MOTOR VEHICLE STRUCK PEDALCYCLIST, FRONT END AT ANGLE",06074037,1023,0,2,Injury Collision,,45,Bicycle,Matched,0,1,Clear or Partly Cloudy,0,"(47.61788948000003, -122.35415335399995)",0,0,N,
31788,61607,61607,Intersection,Cycles,0,,,0,,09/09/2006 12:00:00 AM +0000,9/9/2006,1,29612,At Intersection (intersection related),Dark - Street Lights On,2ND AVE AND SENECA ST,0,1,,2,2617179,Dry,51,PEDALCYCLIST STRUCK MOTOR VEHICLE FRONT END AT ANGLE,06252001,2755,0,2,Injury Collision,,45,Bicycle,Matched,0,1,Clear or Partly Cloudy,0,"(47.60658579100004, -122.33643418799994)",0,0,N,06-382698
31835,61724,61724,Intersection,Cycles,0,,,0,,01/13/2006 12:00:00 AM +0000,1/13/2006 1:20:00 PM,1,29060,At Intersection (intersection related),Daylight,15TH AVE E AND E JOHN SR ST,0,1,Y,2,1796151,Wet,18,"MOTOR VEHICLE STRUCK PEDALCYCLIST, FRONT END AT ANGLE",06013076,2002,0,2,Injury Collision,,45,Bicycle,Matched,0,1,Raining,0,"(47.61966388500008, -122.31272223999997)",0,0,N,06-017567
31870,61842,61842,Intersection,Cycles,0,,,0,,02/06/2006 12:00:00 AM +0000,2/6/2006,1,26447,At Intersection (intersection related),Daylight,GILMAN AVE W AND W EMERSON PL,0,1,,3,2191711,Dry,51,PEDALCYCLIST STRUCK MOTOR VEHICLE FRONT END AT ANGLE,06037001,10638,0,2,Injury Collision,,45,Bicycle,Matched,0,1,Clear or Partly Cloudy,0,"(47.65587141100008, -122.38647924599996)",0,0,N,06 052169
31925,61962,61962,Intersection,Cycles,0,,,0,,09/30/2006 12:00:00 AM +0000,9/30/2006 5:46:00 PM,1,30337,At Intersection (intersection related),Daylight,E ALDER ST AND E SPRUCE ST,0,1,Y,2,2623191,Dry,18,"MOTOR VEHICLE STRUCK PEDALCYCLIST, FRONT END AT ANGLE",06273005,13801,0,2,Injury Collision,,45,Bicycle,Matched,0,1,Clear or Partly Cloudy,0,"(47.60387892800003, -122.28636320699997)",0,0,N,06-414652
31943,62110,62110,Intersection,Cycles,0,,,0,Y,10/25/2006 12:00:00 AM +0000,10/25/2006 1:20:00 PM,1,35192,At Intersection (intersection related),Daylight,5TH AVE S AND S HENDERSON ST,0,1,,2,2625701,Dry,18,"MOTOR VEHICLE STRUCK PEDALCYCLIST, FRONT END AT ANGLE",06298001,7388,0,2,Injury Collision,,45,Bicycle,Matched,0,1,Overcast,0,"(47.52308135100003, -122.32825499699999)",0,0,N,06-453681
31959,61695,61695,Block,Cycles,190,,,0,,01/18/2006 12:00:00 AM +0000,1/18/2006 7:48:00 AM,1,,Driveway Junction,Dawn,E MADISON ST BETWEEN 15TH AVE AND 16TH AVE,0,1,Y,3,2128224,Wet,18,"MOTOR VEHICLE STRUCK PEDALCYCLIST, FRONT END AT ANGLE",06018015,14346,0,2,Injury Collision,,45,Bicycle,Matched,0,1,Clear or Partly Cloudy,0,"(47.61477105800003, -122.31211719699996)",0,0,N,06-024091
31974,61822,61822,Intersection,Cycles,0,,,0,,08/27/2006 12:00:00 AM +0000,8/27/2006 5:28:00 PM,1,29408,At Intersection (intersection related),Daylight,MCGILVRA BLVD E AND E GALER ST,0,1,Y,2,2622183,Dry,18,"MOTOR VEHICLE STRUCK PEDALCYCLIST, FRONT END AT ANGLE",06239010,11720,0,2,Injury Collision,,45,Bicycle,Matched,0,1,Clear or Partly Cloudy,0,"(47.63216270100003, -122.28131073499998)",0,0,N,06-361655
31976,61683,61683,Intersection,Cycles,0,,,0,,05/16/2006 12:00:00 AM +0000,5/16/2006 7:18:00 PM,1,30134,At Intersection (intersection related),Daylight,16TH AVE AND E PINE ST,0,1,,2,1791187,Dry,51,PEDALCYCLIST STRUCK MOTOR VEHICLE FRONT END AT ANGLE,06136042,2230,0,2,Injury Collision,,45,Bicycle,Matched,0,1,Clear or Partly Cloudy,0,"(47.61527767100006, -122.31146185199998)",0,0,N,06-196744
32067,61666,61666,Block,Cycles,160,,,0,,02/28/2006 12:00:00 AM +0000,2/28/2006 5:04:00 PM,1,,Driveway Junction,Daylight,N 34TH ST BETWEEN WOODLAND PARK AVE N AND STONE WAY N,0,1,Y,2,2178709,Dry,18,"MOTOR VEHICLE STRUCK PEDALCYCLIST, FRONT END AT ANGLE",06059005,15289,0,2,Injury Collision,,45,Bicycle,Matched,0,1,Clear or Partly Cloudy,0,"(47.64863709600007, -122.34341043199998)",0,0,N,6084771
32099,61661,61661,Intersection,Cycles,0,,,0,,09/19/2006 12:00:00 AM +0000,9/19/2006 3:00:00 PM,1,23890,At Intersection (intersection related),Daylight,18TH AVE NW AND NW 77TH ST,0,1,,2,C674679,Dry,11,"MOTOR VEHICLE STRUCK MOTOR VEHICLE, FRONT END AT ANGLE",06262043,2583,0,2,Injury Collision,,45,Bicycle,Matched,0,1,Clear or Partly Cloudy,0,"(47.685031097000035, -122.38000754099994)",0,0,N,
32212,61238,61238,Block,Cycles,226,,,0,,12/27/2006 12:00:00 AM +0000,12/27/2006 4:55:00 PM,0,,Mid-Block (not related to intersection),Dark - Street Lights On,SW GRAHAM ST BETWEEN LANHAM PL SW AND 34TH AVE SW,0,1,,2,2616426,Wet,18,"MOTOR VEHICLE STRUCK PEDALCYCLIST, FRONT END AT ANGLE",06361003,22236,0,1,Property Damage Only Collision,,45,Bicycle,Matched,0,1,Overcast,0,"(47.546626626000034, -122.37413127699995)",0,0,N,2006-546988
32236,61097,61097,Block,Cycles,641,,,1,,03/17/2006 12:00:00 AM +0000,3/17/2006 1:01:00 PM,0,,Mid-Block (not related to intersection),Daylight,HIGHLAND PARK WAY SW BETWEEN 2ND AVE SW AND WEST MARGINAL WAY SW,0,1,,2,2127908,Dry,18,"MOTOR VEHICLE STRUCK PEDALCYCLIST, FRONT END AT ANGLE",06076001,10897,0,3,Fatality Collision,Y,45,Bicycle,Matched,0,1,Clear or Partly Cloudy,0,"(47.54026549500003, -122.33961618399996)",0,0,N,06-109118