OBJECTID,INCKEY,COLDETKEY,ADDRTYPE,COLLISIONTYPE,DISTANCE,EXCEPTRSNCODE,EXCEPTRSNDESC,FATALITIES,INATTENTIONIND,INCDATE,INCDTTM,INJURIES,INTKEY,JUNCTIONTYPE,LIGHTCOND,LOCATION,PEDCOUNT,PEDCYLCOUNT,PEDROWNOTGRNT,PERSONCOUNT,REPORTNO,ROADCOND,SDOT_COLCODE,SDOT_COLDESC,SDOTCOLNUM,SEGKEY,SERIOUSINJURIES,SEVERITYCODE,SEVERITYDESC,SPEEDING,ST_COLCODE,ST_COLDESC,STATUS,UNDERINFL,VEHCOUNT,WEATHER,WIDTH,Shape,SEGLANEKEY,CROSSWALKKEY,HITPARKEDCAR,SPDCASENO
32313,61340,61340,Block,Cycles,124.5,,,0,Y,10/23/2006 12:00:00 AM +0000,10/23/2006 5:13:00 PM,0,,Mid-Block (not related to intersection),Daylight,N 38TH ST BETWEEN FREMONT WAY N AND FREMONT TURN RD,0,1,,3,2603566,Dry,21,"MOTOR VEHICLE STRUCK PEDALCYCLIST, REAR END",06296004,15354,0,1,Property Damage Only Collision,,45,Bicycle,Matched,0,1,Clear or Partly Cloudy,0,"(47.65259365400004, -122.34814300499994)",0,0,N,06-451049
32446,61439,61439,Intersection,Cycles,0,,,0,Y,09/25/2006 12:00:00 AM +0000,9/25/2006 9:20:00 AM,1,29972,At Intersection (intersection related),Daylight,5TH AVE AND JAMES ST,0,1,Y,2,2625165,Dry,24,MOTOR VEHCILE STRUCK PEDESTRIAN,06268001,7226,0,2,Injury Collision,,45,Bicycle,Matched,0,1,Clear or Partly Cloudy,0,"(47.60369751600007, -122.32918704299999)",0,0,N,2006-405509
32468,61550,61550,Block,Cycles,289,,,0,,06/30/2006 12:00:00 AM +0000,6/30/2006 11:28:00 AM,1,,Mid-Block (but intersection related),Daylight,23RD AVE W BETWEEN W EMERSON PL AND W ELMORE ST,0,1,,2,2187520,Dry,51,PEDALCYCLIST STRUCK MOTOR VEHICLE FRONT END AT ANGLE,06181002,3500,0,2,Injury Collision,,45,Bicycle,Matched,0,1,Clear or Partly Cloudy,0,"(47.65683263200003, -122.38593598799997)",0,0,N,06-266771
32470,61549,61549,Intersection,Cycles,0,,,0,,06/30/2006 12:00:00 AM +0000,6/30/2006 8:12:00 AM,2,29893,At Intersection (intersection related),Daylight,8TH AVE AND PIKE ST,1,1,,2,2071839,Dry,64,PEDALCYCLIST STRUCK PEDESTRIAN,06181003,8280,1,2b,Serious Injury Collision,,45,Bicycle,Matched,0,0,Clear or Partly Cloudy,0,"(47.61207057300004, -122.33224408399997)",0,0,N,6266571
32488,61170,61170,Intersection,Cycles,0,,,0,,05/06/2006 12:00:00 AM +0000,5/6/2006,1,27297,At Intersection (intersection related),Daylight,MONTLAKE BLVD NE AND NE PACIFIC PL,0,1,Y,2,2023448,Dry,18,"MOTOR VEHICLE STRUCK PEDALCYCLIST, FRONT END AT ANGLE",06126003,11911,0,2,Injury Collision,,45,Bicycle,Matched,0,1,Overcast,0,"(47.65108342000008, -122.30390735999998)",0,0,N,06-181814
32489,61428,61428,Block,Cycles,780,,,0,,09/11/2006 12:00:00 AM +0000,9/11/2006 8:30:00 PM,1,,Driveway Junction,Unknown,SEAVIEW AVE NW BETWEEN NW 61ST ST AND NW 67TH ST,0,1,,2,C674143,Unknown,18,"MOTOR VEHICLE STRUCK PEDALCYCLIST, FRONT END AT ANGLE",06254034,12761,0,2,Injury Collision,,45,Bicycle,Matched,0,1,Unknown,0,"(47.67489630600005, -122.40636222599994)",0,0,N,
32534,61284,61284,Block,Cycles,140,,,0,,04/26/2006 12:00:00 AM +0000,4/26/2006 9:21:00 PM,1,,Driveway Junction,Dusk,NE 45TH ST BETWEEN UNIVERSITY WAY NE AND 15TH AVE NE,0,1,Y,2,2390738,Dry,18,"MOTOR VEHICLE STRUCK PEDALCYCLIST, FRONT END AT ANGLE",06116003,16852,0,2,Injury Collision,,45,Bicycle,Matched,0,1,Clear or Partly Cloudy,0,"(47.66126567400005, -122.31256350599995)",0,0,N,06-166660
32674,60999,60999,Intersection,Cycles,0,,,0,Y,04/18/2006 12:00:00 AM +0000,4/18/2006 8:12:00 AM,0,26673,At Intersection (intersection related),Daylight,LEARY WAY NW AND NW 39TH ST,0,1,Y,2,2390642,Dry,18,"MOTOR VEHICLE STRUCK PEDALCYCLIST, FRONT END AT ANGLE",06108028,11335,0,1,Property Damage Only Collision,,45,Bicycle,Matched,0,1,Clear or Partly Cloudy,0,"(47.65414586400004, -122.36006316099997)",0,0,N,6154112
32729,60596,60596,Intersection,Cycles,0,,,0,,05/12/2006 12:00:00 AM +0000,5/12/2006 6:54:00 PM,1,37393,At Intersection (intersection related),Daylight,EVANSTON AVE N AND N 102ND ST,0,1,,2,1216470,Dry,51,PEDALCYCLIST STRUCK MOTOR VEHICLE FRONT END AT ANGLE,06132004,10294,0,2,Injury Collision,,45,Bicycle,Matched,0,1,Clear or Partly Cloudy,0,"(47.70289530000008, -122.35087226499996)",0,0,N,06-190751
32757,60582,60582,Intersection,Cycles,0,,,0,,11/03/2006 12:00:00 AM +0000,11/3/2006,1,33753,At Intersection (intersection related),Dark - Street Lights On,CALIFORNIA AVE SW AND SW BEVERIDGE PL,0,1,,2,2625680,Wet,51,PEDALCYCLIST STRUCK MOTOR VEHICLE FRONT END AT ANGLE,06307005,9565,0,2,Injury Collision,,45,Bicycle,Matched,0,1,Raining,0,"(47.54532547000008, -122.38721010299997)",0,0,N,06-468487
32784,60967,60967,Block,Cycles,259.5,,,0,Y,09/27/2006 12:00:00 AM +0000,9/27/2006 4:58:00 PM,1,,Mid-Block (not related to intersection),Daylight,WINONA AVE N BETWEEN AURORA AVE N AND STONE AVE N,0,1,,2,2603644,Dry,18,"MOTOR VEHICLE STRUCK PEDALCYCLIST, FRONT END AT ANGLE",06270002,13625,0,2,Injury Collision,,45,Bicycle,Matched,0,1,Clear or Partly Cloudy,0,"(47.68315822000005, -122.34360126299998)",0,0,N,06-409354
32796,60568,60568,Intersection,Cycles,0,,,0,,04/10/2006 12:00:00 AM +0000,4/10/2006 8:38:00 PM,1,30543,At Intersection (intersection related),Dark - Street Lights On,MAYNARD AVE S AND S DEARBORN ST,0,1,,2,2192155,Dry,51,PEDALCYCLIST STRUCK MOTOR VEHICLE FRONT END AT ANGLE,06100006,11704,0,2,Injury Collision,,45,Bicycle,Matched,0,1,Clear or Partly Cloudy,0,"(47.59583534300003, -122.32506845099999)",0,0,N,6144012
32810,60694,60694,Intersection,Cycles,0,,,0,,07/20/2006 12:00:00 AM +0000,7/20/2006 9:45:00 PM,1,29878,At Intersection (intersection related),Dark - Street Lights On,BOREN AVE AND PIKE ST,0,1,Y,2,2621011,Dry,18,"MOTOR VEHICLE STRUCK PEDALCYCLIST, FRONT END AT ANGLE",06201007,9319,0,2,Injury Collision,,45,Bicycle,Matched,0,1,Clear or Partly Cloudy,0,"(47.613465820000044, -122.32891310199994)",0,0,N,06 301134
32819,60829,60829,Block,Cycles,727.5,,,0,,12/07/2006 12:00:00 AM +0000,12/7/2006,1,,Mid-Block (but intersection related),Daylight,26TH AVE E BETWEEN BOYER AVE E AND E NEWTON ST,0,1,,2,2615293,Dry,51,PEDALCYCLIST STRUCK MOTOR VEHICLE FRONT END AT ANGLE,06341001,3855,1,2b,Serious Injury Collision,,45,Bicycle,Matched,0,1,Overcast,0,"(47.635908906000054, -122.29947268399997)",0,0,N,06-517541
32842,60695,60695,Block,Cycles,213,,,0,,07/19/2006 12:00:00 AM +0000,7/19/2006 8:49:00 AM,1,,Mid-Block (not related to intersection),Daylight,6TH AVE BETWEEN BELL ST AND BATTERY ST,0,1,,2,2608656,Dry,18,"MOTOR VEHICLE STRUCK PEDALCYCLIST, FRONT END AT ANGLE",06200008,7892,0,2,Injury Collision,,45,Bicycle,Matched,0,1,Clear or Partly Cloudy,0,"(47.61708204200005, -122.34286323499998)",0,0,N,06-298356
32843,60954,60954,Intersection,Cycles,0,,,0,,06/20/2006 12:00:00 AM +0000,6/20/2006 9:43:00 PM,1,33135,At Intersection (intersection related),Dark - Street Lights On,CORSON AVE S AND S MICHIGAN ST,0,1,Y,2,1077134,Dry,18,"MOTOR VEHICLE STRUCK PEDALCYCLIST, FRONT END AT ANGLE",06171002,9833,0,2,Injury Collision,,45,Bicycle,Matched,0,1,Clear or Partly Cloudy,0,"(47.54750295500003, -122.32143892899995)",0,0,N,06 251212
32865,60808,60808,Intersection,Cycles,0,,,0,,05/26/2006 12:00:00 AM +0000,5/26/2006 9:59:00 PM,1,29592,At Intersection (intersection related),Dark - Street Lights On,2ND AVE AND PIKE ST,0,1,,3,2070289,Dry,51,PEDALCYCLIST STRUCK MOTOR VEHICLE FRONT END AT ANGLE,06146004,2758,0,2,Injury Collision,,45,Bicycle,Matched,0,1,Clear or Partly Cloudy,0,"(47.60928514300008, -122.33890369399995)",0,0,N,06-212192
32922,60932,60932,Intersection,Cycles,0,,,0,,03/09/2006 12:00:00 AM +0000,3/9/2006,1,287145,At Intersection (intersection related),Daylight,BURKE GILMAN TRL AND NW 41ST ST,0,1,,2,2026487,Dry,18,"MOTOR VEHICLE STRUCK PEDALCYCLIST, FRONT END AT ANGLE",06068003,287192,0,2,Injury Collision,,45,Bicycle,Matched,0,1,Clear or Partly Cloudy,0,"(47.65693097400003, -122.36393774699997)",0,0,N,6097564
32947,60657,60657,Intersection,Cycles,0,,,0,,02/22/2006 12:00:00 AM +0000,2/22/2006 10:54:00 AM,1,30444,At Intersection (intersection related),Daylight,DEARBORN OFF RP AND S DEARBORN ST,0,1,,2,2187709,Dry,51,PEDALCYCLIST STRUCK MOTOR VEHICLE FRONT END AT ANGLE,06053003,19831,0,2,Injury Collision,,45,Bicycle,Matched,0,1,Overcast,0,"(47.595831547000046, -122.321370995)",0,0,N,06-075302
33002,60918,60918,Block,Cycles,77,,,0,,03/17/2006 12:00:00 AM +0000,3/17/2006 8:30:00 AM,1,,Mid-Block (not related to intersection),Daylight,MONTLAKE BLVD E BETWEEN E SHELBY ST AND MONTLAKE BR,0,1,Y,2,2279864,Wet,23,"MOTOR VEHICLE STRUCK PEDALCYCLIST, LEFT SIDE SIDESWIPE",06076010,11909,0,2,Injury Collision,,45,Bicycle,Matched,0,1,Overcast,0,"(47.64660623300006, -122.30461234699999)",0,0,N,06-108948
33051,60765,60765,Block,Cycles,150,,,0,,06/21/2006 12:00:00 AM +0000,6/21/2006 6:08:00 PM,1,,Mid-Block (not related to intersection),Daylight,12TH AVE NE BETWEEN NE 63RD ST AND NE 64TH ST,0,1,Y,2,2405309,Dry,18,"MOTOR VEHICLE STRUCK PEDALCYCLIST, FRONT END AT ANGLE",06172001,1578,0,2,Injury Collision,,45,Bicycle,Matched,0,1,Clear or Partly Cloudy,0,"(47.67456686700007, -122.31565782599995)",0,0,N,06 252674
33179,60340,60340,Block,Cycles,158,,,0,,04/24/2006 12:00:00 AM +0000,4/24/2006 8:14:00 AM,1,,Mid-Block (not related to intersection),Daylight,DEXTER AVE N BETWEEN HIGHLAND DR AND COMSTOCK ST,0,1,,2,2187669,Dry,56,PEDALCYCLIST STRUCK MOTOR VEHICLE LEFT SIDE SIDESWIPE,06114010,10081,0,2,Injury Collision,,45,Bicycle,Matched,0,1,Clear or Partly Cloudy,0,"(47.63015164300003, -122.34229977599995)",0,0,N,6162650
33224,60337,60337,Intersection,Cycles,0,,,0,,04/25/2006 12:00:00 AM +0000,4/25/2006 6:36:00 PM,1,26916,At Intersection (but not related to intersection),Daylight,BURKE AVE N AND N NORTHLAKE WAY,0,1,Y,2,2058630,Dry,18,"MOTOR VEHICLE STRUCK PEDALCYCLIST, FRONT END AT ANGLE",06115007,9499,0,2,Injury Collision,,45,Bicycle,Matched,0,1,Clear or Partly Cloudy,0,"(47.64687291300004, -122.33516875699996)",0,0,N,6165004
33233,60073,60073,Intersection,Cycles,0,,,0,,08/16/2006 12:00:00 AM +0000,8/16/2006 4:50:00 PM,0,28393,At Intersection (intersection related),Daylight,24TH AVE E AND E NORTH ST,0,1,,2,C672711,Dry,51,PEDALCYCLIST STRUCK MOTOR VEHICLE FRONT END AT ANGLE,06228038,3559,0,1,Property Damage Only Collision,,45,Bicycle,Matched,0,1,Clear or Partly Cloudy,0,"(47.64373634300006, -122.30212607399994)",0,0,N,
33253,60206,60206,Intersection,Cycles,0,,,0,,09/02/2006 12:00:00 AM +0000,9/2/2006,0,27149,At Intersection (intersection related),Daylight,15TH AVE NE AND NE PACIFIC ST,0,1,Y,3,2618027,Dry,18,"MOTOR VEHICLE STRUCK PEDALCYCLIST, FRONT END AT ANGLE",06245007,2028,0,1,Property Damage Only Collision,,45,Bicycle,Matched,0,1,Clear or Partly Cloudy,0,"(47.65297596400006, -122.31246414499998)",0,0,N,06-371092
33271,60197,60197,Block,Cycles,111.5,,,0,,12/07/2006 12:00:00 AM +0000,12/7/2006,1,,Mid-Block (but intersection related),Dark - Street Lights On,BOREN AVE S BETWEEN E YESLER WAY AND 12TH AVE S TURN RD,0,1,Y,5,2623759,Wet,11,"MOTOR VEHICLE STRUCK MOTOR VEHICLE, FRONT END AT ANGLE",06341003,9332,0,2,Injury Collision,,45,Bicycle,Matched,0,1,Overcast,0,"(47.60144508600007, -122.31756839899998)",0,0,N,06-518449
33278,60446,60446,Intersection,Cycles,0,,,0,,10/06/2006 12:00:00 AM +0000,10/6/2006,1,36792,At Intersection (intersection related),Daylight,SAND POINT WAY NE AND NE 106TH ST,0,1,Y,2,2618138,Wet,18,"MOTOR VEHICLE STRUCK PEDALCYCLIST, FRONT END AT ANGLE",06279032,12740,0,2,Injury Collision,,45,Bicycle,Matched,0,1,Raining,0,"(47.70507904300007, -122.27831258299994)",0,0,N,06-423398
33417,60156,60156,Block,Cycles,153,,,0,,10/13/2006 12:00:00 AM +0000,10/13/2006 12:40:00 PM,1,,Driveway Junction,Daylight,4TH AVE S BETWEEN S WASHINGTON ST AND S MAIN ST,0,1,Y,2,2608894,Unknown,18,"MOTOR VEHICLE STRUCK PEDALCYCLIST, FRONT END AT ANGLE",06286001,6227,0,2,Injury Collision,,45,Bicycle,Matched,0,1,Unknown,0,"(47.60045709600007, -122.32896381999996)",0,0,N,06-439587
33440,60275,60275,Intersection,Cycles,0,,,0,,04/28/2006 12:00:00 AM +0000,4/28/2006 5:30:00 PM,1,27167,At Intersection (intersection related),Daylight,UNIVERSITY WAY NE AND NE PACIFIC ST,0,1,,2,C668087,Dry,18,"MOTOR VEHICLE STRUCK PEDALCYCLIST, FRONT END AT ANGLE",06118049,13215,0,2,Injury Collision,,45,Bicycle,Matched,0,1,Clear or Partly Cloudy,0,"(47.65339944100003, -122.31333457599999)",0,0,N,
33441,60159,60159,Block,Cycles,163.5,,,0,,09/09/2006 12:00:00 AM +0000,9/9/2006,1,,Mid-Block (not related to intersection),Dark - Street Lights On,N NORTHGATE WAY BETWEEN MIDVALE AVE N AND STONE AVE N,0,1,,2,2624560,Wet,21,"MOTOR VEHICLE STRUCK PEDALCYCLIST, REAR END",06252009,16112,0,2,Injury Collision,,45,Bicycle,Matched,0,1,Raining,0,"(47.70504850300006, -122.34266812699997)",0,0,N,06-381468
33443,60158,60158,Intersection,Cycles,0,,,0,,09/11/2006 12:00:00 AM +0000,9/11/2006 11:14:00 PM,1,27093,At Intersection (intersection related),Dark - Street Lights On,ROOSEVELT WAY NE AND NE 42ND S ST,0,1,Y,2,2618151,Dry,18,"MOTOR VEHICLE STRUCK PEDALCYCLIST, FRONT END AT ANGLE",06254002,12595,0,2,Injury Collision,,45,Bicycle,Matched,0,1,Clear or Partly Cloudy,0,"(47.65751422500006, -122.31780212899997)",0,0,N,06-385472
33485,60147,60147,Block,Cycles,161.5,,,0,,12/23/2006 12:00:00 AM +0000,12/23/2006 4:30:00 PM,0,,Mid-Block (not related to intersection),Dark - Street Lights On,HOWELL ST BETWEEN BOREN AVE AND MINOR AVE,0,1,,2,2622814,Dry,23,"MOTOR VEHICLE STRUCK PEDALCYCLIST, LEFT SIDE SIDESWIPE",06357001,10963,0,1,Property Damage Only Collision,,45,Bicycle,Matched,0,1,Clear or Partly Cloudy,0,"(47.61650595100008, -122.330991617)",0,0,N,06-542556
33547,60511,60511,Intersection,Cycles,0,,,0,,01/03/2006 12:00:00 AM +0000,1/3/2006,0,27114,At Intersection (intersection related),Daylight,7TH AVE NE AND NE 40TH ST,0,1,Y,2,2061109,Wet,18,"MOTOR VEHICLE STRUCK PEDALCYCLIST, FRONT END AT ANGLE",06003008,8170,0,1,Property Damage Only Collision,,45,Bicycle,Matched,0,1,Clear or Partly Cloudy,0,"(47.655893253000045, -122.32085414499994)",0,0,N,06 002907
33670,59703,59703,Block,Cycles,44.5,,,0,,06/22/2006 12:00:00 AM +0000,6/22/2006 4:21:00 PM,1,,Driveway Junction,Daylight,24TH AVE E BETWEEN DEAD END 1 AND E NORTH ST,0,1,,2,2401081,Dry,51,PEDALCYCLIST STRUCK MOTOR VEHICLE FRONT END AT ANGLE,06173006,3558,0,2,Injury Collision,,45,Bicycle,Matched,0,1,Clear or Partly Cloudy,0,"(47.643612561000054, -122.30212674599994)",0,0,N,06-254174
33712,59957,59957,Intersection,Cycles,0,,,0,,08/25/2006 12:00:00 AM +0000,8/25/2006 6:51:00 PM,1,29739,At Intersection (intersection related),Daylight,11TH AVE AND E PINE ST,0,1,Y,2,2622254,Dry,18,"MOTOR VEHICLE STRUCK PEDALCYCLIST, FRONT END AT ANGLE",06237019,1383,0,2,Injury Collision,,45,Bicycle,Matched,0,1,Clear or Partly Cloudy,0,"(47.615254391000065, -122.318159434)",0,0,N,06-358673
33724,59686,59686,Intersection,Cycles,0,,,0,,09/12/2006 12:00:00 AM +0000,9/12/2006 3:50:00 PM,1,30365,At Intersection (intersection related),Daylight,1ST AVE S AND S JACKSON ST,0,1,,2,2607417,Dry,51,PEDALCYCLIST STRUCK MOTOR VEHICLE FRONT END AT ANGLE,06255004,1188,0,2,Injury Collision,,45,Bicycle,Matched,0,1,Clear or Partly Cloudy,0,"(47.59920482900003, -122.33418803199999)",0,0,N,06-386367
33767,59804,59804,Block,Cycles,162.5,,,0,,12/01/2006 12:00:00 AM +0000,12/1/2006,1,,Mid-Block (not related to intersection),Daylight,S COLUMBIAN WAY BETWEEN 15TH S AVE S AND S OREGON W ST,0,1,,3,2606913,Wet,51,PEDALCYCLIST STRUCK MOTOR VEHICLE FRONT END AT ANGLE,06335001,19693,0,2,Injury Collision,,45,Bicycle,Matched,0,1,Overcast,0,"(47.563895038000055, -122.31339860299994)",0,0,N,06-508600
33808,59525,59525,Intersection,Cycles,0,,,0,,05/17/2006 12:00:00 AM +0000,5/17/2006 7:01:00 PM,1,28889,At Intersection (intersection related),Daylight,ROY ST AND TAYLOR AVE N,0,1,,2,2070254,Dry,51,PEDALCYCLIST STRUCK MOTOR VEHICLE FRONT END AT ANGLE,06137031,12687,1,2b,Serious Injury Collision,,45,Bicycle,Matched,0,1,Clear or Partly Cloudy,0,"(47.62541810300007, -122.34625917399995)",0,0,N,06 198356
33811,59523,59523,Intersection,Cycles,0,,,0,,05/26/2006 12:00:00 AM +0000,5/26/2006 3:21:00 PM,1,24312,At Intersection (intersection related),Daylight,AURORA AVE N AND WINONA AVE N,0,1,,2,2071436,Dry,18,"MOTOR VEHICLE STRUCK PEDALCYCLIST, FRONT END AT ANGLE",06146003,8952,0,2,Injury Collision,,45,Bicycle,Matched,0,1,Clear or Partly Cloudy,0,"(47.682772373000034, -122.34448441399996)",0,0,N,60211698
33885,59918,59918,Block,Cycles,330.5,,,0,,04/10/2006 12:00:00 AM +0000,4/10/2006 5:30:00 PM,1,,Driveway Junction,Daylight,N 85TH ST BETWEEN LINDEN AVE N AND AURORA AVE N,0,1,Y,2,2020844,Dry,18,"MOTOR VEHICLE STRUCK PEDALCYCLIST, FRONT END AT ANGLE",06100005,15955,1,2b,Serious Injury Collision,,45,Bicycle,Matched,0,1,Clear or Partly Cloudy,0,"(47.69056670100008, -122.34586655199996)",0,0,N,06-143903
33950,59626,59626,Block,Cycles,488.5,,,0,,05/14/2006 12:00:00 AM +0000,5/14/2006 3:17:00 PM,0,,Mid-Block (not related to intersection),Daylight,LAKE WASHINGTON BLVD S BETWEEN LAKESIDE AVE S AND LAKE PARK DR S,0,1,,2,1796444,Dry,23,"MOTOR VEHICLE STRUCK PEDALCYCLIST, LEFT SIDE SIDESWIPE",06134001,11229,0,1,Property Damage Only Collision,,45,Bicycle,Matched,0,1,Clear or Partly Cloudy,0,"(47.584252036000066, -122.28789275699995)",0,0,N,06-193420
33963,59898,59898,Block,Cycles,147,,,0,,03/03/2006 12:00:00 AM +0000,3/3/2006,1,,Mid-Block (not related to intersection),Daylight,N 45TH ST BETWEEN SUNNYSIDE AVE N AND EASTERN AVE N,0,1,,2,2185363,Dry,56,PEDALCYCLIST STRUCK MOTOR VEHICLE LEFT SIDE SIDESWIPE,06062007,15553,1,2b,Serious Injury Collision,,45,Bicycle,Matched,0,1,Clear or Partly Cloudy,0,"(47.66136625100006, -122.32956791499998)",0,0,N,6089311
34011,60009,60009,Intersection,Cycles,0,,,0,,06/06/2006 12:00:00 AM +0000,6/6/2006,1,30793,At Intersection (intersection related),Daylight,HIAWATHA PL S AND S CHARLES ST,0,1,,2,C669638,Dry,18,"MOTOR VEHICLE STRUCK PEDALCYCLIST, FRONT END AT ANGLE",06157054,10876,0,2,Injury Collision,,45,Bicycle,Matched,0,1,Clear or Partly Cloudy,0,"(47.594432151000035, -122.30912072499996)",0,0,N,
34036,59998,59998,Intersection,Cycles,0,,,0,Y,10/27/2006 12:00:00 AM +0000,10/27/2006 8:19:00 AM,1,29657,At Intersection (intersection related),Daylight,BROAD ST AND DENNY WAY,0,1,Y,2,2608214,Dry,18,"MOTOR VEHICLE STRUCK PEDALCYCLIST, FRONT END AT ANGLE",06300001,9416,0,2,Injury Collision,,45,Bicycle,Matched,0,1,Clear or Partly Cloudy,0,"(47.618581919000064, -122.35035531499994)",0,0,N,06-456627
34062,59994,59994,Block,Cycles,161,,,0,,08/15/2006 12:00:00 AM +0000,8/15/2006 9:27:00 AM,1,,Driveway Junction,Daylight,STEWART ST BETWEEN 8TH AVE AND 9TH AVE,0,1,,2,2607716,Dry,18,"MOTOR VEHICLE STRUCK PEDALCYCLIST, FRONT END AT ANGLE",06227041,12905,0,2,Injury Collision,,45,Bicycle,Matched,0,1,Clear or Partly Cloudy,0,"(47.615283472000044, -122.33486718099999)",0,0,N,06-349200
34097,59862,59862,Intersection,Cycles,0,,,0,,09/05/2006 12:00:00 AM +0000,9/5/2006,1,25792,At Intersection (intersection related),Daylight,BROOKLYN AVE NE AND NE 50TH ST,0,1,Y,2,2618077,Dry,18,"MOTOR VEHICLE STRUCK PEDALCYCLIST, FRONT END AT ANGLE",06248003,9484,0,2,Injury Collision,,45,Bicycle,Matched,0,1,Clear or Partly Cloudy,0,"(47.66490847500006, -122.31421009099995)",0,0,N,06-375697
34124,59850,59850,Block,Cycles,740,,,0,,03/23/2006 12:00:00 AM +0000,3/23/2006 9:11:00 PM,0,,Mid-Block (not related to intersection),Dark - Street Lights On,BEACH DR SW BETWEEN SW BEACH DRIVE TER AND SW CANADA DR,0,1,Y,2,2018653,Dry,18,"MOTOR VEHICLE STRUCK PEDALCYCLIST, FRONT END AT ANGLE",06082027,9105,0,1,Property Damage Only Collision,,45,Bicycle,Matched,0,1,Clear or Partly Cloudy,0,"(47.55665533800004, -122.40048817699994)",0,0,N,06-118316
34183,59053,59053,Block,Cycles,76.5,,,0,,08/05/2006 12:00:00 AM +0000,8/5/2006,1,,Mid-Block (not related to intersection),Daylight,FREMONT BR BETWEEN 4TH AVE N AND POINT A,0,1,,2,2611677,Dry,51,PEDALCYCLIST STRUCK MOTOR VEHICLE FRONT END AT ANGLE,06217004,10562,0,2,Injury Collision,,45,Bicycle,Matched,0,1,Clear or Partly Cloudy,0,"(47.64708834500004, -122.34975206899998)",0,0,N,06 327097
34186,59043,59043,Intersection,Cycles,0,,,0,,02/11/2006 12:00:00 AM +0000,2/11/2006 12:12:00 PM,1,29504,At Intersection (intersection related),Daylight,DENNY WAY AND FAIRVIEW AVE,0,1,Y,2,2192202,Dry,18,"MOTOR VEHICLE STRUCK PEDALCYCLIST, FRONT END AT ANGLE",06042005,10019,0,2,Injury Collision,,45,Bicycle,Matched,0,1,Clear or Partly Cloudy,0,"(47.61851728800008, -122.33425488099999)",0,0,N,06-59658
34187,59042,59042,Block,Cycles,154.5,,,0,,03/31/2006 12:00:00 AM +0000,3/31/2006 1:00:00 PM,1,,Mid-Block (not related to intersection),Daylight,ROY ST BETWEEN 9TH AVE N AND VALLEY ST,0,1,Y,2,2061343,Dry,23,"MOTOR VEHICLE STRUCK PEDALCYCLIST, LEFT SIDE SIDESWIPE",06090036,9423,1,2b,Serious Injury Collision,,45,Bicycle,Matched,0,1,Clear or Partly Cloudy,0,"(47.625593828000035, -122.33918659699998)",0,0,N,06 131287
34248,59022,59022,Block,Cycles,153,,,0,,04/28/2006 12:00:00 AM +0000,4/28/2006 5:16:00 PM,1,,Mid-Block (not related to intersection),Daylight,2ND AVE BETWEEN JAMES ST AND CHERRY ST,0,1,,1,2190374,Dry,69,PEDALCYCLIST OVERTURNED IN ROAD,06118003,2749,0,2,Injury Collision,,45,Bicycle,Matched,0,0,Clear or Partly Cloudy,0,"(47.60266133600004, -122.33284477599994)",0,0,N,06-169523
34251,59420,59420,Intersection,Cycles,0,,,0,,06/16/2006 12:00:00 AM +0000,6/16/2006 5:05:00 PM,0,24585,At Intersection (intersection related),Daylight,4TH AVE NE AND EAST GREEN LAKE WAY N,0,1,Y,2,2185373,Dry,18,"MOTOR VEHICLE STRUCK PEDALCYCLIST, FRONT END AT ANGLE",06167008,14083,0,1,Property Damage Only Collision,,45,Bicycle,Matched,0,1,Clear or Partly Cloudy,0,"(47.67855637000008, -122.32683662699998)",0,0,N,6244648
34477,59229,59229,Block,Cycles,161,,,0,,05/03/2006 12:00:00 AM +0000,5/3/2006,1,,Driveway Junction,Daylight,MARION ST BETWEEN 2ND AVE AND 3RD AVE,0,1,,2,2190724,Dry,51,PEDALCYCLIST STRUCK MOTOR VEHICLE FRONT END AT ANGLE,06123005,11664,0,2,Injury Collision,,45,Bicycle,Matched,0,1,Clear or Partly Cloudy,0,"(47.604677776000074, -122.33392354199998)",0,0,N,6176180
34534,59343,59343,Intersection,Cycles,0,,,0,,08/30/2006 12:00:00 AM +0000,8/30/2006 12:45:00 PM,1,31904,At Intersection (intersection related),Daylight,CALIFORNIA AVE SW AND SW OREGON ST,0,1,,2,2619534,Dry,18,"MOTOR VEHICLE STRUCK PEDALCYCLIST, FRONT END AT ANGLE",06242003,9553,0,2,Injury Collision,,45,Bicycle,Matched,0,1,Clear or Partly Cloudy,0,"(47.56291162500003, -122.38677531799999)",0,0,N,06-366020
34547,59471,59471,Block,Cycles,650.5,,,0,,08/14/2006 12:00:00 AM +0000,8/14/2006 5:47:00 PM,1,,Driveway Junction,Daylight,FAIRVIEW AVE E BETWEEN E LYNN ST AND E ROANOKE ST,0,1,Y,2,2621783,Dry,18,"MOTOR VEHICLE STRUCK PEDALCYCLIST, FRONT END AT ANGLE",06226003,10341,1,2b,Serious Injury Collision,,45,Bicycle,Matched,0,1,Clear or Partly Cloudy,0,"(47.64150844100004, -122.32940753099996)",0,0,N,06-342216
34563,59477,59477,Intersection,Cycles,0,,,0,,05/11/2006 12:00:00 AM +0000,5/11/2006 9:55:00 AM,1,29557,At Intersection (intersection related),Daylight,4TH AVE AND VIRGINIA ST,0,1,Y,3,1069281,Dry,18,"MOTOR VEHICLE STRUCK PEDALCYCLIST, FRONT END AT ANGLE",06131002,6137,0,2,Injury Collision,,45,Bicycle,Matched,0,1,Clear or Partly Cloudy,0,"(47.61306259500003, -122.34003289799995)",0,0,N,6188560