OBJECTID,INCKEY,COLDETKEY,ADDRTYPE,COLLISIONTYPE,DISTANCE,EXCEPTRSNCODE,EXCEPTRSNDESC,FATALITIES,INATTENTIONIND,INCDATE,INCDTTM,INJURIES,INTKEY,JUNCTIONTYPE,LIGHTCOND,LOCATION,PEDCOUNT,PEDCYLCOUNT,PEDROWNOTGRNT,PERSONCOUNT,REPORTNO,ROADCOND,SDOT_COLCODE,SDOT_COLDESC,SDOTCOLNUM,SEGKEY,SERIOUSINJURIES,SEVERITYCODE,SEVERITYDESC,SPEEDING,ST_COLCODE,ST_COLDESC,STATUS,UNDERINFL,VEHCOUNT,WEATHER,WIDTH,Shape,SEGLANEKEY,CROSSWALKKEY,HITPARKEDCAR,SPDCASENO
34589,59327,59327,Intersection,Cycles,0,,,0,,10/18/2006 12:00:00 AM +0000,10/18/2006 7:13:00 PM,1,26843,At Intersection (intersection related),Dark - Street Lights On,DENSMORE AVE N AND N 40TH ST,0,1,,2,2624511,Wet,18,"MOTOR VEHICLE STRUCK PEDALCYCLIST, FRONT END AT ANGLE",06291009,10032,1,2b,Serious Injury Collision,,45,Bicycle,Matched,0,1,Raining,0,"(47.65565486700007, -122.33745050699997)",0,0,N,06-443340
34681,58777,58777,Block,Cycles,147,,,0,,06/04/2006 12:00:00 AM +0000,6/4/2006,1,,Mid-Block (not related to intersection),Dark - Street Lights On,E MADISON ST BETWEEN E PINE ST AND 17TH AVE,0,1,,2,2071236,Dry,21,"MOTOR VEHICLE STRUCK PEDALCYCLIST, REAR END",06155003,14348,0,2,Injury Collision,,45,Bicycle,Matched,0,1,Clear or Partly Cloudy,0,"(47.61537759000004, -122.31066051399995)",0,0,N,06-226135
34737,58644,58644,Block,Cycles,147,,,0,,06/02/2006 12:00:00 AM +0000,6/2/2006,0,,Mid-Block (not related to intersection),Daylight,N 40TH ST BETWEEN SUNNYSIDE AVE N AND EASTERN AVE N,0,1,,2,2400634,Wet,18,"MOTOR VEHICLE STRUCK PEDALCYCLIST, FRONT END AT ANGLE",06153009,15426,0,1,Property Damage Only Collision,,45,Bicycle,Matched,0,1,Overcast,0,"(47.655562443000065, -122.32964932399994)",0,0,N,06-221891
34810,58482,58482,Block,Cycles,331,,,0,,06/23/2006 12:00:00 AM +0000,6/23/2006 10:06:00 PM,1,,Mid-Block (not related to intersection),Dark - Street Lights On,GREENWOOD AVE N BETWEEN HOLMAN RD N AND N 107TH ST,0,1,Y,2,2188317,Dry,11,"MOTOR VEHICLE STRUCK MOTOR VEHICLE, FRONT END AT ANGLE",06174003,10765,0,2,Injury Collision,,45,Bicycle,Matched,0,1,Clear or Partly Cloudy,0,"(47.70598980300008, -122.35545967799999)",0,0,N,06 256321
34878,58601,58601,Block,Cycles,213,,,0,,03/19/2006 12:00:00 AM +0000,3/19/2006 1:59:00 AM,2,,Mid-Block (not related to intersection),Dark - Street Lights On,1ST AVE BETWEEN BLANCHARD ST AND BELL ST,0,1,,3,2071715,Dry,18,"MOTOR VEHICLE STRUCK PEDALCYCLIST, FRONT END AT ANGLE",06078003,1014,0,2,Injury Collision,,45,Bicycle,Matched,1,2,Clear or Partly Cloudy,0,"(47.61298991400008, -122.34586158799999)",0,0,N,06-111639
34919,58988,58988,Intersection,Cycles,0,,,0,,01/23/2006 12:00:00 AM +0000,1/23/2006 7:45:00 AM,1,29763,At Intersection (intersection related),Dark - Street Lights Off,14TH AVE AND E UNION ST,0,1,Y,2,2064156,Wet,18,"MOTOR VEHICLE STRUCK PEDALCYCLIST, FRONT END AT ANGLE",06023011,1850,0,2,Injury Collision,,45,Bicycle,Matched,0,1,Raining,0,"(47.61291739700005, -122.31416739399998)",0,0,N,06-031099
34967,58969,58969,Block,Cycles,213,,,0,,01/30/2006 12:00:00 AM +0000,1/30/2006 3:21:00 PM,1,,Mid-Block (not related to intersection),Daylight,3RD AVE BETWEEN VIRGINIA ST AND LENORA ST,0,1,Y,2,2071674,Dry,21,"MOTOR VEHICLE STRUCK PEDALCYCLIST, REAR END",06030004,4387,0,2,Injury Collision,,45,Bicycle,Matched,0,1,Clear or Partly Cloudy,0,"(47.61278151100004, -122.34154107899997)",0,0,N,6041755
35003,58561,58561,Block,Cycles,330,,,0,,03/05/2006 12:00:00 AM +0000,3/5/2006,1,,Driveway Junction,Daylight,LAKE CITY WAY NE BETWEEN NE 143RD ST AND NE 145TH ST,0,1,Y,2,2059095,Dry,18,"MOTOR VEHICLE STRUCK PEDALCYCLIST, FRONT END AT ANGLE",06064010,11190,0,2,Injury Collision,,45,Bicycle,Matched,0,1,Clear or Partly Cloudy,0,"(47.73284649900006, -122.29240305399998)",0,0,N,60092209
35074,58953,58953,Block,Cycles,307,,,0,,06/28/2006 12:00:00 AM +0000,6/28/2006 8:15:00 AM,1,,Driveway Junction,Daylight,LAKE WASHINGTON BLVD S BETWEEN 43RD AVE S AND 46TH AVE S,0,1,Y,2,2401863,Dry,18,"MOTOR VEHICLE STRUCK PEDALCYCLIST, FRONT END AT ANGLE",06179002,11233,0,2,Injury Collision,,45,Bicycle,Matched,0,1,Clear or Partly Cloudy,0,"(47.57002063500005, -122.27834393699999)",0,0,N,6263095
35107,58545,58545,Intersection,Cycles,0,,,0,,12/08/2006 12:00:00 AM +0000,12/8/2006,1,29173,At Intersection (intersection related),Daylight,STEWART ST AND YALE AVE,0,1,Y,2,2608221,Dry,18,"MOTOR VEHICLE STRUCK PEDALCYCLIST, FRONT END AT ANGLE",06342001,12910,0,2,Injury Collision,,45,Bicycle,Matched,0,1,Overcast,0,"(47.61827376300005, -122.33099940999995)",0,0,N,06-519209
35122,58814,58814,Intersection,Cycles,0,,,0,,11/01/2006 12:00:00 AM +0000,11/1/2006,1,28383,At Intersection (intersection related),Daylight,MONTLAKE BLVD E AND E SHELBY ST,0,1,Y,2,2620394,Dry,18,"MOTOR VEHICLE STRUCK PEDALCYCLIST, FRONT END AT ANGLE",06305003,11909,0,2,Injury Collision,,45,Bicycle,Matched,0,1,Clear or Partly Cloudy,0,"(47.64639608400006, -122.30461411499999)",0,0,N,06-464807
35155,58805,58805,Intersection,Cycles,0,,,0,,08/23/2006 12:00:00 AM +0000,8/23/2006 2:30:00 PM,1,34561,At Intersection (intersection related),Daylight,38TH AVE S AND S OTHELLO ST,0,1,,2,2610560,Dry,18,"MOTOR VEHICLE STRUCK PEDALCYCLIST, FRONT END AT ANGLE",06235006,21051,0,2,Injury Collision,,45,Bicycle,Matched,0,1,Overcast,0,"(47.53703456900007, -122.28470685799999)",0,0,N,06-325178
35215,58016,58016,Block,Cycles,153,,,0,,08/01/2006 12:00:00 AM +0000,8/1/2006,1,,Mid-Block (not related to intersection),Daylight,BOREN AVE BETWEEN JEFFERSON ST AND JAMES ST,0,1,Y,3,2615171,Dry,21,"MOTOR VEHICLE STRUCK PEDALCYCLIST, REAR END",06213005,9309,0,2,Injury Collision,,45,Bicycle,Matched,0,1,Clear or Partly Cloudy,0,"(47.60612546500005, -122.32220235999995)",0,0,N,06-320797
35226,58381,58381,Intersection,Cycles,0,,,0,,08/12/2006 12:00:00 AM +0000,8/12/2006 12:14:00 PM,1,38081,At Intersection (intersection related),Daylight,30TH AVE SW AND SW 97TH ST,0,1,,2,2613405,Dry,51,PEDALCYCLIST STRUCK MOTOR VEHICLE FRONT END AT ANGLE,06224002,4739,1,2b,Serious Injury Collision,,45,Bicycle,Matched,0,1,Clear or Partly Cloudy,0,"(47.51604341400008, -122.37129737099997)",0,0,N,06-338882
35400,58207,58207,Intersection,Cycles,0,,,0,,03/21/2006 12:00:00 AM +0000,3/21/2006 5:59:00 AM,1,28914,At Intersection (intersection related),Daylight,5TH AVE N AND MERCER ST,0,1,Y,2,2071352,Dry,51,PEDALCYCLIST STRUCK MOTOR VEHICLE FRONT END AT ANGLE,06080005,7264,0,2,Injury Collision,,45,Bicycle,Matched,0,1,Clear or Partly Cloudy,0,"(47.62456147800003, -122.34757101999998)",0,0,N,06 114474
35448,58082,58082,Intersection,Cycles,0,,,0,,07/24/2006 12:00:00 AM +0000,7/24/2006 6:57:00 PM,1,25145,At Intersection (intersection related),Daylight,LEARY AVE NW AND NW MARKET ST,0,1,,2,2624801,Dry,18,"MOTOR VEHICLE STRUCK PEDALCYCLIST, FRONT END AT ANGLE",06205002,3280,0,2,Injury Collision,,45,Bicycle,Matched,0,1,Clear or Partly Cloudy,0,"(47.668678389000036, -122.38474554699997)",0,0,N,06-307599
35461,58312,58312,Block,Cycles,279,,,0,Y,05/09/2006 12:00:00 AM +0000,5/9/2006,1,,Driveway Junction,Daylight,WESTLAKE AVE N BETWEEN VALLEY ST AND 9TH AVE N,0,1,,2,2071615,Dry,51,PEDALCYCLIST STRUCK MOTOR VEHICLE FRONT END AT ANGLE,06129009,13538,0,2,Injury Collision,,45,Bicycle,Matched,0,1,Clear or Partly Cloudy,0,"(47.62648210300006, -122.33912756699999)",0,0,N,06-185679
35589,58157,58157,Intersection,Cycles,0,,,0,,08/11/2006 12:00:00 AM +0000,8/11/2006 7:55:00 AM,1,36635,At Intersection (intersection related),Daylight,LAKE CITY WAY NE AND NE 117TH ST,0,1,Y,2,2624812,Dry,18,"MOTOR VEHICLE STRUCK PEDALCYCLIST, FRONT END AT ANGLE",06223008,11178,0,2,Injury Collision,,45,Bicycle,Matched,0,1,Overcast,0,"(47.71421240700005, -122.29822972699998)",0,0,N,06-337063
35808,57859,57859,Intersection,Cycles,0,,,0,,04/04/2006 12:00:00 AM +0000,4/4/2006,2,29947,At Intersection (intersection related),Daylight,6TH AVE AND MADISON ST,0,1,,2,2187632,Dry,51,PEDALCYCLIST STRUCK MOTOR VEHICLE FRONT END AT ANGLE,06094010,7877,0,2,Injury Collision,,45,Bicycle,Matched,0,1,Clear or Partly Cloudy,0,"(47.60701683800005, -122.33068899799997)",0,0,N,60134570
35843,57705,57705,Intersection,Cycles,0,,,0,,02/22/2006 12:00:00 AM +0000,2/22/2006 9:14:00 AM,1,29704,At Intersection (intersection related),Daylight,BELL ST AND WESTERN AVE,0,1,,2,2187708,Dry,51,PEDALCYCLIST STRUCK MOTOR VEHICLE FRONT END AT ANGLE,06053029,9197,0,2,Injury Collision,,45,Bicycle,Matched,0,1,Clear or Partly Cloudy,0,"(47.612710391000064, -122.34737243299998)",0,0,N,06-075186
35902,57567,57567,Intersection,Cycles,0, ,,1,,09/27/2006 12:00:00 AM +0000,9/27/2006 7:43:00 AM,0,32842,At Intersection (intersection related),Daylight,35TH AVE SW AND SW GRAHAM ST,0,1,Y,2,2625277,Dry,18,"MOTOR VEHICLE STRUCK PEDALCYCLIST, FRONT END AT ANGLE",06270001,5461,0,3,Fatality Collision,,45,Bicycle,Matched,0,1,Clear or Partly Cloudy,0,"(47.54650397900008, -122.37640010299998)",0,0,N,06-408625
35903,57693,57693,Block,Cycles,74.5,,,0,Y,07/11/2006 12:00:00 AM +0000,7/11/2006 8:35:00 AM,1,,Mid-Block (but intersection related),Daylight,WESTLAKE AVE BETWEEN 9TH AVE AND DENNY WAY,0,1,,5,2622552,Dry,54,PEDALCYCLIST STRUCK MOTOR VEHICLE REAR END,06192004,13531,0,2,Injury Collision,,45,Bicycle,Matched,0,1,Overcast,0,"(47.618327785000076, -122.33845125499994)",0,0,N,06-285588
35904,57566,57566,Block,Cycles,182.5,,,0,,09/27/2006 12:00:00 AM +0000,9/27/2006 7:48:00 PM,1,,Mid-Block (not related to intersection),Dusk,N 45TH ST BETWEEN STONE WAY N AND INTERLAKE AVE N,0,1,,1,2618129,Dry,51,PEDALCYCLIST STRUCK MOTOR VEHICLE FRONT END AT ANGLE,06270004,15542,0,2,Injury Collision,,45,Bicycle,Matched,0,0,Clear or Partly Cloudy,0,"(47.66138544200004, -122.34140593799998)",0,0,N,06-409577
35909,57691,57691,Intersection,Cycles,0,,,0,,07/13/2006 12:00:00 AM +0000,7/13/2006 6:50:00 PM,1,27278,At Intersection (intersection related),Daylight,EASTLAKE AVE E AND E ALLISON ST,0,1,,2,2620903,Wet,51,PEDALCYCLIST STRUCK MOTOR VEHICLE FRONT END AT ANGLE,06194001,10183,0,2,Injury Collision,,45,Bicycle,Matched,0,1,Raining,0,"(47.64878360300003, -122.32343616699995)",0,0,N,06-289516
35976,57927,57927,Intersection,Cycles,0,,,0,,01/25/2006 12:00:00 AM +0000,1/25/2006 8:00:00 PM,1,30173,At Intersection (intersection related),Dark - Street Lights On,23RD AVE AND E CHERRY ST,0,1,Y,2,2280026,Wet,18,"MOTOR VEHICLE STRUCK PEDALCYCLIST, FRONT END AT ANGLE",06025014,3359,0,2,Injury Collision,,45,Bicycle,Matched,0,1,Overcast,0,"(47.60800896100005, -122.30276995599996)",0,0,N,06-035015
35982,57673,57673,Intersection,Cycles,0,,,0,,01/17/2006 12:00:00 AM +0000,1/17/2006 10:15:00 AM,1,27039,At Intersection (intersection related),Daylight,FREMONT AVE N AND N 34TH ST,0,1,Y,2,2185311,Dry,18,"MOTOR VEHICLE STRUCK PEDALCYCLIST, FRONT END AT ANGLE",06017010,10485,0,2,Injury Collision,,45,Bicycle,Matched,0,1,Clear or Partly Cloudy,0,"(47.64958972900007, -122.34974744899995)",0,0,N,06 022659
36012,57533,57533,Block,Cycles,214,,,0,,06/29/2006 12:00:00 AM +0000,6/29/2006 2:00:00 PM,0,,Mid-Block (not related to intersection),Daylight,16TH AVE BETWEEN E MARION ST AND E SPRING ST,0,1,,2,2607101,Dry,12,"MOTOR VEHICLE STRUCK MOTOR VEHICLE, RIGHT SIDE AT ANGLE",06180026,2226,0,1,Property Damage Only Collision,,45,Bicycle,Matched,0,1,Clear or Partly Cloudy,0,"(47.61095626100007, -122.31148354299995)",0,0,N,06-268456
36096,57640,57640,Intersection,Cycles,0,,,0,,10/28/2006 12:00:00 AM +0000,10/28/2006 7:40:00 PM,1,37879,At Intersection (intersection related),Dark - Street Lights On,36TH AVE NE AND NE 100TH ST,0,1,,2,2603812,Dry,51,PEDALCYCLIST STRUCK MOTOR VEHICLE FRONT END AT ANGLE,06301001,5563,0,2,Injury Collision,,45,Bicycle,Matched,0,1,Clear or Partly Cloudy,0,"(47.70110840700005, -122.28933891199995)",0,0,N,06-459319
36148,57903,57903,Block,Cycles,211.5,,,0,,08/06/2006 12:00:00 AM +0000,8/6/2006,1,,Driveway Junction,Daylight,BROADWAY BETWEEN E PIKE ST AND E PINE ST,0,1,Y,2,2620942,Dry,18,"MOTOR VEHICLE STRUCK PEDALCYCLIST, FRONT END AT ANGLE",06218037,9447,0,2,Injury Collision,,45,Bicycle,Matched,0,1,Clear or Partly Cloudy,0,"(47.61465412100006, -122.32078948899999)",0,0,N,06-329225
36165,57360,57360,Intersection,Cycles,0,,,0,,08/10/2006 12:00:00 AM +0000,8/10/2006 8:08:00 PM,2,23981,At Intersection (intersection related),Daylight,27TH AVE NW AND NW 77TH ST,0,1,,4,2611247,Dry,51,PEDALCYCLIST STRUCK MOTOR VEHICLE FRONT END AT ANGLE,06222005,4052,0,2,Injury Collision,,45,Bicycle,Matched,0,1,Clear or Partly Cloudy,0,"(47.68494935000007, -122.39084796599997)",0,0,N,06-33618
36546,57421,57421,Intersection,Cycles,0,,,0,Y,06/25/2006 12:00:00 AM +0000,6/25/2006 10:54:00 AM,1,167224,At Intersection (intersection related),Daylight,BEACON ER AVE S AND S ORCAS ST,0,1,,2,2401663,Dry,18,"MOTOR VEHICLE STRUCK PEDALCYCLIST, FRONT END AT ANGLE",06176001,20982,0,2,Injury Collision,,45,Bicycle,Matched,0,1,Clear or Partly Cloudy,0,"(47.55101515300004, -122.30174019199995)",0,0,N,06-258577
36586,57018,57018,Intersection,Cycles,0,,,0,,12/17/2006 12:00:00 AM +0000,12/17/2006 1:30:00 PM,1,29860,At Intersection (intersection related),Daylight,SUMMIT AVE AND E PINE ST,0,1,,2,2623821,Dry,51,PEDALCYCLIST STRUCK MOTOR VEHICLE FRONT END AT ANGLE,06351007,12987,0,2,Injury Collision,,45,Bicycle,Matched,0,1,Clear or Partly Cloudy,0,"(47.615218748000075, -122.325528841)",0,0,N,06-533434
36613,57253,57253,Intersection,Cycles,0,,,0,,09/28/2006 12:00:00 AM +0000,9/28/2006 5:25:00 PM,1,287172,At Intersection (intersection related),Daylight,BURKE GILMAN TRL AND NE 70TH ST,0,1,,2,2625083,Dry,18,"MOTOR VEHICLE STRUCK PEDALCYCLIST, FRONT END AT ANGLE",06271006,287216,1,2b,Serious Injury Collision,,45,Bicycle,Matched,0,1,Clear or Partly Cloudy,0,"(47.679372199000056, -122.26531461999997)",0,0,N,06-411096
36622,56996,56996,Intersection,Cycles,0,,,0,,06/01/2006 12:00:00 AM +0000,6/1/2006,1,34864,At Intersection (intersection related),Daylight,25TH AVE SW AND SW TRENTON ST,0,1,,2,2178399,Wet,18,"MOTOR VEHICLE STRUCK PEDALCYCLIST, FRONT END AT ANGLE",06152002,3811,1,2b,Serious Injury Collision,,45,Bicycle,Matched,0,1,Raining,0,"(47.52468360900008, -122.36452635299997)",0,0,N,60220794
36651,57372,57372,Block,Cycles,121.5,,,0,,07/15/2006 12:00:00 AM +0000,7/15/2006 5:03:00 PM,1,,Driveway Junction,Daylight,NW 73RD ST BETWEEN 3RD AVE NW AND 4TH AVE NW,0,1,,2,2603626,Dry,51,PEDALCYCLIST STRUCK MOTOR VEHICLE FRONT END AT ANGLE,06196030,18766,1,2b,Serious Injury Collision,,45,Bicycle,Matched,0,1,Clear or Partly Cloudy,0,"(47.68179174000005, -122.36097931699999)",0,0,N,06-292632
36671,56587,56587,Intersection,Cycles,0,,,0,Y,01/15/2006 12:00:00 AM +0000,1/15/2006 2:30:00 PM,1,24392,At Intersection (intersection related),Daylight,5TH AVE NE AND NE 80TH ST,0,1,,2,2184956,Dry,18,"MOTOR VEHICLE STRUCK PEDALCYCLIST, FRONT END AT ANGLE",06015008,7314,0,2,Injury Collision,,45,Bicycle,Matched,0,1,Clear or Partly Cloudy,0,"(47.68678736500004, -122.32295135999999)",0,0,N,06 020337
36712,56852,56852,Block,Cycles,255,,,0,,02/14/2006 12:00:00 AM +0000,2/14/2006 1:45:00 PM,1,,Driveway Junction,Daylight,RAINIER AVE S BETWEEN S ADAMS ST AND S GENESEE N ST,0,1,,2,2279428,Dry,18,"MOTOR VEHICLE STRUCK PEDALCYCLIST, FRONT END AT ANGLE",06045006,12380,0,2,Injury Collision,,45,Bicycle,Matched,0,1,Clear or Partly Cloudy,0,"(47.564963531000046, -122.28842391499995)",0,0,N,06 064023
36775,56693,56693,Block,Cycles,140,,,0,,09/15/2006 12:00:00 AM +0000,9/15/2006 5:23:00 PM,1,,Mid-Block (not related to intersection),Daylight,NE CAMPUS WB PY BETWEEN UNIVERSITY WAY NE AND 15TH AVE NE,0,1,Y,2,2625080,Dry,18,"MOTOR VEHICLE STRUCK PEDALCYCLIST, FRONT END AT ANGLE",06258001,17995,0,2,Injury Collision,,45,Bicycle,Matched,0,1,Clear or Partly Cloudy,0,"(47.65621054300004, -122.31269635299998)",0,0,N,06-391230
36782,56566,56566,Intersection,Cycles,0,,,0,,11/08/2006 12:00:00 AM +0000,11/8/2006,1,30481,At Intersection (intersection related),Daylight,3RD AVE AND CHERRY ST,0,1,,2,2606668,Dry,18,"MOTOR VEHICLE STRUCK PEDALCYCLIST, FRONT END AT ANGLE",06312057,4376,0,2,Injury Collision,,45,Bicycle,Matched,0,1,Clear or Partly Cloudy,0,"(47.603483890000064, -122.33206224599996)",0,0,N,06-475598
36803,56680,56680,Intersection,Cycles,0,,,0,,05/26/2006 12:00:00 AM +0000,5/26/2006 6:30:00 PM,1,25949,At Intersection (intersection related),Daylight,25TH AVE NE AND NE BLAKELEY ST,0,1,,2,C673373,Dry,18,"MOTOR VEHICLE STRUCK PEDALCYCLIST, FRONT END AT ANGLE",06146039,3723,0,2,Injury Collision,,45,Bicycle,Matched,0,1,Clear or Partly Cloudy,0,"(47.66626671800003, -122.30060497999995)",0,0,N,
36950,56518,56518,Intersection,Cycles,0,,,0,,04/21/2006 12:00:00 AM +0000,4/21/2006 3:00:00 PM,1,35625,At Intersection (intersection related),Daylight,4TH AVE NW AND NW 130TH ST,0,1,,2,2190950,Dry,18,"MOTOR VEHICLE STRUCK PEDALCYCLIST, FRONT END AT ANGLE",06111027,6224,0,2,Injury Collision,Y,45,Bicycle,Matched,0,1,Clear or Partly Cloudy,0,"(47.723270323000065, -122.36230234799996)",0,0,N,06-159166
37004,56894,56894,Block,Cycles,69,,,0,,02/07/2006 12:00:00 AM +0000,2/7/2006,0,,Mid-Block (not related to intersection),Daylight,BOYER AVE E BETWEEN 20TH AVE E AND 19TH AVE E,0,1,Y,2,2188381,Dry,18,"MOTOR VEHICLE STRUCK PEDALCYCLIST, FRONT END AT ANGLE",06038013,9356,0,1,Property Damage Only Collision,,45,Bicycle,Matched,0,1,Clear or Partly Cloudy,0,"(47.63781489400003, -122.30704626599999)",0,0,N,653917
37020,56622,56622,Block,Cycles,156.5,,,0,,06/03/2006 12:00:00 AM +0000,6/3/2006,1,,Mid-Block (not related to intersection),Daylight,WESTERN AVE BETWEEN CLAY ST AND BROAD ST,0,1,,3,2410767,Dry,64,PEDALCYCLIST STRUCK PEDESTRIAN,06154002,13514,0,2,Injury Collision,,45,Bicycle,Matched,0,1,Clear or Partly Cloudy,0,"(47.61597019100003, -122.35288593599995)",0,0,N,60224179
37120,56743,56743,Intersection,Cycles,0,,,0,,04/04/2006 12:00:00 AM +0000,4/4/2006,1,38109,At Intersection (intersection related),Daylight,31ST AVE SW AND SW 106TH ST,0,1,Y,2,2127490,Dry,51,PEDALCYCLIST STRUCK MOTOR VEHICLE FRONT END AT ANGLE,06094011,4887,0,2,Injury Collision,,45,Bicycle,Matched,0,1,Clear or Partly Cloudy,0,"(47.50819704000003, -122.37214076499998)",0,0,N,6135353
37207,56188,56188,Block,Cycles,95,,,0,,09/11/2006 12:00:00 AM +0000,9/11/2006 7:34:00 AM,0,,Mid-Block (but intersection related),Daylight,S LANDER ST BETWEEN 5TH PL S AND 6TH AVE S,0,1,Y,2,2608356,Dry,21,"MOTOR VEHICLE STRUCK PEDALCYCLIST, REAR END",06254005,20628,0,1,Property Damage Only Collision,,45,Bicycle,Matched,0,1,Clear or Partly Cloudy,0,"(47.57980934600005, -122.32636353999999)",0,0,N,06-384299
37244,56308,56308,Intersection,Cycles,0,,,0,,01/07/2006 12:00:00 AM +0000,1/7/2006,1,29862,At Intersection (intersection related),Daylight,BELLEVUE AVE AND E PINE ST,0,1,Y,2,1745252,Wet,18,"MOTOR VEHICLE STRUCK PEDALCYCLIST, FRONT END AT ANGLE",06007004,9213,0,2,Injury Collision,,45,Bicycle,Matched,0,1,Raining,0,"(47.61521815300006, -122.32680418799998)",0,0,N,60009186
37261,55923,55923,Intersection,Cycles,0,,,0,,03/01/2006 12:00:00 AM +0000,3/1/2006,1,29739,At Intersection (intersection related),Dark - Street Lights On,11TH AVE AND E PINE ST,0,1,Y,3,2070678,Dry,18,"MOTOR VEHICLE STRUCK PEDALCYCLIST, FRONT END AT ANGLE",06060009,1383,0,2,Injury Collision,,45,Bicycle,Matched,0,1,Clear or Partly Cloudy,0,"(47.615254391000065, -122.318159434)",0,0,N,06 86593
37279,56049,56049,Alley,Cycles,,,,0,,05/09/2006 12:00:00 AM +0000,5/9/2006,1,,Mid-Block (not related to intersection),Daylight,,0,1,,2,2401876,Dry,22,"MOTOR VEHICLE STRUCK PEDALCYCLIST, RIGHT SIDE SIDESWIPE",06129006,,0,2,Injury Collision,,45,Bicycle,Matched,0,1,Clear or Partly Cloudy,0,,0,0,N,06-186374
37327,56046,56046,Block,Cycles,338.5,,,0,,05/12/2006 12:00:00 AM +0000,5/12/2006 4:00:00 PM,1,,Mid-Block (not related to intersection),Daylight,18TH AVE BETWEEN E JEFFERSON ST AND E CHERRY ST,0,1,Y,2,1796415,Dry,18,"MOTOR VEHICLE STRUCK PEDALCYCLIST, FRONT END AT ANGLE",06132002,2535,1,2b,Serious Injury Collision,,45,Bicycle,Matched,0,1,Clear or Partly Cloudy,0,"(47.60709669000005, -122.30893627699999)",0,0,N,06 190754
37335,56285,56285,Intersection,Cycles,0,,,0,,10/04/2006 12:00:00 AM +0000,10/4/2006,1,29926,At Intersection (intersection related),Daylight,8TH AVE AND SPRING ST,0,1,,2,2614960,Dry,51,PEDALCYCLIST STRUCK MOTOR VEHICLE FRONT END AT ANGLE,06277005,8277,0,2,Injury Collision,,45,Bicycle,Matched,0,1,Clear or Partly Cloudy,0,"(47.60865809500007, -122.32912359499994)",0,0,N,06-420575
37376,56143,56143,Block,Cycles,163.5,,,0,,02/07/2006 12:00:00 AM +0000,2/7/2006,1,,Driveway Junction,Dark - Street Lights On,VALLEY ST BETWEEN BOREN AVE N AND FAIRVIEW AVE N,0,1,,2,2128538,Dry,18,"MOTOR VEHICLE STRUCK PEDALCYCLIST, FRONT END AT ANGLE",06038005,13267,0,2,Injury Collision,,45,Bicycle,Matched,0,1,Clear or Partly Cloudy,0,"(47.625777535000054, -122.33515575899997)",0,0,N,06-054015
37389,56018,56018,Intersection,Cycles,0,,,0,,09/05/2006 12:00:00 AM +0000,9/5/2006,1,27244,At Intersection (intersection related),Daylight,LATONA AVE NE AND NE PACIFIC ST,0,1,,2,2618051,Dry,51,PEDALCYCLIST STRUCK MOTOR VEHICLE FRONT END AT ANGLE,06248007,11289,0,2,Injury Collision,,45,Bicycle,Matched,0,1,Clear or Partly Cloudy,0,"(47.65488891200005, -122.32570273399995)",0,0,N,06-374926
37392,56275,56275,Intersection,Cycles,0,,,0,,11/16/2006 12:00:00 AM +0000,11/16/2006 7:05:00 PM,1,24584,At Intersection (intersection related),Dark - Street Lights On,WOODLAWN AVE NE AND NE RAVENNA EB BV,0,1,,2,2614452,Dry,51,PEDALCYCLIST STRUCK MOTOR VEHICLE FRONT END AT ANGLE,06320004,13709,0,2,Injury Collision,,45,Bicycle,Matched,0,1,Clear or Partly Cloudy,0,"(47.67875757100006, -122.32498922999997)",0,0,N,06 488377
37417,55887,55887,Block,Cycles,135,,,0,,10/08/2006 12:00:00 AM +0000,10/8/2006,0,,Mid-Block (not related to intersection),Daylight,E DENNY WAY BETWEEN BELLEVUE AVE AND E OLIVE WAY,0,1,,2,2606551,Dry,23,"MOTOR VEHICLE STRUCK PEDALCYCLIST, LEFT SIDE SIDESWIPE",06281006,13946,0,1,Property Damage Only Collision,,45,Bicycle,Matched,0,1,Clear or Partly Cloudy,0,"(47.61849072200005, -122.32618148899996)",0,0,N,06-426911
37437,55881,55881,Block,Cycles,213.5,,,0,Y,09/02/2006 12:00:00 AM +0000,9/2/2006,1,,Mid-Block (not related to intersection),Daylight,ALASKAN WAY BETWEEN LENORA ST AND BLANCHARD ST,0,1,,5,2608380,Dry,14,"MOTOR VEHICLE STRUCK MOTOR VEHICLE, REAR END",06245008,8728,0,2,Injury Collision,,45,Bicycle,Matched,0,1,Clear or Partly Cloudy,0,"(47.61037733900008, -122.34695317499995)",0,0,N,06-370872
37472,55996,55996,Intersection,Cycles,0,,,0,,08/03/2006 12:00:00 AM +0000,8/3/2006,1,27035,At Intersection (intersection related),Daylight,FREMONT AVE N AND FREMONT PL N,0,1,,2,2622532,Dry,18,"MOTOR VEHICLE STRUCK PEDALCYCLIST, FRONT END AT ANGLE",06215028,10486,0,2,Injury Collision,,45,Bicycle,Matched,0,1,Clear or Partly Cloudy,0,"(47.65043101700007, -122.34983490399998)",0,0,N,06-323485
37494,56234,56234,Block,Cycles,158.5,,,0,,07/27/2006 12:00:00 AM +0000,7/27/2006 1:00:00 PM,1,,Mid-Block (not related to intersection),Daylight,SW ADMIRAL WAY BETWEEN 41ST AVE SW AND 42ND AVE SW,0,1,,2,C672044,Dry,18,"MOTOR VEHICLE STRUCK PEDALCYCLIST, FRONT END AT ANGLE",06208046,21702,0,2,Injury Collision,,45,Bicycle,Matched,0,1,Clear or Partly Cloudy,0,"(47.58118095700007, -122.38452860199999)",0,0,N,