OBJECTID,INCKEY,COLDETKEY,ADDRTYPE,COLLISIONTYPE,DISTANCE,EXCEPTRSNCODE,EXCEPTRSNDESC,FATALITIES,INATTENTIONIND,INCDATE,INCDTTM,INJURIES,INTKEY,JUNCTIONTYPE,LIGHTCOND,LOCATION,PEDCOUNT,PEDCYLCOUNT,PEDROWNOTGRNT,PERSONCOUNT,REPORTNO,ROADCOND,SDOT_COLCODE,SDOT_COLDESC,SDOTCOLNUM,SEGKEY,SERIOUSINJURIES,SEVERITYCODE,SEVERITYDESC,SPEEDING,ST_COLCODE,ST_COLDESC,STATUS,UNDERINFL,VEHCOUNT,WEATHER,WIDTH,Shape,SEGLANEKEY,CROSSWALKKEY,HITPARKEDCAR,SPDCASENO
37497,56385,56385,Block,Cycles,153.5,,,0,,09/18/2006 12:00:00 AM +0000,9/18/2006 11:46:00 AM,1,,Mid-Block (not related to intersection),Daylight,NE RAVENNA WB BV BETWEEN 21ST AVE NE AND NE PARK RD,0,1,,2,2610505,Wet,66,PEDALCYCLIST STRUCK OBJECT IN ROAD,06261006,18097,0,2,Injury Collision,,45,Bicycle,Matched,0,1,Overcast,0,"(47.66953608500006, -122.30484305899995)",0,0,N,06-395221
37536,56112,56112,Intersection,Cycles,0,,,0,,08/16/2006 12:00:00 AM +0000,8/16/2006 5:30:00 PM,0,27180,At Intersection (intersection related),Unknown,LATONA AVE NE AND NE 45TH ST,0,1,Y,2,2405517,Unknown,18,"MOTOR VEHICLE STRUCK PEDALCYCLIST, FRONT END AT ANGLE",06228030,11295,0,1,Property Damage Only Collision,,45,Bicycle,Matched,0,1,Unknown,0,"(47.66134408700003, -122.32510772899997)",0,0,N,6347764
37546,55977,55977,Block,Cycles,625,,,0,,07/07/2006 12:00:00 AM +0000,7/7/2006,1,,Mid-Block (not related to intersection),Daylight,M L KING JR WR WAY S BETWEEN S ORCAS ST AND S RAYMOND ST,0,1,,2,2615855,Dry,23,"MOTOR VEHICLE STRUCK PEDALCYCLIST, LEFT SIDE SIDESWIPE",06188002,486025,0,2,Injury Collision,,45,Bicycle,Matched,0,1,Clear or Partly Cloudy,0,"(47.54959667900005, -122.28733633999997)",0,0,N,06-279294
37557,56379,56379,Block,Cycles,161,,,0,,05/23/2006 12:00:00 AM +0000,5/23/2006 7:34:00 AM,0,,Mid-Block (not related to intersection),Daylight,E PINE ST BETWEEN 11TH AVE AND 12TH AVE,0,1,,2,2071140,Dry,56,PEDALCYCLIST STRUCK MOTOR VEHICLE LEFT SIDE SIDESWIPE,06143006,14637,0,1,Property Damage Only Collision,,45,Bicycle,Matched,0,1,Clear or Partly Cloudy,0,"(47.61525914900005, -122.31750882199998)",0,0,N,06-206638
37571,55980,55980,Intersection,Cycles,0,,,0,,08/25/2006 12:00:00 AM +0000,8/25/2006 1:53:00 PM,1,27132,At Intersection (intersection related),Daylight,8TH AVE NE AND NE 40 UPPER ST,0,1,Y,2,2624776,Dry,18,"MOTOR VEHICLE STRUCK PEDALCYCLIST, FRONT END AT ANGLE",06237013,8305,0,2,Injury Collision,,45,Bicycle,Matched,0,1,Clear or Partly Cloudy,0,"(47.65585828400003, -122.31979632499997)",0,0,N,06-358309
37572,55979,55979,Intersection,Cycles,0,,,0,,07/06/2006 12:00:00 AM +0000,7/6/2006,1,28342,At Intersection (intersection related),Daylight,24TH AVE E AND E ROANOKE ST,0,1,,2,2620402,Dry,18,"MOTOR VEHICLE STRUCK PEDALCYCLIST, FRONT END AT ANGLE",06187002,14735,0,2,Injury Collision,,45,Bicycle,Matched,0,1,Overcast,0,"(47.643153932000075, -122.30204704299996)",0,0,N,06-278004
37601,56353,56353,Intersection,Cycles,0,,,0,,10/04/2006 12:00:00 AM +0000,10/4/2006,1,25951,At Intersection (intersection related),Daylight,30TH AVE NE AND NE BLAKELEY N ST,0,2,,2,2624615,Dry,11,"MOTOR VEHICLE STRUCK MOTOR VEHICLE, FRONT END AT ANGLE",06277002,4601,0,2,Injury Collision,,45,Bicycle,Matched,0,0,Clear or Partly Cloudy,0,"(47.665141120000044, -122.29562154599995)",0,0,N,06-420741
37615,56087,56087,Intersection,Cycles,0,,,0,,04/27/2006 12:00:00 AM +0000,4/27/2006 10:33:00 AM,1,30430,At Intersection (intersection related),Daylight,12TH AVE S AND S KING ST,0,1,,2,1796411,Dry,51,PEDALCYCLIST STRUCK MOTOR VEHICLE FRONT END AT ANGLE,06117004,1655,0,2,Injury Collision,,45,Bicycle,Matched,0,1,Clear or Partly Cloudy,0,"(47.59833759300005, -122.317227979)",0,0,N,60167407
37624,56348,56348,Intersection,Cycles,0,,,0,,05/21/2006 12:00:00 AM +0000,5/21/2006 2:00:00 AM,2,33134,At Intersection (intersection related),Dark - Street Lights On,CARLETON AVE S AND S BAILEY ST,0,2,,3,2404502,Dry,18,"MOTOR VEHICLE STRUCK PEDALCYCLIST, FRONT END AT ANGLE",06141001,9611,0,2,Injury Collision,,45,Bicycle,Matched,1,1,Clear or Partly Cloudy,0,"(47.547356911000065, -122.32015235299997)",0,0,N,60203668
37632,56336,56336,Intersection,Cycles,0,,,0,,04/25/2006 12:00:00 AM +0000,4/25/2006 6:13:00 PM,1,29889,At Intersection (intersection related),Daylight,SUMMIT AVE AND UNIVERSITY ST,0,1,,2,2070917,Dry,51,PEDALCYCLIST STRUCK MOTOR VEHICLE FRONT END AT ANGLE,06115001,12984,0,2,Injury Collision,,45,Bicycle,Matched,0,1,Clear or Partly Cloudy,0,"(47.61240799500007, -122.32487608499997)",0,0,N,06-164971
37651,56216,56216,Intersection,Cycles,0,,,0,,03/15/2006 12:00:00 AM +0000,3/15/2006 5:17:00 PM,1,29865,At Intersection (intersection related),Daylight,BOREN AVE AND OLIVE WAY,0,1,,2,2191891,Dry,23,"MOTOR VEHICLE STRUCK PEDALCYCLIST, LEFT SIDE SIDESWIPE",06074004,9321,0,2,Injury Collision,,45,Bicycle,Matched,0,1,Clear or Partly Cloudy,0,"(47.615449718000036, -122.33072969599999)",0,0,N,06-106579
37740,55544,55544,Block,Cycles,304,,,0,,05/03/2006 12:00:00 AM +0000,5/3/2006,1,,Driveway Junction,Daylight,ALASKAN WAY BETWEEN VINE ST AND CLAY ST,0,1,,2,2070030,Dry,51,PEDALCYCLIST STRUCK MOTOR VEHICLE FRONT END AT ANGLE,06123001,8732,0,2,Injury Collision,,45,Bicycle,Matched,0,1,Clear or Partly Cloudy,0,"(47.61388302300003, -122.35309719799994)",0,0,N,05-175914
37792,55791,55791,Intersection,Cycles,0,,,0,,08/09/2006 12:00:00 AM +0000,8/9/2006,1,24573,At Intersection (intersection related),Daylight,LATONA AVE NE AND EAST GREEN LAKE DR N,0,1,Y,2,2614435,Dry,28,MOTOR VEHICLE RAN OFF ROAD - HIT FIXED OBJECT,06221002,11313,0,2,Injury Collision,,45,Bicycle,Matched,0,1,Clear or Partly Cloudy,0,"(47.68165808100008, -122.32748855199998)",0,0,N,06-334013
37794,55796,55796,Block,Cycles,213,,,0,,01/04/2006 12:00:00 AM +0000,1/4/2006,1,,Driveway Junction,Daylight,2ND AVE BETWEEN PIKE ST AND PINE ST,0,1,Y,2,2191866,Dry,18,"MOTOR VEHICLE STRUCK PEDALCYCLIST, FRONT END AT ANGLE",06004002,2758,0,2,Injury Collision,,45,Bicycle,Matched,0,1,Clear or Partly Cloudy,0,"(47.609780570000055, -122.33935700699999)",0,0,N,06-004487
37803,55405,55405,Intersection,Cycles,0,,,0,,04/04/2006 12:00:00 AM +0000,4/4/2006,1,24909,At Intersection (intersection related),Daylight,35TH AVE NE AND NE 77TH ST,0,1,,2,2188203,Dry,18,"MOTOR VEHICLE STRUCK PEDALCYCLIST, FRONT END AT ANGLE",06094012,5364,0,2,Injury Collision,,45,Bicycle,Matched,0,1,Clear or Partly Cloudy,0,"(47.684857529000055, -122.29053796499994)",0,0,N,06 135127
37853,55633,55633,Block,Cycles,213,,,0,,12/19/2006 12:00:00 AM +0000,12/19/2006 2:30:00 PM,0,,Mid-Block (not related to intersection),Daylight,6TH AVE BETWEEN PIKE ST AND PINE ST,0,1,,2,2618761,Dry,56,PEDALCYCLIST STRUCK MOTOR VEHICLE LEFT SIDE SIDESWIPE,06353001,7883,0,1,Property Damage Only Collision,,45,Bicycle,Matched,0,1,Clear or Partly Cloudy,0,"(47.61163826500007, -122.334917384)",0,0,N,06-536914
37867,55640,55640,Intersection,Cycles,0,,,0,,10/30/2006 12:00:00 AM +0000,10/30/2006 7:47:00 PM,1,29097,At Intersection (intersection related),Dark - Street Lights On,ALOHA ST AND EASTLAKE AVE E,0,1,,2,2616916,Dry,18,"MOTOR VEHICLE STRUCK PEDALCYCLIST, FRONT END AT ANGLE",06303005,10169,0,2,Injury Collision,,45,Bicycle,Matched,0,1,Clear or Partly Cloudy,0,"(47.626877027000035, -122.32921630899995)",0,0,N,06-462525
37877,55637,55637,Block,Cycles,303,,,0,,09/05/2006 12:00:00 AM +0000,9/5/2006,1,,Driveway Junction,Daylight,WESTLAKE EAST RDWY AVE N BETWEEN CROCKETT ST AND MCGRAW ST,0,1,,2,2622909,Dry,11,"MOTOR VEHICLE STRUCK MOTOR VEHICLE, FRONT END AT ANGLE",06248001,13554,0,2,Injury Collision,,45,Bicycle,Matched,0,1,Clear or Partly Cloudy,0,"(47.63888232700003, -122.34103053999996)",0,0,N,06-374935
37889,55376,55376,Intersection,Cycles,0,,,0,,07/16/2006 12:00:00 AM +0000,7/16/2006 2:18:00 PM,1,287171,At Intersection (intersection related),Daylight,BURKE GILMAN TRL AND NE 65TH ST,0,1,Y,2,2614277,Dry,18,"MOTOR VEHICLE STRUCK PEDALCYCLIST, FRONT END AT ANGLE",06197020,287215,0,2,Injury Collision,,45,Bicycle,Matched,0,1,Clear or Partly Cloudy,0,"(47.67573704200004, -122.26656513399996)",0,0,N,06 293960
37928,55631,55631,Block,Cycles,420,,,0,,07/20/2006 12:00:00 AM +0000,7/20/2006 9:13:00 AM,1,,Mid-Block (not related to intersection),Daylight,EASTLAKE AVE E BETWEEN E LYNN ST AND E LOUISA ST,0,1,,2,2615252,Dry,56,PEDALCYCLIST STRUCK MOTOR VEHICLE LEFT SIDE SIDESWIPE,06201005,10177,0,2,Injury Collision,,45,Bicycle,Matched,0,1,Clear or Partly Cloudy,0,"(47.64087739100006, -122.325889916)",0,0,N,06 300089
38008,55473,55473,Intersection,Cycles,0,,,0,,06/14/2006 12:00:00 AM +0000,6/14/2006 8:10:00 AM,1,29603,At Intersection (intersection related),Daylight,2ND AVE AND UNIVERSITY ST,0,1,Y,2,2188128,Dry,51,PEDALCYCLIST STRUCK MOTOR VEHICLE FRONT END AT ANGLE,06165009,2756,0,2,Injury Collision,,45,Bicycle,Matched,0,1,Clear or Partly Cloudy,0,"(47.60729905800008, -122.33708679799997)",0,0,N,06 240577
38009,55472,55472,Intersection,Cycles,0,,,0,,06/15/2006 12:00:00 AM +0000,6/15/2006 7:12:00 AM,1,26688,At Intersection (intersection related),Daylight,3RD AVE W AND W NICKERSON ST,0,1,Y,2,2108749,Dry,18,"MOTOR VEHICLE STRUCK PEDALCYCLIST, FRONT END AT ANGLE",06166006,4570,0,2,Injury Collision,,45,Bicycle,Matched,0,1,Clear or Partly Cloudy,0,"(47.65082920700007, -122.36087725499999)",0,0,N,06-242236
38040,55597,55597,Block,Cycles,132,,,0,,09/25/2006 12:00:00 AM +0000,9/25/2006 6:30:00 PM,1,,Driveway Junction,Daylight,35TH AVE SW BETWEEN SW AUSTIN ST AND SW IDA ST,0,1,,2,2613579,Dry,18,"MOTOR VEHICLE STRUCK PEDALCYCLIST, FRONT END AT ANGLE",06268035,5468,0,2,Injury Collision,,45,Bicycle,Matched,0,1,Clear or Partly Cloudy,0,"(47.53445065600005, -122.37661323299994)",0,0,N,06-406341
38072,55453,55453,Intersection,Cycles,0,,,0,Y,09/06/2006 12:00:00 AM +0000,9/6/2006,1,27932,At Intersection (intersection related),Daylight,15TH AVE W AND W BOSTON ST,0,1,,2,2608888,Dry,18,"MOTOR VEHICLE STRUCK PEDALCYCLIST, FRONT END AT ANGLE",06249003,2189,0,2,Injury Collision,,45,Bicycle,Matched,0,1,Clear or Partly Cloudy,0,"(47.63863285800005, -122.37614859799999)",0,0,N,06-377142
38202,55694,55694,Block,Cycles,213,,,0,,04/10/2006 12:00:00 AM +0000,4/10/2006 7:55:00 AM,1,,Mid-Block (but intersection related),Daylight,4TH AVE BETWEEN UNIVERSITY ST AND UNION ST,0,1,,2,2108674,Dry,21,"MOTOR VEHICLE STRUCK PEDALCYCLIST, REAR END",06100003,6129,0,2,Injury Collision,,45,Bicycle,Matched,0,1,Overcast,0,"(47.60872335300007, -122.33531971899998)",0,0,N,06-143263
38262,55012,55012,Block,Cycles,334,,,0,,09/28/2006 12:00:00 AM +0000,9/28/2006 5:30:00 PM,1,,Mid-Block (not related to intersection),Daylight,DELRIDGE WAY SW BETWEEN SW GENESEE ST AND SW OREGON ST,0,1,,2,2625344,Dry,23,"MOTOR VEHICLE STRUCK PEDALCYCLIST, LEFT SIDE SIDESWIPE",06271039,9962,1,2b,Serious Injury Collision,,45,Bicycle,Matched,0,1,Clear or Partly Cloudy,0,"(47.56381410100005, -122.36333747999998)",0,0,N,06-411102
38271,55142,55142,Intersection,Cycles,0,,,0,,04/29/2006 12:00:00 AM +0000,4/29/2006 2:31:00 PM,1,287172,At Intersection (intersection related),Daylight,BURKE GILMAN TRL AND NE 70TH ST,0,1,,2,2188342,Wet,18,"MOTOR VEHICLE STRUCK PEDALCYCLIST, FRONT END AT ANGLE",06119001,287216,0,2,Injury Collision,,45,Bicycle,Matched,0,1,Raining,0,"(47.679372199000056, -122.26531461999997)",0,0,N,6170936
38288,55272,55272,Intersection,Cycles,0,,,0,,04/23/2006 12:00:00 AM +0000,4/23/2006 4:25:00 PM,1,35274,At Intersection (intersection related),Daylight,RENTON AVE S AND S HENDERSON ST,0,1,Y,2,2280002,Dry,18,"MOTOR VEHICLE STRUCK PEDALCYCLIST, FRONT END AT ANGLE",06113031,12525,0,2,Injury Collision,,45,Bicycle,Matched,0,1,Clear or Partly Cloudy,0,"(47.52331233900003, -122.27640325499999)",0,0,N,06-161809
38328,55262,55262,Block,Cycles,121.5,,,0,,09/28/2006 12:00:00 AM +0000,9/28/2006 7:44:00 PM,1,,Mid-Block (not related to intersection),Dark - Street Lights On,MONTLAKE BR BETWEEN MONTLAKE BLVD E AND POINT A,0,1,,1,2617329,Other,69,PEDALCYCLIST OVERTURNED IN ROAD,06271009,11902,0,2,Injury Collision,,45,Bicycle,Matched,0,0,Clear or Partly Cloudy,0,"(47.64715114300003, -122.304609245)",0,0,N,06-411283
38399,54987,54987,Block,Cycles,311,,,0,,03/13/2006 12:00:00 AM +0000,3/13/2006 9:18:00 AM,1,,Mid-Block (not related to intersection),Daylight,BROADWAY BETWEEN HARVARD AVE AND E UNION ST,0,1,Y,2,2070810,Dry,51,PEDALCYCLIST STRUCK MOTOR VEHICLE FRONT END AT ANGLE,06072001,9445,0,2,Injury Collision,,45,Bicycle,Matched,0,1,Clear or Partly Cloudy,0,"(47.61210999000008, -122.32076121799997)",0,0,N,06 103077
38432,55096,55096,Intersection,Cycles,0,,,0,,02/08/2006 12:00:00 AM +0000,2/8/2006,1,26092,At Intersection (intersection related),Daylight,17TH NB AVE NE AND NE 45TH ST,0,1,,3,2185192,Dry,18,"MOTOR VEHICLE STRUCK PEDALCYCLIST, FRONT END AT ANGLE",06039002,2517,0,2,Injury Collision,,45,Bicycle,Matched,0,2,Clear or Partly Cloudy,0,"(47.661259253000026, -122.30951223599999)",0,0,N,06 055350
38568,55185,55185,Block,Cycles,158.5,,,0,,06/08/2006 12:00:00 AM +0000,6/8/2006,1,,Mid-Block (but intersection related),Dusk,E PINE ST BETWEEN BOYLSTON AVE AND HARVARD AVE,0,1,Y,2,2400910,Wet,18,"MOTOR VEHICLE STRUCK PEDALCYCLIST, FRONT END AT ANGLE",06159009,14632,0,2,Injury Collision,,45,Bicycle,Matched,0,1,Overcast,0,"(47.61522862000004, -122.32277471199995)",0,0,N,06-232122
38622,55058,55058,Block,Cycles,380,,,0,,09/23/2006 12:00:00 AM +0000,9/23/2006 5:20:00 PM,1,,Mid-Block (not related to intersection),Daylight,LAKE CITY WAY NE BETWEEN NE 110TH ST AND NE NORTHGATE WAY,1,1,,2,C674674,Unknown,64,PEDALCYCLIST STRUCK PEDESTRIAN,06266038,11165,0,2,Injury Collision,,45,Bicycle,Matched,0,0,Unknown,0,"(47.70943603900008, -122.30098650399998)",0,0,N,
38624,55057,55057,Intersection,Cycles,0,,,0,,10/30/2006 12:00:00 AM +0000,10/30/2006 8:15:00 PM,1,29051,At Intersection (intersection related),Dark - Street Lights On,HARVARD AVE E AND E OLIVE WAY,0,1,Y,2,2620391,Dry,18,"MOTOR VEHICLE STRUCK PEDALCYCLIST, FRONT END AT ANGLE",06303004,10846,0,2,Injury Collision,,45,Bicycle,Matched,0,1,Clear or Partly Cloudy,0,"(47.61989820000008, -122.32220598799995)",0,0,N,60462557
38650,55181,55181,Intersection,Cycles,0,,,0,,11/18/2006 12:00:00 AM +0000,11/18/2006 1:49:00 PM,1,37387,At Intersection (intersection related),Daylight,DAYTON AVE N AND N 103RD ST,0,1,Y,2,2611913,Dry,11,"MOTOR VEHICLE STRUCK MOTOR VEHICLE, FRONT END AT ANGLE",06322004,9937,0,2,Injury Collision,,45,Bicycle,Matched,0,1,Clear or Partly Cloudy,0,"(47.703626695000025, -122.35274740299997)",0,0,N,06-491277
38665,54906,54906,Intersection,Cycles,0,,,0,,11/29/2006 12:00:00 AM +0000,11/29/2006 3:30:00 PM,0,30757,At Intersection (intersection related),Daylight,23RD AVE S AND S JACKSON ST,0,1,,2,2604046,Ice,18,"MOTOR VEHICLE STRUCK PEDALCYCLIST, FRONT END AT ANGLE",06333003,3444,0,1,Property Damage Only Collision,,45,Bicycle,Matched,0,1,Overcast,0,"(47.59928129300005, -122.30223345099995)",0,0,N,06-506060
38675,55170,55170,Intersection,Cycles,0,,,0,,05/18/2006 12:00:00 AM +0000,5/18/2006 4:55:00 PM,1,26897,At Intersection (intersection related),Daylight,STONE WAY N AND N 35TH ST,0,1,Y,2,1198491,Dry,18,"MOTOR VEHICLE STRUCK PEDALCYCLIST, FRONT END AT ANGLE",06138011,12956,0,2,Injury Collision,,45,Bicycle,Matched,0,1,Clear or Partly Cloudy,0,"(47.64941986700006, -122.34273258699994)",0,0,N,6199815
38718,55293,55293,Block,Cycles,179,,,0,,11/01/2006 12:00:00 AM +0000,11/1/2006,1,,Driveway Junction,Daylight,E OLIVE WAY BETWEEN SUMMIT AVE E AND E JOHN ST,0,1,Y,2,2620398,Dry,18,"MOTOR VEHICLE STRUCK PEDALCYCLIST, FRONT END AT ANGLE",06305006,14586,0,2,Injury Collision,,45,Bicycle,Matched,0,1,Clear or Partly Cloudy,0,"(47.61927351300005, -122.32483051699995)",0,0,N,06-464926
38726,55154,55154,Block,Cycles,91,,,0,Y,08/12/2006 12:00:00 AM +0000,8/12/2006 1:25:00 PM,1,,Mid-Block (but intersection related),Daylight,W DRAVUS ST BETWEEN 15TH AV W SB OFF RP AND 16TH AVE W,0,1,,2,2608715,Dry,21,"MOTOR VEHICLE STRUCK PEDALCYCLIST, REAR END",06224001,23220,0,2,Injury Collision,,45,Bicycle,Matched,0,1,Clear or Partly Cloudy,0,"(47.64846994200008, -122.37712693399999)",0,0,N,06-338952
38840,54344,54344,Intersection,Cycles,0,,,0,,05/17/2006 12:00:00 AM +0000,5/17/2006 7:02:00 PM,1,26688,At Intersection (intersection related),Daylight,3RD AVE W AND W NICKERSON ST,0,1,Y,3,2069877,Dry,18,"MOTOR VEHICLE STRUCK PEDALCYCLIST, FRONT END AT ANGLE",06137002,4570,0,2,Injury Collision,,45,Bicycle,Matched,0,2,Clear or Partly Cloudy,0,"(47.65082920700007, -122.36087725499999)",0,0,N,06-198357
38846,54340,54340,Intersection,Cycles,0,,,0,,05/22/2006 12:00:00 AM +0000,5/22/2006 5:00:00 PM,1,35126,At Intersection (intersection related),Daylight,14TH AVE S AND S HENDERSON ST,0,1,Y,2,2127705,Dry,18,"MOTOR VEHICLE STRUCK PEDALCYCLIST, FRONT END AT ANGLE",06142004,1960,0,2,Injury Collision,,45,Bicycle,Matched,0,1,Clear or Partly Cloudy,0,"(47.52304218100005, -122.31496810799996)",0,0,N,06-205929
38888,54334,54334,Intersection,Cycles,0,,,0,,04/19/2006 12:00:00 AM +0000,4/19/2006 4:10:00 PM,1,27039,At Intersection (intersection related),Daylight,FREMONT AVE N AND N 34TH ST,0,1,,2,C668007,Dry,18,"MOTOR VEHICLE STRUCK PEDALCYCLIST, FRONT END AT ANGLE",06109034,10485,1,2b,Serious Injury Collision,,45,Bicycle,Matched,0,1,Clear or Partly Cloudy,0,"(47.64958972900007, -122.34974744899995)",0,0,N,
38955,54441,54441,Block,Cycles,258,,,0,,06/30/2006 12:00:00 AM +0000,6/30/2006 12:15:00 PM,1,,Mid-Block (not related to intersection),Daylight,STONE WAY N BETWEEN N 38TH ST AND N 39TH ST,0,1,,1,1930890,Dry,66,PEDALCYCLIST STRUCK OBJECT IN ROAD,06181005,12958,0,2,Injury Collision,,45,Bicycle,Matched,0,0,Clear or Partly Cloudy,0,"(47.653411937000044, -122.34253836899995)",0,0,N,06-266774
38964,54717,54717,Intersection,Cycles,0,,,0,,11/18/2006 12:00:00 AM +0000,11/18/2006 4:42:00 PM,1,34470,At Intersection (intersection related),Dark - No Street Lights,RAINIER AVE S AND S OTHELLO ST,0,1,,2,2612878,Dry,18,"MOTOR VEHICLE STRUCK PEDALCYCLIST, FRONT END AT ANGLE",06322005,12409,0,2,Injury Collision,,45,Bicycle,Matched,0,1,Clear or Partly Cloudy,0,"(47.53695787800007, -122.27027401699996)",0,0,N,06-491449
38979,54430,54430,Intersection,Cycles,0,,,0,,10/14/2006 12:00:00 AM +0000,10/14/2006 10:27:00 PM,1,29533,At Intersection (intersection related),Dark - Street Lights On,4TH AVE AND BELL ST,0,1,,3,2607536,Wet,18,"MOTOR VEHICLE STRUCK PEDALCYCLIST, FRONT END AT ANGLE",06287003,6140,0,2,Injury Collision,,45,Bicycle,Matched,0,1,Raining,0,"(47.61536891700007, -122.34393441299994)",0,0,N,06-437419
39097,54822,54822,Block,Cycles,348.5,,,0,,08/24/2006 12:00:00 AM +0000,8/24/2006 12:39:00 PM,1,,Mid-Block (not related to intersection),Daylight,NW LEARY WAY BETWEEN 11TH AVE NW AND 14TH AVE NW,0,1,,2,2611564,Dry,51,PEDALCYCLIST STRUCK MOTOR VEHICLE FRONT END AT ANGLE,06236003,19209,0,2,Injury Collision,,45,Bicycle,Matched,0,1,Clear or Partly Cloudy,0,"(47.66365981200005, -122.37217813899997)",0,0,N,06-356617
39098,54542,54542,Block,Cycles,815.5,,,0,,02/09/2006 12:00:00 AM +0000,2/9/2006,1,,Mid-Block (not related to intersection),Daylight,WEST MARGINAL WAY S BETWEEN 1ST AVE S AND S HOLDEN ST,0,1,Y,4,2060335,Dry,51,PEDALCYCLIST STRUCK MOTOR VEHICLE FRONT END AT ANGLE,06040005,23526,0,2,Injury Collision,,45,Bicycle,Matched,0,1,Clear or Partly Cloudy,0,"(47.53616843200007, -122.33352700299997)",0,0,N,06-056847
39234,54376,54376,Intersection,Cycles,0,,,0,,10/20/2006 12:00:00 AM +0000,10/20/2006 6:30:00 AM,1,26925,At Intersection (intersection related),Dark - Street Lights On,FREMONT AVE N AND N 45TH ST,0,1,,2,2617558,Wet,18,"MOTOR VEHICLE STRUCK PEDALCYCLIST, FRONT END AT ANGLE",06293004,10498,1,2b,Serious Injury Collision,,45,Bicycle,Matched,0,1,Overcast,0,"(47.66139442700006, -122.35003951099998)",0,0,N,06-445624
39304,53978,53978,Block,Cycles,161,,,0,,08/02/2006 12:00:00 AM +0000,8/2/2006,0,,Mid-Block (not related to intersection),Daylight,PIKE ST BETWEEN 1ST AVE AND 2ND AVE,0,1,,2,2618606,Dry,21,"MOTOR VEHICLE STRUCK PEDALCYCLIST, REAR END",06214037,12197,0,1,Property Damage Only Collision,,45,Bicycle,Matched,0,1,Clear or Partly Cloudy,0,"(47.60905233400007, -122.33946028099996)",0,0,N,06-321885
39381,53953,53953,Intersection,Cycles,0,,,0,,08/24/2006 12:00:00 AM +0000,8/24/2006 2:50:00 PM,1,30733,At Intersection (intersection related),Daylight,23RD AVE AND E YESLER WAY,0,1,Y,2,2614937,Dry,18,"MOTOR VEHICLE STRUCK PEDALCYCLIST, FRONT END AT ANGLE",06236004,3352,0,2,Injury Collision,,45,Bicycle,Matched,0,1,Clear or Partly Cloudy,0,"(47.60166729900004, -122.30233880199995)",0,0,N,06-356810
39421,54068,54068,Intersection,Cycles,0,,,0,,04/26/2006 12:00:00 AM +0000,4/26/2006 4:09:00 PM,1,37246,At Intersection (intersection related),Daylight,15TH AVE NW AND NW 90TH S ST,0,1,,2,1778364,Dry,51,PEDALCYCLIST STRUCK MOTOR VEHICLE FRONT END AT ANGLE,06116001,2122,0,2,Injury Collision,,45,Bicycle,Matched,0,1,Clear or Partly Cloudy,0,"(47.69424969500005, -122.37679920099998)",0,0,N,6166266
39483,54045,54045,Block,Cycles,211,,,0,,05/10/2006 12:00:00 AM +0000,5/10/2006 5:12:00 PM,1,,Mid-Block (not related to intersection),Daylight,YESLER WAY BETWEEN 8TH AVE AND BROADWAY,0,1,,2,2071029,Dry,51,PEDALCYCLIST STRUCK MOTOR VEHICLE FRONT END AT ANGLE,06130004,13768,0,2,Injury Collision,,45,Bicycle,Matched,0,1,Overcast,0,"(47.601701923000064, -122.32159412299995)",0,0,N,60187570
39584,54277,54277,Intersection,Cycles,0,,,0,,10/02/2006 12:00:00 AM +0000,10/2/2006,1,29739,At Intersection (intersection related),Daylight,11TH AVE AND E PINE ST,0,1,Y,2,2615330,Dry,18,"MOTOR VEHICLE STRUCK PEDALCYCLIST, FRONT END AT ANGLE",06275004,1383,1,2b,Serious Injury Collision,,45,Bicycle,Matched,0,1,Clear or Partly Cloudy,0,"(47.615254391000065, -122.318159434)",0,0,N,06-417043
39589,54140,54140,Block,Cycles,153,,,0,,09/18/2006 12:00:00 AM +0000,9/18/2006 11:50:00 AM,2,,Mid-Block (not related to intersection),Daylight,4TH AVE BETWEEN MARION ST AND MADISON ST,1,1,Y,2,2607378,Dry,64,PEDALCYCLIST STRUCK PEDESTRIAN,06261008,6125,0,2,Injury Collision,,45,Bicycle,Matched,0,0,Clear or Partly Cloudy,0,"(47.60572989000008, -122.33258176499999)",0,0,N,06-395 232
39629,53886,53886,Block,Cycles,1842,,,0,,10/06/2006 12:00:00 AM +0000,10/6/2006,1,,Mid-Block (not related to intersection),Daylight,LAKE WASHINGTON BLVD S BETWEEN LAKE PARK DR S AND S HORTON NR ST,0,1,,2,C675240,Wet,18,"MOTOR VEHICLE STRUCK PEDALCYCLIST, FRONT END AT ANGLE",06279065,11230,0,2,Injury Collision,,45,Bicycle,Matched,0,1,Overcast,0,"(47.578874744000075, -122.28370626699996)",0,0,N,
39669,53879,53879,Intersection,Cycles,0,,,0,,07/26/2006 12:00:00 AM +0000,7/26/2006 8:12:00 PM,1,27149,At Intersection (intersection related),Daylight,15TH AVE NE AND NE PACIFIC ST,0,1,,2,2501676,Dry,18,"MOTOR VEHICLE STRUCK PEDALCYCLIST, FRONT END AT ANGLE",06207049,2028,0,2,Injury Collision,,45,Bicycle,Matched,0,1,Clear or Partly Cloudy,0,"(47.65297596400006, -122.31246414499998)",0,0,N,06-001329
39672,53997,53997,Block,Cycles,70,,,0,,08/14/2006 12:00:00 AM +0000,8/14/2006 6:00:00 PM,1,,Mid-Block (not related to intersection),Daylight,WOODLAND PARK AVE N BETWEEN N 43RD N ST AND N 44TH ST,0,1,,2,C672326,Dry,18,"MOTOR VEHICLE STRUCK PEDALCYCLIST, FRONT END AT ANGLE",06226050,13659,0,2,Injury Collision,,45,Bicycle,Matched,0,1,Clear or Partly Cloudy,0,"(47.65976573000006, -122.34457721899997)",0,0,N,