OBJECTID,INCKEY,COLDETKEY,ADDRTYPE,COLLISIONTYPE,DISTANCE,EXCEPTRSNCODE,EXCEPTRSNDESC,FATALITIES,INATTENTIONIND,INCDATE,INCDTTM,INJURIES,INTKEY,JUNCTIONTYPE,LIGHTCOND,LOCATION,PEDCOUNT,PEDCYLCOUNT,PEDROWNOTGRNT,PERSONCOUNT,REPORTNO,ROADCOND,SDOT_COLCODE,SDOT_COLDESC,SDOTCOLNUM,SEGKEY,SERIOUSINJURIES,SEVERITYCODE,SEVERITYDESC,SPEEDING,ST_COLCODE,ST_COLDESC,STATUS,UNDERINFL,VEHCOUNT,WEATHER,WIDTH,Shape,SEGLANEKEY,CROSSWALKKEY,HITPARKEDCAR,SPDCASENO
39674,54264,54264,Intersection,Cycles,0,,,0,,11/20/2006 12:00:00 AM +0000,11/20/2006 8:23:00 AM,0,34815,At Intersection (intersection related),Daylight,45TH AVE SW AND SW WILDWOOD PL,0,1,Y,2,2625259,Wet,18,"MOTOR VEHICLE STRUCK PEDALCYCLIST, FRONT END AT ANGLE",06324013,6875,0,1,Property Damage Only Collision,,45,Bicycle,Matched,0,1,Clear or Partly Cloudy,0,"(47.520787032000044, -122.39022156899995)",0,0,N,06-493787
39799,53444,53444,Block,Cycles,129,,,0,,09/12/2006 12:00:00 AM +0000,9/12/2006 6:00:00 PM,1,,Mid-Block (not related to intersection),Daylight,ALKI AVE SW BETWEEN 58TH AVE SW AND MARINE AVE SW,0,1,,2,2620027,Dry,56,PEDALCYCLIST STRUCK MOTOR VEHICLE LEFT SIDE SIDESWIPE,06255001,8794,0,2,Injury Collision,,45,Bicycle,Matched,0,1,Clear or Partly Cloudy,0,"(47.580671239000026, -122.40659696499995)",0,0,N,06-386518
39820,53303,53303,Intersection,Cycles,0,,,0,,05/01/2006 12:00:00 AM +0000,5/1/2006,1,37404,At Intersection (intersection related),Daylight,FREMONT AVE N AND N 101ST ST,0,1,,3,2022981,Dry,18,"MOTOR VEHICLE STRUCK PEDALCYCLIST, FRONT END AT ANGLE",06121023,10544,0,2,Injury Collision,,45,Bicycle,Matched,0,1,Clear or Partly Cloudy,0,"(47.702170023000065, -122.350041955)",0,0,N,2006-173921
39852,53571,53571,Intersection,Cycles,0,,,0,,09/28/2006 12:00:00 AM +0000,9/28/2006 11:27:00 AM,1,24336,At Intersection (intersection related),Daylight,GREENWOOD AVE N AND N 70TH ST,0,1,Y,2,2624707,Dry,11,"MOTOR VEHICLE STRUCK MOTOR VEHICLE, FRONT END AT ANGLE",06271005,10736,0,2,Injury Collision,,45,Bicycle,Matched,0,1,Clear or Partly Cloudy,0,"(47.67960648800005, -122.35532276799995)",0,0,N,06-410538
39907,53550,53550,Block,Cycles,318,,,0,,08/11/2006 12:00:00 AM +0000,8/11/2006 12:10:00 PM,1,,Driveway Junction,Daylight,RAINIER AVE S BETWEEN S THISTLE ST AND S CLOVERDALE ST,0,2,Y,4,2611955,Dry,18,"MOTOR VEHICLE STRUCK PEDALCYCLIST, FRONT END AT ANGLE",06223005,12418,0,2,Injury Collision,,45,Bicycle,Matched,0,1,Clear or Partly Cloudy,0,"(47.527044570000044, -122.26998428299999)",0,0,N,06-338881
39943,53285,53285,Intersection,Cycles,0,,,0,,08/25/2006 12:00:00 AM +0000,8/25/2006 3:16:00 PM,0,29965,At Intersection (intersection related),Daylight,5TH AVE AND COLUMBIA ST,0,1,Y,2,2607287,Dry,18,"MOTOR VEHICLE STRUCK PEDALCYCLIST, FRONT END AT ANGLE",06237009,7228,0,1,Property Damage Only Collision,,45,Bicycle,Matched,0,1,Clear or Partly Cloudy,0,"(47.605126152000025, -122.33049384199995)",0,0,N,06-358400
40000,53279,53279,Intersection,Cycles,0,,,0,,05/03/2006 12:00:00 AM +0000,5/3/2006,1,28031,At Intersection (intersection related),Daylight,DEXTER AVE N AND GARFIELD S ST,0,1,Y,2,2179043,Dry,18,"MOTOR VEHICLE STRUCK PEDALCYCLIST, FRONT END AT ANGLE",06123002,10085,0,2,Injury Collision,,45,Bicycle,Matched,0,1,Clear or Partly Cloudy,0,"(47.63299911100006, -122.34228237199994)",0,0,N,06-175943
40045,53529,53529,Intersection,Cycles,0,,,0,,10/26/2006 12:00:00 AM +0000,10/26/2006 3:30:00 PM,0,30023,At Intersection (intersection related),Unknown,27TH AVE AND E UNION ST,0,1,,2,C676512,Dry,51,PEDALCYCLIST STRUCK MOTOR VEHICLE FRONT END AT ANGLE,06299028,3994,0,1,Property Damage Only Collision,,45,Bicycle,Matched,0,1,Clear or Partly Cloudy,0,"(47.61293563000004, -122.29750018199996)",0,0,N,
40049,53388,53388,Intersection,Cycles,0,,,0,Y,07/13/2006 12:00:00 AM +0000,7/13/2006 4:04:00 PM,2,29883,At Intersection (intersection related),Daylight,PIKE ST AND CONVENTION PL,0,1,,2,2608029,Dry,51,PEDALCYCLIST STRUCK MOTOR VEHICLE FRONT END AT ANGLE,06194005,8520,0,2,Injury Collision,,45,Bicycle,Matched,0,1,Clear or Partly Cloudy,0,"(47.612535370000046, -122.331133852)",0,0,N,06-289295
40065,53523,53523,Block,Cycles,160,,,0,,06/01/2006 12:00:00 AM +0000,6/1/2006,1,,Driveway Junction,Daylight,DEXTER AVE N BETWEEN VALLEY ST AND ALOHA ST,0,1,Y,2,2410652,Wet,18,"MOTOR VEHICLE STRUCK PEDALCYCLIST, FRONT END AT ANGLE",06152062,10079,0,2,Injury Collision,,45,Bicycle,Matched,0,1,Raining,0,"(47.62669856800005, -122.34233050699999)",0,0,N,06 220691
40135,53625,53625,Block,Cycles,329.5,,,0,,04/18/2006 12:00:00 AM +0000,4/18/2006 8:40:00 AM,0,,Mid-Block (not related to intersection),Daylight,NW 80TH ST BETWEEN 3RD AVE NW AND 6TH AVE NW,0,1,,2,2058557,Unknown,23,"MOTOR VEHICLE STRUCK PEDALCYCLIST, LEFT SIDE SIDESWIPE",06108025,18887,0,1,Property Damage Only Collision,,45,Bicycle,Matched,0,1,Clear or Partly Cloudy,0,"(47.68693848100003, -122.36198588699995)",0,0,N,06 154830
40188,53612,53612,Intersection,Cycles,0,,,0,,07/30/2006 12:00:00 AM +0000,7/30/2006 10:20:00 AM,1,29966,At Intersection (intersection related),Daylight,4TH AVE AND COLUMBIA ST,0,1,Y,2,2607879,Dry,18,"MOTOR VEHICLE STRUCK PEDALCYCLIST, FRONT END AT ANGLE",06211007,6124,0,2,Injury Collision,,45,Bicycle,Matched,0,1,Clear or Partly Cloudy,0,"(47.60466155800003, -122.33160430899994)",0,0,N,06 36924
40249,53603,53603,Intersection,Cycles,0,,,0,,05/16/2006 12:00:00 AM +0000,5/16/2006 6:13:00 PM,1,287164,At Intersection (intersection related),Daylight,30TH AVE NE AND BURKE GILMAN TRL,0,1,,2,2188852,Dry,18,"MOTOR VEHICLE STRUCK PEDALCYCLIST, FRONT END AT ANGLE",06136005,287208,0,2,Injury Collision,,45,Bicycle,Matched,0,1,Clear or Partly Cloudy,0,"(47.66444733600008, -122.29561786299996)",0,0,N,60196645
40307,53066,53066,Block,Cycles,148,,,0,,04/01/2006 12:00:00 AM +0000,4/1/2006,1,,Driveway Junction,Daylight,N 145TH ST BETWEEN WHITMAN AVE N AND AURORA AVE N,0,1,,2,2188415,Dry,18,"MOTOR VEHICLE STRUCK PEDALCYCLIST, FRONT END AT ANGLE",06091012,15266,0,2,Injury Collision,,45,Bicycle,Matched,0,1,Overcast,0,"(47.73412856300007, -122.34569997699998)",0,0,N,06-131078
40352,53045,53045,Block,Cycles,330,,,0,,12/06/2006 12:00:00 AM +0000,12/6/2006,1,,Mid-Block (not related to intersection),Daylight,34TH AVE W BETWEEN W RUFFNER ST AND W EMERSON ST,0,1,Y,2,2607274,Dry,18,"MOTOR VEHICLE STRUCK PEDALCYCLIST, FRONT END AT ANGLE",06340001,5327,0,2,Injury Collision,,45,Bicycle,Matched,0,1,Clear or Partly Cloudy,0,"(47.65315075400008, -122.40090243499998)",0,0,N,06-516301
40423,52773,52773,Intersection,Cycles,0,,,0,,03/31/2006 12:00:00 AM +0000,3/31/2006 2:34:00 PM,1,31834,At Intersection (intersection related),Daylight,37TH AVE SW AND SW HINDS ST,0,1,,3,1197746,Dry,51,PEDALCYCLIST STRUCK MOTOR VEHICLE FRONT END AT ANGLE,06090039,5768,0,2,Injury Collision,,45,Bicycle,Matched,0,1,Clear or Partly Cloudy,0,"(47.57313079800008, -122.37815976799999)",0,0,N,06 129511
40430,53158,53158,Intersection,Cycles,0,,,0,,05/17/2006 12:00:00 AM +0000,5/17/2006 7:53:00 AM,1,30544,At Intersection (intersection related),Daylight,7TH AVE S AND S DEARBORN ST,0,1,Y,2,2071682,Dry,18,"MOTOR VEHICLE STRUCK PEDALCYCLIST, FRONT END AT ANGLE",06137032,8211,0,2,Injury Collision,,45,Bicycle,Matched,0,1,Clear or Partly Cloudy,0,"(47.59583330500004, -122.32376363099996)",0,0,N,06-197547
40501,53007,53007,Block,Cycles,210,,,0,,06/08/2006 12:00:00 AM +0000,6/8/2006,1,,Mid-Block (not related to intersection),Daylight,EASTLAKE AVE E BETWEEN THOMAS ST AND HARRISON ST,0,1,,3,2071103,Dry,55,PEDALCYCLIST STRUCK MOTOR VEHICLE RIGHT SIDE SIDESWIPE,06159004,10164,0,2,Injury Collision,,45,Bicycle,Matched,0,1,Clear or Partly Cloudy,0,"(47.62139831400003, -122.32914562799999)",0,0,N,06-231474
40633,53251,53251,Intersection,Cycles,0,,,0,Y,08/28/2006 12:00:00 AM +0000,8/28/2006 2:28:00 PM,1,27617,At Intersection (intersection related),Daylight,23RD AVE W AND W GARFIELD ST OFF RP,0,1,,2,2608716,Dry,51,PEDALCYCLIST STRUCK MOTOR VEHICLE FRONT END AT ANGLE,06240007,,0,2,Injury Collision,,45,Bicycle,Matched,0,1,Clear or Partly Cloudy,0,,0,0,N,06-363066
40663,52970,52970,Block,Cycles,242,,,0,,03/14/2006 12:00:00 AM +0000,3/14/2006 9:25:00 AM,1,,Driveway Junction,Daylight,DEXTER AVE N BETWEEN REPUBLICAN ST AND MERCER ST,0,1,Y,2,2191738,Dry,18,"MOTOR VEHICLE STRUCK PEDALCYCLIST, FRONT END AT ANGLE",06073004,10075,0,2,Injury Collision,,45,Bicycle,Matched,0,1,Overcast,0,"(47.62388537100003, -122.34235544599994)",0,0,N,06-104612
40700,53212,53212,Intersection,Cycles,0,,,0,,05/03/2006 12:00:00 AM +0000,5/3/2006,1,30969,At Intersection (intersection related),Daylight,62ND AVE SW AND ALKI AVE SW,0,1,,3,2127556,Dry,51,PEDALCYCLIST STRUCK MOTOR VEHICLE FRONT END AT ANGLE,06123007,8100,0,2,Injury Collision,,45,Bicycle,Matched,0,1,Clear or Partly Cloudy,0,"(47.57874046400008, -122.41196461099997)",0,0,N,06-177888
40709,52832,52832,Intersection,Cycles,0,,,0,,03/22/2006 12:00:00 AM +0000,3/22/2006 11:35:00 PM,1,25692,At Intersection (intersection related),Dark - Street Lights On,GREEN LAKE WAY N AND N 46TH ST,0,1,Y,2,2058301,Wet,51,PEDALCYCLIST STRUCK MOTOR VEHICLE FRONT END AT ANGLE,06081003,10687,0,2,Injury Collision,,45,Bicycle,Matched,0,1,Overcast,0,"(47.662127342000076, -122.34608880099995)",0,0,N,06-117048
40724,52959,52959,Intersection,Cycles,0, ,,0,,11/06/2006 12:00:00 AM +0000,11/6/2006,1,24229,At Intersection (intersection related),Dark - Street Lights On,GREEN LAKE DR N AND N 80TH ST,0,1,,2,2617547,Wet,51,PEDALCYCLIST STRUCK MOTOR VEHICLE FRONT END AT ANGLE,06310026,10682,0,2,Injury Collision,,45,Bicycle,Matched,0,1,Raining,0,"(47.68692953900006, -122.34045581899994)",0,0,N,06-473449
40792,52417,52417,Block,Cycles,372,,,0,,05/18/2006 12:00:00 AM +0000,5/18/2006 4:21:00 PM,1,,Driveway Junction,Daylight,DEXTER AVE N BETWEEN HAYES ST AND HOWE ST,0,1,Y,2,2410631,Dry,18,"MOTOR VEHICLE STRUCK PEDALCYCLIST, FRONT END AT ANGLE",06138004,10087,0,2,Injury Collision,,45,Bicycle,Matched,0,1,Clear or Partly Cloudy,0,"(47.63498698700005, -122.34228517999998)",0,0,N,06-199767
40833,52277,52277,Intersection,Cycles,0,,,0,,04/05/2006 12:00:00 AM +0000,4/5/2006,1,29563,At Intersection (intersection related),Daylight,3RD AVE AND VIRGINIA ST,0,1,,2,2191892,Dry,56,PEDALCYCLIST STRUCK MOTOR VEHICLE LEFT SIDE SIDESWIPE,06095026,4387,0,2,Injury Collision,,45,Bicycle,Matched,0,1,Clear or Partly Cloudy,0,"(47.61239802600005, -122.34089245499996)",0,0,N,06-136738
40856,52283,52283,Block,Cycles,179.5,,,0,,10/07/2006 12:00:00 AM +0000,10/7/2006,2,,Driveway Junction,Daylight,W DRAVUS ST BETWEEN 23RD AVE W AND 24TH AVE W,0,1,Y,2,2608056,Dry,18,"MOTOR VEHICLE STRUCK PEDALCYCLIST, FRONT END AT ANGLE",06280001,23226,1,2b,Serious Injury Collision,,45,Bicycle,Matched,0,1,Clear or Partly Cloudy,0,"(47.64847111500006, -122.38669609199997)",0,0,N,06-425707
40877,52399,52399,Intersection,Cycles,0,,,0,,10/20/2006 12:00:00 AM +0000,10/20/2006 9:29:00 PM,1,29544,At Intersection (intersection related),Daylight,6TH AVE AND LENORA ST,0,1,,2,2607646,Dry,18,"MOTOR VEHICLE STRUCK PEDALCYCLIST, FRONT END AT ANGLE",06293038,7890,0,2,Injury Collision,,45,Bicycle,Matched,0,1,Clear or Partly Cloudy,0,"(47.61516015800004, -122.33961434899999)",0,0,N,06-446694
40952,52249,52249,Intersection,Cycles,0,,,0,,12/04/2006 12:00:00 AM +0000,12/4/2006,1,27105,At Intersection (intersection related),Daylight,UNIVERSITY WAY NE AND NE 41ST ST,0,1,,3,2614148,Dry,18,"MOTOR VEHICLE STRUCK PEDALCYCLIST, FRONT END AT ANGLE",06338002,13219,0,2,Injury Collision,,45,Bicycle,Matched,0,1,Clear or Partly Cloudy,0,"(47.656834220000064, -122.31324600799996)",0,0,N,06-513136
40960,52648,52648,Block,Cycles,133,,,0,,05/13/2006 12:00:00 AM +0000,5/13/2006 1:15:00 PM,1,,Driveway Junction,Daylight,15TH AVE NW BETWEEN NW 61ST ST AND NW 62ND ST,0,1,,3,2400427,Dry,51,PEDALCYCLIST STRUCK MOTOR VEHICLE FRONT END AT ANGLE,06133002,2108,0,2,Injury Collision,,45,Bicycle,Matched,0,1,Clear or Partly Cloudy,0,"(47.67345203700006, -122.37621097699997)",0,0,N,60191944
40976,52635,52635,Intersection,Cycles,0,,,0,,09/28/2006 12:00:00 AM +0000,9/28/2006 4:51:00 AM,1,25585,At Intersection (intersection related),Dark - Street Lights On,PHINNEY AVE N AND N 64TH ST,0,1,,2,2611679,Dry,18,"MOTOR VEHICLE STRUCK PEDALCYCLIST, FRONT END AT ANGLE",06271038,12159,0,2,Injury Collision,,45,Bicycle,Matched,0,1,Clear or Partly Cloudy,0,"(47.67529516900004, -122.35434978499995)",0,0,N,06 410443
41020,52230,52230,Block,Cycles,315,,,0,,01/20/2006 12:00:00 AM +0000,1/20/2006 8:18:00 PM,1,,Mid-Block (not related to intersection),Dark - Street Lights On,NW 57TH ST BETWEEN 24TH AVE NW AND 26TH AVE NW,0,1,,2,2188669,Wet,18,"MOTOR VEHICLE STRUCK PEDALCYCLIST, FRONT END AT ANGLE",06020005,18479,0,2,Injury Collision,,45,Bicycle,Matched,1,1,Clear or Partly Cloudy,0,"(47.670188333000056, -122.38886319399995)",0,0,N,6027759
41093,52340,52340,Block,Cycles,661,,,0,Y,01/31/2006 12:00:00 AM +0000,1/31/2006 10:23:00 AM,1,,Mid-Block (not related to intersection),Daylight,25TH AVE NE BETWEEN NE 60TH ST AND NE 65TH ST,0,1,,2,2059129,Dry,16,"MOTOR VEHICLE STRUCK MOTOR VEHICLE, LEFT SIDE SIDESWIPE",06031003,3727,0,2,Injury Collision,,45,Bicycle,Matched,0,1,Overcast,0,"(47.67396072400004, -122.30064519199999)",0,0,N,06-42886
41123,52328,52328,Intersection,Cycles,0,,,0,,11/08/2006 12:00:00 AM +0000,11/8/2006,1,29703,At Intersection (intersection related),Daylight,1ST AVE AND BLANCHARD ST,0,1,Y,2,2608616,Dry,18,"MOTOR VEHICLE STRUCK PEDALCYCLIST, FRONT END AT ANGLE",06312002,1014,0,2,Injury Collision,,45,Bicycle,Matched,0,1,Clear or Partly Cloudy,0,"(47.61260645700003, -122.34521327099998)",0,0,N,06-476033
41149,52742,52742,Block,Cycles,239.5,,,0,,09/01/2006 12:00:00 AM +0000,9/1/2006,1,,Mid-Block (but intersection related),Daylight,3RD AVE BETWEEN YESLER WAY AND JAMES ST,0,1,,3,2607304,Dry,55,PEDALCYCLIST STRUCK MOTOR VEHICLE RIGHT SIDE SIDESWIPE,06244015,4373,0,2,Injury Collision,,45,Bicycle,Matched,0,1,Clear or Partly Cloudy,0,"(47.60220929600007, -122.33089641499998)",0,0,N,06-369478
41218,52447,52447,Intersection,Cycles,0,,,0,,02/18/2006 12:00:00 AM +0000,2/18/2006 5:12:00 PM,1,30886,At Intersection (intersection related),Daylight,36TH AVE S AND S HANFORD ST,0,1,,2,2280198,Dry,51,PEDALCYCLIST STRUCK MOTOR VEHICLE FRONT END AT ANGLE,06049008,5585,0,2,Injury Collision,,45,Bicycle,Matched,0,1,Clear or Partly Cloudy,0,"(47.575229626000066, -122.28770682099997)",0,0,N,06-07296
41245,52704,52704,Block,Cycles,133,,,0,Y,04/09/2006 12:00:00 AM +0000,4/9/2006,1,,Mid-Block (not related to intersection),Daylight,NE 75TH ST BETWEEN 34TH AVE NE AND 35TH AVE NE,0,1,,2,2178996,Wet,18,"MOTOR VEHICLE STRUCK PEDALCYCLIST, FRONT END AT ANGLE",06099008,17532,0,2,Injury Collision,,45,Bicycle,Matched,0,1,Overcast,0,"(47.68304844200003, -122.29102051599995)",0,0,N,06 142302
41292,52154,52154,Block,Cycles,161,,,0,Y,04/20/2006 12:00:00 AM +0000,4/20/2006 5:25:00 PM,0,,Mid-Block (but intersection related),Daylight,STEWART ST BETWEEN TERRY AVE AND BOREN AVE,0,1,,2,2191895,Dry,21,"MOTOR VEHICLE STRUCK PEDALCYCLIST, REAR END",06110001,12907,0,1,Property Damage Only Collision,,45,Bicycle,Matched,0,1,Clear or Partly Cloudy,0,"(47.61661180900006, -122.33314897999998)",0,0,N,06-157559
41435,51874,51874,Intersection,Cycles,0,,,0,,01/10/2006 12:00:00 AM +0000,1/10/2006 6:45:00 PM,1,25602,At Intersection (intersection related),Dark - Street Lights On,PHINNEY AVE N AND N 62ND ST,0,1,,2,2060825,Wet,18,"MOTOR VEHICLE STRUCK PEDALCYCLIST, FRONT END AT ANGLE",06010008,12157,0,2,Injury Collision,,45,Bicycle,Matched,0,1,Raining,0,"(47.67386526700005, -122.35436969299997)",0,0,N,06 13576
41443,51742,51742,Intersection,Cycles,0,,,0,,07/15/2006 12:00:00 AM +0000,7/15/2006 5:21:00 PM,1,27181,At Intersection (intersection related),Daylight,THACKERAY PL NE AND NE 45TH ST,0,1,,2,2611429,Dry,18,"MOTOR VEHICLE STRUCK PEDALCYCLIST, FRONT END AT ANGLE",06196033,13128,0,2,Injury Collision,,45,Bicycle,Matched,0,1,Clear or Partly Cloudy,0,"(47.66134940300003, -122.32617895799996)",0,0,N,06-292653
41522,51972,51972,Intersection,Cycles,0,,,0,,05/15/2006 12:00:00 AM +0000,5/15/2006 7:37:00 AM,0,32204,At Intersection (intersection related),Daylight,11TH CR AVE SW AND SW SPOKANE ST,0,1,,2,2072321,Dry,51,PEDALCYCLIST STRUCK MOTOR VEHICLE FRONT END AT ANGLE,06135002,1509,0,1,Property Damage Only Collision,,45,Bicycle,Matched,0,1,Clear or Partly Cloudy,0,"(47.571413018000044, -122.34880038699998)",0,0,N,06-194208
41567,51831,51831,Intersection,Cycles,0,,,0,,11/05/2006 12:00:00 AM +0000,11/5/2006,1,25365,At Intersection (intersection related),Daylight,6TH AVE NW AND NW 47TH ST,0,1,Y,3,2624412,Wet,18,"MOTOR VEHICLE STRUCK PEDALCYCLIST, FRONT END AT ANGLE",06309001,7932,0,2,Injury Collision,,45,Bicycle,Matched,0,1,Raining,0,"(47.662920744000076, -122.36400075399996)",0,0,N,06-471478
41662,51932,51932,Block,Cycles,116,,,0,,03/10/2006 12:00:00 AM +0000,3/10/2006 5:55:00 PM,1,,Mid-Block (not related to intersection),Dusk,12TH AVE BETWEEN E JEFFERSON ST AND E BARCLAY CT,0,1,,2,2070751,Dry,51,PEDALCYCLIST STRUCK MOTOR VEHICLE FRONT END AT ANGLE,06069004,1529,0,2,Injury Collision,,45,Bicycle,Matched,0,1,Clear or Partly Cloudy,0,"(47.60651901700004, -122.31678037899997)",0,0,N,06 100897
41704,52178,52178,Block,Cycles,185,,,0,,10/20/2006 12:00:00 AM +0000,10/20/2006 4:20:00 PM,1,,Mid-Block (not related to intersection),Daylight,UNIVERSITY BR BETWEEN FUHRMAN AVE E AND POINT A,0,1,,2,2608336,Dry,18,"MOTOR VEHICLE STRUCK PEDALCYCLIST, FRONT END AT ANGLE",06293010,13189,0,2,Injury Collision,,45,Bicycle,Matched,0,1,Clear or Partly Cloudy,0,"(47.65202472800007, -122.32092404899998)",0,0,N,06-450227
41716,51923,51923,Intersection,Cycles,0,,,0,,08/06/2006 12:00:00 AM +0000,8/6/2006,1,24584,At Intersection (intersection related),Daylight,WOODLAWN AVE NE AND NE RAVENNA EB BV,0,1,Y,2,2614306,Dry,18,"MOTOR VEHICLE STRUCK PEDALCYCLIST, FRONT END AT ANGLE",06218003,13709,0,2,Injury Collision,,45,Bicycle,Matched,0,1,Clear or Partly Cloudy,0,"(47.67875757100006, -122.32498922999997)",0,0,N,06-329201
41720,51801,51801,Intersection,Cycles,0,,,0,,07/24/2006 12:00:00 AM +0000,7/24/2006 3:38:00 PM,1,30146,At Intersection (intersection related),Daylight,20TH AVE AND E UNION ST,0,1,Y,2,2615152,Dry,18,"MOTOR VEHICLE STRUCK PEDALCYCLIST, FRONT END AT ANGLE",06205001,2940,1,2b,Serious Injury Collision,,45,Bicycle,Matched,0,1,Clear or Partly Cloudy,0,"(47.61290962100003, -122.30624554799999)",0,0,N,06-307348
41743,51925,51925,Intersection,Cycles,0,,,0,,10/06/2006 12:00:00 AM +0000,10/6/2006,1,37394,At Intersection (intersection related),Daylight,DAYTON AVE N AND N 102ND ST,0,1,Y,2,2611907,Wet,18,"MOTOR VEHICLE STRUCK PEDALCYCLIST, FRONT END AT ANGLE",06279006,9936,0,2,Injury Collision,,45,Bicycle,Matched,0,1,Raining,0,"(47.702902264000045, -122.35273957599998)",0,0,N,06-423453
41804,51642,51642,Intersection,Cycles,0,,,0,,08/03/2006 12:00:00 AM +0000,8/3/2006,1,28242,At Intersection (intersection related),Daylight,10TH AVE E AND E BOSTON ST,0,1,Y,2,2615403,Dry,18,"MOTOR VEHICLE STRUCK PEDALCYCLIST, FRONT END AT ANGLE",06215001,1299,0,2,Injury Collision,,45,Bicycle,Matched,0,1,Clear or Partly Cloudy,0,"(47.63840322500005, -122.32007129499999)",0,0,N,06-323817
41808,51379,51379,Intersection,Cycles,0,,,0,,07/21/2006 12:00:00 AM +0000,7/21/2006 2:06:00 PM,1,36637,At Intersection (intersection related),Daylight,25TH AVE NE AND NE 117TH ST,0,1,Y,2,2611559,Dry,18,"MOTOR VEHICLE STRUCK PEDALCYCLIST, FRONT END AT ANGLE",06202004,3743,1,2b,Serious Injury Collision,,45,Bicycle,Matched,0,1,Clear or Partly Cloudy,0,"(47.71387809700008, -122.30177243199995)",0,0,N,06-302155
41818,51241,51241,Block,Cycles,333.5,,,0,,06/11/2006 12:00:00 AM +0000,6/11/2006 1:06:00 PM,1,,Mid-Block (not related to intersection),Daylight,S HENDERSON ST BETWEEN 10TH AVE S AND 12TH AVE S,0,1,,2,2404506,Dry,18,"MOTOR VEHICLE STRUCK PEDALCYCLIST, FRONT END AT ANGLE",06162005,20233,0,2,Injury Collision,,45,Bicycle,Matched,0,1,Clear or Partly Cloudy,0,"(47.523054340000044, -122.31899208199997)",0,0,N,06-236362
41823,51514,51514,Intersection,Cycles,0,,,0,,08/22/2006 12:00:00 AM +0000,8/22/2006 3:47:00 PM,0,24449,At Intersection (intersection related),Daylight,12TH AVE NE AND NE 73RD ST,0,1,Y,2,2625114,Dry,18,"MOTOR VEHICLE STRUCK PEDALCYCLIST, FRONT END AT ANGLE",06234003,1589,0,1,Property Damage Only Collision,,45,Bicycle,Matched,0,1,Clear or Partly Cloudy,0,"(47.68153242200003, -122.31534594599998)",0,0,N,06-353652
41926,51621,51621,Intersection,Cycles,0,,,0,Y,05/26/2006 12:00:00 AM +0000,5/26/2006 9:35:00 AM,1,28760,At Intersection (intersection related),Daylight,FAIRVIEW AVE N AND MERCER ST,0,1,Y,2,2191744,Dry,18,"MOTOR VEHICLE STRUCK PEDALCYCLIST, FRONT END AT ANGLE",06146006,10350,0,2,Injury Collision,,45,Bicycle,Matched,0,1,Overcast,0,"(47.62469377700006, -122.33428796899994)",0,0,N,06-211317
41981,51463,51463,Block,Cycles,165,,,0,,09/11/2006 12:00:00 AM +0000,9/11/2006 6:30:00 PM,0,,Driveway Junction,Daylight,SW ALASKA ST BETWEEN DELRIDGE WAY SW AND 25TH AVE SW,0,1,,2,C674221,Dry,51,PEDALCYCLIST STRUCK MOTOR VEHICLE FRONT END AT ANGLE,06254035,21720,0,1,Property Damage Only Collision,,45,Bicycle,Matched,0,1,Clear or Partly Cloudy,0,"(47.56108897900003, -122.36353917999998)",0,0,N,
41986,51335,51335,Intersection,Cycles,0,,,0,,12/04/2006 12:00:00 AM +0000,12/4/2006,1,28993,At Intersection (intersection related),Dawn,BROADWAY E AND E ROY E ST,0,1,Y,2,2623711,Dry,11,"MOTOR VEHICLE STRUCK MOTOR VEHICLE, FRONT END AT ANGLE",06338001,14748,0,2,Injury Collision,,45,Bicycle,Matched,0,1,Overcast,0,"(47.62504920300006, -122.32089298799997)",0,0,N,06-512971
42004,51456,51456,Block,Cycles,166,,,0,Y,06/30/2006 12:00:00 AM +0000,6/30/2006 2:45:00 PM,1,,Mid-Block (not related to intersection),Daylight,5TH AVE NE BETWEEN NE 94TH ST AND NE 95TH ST,0,1,,2,2405182,Dry,53,PEDALCYCLIST STRUCK MOTOR VEHICLE LEFT SIDE AT ANGLE,06181001,7327,0,2,Injury Collision,,45,Bicycle,Matched,0,1,Clear or Partly Cloudy,0,"(47.697233905000076, -122.32307956699998)",0,0,N,06 267048
42160,51287,51287,Intersection,Cycles,0,,,0,,12/22/2006 12:00:00 AM +0000,12/22/2006 5:06:00 PM,1,24697,At Intersection (intersection related),Dark - Street Lights On,27TH AVE NE AND NE 65TH ST,0,1,,2,2058482,Dry,51,PEDALCYCLIST STRUCK MOTOR VEHICLE FRONT END AT ANGLE,06356009,4013,0,2,Injury Collision,,45,Bicycle,Matched,0,1,Clear or Partly Cloudy,0,"(47.67577636500005, -122.29839932399994)",0,0,N,06 541204
42203,51410,51410,Intersection,Cycles,0,,,0,Y,07/13/2006 12:00:00 AM +0000,7/13/2006 8:38:00 AM,2,28605,At Intersection (intersection related),Daylight,ALOHA ST AND QUEEN ANNE AVE N,0,1,,2,2622931,Dry,18,"MOTOR VEHICLE STRUCK PEDALCYCLIST, FRONT END AT ANGLE",06194047,8804,0,2,Injury Collision,,45,Bicycle,Matched,0,1,Clear or Partly Cloudy,0,"(47.62719238600005, -122.35668955499995)",0,0,N,06-288738