OBJECTID,INCKEY,COLDETKEY,ADDRTYPE,COLLISIONTYPE,DISTANCE,EXCEPTRSNCODE,EXCEPTRSNDESC,FATALITIES,INATTENTIONIND,INCDATE,INCDTTM,INJURIES,INTKEY,JUNCTIONTYPE,LIGHTCOND,LOCATION,PEDCOUNT,PEDCYLCOUNT,PEDROWNOTGRNT,PERSONCOUNT,REPORTNO,ROADCOND,SDOT_COLCODE,SDOT_COLDESC,SDOTCOLNUM,SEGKEY,SERIOUSINJURIES,SEVERITYCODE,SEVERITYDESC,SPEEDING,ST_COLCODE,ST_COLDESC,STATUS,UNDERINFL,VEHCOUNT,WEATHER,WIDTH,Shape,SEGLANEKEY,CROSSWALKKEY,HITPARKEDCAR,SPDCASENO
42284,51256,51256,Block,Cycles,1842,,,0,,09/30/2006 12:00:00 AM +0000,9/30/2006 12:04:00 PM,1,,Mid-Block (not related to intersection),Daylight,LAKE WASHINGTON BLVD S BETWEEN LAKE PARK DR S AND S HORTON NR ST,0,1,Y,2,2610657,Dry,21,"MOTOR VEHICLE STRUCK PEDALCYCLIST, REAR END",06273008,11230,0,2,Injury Collision,,45,Bicycle,Matched,0,1,Clear or Partly Cloudy,0,"(47.578874744000075, -122.28370626699996)",0,0,N,06-414222
42312,51257,51257,Intersection,Cycles,0,,,0,,03/14/2006 12:00:00 AM +0000,3/14/2006 7:26:00 AM,1,29895,At Intersection (intersection related),Daylight,7TH AVE AND PIKE ST,0,1,Y,2,2024220,Dry,18,"MOTOR VEHICLE STRUCK PEDALCYCLIST, FRONT END AT ANGLE",06073005,8158,1,2b,Serious Injury Collision,,45,Bicycle,Matched,0,1,Clear or Partly Cloudy,0,"(47.611606350000045, -122.33335380699998)",0,0,N,06-104478
42320,50976,50976,Block,Cycles,240,,,0,,06/23/2006 12:00:00 AM +0000,6/23/2006 4:30:00 AM,1,,Mid-Block (not related to intersection),Daylight,24TH AVE E BETWEEN E GALER ST AND INTERLAKEN PL E,0,1,,2,2070835,Dry,18,"MOTOR VEHICLE STRUCK PEDALCYCLIST, FRONT END AT ANGLE",06174006,3546,0,2,Injury Collision,,45,Bicycle,Matched,0,1,Clear or Partly Cloudy,0,"(47.63293506100007, -122.30160244299998)",0,0,N,06-255055
42321,50975,50975,Block,Cycles,140,,,0,,06/27/2006 12:00:00 AM +0000,6/27/2006 3:17:00 PM,1,,Mid-Block (not related to intersection),Daylight,NE 45TH ST BETWEEN 15TH AVE NE AND 16TH AVE NE,0,1,,2,2400648,Dry,21,"MOTOR VEHICLE STRUCK PEDALCYCLIST, REAR END",06178004,16853,0,2,Injury Collision,,45,Bicycle,Matched,0,1,Clear or Partly Cloudy,0,"(47.661261471000046, -122.31142720799994)",0,0,N,06 261981
42389,51099,51099,Block,Cycles,161,,,0,,08/07/2006 12:00:00 AM +0000,8/7/2006,1,,Driveway Junction,Daylight,PINE ST BETWEEN 8TH AVE AND 9TH AVE,0,1,,2,2608193,Dry,18,"MOTOR VEHICLE STRUCK PEDALCYCLIST, FRONT END AT ANGLE",06219004,12221,0,2,Injury Collision,,45,Bicycle,Matched,0,1,Clear or Partly Cloudy,0,"(47.61329521600004, -122.33259897599999)",0,0,N,06-330621
42441,50952,50952,Intersection,Cycles,0,,,0,,08/07/2006 12:00:00 AM +0000,8/7/2006,1,27940,At Intersection (intersection related),Daylight,15TH AVE W AND W ARMORY WAY,0,1,,2,2607510,Dry,18,"MOTOR VEHICLE STRUCK PEDALCYCLIST, FRONT END AT ANGLE",06219003,2188,0,2,Injury Collision,,45,Bicycle,Matched,1,1,Clear or Partly Cloudy,0,"(47.637660864000054, -122.37614275899995)",0,0,N,06-330802
42445,50685,50685,Block,Cycles,133,,,0,,02/27/2006 12:00:00 AM +0000,2/27/2006 4:25:00 PM,1,,Driveway Junction,Daylight,15TH AVE NW BETWEEN NW 60TH ST AND NW 61ST ST,0,1,,2,2188431,Dry,51,PEDALCYCLIST STRUCK MOTOR VEHICLE FRONT END AT ANGLE,06058008,2107,0,2,Injury Collision,Y,45,Bicycle,Matched,0,1,Overcast,0,"(47.67272285700005, -122.37621107199999)",0,0,N,06-83290
42462,51078,51078,Intersection,Cycles,0,,,0,,10/08/2006 12:00:00 AM +0000,10/8/2006,0,28242,At Intersection (intersection related),Dark - Street Lights On,10TH AVE E AND E BOSTON ST,0,1,Y,3,2617341,Dry,18,"MOTOR VEHICLE STRUCK PEDALCYCLIST, FRONT END AT ANGLE",06281009,1299,0,1,Property Damage Only Collision,,45,Bicycle,Matched,0,1,Clear or Partly Cloudy,0,"(47.63840322500005, -122.32007129499999)",0,0,N,06 426485
42490,50925,50925,Intersection,Cycles,0,,,0,,07/10/2006 12:00:00 AM +0000,7/10/2006 11:08:00 AM,1,27070,At Intersection (intersection related),Daylight,7TH AVE NE AND NE 45TH ST,0,1,,2,2604030,Dry,18,"MOTOR VEHICLE STRUCK PEDALCYCLIST, FRONT END AT ANGLE",06191023,8174,0,2,Injury Collision,,45,Bicycle,Matched,0,1,Overcast,0,"(47.661319003000074, -122.32072786099997)",0,0,N,06-284144
42526,50674,50674,Block,Cycles,373.5,,,0,,08/14/2006 12:00:00 AM +0000,8/14/2006 10:41:00 AM,0,,Mid-Block (not related to intersection),Daylight,COLLEGE WAY N BETWEEN N 100TH ST AND MERIDIAN AVE N,0,1,Y,2,2625011,Dry,18,"MOTOR VEHICLE STRUCK PEDALCYCLIST, FRONT END AT ANGLE",06226010,9703,0,1,Property Damage Only Collision,,45,Bicycle,Matched,0,1,Clear or Partly Cloudy,0,"(47.702330637000045, -122.33452572599998)",0,0,N,06-341591
42539,51071,51071,Intersection,Cycles,0,,,0,,10/26/2006 12:00:00 AM +0000,10/26/2006 6:26:00 PM,1,25929,At Intersection (intersection related),Dark - Street Lights On,30TH AVE NE AND NE 55TH E ST,0,1,Y,2,2606902,Dry,18,"MOTOR VEHICLE STRUCK PEDALCYCLIST, FRONT END AT ANGLE",06299002,4605,0,2,Injury Collision,,45,Bicycle,Matched,0,1,Clear or Partly Cloudy,0,"(47.66851834800008, -122.29506361399996)",0,0,N,06-455736
42580,50921,50921,Intersection,Cycles,0,,,0,,10/11/2006 12:00:00 AM +0000,10/11/2006 11:00:00 PM,1,32070,At Intersection (intersection related),Dark - Street Lights On,DELRIDGE WAY SW AND SW OREGON ST,0,1,Y,2,2619327,Snow/Slush,18,"MOTOR VEHICLE STRUCK PEDALCYCLIST, FRONT END AT ANGLE",06284036,9963,0,2,Injury Collision,,45,Bicycle,Matched,0,1,Clear or Partly Cloudy,0,"(47.56289684500007, -122.36336114699998)",0,0,N,06-432652
42586,51158,51158,Intersection,Cycles,0,,,0,,05/22/2006 12:00:00 AM +0000,5/22/2006 9:42:00 AM,1,29756,At Intersection (intersection related),Daylight,HARVARD AVE AND SENECA ST,0,1,Y,2,2071138,Wet,18,"MOTOR VEHICLE STRUCK PEDALCYCLIST, FRONT END AT ANGLE",06142011,10839,1,2b,Serious Injury Collision,,45,Bicycle,Matched,0,1,Raining,0,"(47.612735748000034, -122.32208590399995)",0,0,N,06 205278
42601,50783,50783,Intersection,Cycles,0,,,0,,03/27/2006 12:00:00 AM +0000,3/27/2006 5:44:00 PM,1,24573,At Intersection (intersection related),Daylight,LATONA AVE NE AND EAST GREEN LAKE DR N,0,1,Y,2,2058339,Dry,51,PEDALCYCLIST STRUCK MOTOR VEHICLE FRONT END AT ANGLE,06086005,11313,0,2,Injury Collision,,45,Bicycle,Matched,0,1,Clear or Partly Cloudy,0,"(47.68165808100008, -122.32748855199998)",0,0,N,06 123883
42635,50901,50901,Block,Cycles,161,,,0,,07/13/2006 12:00:00 AM +0000,7/13/2006 8:39:00 AM,1,,Mid-Block (not related to intersection),Daylight,PIKE ST BETWEEN 4TH AVE AND 5TH AVE,0,1,Y,2,2608026,Dry,18,"MOTOR VEHICLE STRUCK PEDALCYCLIST, FRONT END AT ANGLE",06194004,12200,0,2,Injury Collision,,45,Bicycle,Matched,0,1,Overcast,0,"(47.61044525600005, -122.33613044699996)",0,0,N,06-288739
42707,51018,51018,Block,Cycles,77, ,,0,,09/25/2006 12:00:00 AM +0000,9/25/2006 10:28:00 AM,1,,Driveway Junction,Daylight,DEXTER AVE N BETWEEN GARFIELD S ST AND GARFIELD N ST,1,0,Y,3,2603863,Dry,18,"MOTOR VEHICLE STRUCK PEDALCYCLIST, FRONT END AT ANGLE",06268002,10085,0,2,Injury Collision,,45,Bicycle,Matched,0,1,Clear or Partly Cloudy,0,"(47.633208298000056, -122.34228266599996)",0,0,N,06-405557
42766,50872,50872,Block,Cycles,276.5,,,0,,07/20/2006 12:00:00 AM +0000,7/20/2006 5:20:00 PM,1,,Mid-Block (not related to intersection),Daylight,BALLARD AVE NW BETWEEN 22ND AVE NW AND NW MARKET ST,0,1,Y,2,2608038,Dry,18,"MOTOR VEHICLE STRUCK PEDALCYCLIST, FRONT END AT ANGLE",06201001,9046,0,2,Injury Collision,,45,Bicycle,Matched,0,1,Clear or Partly Cloudy,0,"(47.668139834000044, -122.38557843599995)",0,0,N,06 301843
42825,50866,50866,Intersection,Cycles,0,,,0,,05/18/2006 12:00:00 AM +0000,5/18/2006 7:41:00 PM,1,24276,At Intersection (intersection related),Daylight,AURORA AVE N AND GREEN LAKE DR N,0,1,,2,2025299,Dry,51,PEDALCYCLIST STRUCK MOTOR VEHICLE FRONT END AT ANGLE,06138041,8961,0,2,Injury Collision,,45,Bicycle,Matched,0,1,Clear or Partly Cloudy,0,"(47.68911276600005, -122.34451443499995)",0,0,N,06-200047
42875,50455,50455,Block,Cycles,152.5,,,0,,02/18/2006 12:00:00 AM +0000,2/18/2006 3:01:00 PM,1,,Mid-Block (not related to intersection),Daylight,5TH AVE BETWEEN TERRACE ST AND JEFFERSON ST,0,1,,2,2187704,Dry,18,"MOTOR VEHICLE STRUCK PEDALCYCLIST, FRONT END AT ANGLE",06049010,7224,0,2,Injury Collision,,45,Bicycle,Matched,0,1,Clear or Partly Cloudy,0,"(47.602627373000075, -122.32820809199995)",0,0,N,06 070143
42879,50583,50583,Intersection,Cycles,0,,,0,,01/23/2006 12:00:00 AM +0000,1/23/2006 12:47:00 AM,1,29702,At Intersection (intersection related),Dark - Street Lights On,2ND AVE AND BELL ST,0,1,,2,2108687,Dry,51,PEDALCYCLIST STRUCK MOTOR VEHICLE FRONT END AT ANGLE,06023007,2764,0,2,Injury Collision,,45,Bicycle,Matched,0,1,Clear or Partly Cloudy,0,"(47.61403982300004, -122.34565345699997)",0,0,N,06-030844
42975,50282,50282,Intersection,Cycles,0,,,0,,10/11/2006 12:00:00 AM +0000,10/11/2006 9:37:00 AM,1,26710,At Intersection (intersection related),Daylight,9TH AVE NW AND NW 45TH ST,0,1,Y,2,2614557,Dry,18,"MOTOR VEHICLE STRUCK PEDALCYCLIST, FRONT END AT ANGLE",06284007,8563,0,2,Injury Collision,,45,Bicycle,Matched,0,1,Clear or Partly Cloudy,0,"(47.66146692900003, -122.36861555399997)",0,0,N,06-431554
43024,50420,50420,Block,Cycles,193,,,0,,01/31/2006 12:00:00 AM +0000,1/31/2006 7:20:00 PM,0,,Mid-Block (not related to intersection),Dark - Street Lights On,S HOLGATE ST BETWEEN 5TH AVE S AND 6TH AVE S,0,1,,2,C663308,Standing Water,23,"MOTOR VEHICLE STRUCK PEDALCYCLIST, LEFT SIDE SIDESWIPE",06031044,20320,0,1,Property Damage Only Collision,,45,Bicycle,Matched,0,1,Raining,0,"(47.58617509900006, -122.32675966699998)",0,0,N,
43061,50532,50532,Block,Cycles,161, ,,0,,01/31/2006 12:00:00 AM +0000,1/31/2006 2:15:00 PM,0,,Driveway Junction,Daylight,W ROY ST BETWEEN 4TH AVE W AND 5TH AVE W,0,1,,2,C663848,Dry,51,PEDALCYCLIST STRUCK MOTOR VEHICLE FRONT END AT ANGLE,06031047,23702,0,1,Property Damage Only Collision,,45,Bicycle,Matched,0,1,Overcast,0,"(47.62585633600003, -122.36257578899995)",0,0,N,
43095,50540,50540,Intersection,Cycles,0,,,0,,12/07/2006 12:00:00 AM +0000,12/7/2006,1,26451,At Intersection (intersection related),Dusk,23RD AVE W AND W EMERSON PL,0,1,,2,C678779,Dry,18,"MOTOR VEHICLE STRUCK PEDALCYCLIST, FRONT END AT ANGLE",06341030,3500,0,2,Injury Collision,,45,Bicycle,Matched,0,1,Overcast,0,"(47.65613586500007, -122.38551131599996)",0,0,N,
43180,50638,50638,Intersection,Cycles,0,,,0,,05/12/2006 12:00:00 AM +0000,5/12/2006 7:28:00 PM,1,27039,At Intersection (intersection related),Daylight,FREMONT AVE N AND N 34TH ST,0,1,,2,2400701,Dry,18,"MOTOR VEHICLE STRUCK PEDALCYCLIST, FRONT END AT ANGLE",06132003,10485,0,2,Injury Collision,,45,Bicycle,Matched,0,1,Clear or Partly Cloudy,0,"(47.64958972900007, -122.34974744899995)",0,0,N,6190774
43277,50481,50481,Block,Cycles,263.5,,,0,,07/05/2006 12:00:00 AM +0000,7/5/2006,1,,Driveway Junction,Daylight,LAKESIDE AVE BETWEEN E YESLER WAY AND LAKE WASHINGTON BLVD,0,1,Y,2,2614951,Dry,18,"MOTOR VEHICLE STRUCK PEDALCYCLIST, FRONT END AT ANGLE",06186001,11252,0,2,Injury Collision,,45,Bicycle,Matched,0,1,Overcast,0,"(47.602350311000066, -122.28497101999994)",0,0,N,06-275806
43432,49656,49656,Block,Cycles,112,,,0,,07/20/2006 12:00:00 AM +0000,7/20/2006 9:02:00 AM,0,,Mid-Block (not related to intersection),Daylight,15TH AVE NE BETWEEN NE CAMPUS WB PY AND NE 41ST ST,0,1,,2,C671602,Dry,56,PEDALCYCLIST STRUCK MOTOR VEHICLE LEFT SIDE SIDESWIPE,06201041,2031,0,1,Property Damage Only Collision,,45,Bicycle,Matched,0,1,Clear or Partly Cloudy,0,"(47.656511257000034, -122.31211827499999)",0,0,N,
43441,49907,49907,Block,Cycles,332.5,,,0,,02/10/2006 12:00:00 AM +0000,2/10/2006 11:30:00 AM,1,,Mid-Block (not related to intersection),Daylight,UNIVERSITY WAY NE BETWEEN NE 45TH ST AND NE 47TH ST,1,1,Y,2,2829402,Unknown,64,PEDALCYCLIST STRUCK PEDESTRIAN,06041055,13222,1,2b,Serious Injury Collision,,45,Bicycle,Matched,0,0,Unknown,0,"(47.662179209000044, -122.31311572699997)",0,0,N,07 185234
43443,49906,49906,Block,Cycles,211.5,,,0,Y,02/11/2006 12:00:00 AM +0000,2/11/2006 4:53:00 PM,1,,Mid-Block (not related to intersection),Daylight,16TH AVE E BETWEEN E DENNY WAY AND E JOHN ST,0,1,,2,2070601,Dry,56,PEDALCYCLIST STRUCK MOTOR VEHICLE LEFT SIDE SIDESWIPE,06042010,2233,0,2,Injury Collision,,45,Bicycle,Matched,0,1,Clear or Partly Cloudy,0,"(47.619095335000054, -122.31142043699998)",0,0,N,06-060036
43449,49786,49786,Block,Cycles,96.5,,,0,,06/27/2006 12:00:00 AM +0000,6/27/2006 8:00:00 AM,0,,Driveway Junction,Daylight,E DENNY WAY BETWEEN BROADWAY AND NAGLE PL,0,1,Y,2,2614752,Dry,18,"MOTOR VEHICLE STRUCK PEDALCYCLIST, FRONT END AT ANGLE",06178001,13952,0,1,Property Damage Only Collision,,45,Bicycle,Matched,0,1,Clear or Partly Cloudy,0,"(47.618742421000036, -122.32046540399995)",0,0,N,06 265621
43455,50042,50042,Intersection,Cycles,0,,,0,,11/01/2006 12:00:00 AM +0000,11/1/2006,1,33137,At Intersection (intersection related),Dark - Street Lights On,STANLEY AVE S AND S ALBRO PL,0,1,,3,2404788,Dry,18,"MOTOR VEHICLE STRUCK PEDALCYCLIST, FRONT END AT ANGLE",06305004,12893,0,2,Injury Collision,,45,Bicycle,Matched,0,1,Clear or Partly Cloudy,0,"(47.54699110900003, -122.31491442199996)",0,0,N,06 464555
43497,49903,49903,Block,Cycles,322.5,,,0,,01/05/2006 12:00:00 AM +0000,1/5/2006,1,,Driveway Junction,Dark - Street Lights On,E HOWE ST BETWEEN 22ND AVE E AND E BLAINE ST,0,1,Y,2,1198639,Dry,18,"MOTOR VEHICLE STRUCK PEDALCYCLIST, FRONT END AT ANGLE",06005045,14163,1,2b,Serious Injury Collision,,45,Bicycle,Matched,0,1,Raining,0,"(47.637346627000056, -122.30343303199999)",0,0,N,06 006521
43630,50112,50112,Block,Cycles,161,,,0,,09/18/2006 12:00:00 AM +0000,9/18/2006 12:15:00 PM,1,,Driveway Junction,Daylight,E COLUMBIA ST BETWEEN 25TH AVE AND 26TH AVE,0,1,,1,C683103,Wet,69,PEDALCYCLIST OVERTURNED IN ROAD,06261055,13923,0,2,Injury Collision,,45,Bicycle,Matched,0,0,Clear or Partly Cloudy,0,"(47.60901293400008, -122.29950999999994)",0,0,N,
43654,49979,49979,Block,Cycles,325.5,,,0,Y,03/03/2006 12:00:00 AM +0000,3/3/2006,0,,Mid-Block (not related to intersection),Daylight,FAUNTLEROY WAY SW BETWEEN SW BRANDON ST AND SW FINDLAY ST,0,1,,2,2072334,Dry,23,"MOTOR VEHICLE STRUCK PEDALCYCLIST, LEFT SIDE SIDESWIPE",06062008,10391,0,1,Property Damage Only Collision,,45,Bicycle,Matched,0,1,Clear or Partly Cloudy,0,"(47.552929720000066, -122.38162009899997)",0,0,N,06 89055
43714,50121,50121,Block,Cycles,200.5,,,0,,08/08/2006 12:00:00 AM +0000,8/8/2006,1,,Mid-Block (not related to intersection),Daylight,JAMES ST BETWEEN YESLER WAY AND 2ND AVE,0,1,,2,2607302,Dry,18,"MOTOR VEHICLE STRUCK PEDALCYCLIST, FRONT END AT ANGLE",06220003,11049,0,2,Injury Collision,,45,Bicycle,Matched,0,1,Clear or Partly Cloudy,0,"(47.60201533500003, -122.33321300699998)",0,0,N,06-332258
43756,50096,50096,Block,Cycles,431.5,,,0,,10/22/2006 12:00:00 AM +0000,10/22/2006 10:23:00 PM,0,,Mid-Block (but intersection related),Dark - Street Lights On,ELLIOTT AVE BETWEEN BROAD ST AND BAY ST,0,1,,3,2608933,Dry,11,"MOTOR VEHICLE STRUCK MOTOR VEHICLE, FRONT END AT ANGLE",06295012,10209,0,1,Property Damage Only Collision,Y,45,Bicycle,Matched,0,1,Clear or Partly Cloudy,0,"(47.61642002000008, -122.35546252499995)",0,0,N,06-449876
43770,49953,49953,Intersection,Cycles,0,,,0,,10/03/2006 12:00:00 AM +0000,10/3/2006,1,25248,At Intersection (intersection related),Daylight,6TH AVE NW AND NW 65TH E ST,0,1,Y,3,2603648,Wet,18,"MOTOR VEHICLE STRUCK PEDALCYCLIST, FRONT END AT ANGLE",06276009,7945,0,2,Injury Collision,,45,Bicycle,Matched,0,1,Raining,0,"(47.67599158300004, -122.36352752599998)",0,0,N,06-419164
43771,49826,49826,Intersection,Cycles,0,,,0,,11/07/2006 12:00:00 AM +0000,11/7/2006,1,29877,At Intersection (intersection related),Dusk,MELROSE AVE AND PIKE ST,0,1,,2,2623501,Wet,18,"MOTOR VEHICLE STRUCK PEDALCYCLIST, FRONT END AT ANGLE",06311010,11744,0,2,Injury Collision,,45,Bicycle,Matched,0,1,Overcast,0,"(47.61393023000005, -122.32780457599995)",0,0,N,06-474612
43790,49954,49954,Intersection,Cycles,0,,,0,,10/03/2006 12:00:00 AM +0000,10/3/2006,3,30726,At Intersection (intersection related),Daylight,16TH AVE AND E YESLER WAY,0,1,Y,3,2622263,Dry,18,"MOTOR VEHICLE STRUCK PEDALCYCLIST, FRONT END AT ANGLE",06276004,2219,0,2,Injury Collision,,45,Bicycle,Matched,0,1,Clear or Partly Cloudy,0,"(47.60168276300004, -122.31156906299998)",0,0,N,06-418534
43800,49938,49938,Block,Cycles,152.5,,,0,Y,07/24/2006 12:00:00 AM +0000,7/24/2006 7:45:00 AM,1,,Mid-Block (but intersection related),Daylight,5TH AVE BETWEEN TERRACE ST AND JEFFERSON ST,0,1,,2,2608351,Dry,54,PEDALCYCLIST STRUCK MOTOR VEHICLE REAR END,06205035,7224,0,2,Injury Collision,,45,Bicycle,Matched,0,1,Clear or Partly Cloudy,0,"(47.602627373000075, -122.32820809199995)",0,0,N,06-306760
43848,49160,49160,Block,Cycles,153,,,0,,10/26/2006 12:00:00 AM +0000,10/26/2006 7:17:00 PM,1,,Mid-Block (not related to intersection),Dark - Street Lights On,1ST AVE BETWEEN MARION ST AND MADISON ST,0,1,,2,2622846,Dry,18,"MOTOR VEHICLE STRUCK PEDALCYCLIST, FRONT END AT ANGLE",06299004,1003,0,2,Injury Collision,,45,Bicycle,Matched,0,1,Clear or Partly Cloudy,0,"(47.60433748200006, -122.33591138599996)",0,0,N,06-455798
43864,49555,49555,Intersection,Cycles,0, ,,0,,11/17/2006 12:00:00 AM +0000,11/17/2006 2:55:00 PM,0,30102,At Intersection (intersection related),Daylight,23RD AVE AND E ALDER ST,1,0,Y,2,2623586,Dry,18,"MOTOR VEHICLE STRUCK PEDALCYCLIST, FRONT END AT ANGLE",06321003,3355,0,1,Property Damage Only Collision,,45,Bicycle,Matched,0,1,Clear or Partly Cloudy,0,"(47.60432696100003, -122.30242717099998)",0,0,N,06-489688
43986,49120,49120,Intersection,Cycles,0,,,0,,10/11/2006 12:00:00 AM +0000,10/11/2006 4:28:00 PM,1,26454,At Intersection (intersection related),Dusk,GILMAN AVE W AND W EMERSON ST,0,1,Y,2,2410894,Dry,18,"MOTOR VEHICLE STRUCK PEDALCYCLIST, FRONT END AT ANGLE",06284003,10636,1,2b,Serious Injury Collision,,45,Bicycle,Matched,0,1,Clear or Partly Cloudy,0,"(47.65397898100008, -122.38461607899995)",0,0,N,06-432092
44037,49373,49373,Intersection,Cycles,0,,,0,Y,05/30/2006 12:00:00 AM +0000,5/30/2006 7:39:00 PM,1,30097,At Intersection (intersection related),Daylight,M L KING JR WAY AND E ALDER ST,0,1,Y,3,2071143,Dry,18,"MOTOR VEHICLE STRUCK PEDALCYCLIST, FRONT END AT ANGLE",06150004,11483,0,2,Injury Collision,,45,Bicycle,Matched,0,1,Clear or Partly Cloudy,0,"(47.60424209800004, -122.29679819299997)",0,0,N,06 217820
44050,49239,49239,Intersection,Cycles,0,,,0,,07/08/2006 12:00:00 AM +0000,7/8/2006,1,27062,At Intersection (intersection related),Daylight,UNIVERSITY WAY NE AND NE 45TH ST,0,1,Y,2,2614358,Dry,18,"MOTOR VEHICLE STRUCK PEDALCYCLIST, FRONT END AT ANGLE",06189006,13222,0,2,Injury Collision,,45,Bicycle,Matched,0,1,Clear or Partly Cloudy,0,"(47.661269366000056, -122.31312965799998)",0,0,N,06-281265
44061,49362,49362,Intersection,Cycles,0,,,0,,01/23/2006 12:00:00 AM +0000,1/23/2006 7:35:00 AM,1,25225,At Intersection (intersection related),Dawn,NW 54TH ST AND NW MARKET ST,0,1,,2,C662960,Wet,18,"MOTOR VEHICLE STRUCK PEDALCYCLIST, FRONT END AT ANGLE",06023039,18440,0,2,Injury Collision,,45,Bicycle,Matched,0,1,Overcast,0,"(47.66864793900004, -122.39450901099997)",0,0,N,
44065,49097,49097,Intersection,Cycles,0,,,0,,04/17/2006 12:00:00 AM +0000,4/17/2006 1:00:00 PM,1,28428,At Intersection (intersection related),Daylight,24TH AVE E AND E LYNN ST,0,1,,2,C668342,Dry,18,"MOTOR VEHICLE STRUCK PEDALCYCLIST, FRONT END AT ANGLE",06107024,3553,0,2,Injury Collision,,45,Bicycle,Matched,0,1,Clear or Partly Cloudy,0,"(47.639530078000064, -122.30208058099998)",0,0,N,
44130,49218,49218,Block,Cycles,899.5,,,0,,05/14/2006 12:00:00 AM +0000,5/14/2006 11:15:00 AM,1,,Mid-Block (not related to intersection),Daylight,ALASKAN WAY S BETWEEN ALASKAN E RDWY WAY S AND S ROYAL BROUGHAM WAY,0,1,,4,2071764,Dry,51,PEDALCYCLIST STRUCK MOTOR VEHICLE FRONT END AT ANGLE,06134002,8740,0,2,Injury Collision,,45,Bicycle,Matched,0,1,Clear or Partly Cloudy,0,"(47.594805361000056, -122.33591469299995)",0,0,N,06-193166
44194,49480,49480,Block,Cycles,345,,,0,,08/25/2006 12:00:00 AM +0000,8/25/2006 6:19:00 PM,1,,Mid-Block (not related to intersection),Daylight,15TH AVE NW BETWEEN NW 65TH ST AND NW 67TH ST,0,1,Y,2,2614229,Dry,18,"MOTOR VEHICLE STRUCK PEDALCYCLIST, FRONT END AT ANGLE",06237010,2112,0,2,Injury Collision,,45,Bicycle,Matched,1,1,Clear or Partly Cloudy,0,"(47.67682047200003, -122.37676111699994)",0,0,N,06-358602
44198,49612,49612,Intersection,Cycles,0,,,0,,05/26/2006 12:00:00 AM +0000,5/26/2006 2:35:00 PM,1,28767,At Intersection (intersection related),Daylight,DEXTER AVE N AND MERCER ST,0,1,,2,C669072,Dry,18,"MOTOR VEHICLE STRUCK PEDALCYCLIST, FRONT END AT ANGLE",06146044,10076,0,2,Injury Collision,,45,Bicycle,Matched,0,1,Overcast,0,"(47.624549727000044, -122.34234960099997)",0,0,N,
44227,49460,49460,Intersection,Cycles,0,,,0,Y,06/28/2006 12:00:00 AM +0000,6/28/2006 3:17:00 PM,1,31203,At Intersection (intersection related),Daylight,ALASKAN WAY S AND S MASSACHUSETTS ST,0,1,Y,2,1783505,Dry,18,"MOTOR VEHICLE STRUCK PEDALCYCLIST, FRONT END AT ANGLE",06179004,8743,0,2,Injury Collision,,45,Bicycle,Matched,0,1,Clear or Partly Cloudy,0,"(47.58831040300004, -122.33844063699996)",0,0,N,06-263632
44271,49579,49579,Block,Cycles,121,,,0,,09/01/2006 12:00:00 AM +0000,9/1/2006,1,,Mid-Block (not related to intersection),Daylight,NW MARKET ST BETWEEN 20TH AVE NW AND RUSSELL AVE NW,0,1,,2,2603682,Dry,18,"MOTOR VEHICLE STRUCK PEDALCYCLIST, FRONT END AT ANGLE",06244004,19232,0,2,Injury Collision,,45,Bicycle,Matched,0,1,Clear or Partly Cloudy,0,"(47.66867628600005, -122.38261883099995)",0,0,N,06-369684
44313,49171,49171,Block,Cycles,331.5,,,0,,03/22/2006 12:00:00 AM +0000,3/22/2006 6:16:00 PM,1,,Driveway Junction,Daylight,NE 55TH ST BETWEEN 40TH AVE NE AND 43RD AVE NE,0,1,Y,3,2184723,Wet,18,"MOTOR VEHICLE STRUCK PEDALCYCLIST, FRONT END AT ANGLE",06081002,17056,0,2,Injury Collision,,45,Bicycle,Matched,0,1,Raining,0,"(47.668508347000056, -122.28347867499997)",0,0,N,06 116636
44396,48895,48895,Block,Cycles,218,,,0,,09/11/2006 12:00:00 AM +0000,9/11/2006 4:50:00 PM,1,,Driveway Junction,Daylight,EASTLAKE AVE E BETWEEN HARVARD AVE E AND FUHRMAN AVE E,0,1,Y,2,2622378,Dry,18,"MOTOR VEHICLE STRUCK PEDALCYCLIST, FRONT END AT ANGLE",06254004,10184,0,2,Injury Collision,,45,Bicycle,Matched,0,1,Clear or Partly Cloudy,0,"(47.65104751100006, -122.32168580199999)",0,0,N,06-384957
44410,48633,48633,Intersection,Cycles,0,,,0,,03/23/2006 12:00:00 AM +0000,3/23/2006 1:46:00 PM,1,37308,At Intersection (intersection related),Daylight,ASHWORTH AVE N AND N 97TH ST,0,1,,2,2178987,Dry,18,"MOTOR VEHICLE STRUCK PEDALCYCLIST, FRONT END AT ANGLE",06082024,8876,0,2,Injury Collision,,45,Bicycle,Matched,0,1,Overcast,0,"(47.69960417900006, -122.33972520299994)",0,0,N,06 117810
44484,48623,48623,Intersection,Cycles,0,,,0,,11/19/2006 12:00:00 AM +0000,11/19/2006 1:04:00 PM,1,27183,At Intersection (intersection related),Daylight,1ST AVE NE AND NE 45TH ST,0,1,Y,2,2610234,Wet,18,"MOTOR VEHICLE STRUCK PEDALCYCLIST, FRONT END AT ANGLE",06323002,1067,0,2,Injury Collision,,45,Bicycle,Matched,0,1,Overcast,0,"(47.66135978400007, -122.32826075599996)",0,0,N,06-492725
44520,48988,48988,Block,Cycles,242,,,0,,03/22/2006 12:00:00 AM +0000,3/22/2006 5:35:00 PM,0,,Driveway Junction,Daylight,DEXTER AVE N BETWEEN REPUBLICAN ST AND MERCER ST,0,1,Y,2,2071829,Wet,51,PEDALCYCLIST STRUCK MOTOR VEHICLE FRONT END AT ANGLE,06081004,10075,0,1,Property Damage Only Collision,,45,Bicycle,Matched,0,1,Raining,0,"(47.62388537100003, -122.34235544599994)",0,0,N,06 116595