OBJECTID,INCKEY,COLDETKEY,ADDRTYPE,COLLISIONTYPE,DISTANCE,EXCEPTRSNCODE,EXCEPTRSNDESC,FATALITIES,INATTENTIONIND,INCDATE,INCDTTM,INJURIES,INTKEY,JUNCTIONTYPE,LIGHTCOND,LOCATION,PEDCOUNT,PEDCYLCOUNT,PEDROWNOTGRNT,PERSONCOUNT,REPORTNO,ROADCOND,SDOT_COLCODE,SDOT_COLDESC,SDOTCOLNUM,SEGKEY,SERIOUSINJURIES,SEVERITYCODE,SEVERITYDESC,SPEEDING,ST_COLCODE,ST_COLDESC,STATUS,UNDERINFL,VEHCOUNT,WEATHER,WIDTH,Shape,SEGLANEKEY,CROSSWALKKEY,HITPARKEDCAR,SPDCASENO
44575,48847,48847,Alley,Cycles,,,,0,,05/08/2006 12:00:00 AM +0000,5/8/2006,0,,Driveway Junction,Daylight,,0,1,Y,2,2390704,Dry,18,"MOTOR VEHICLE STRUCK PEDALCYCLIST, FRONT END AT ANGLE",06128001,,0,1,Property Damage Only Collision,,45,Bicycle,Matched,0,1,Overcast,0,,0,0,N,06-184536
44622,48971,48971,Block,Cycles,350.5,,,0,,07/26/2006 12:00:00 AM +0000,7/26/2006 11:17:00 PM,1,,Mid-Block (not related to intersection),Dark - Street Lights On,15TH AVE S BETWEEN S DAKOTA ST AND S NEVADA ST,0,1,,2,2612502,Dry,21,"MOTOR VEHICLE STRUCK PEDALCYCLIST, REAR END",06207044,2156,0,2,Injury Collision,,45,Bicycle,Matched,0,1,Clear or Partly Cloudy,0,"(47.56628349600004, -122.31347635899999)",0,0,N,06-311251
44635,48709,48709,Intersection,Cycles,0,,,0,,05/10/2006 12:00:00 AM +0000,5/10/2006 11:29:00 AM,1,25471,At Intersection (but not related to intersection),Daylight,EAST GREEN LAKE WAY N AND N 64TH ST,0,1,,4,2400626,Dry,18,"MOTOR VEHICLE STRUCK PEDALCYCLIST, FRONT END AT ANGLE",06130002,14077,0,2,Injury Collision,,45,Bicycle,Matched,0,2,Clear or Partly Cloudy,0,"(47.67526482800008, -122.333532908)",0,0,N,06-187130
44643,49092,49092,Block,Cycles,229,,,0,,09/24/2006 12:00:00 AM +0000,9/24/2006 3:34:00 PM,0,,Mid-Block (not related to intersection),Daylight,42ND AVE S BETWEEN S TRENTON ST AND S HENDERSON ST,0,1,,2,2610804,Dry,18,"MOTOR VEHICLE STRUCK PEDALCYCLIST, FRONT END AT ANGLE",06267003,6574,0,1,Property Damage Only Collision,,45,Bicycle,Matched,0,1,Clear or Partly Cloudy,0,"(47.52365596000004, -122.28069540899997)",0,0,N,06-404574
44644,49091,49091,Block,Cycles,283,,,0,,10/29/2006 12:00:00 AM +0000,10/29/2006 12:21:00 PM,1,,Mid-Block (but intersection related),Daylight,12TH AVE S BETWEEN S ATLANTIC ST AND S MASSACHUSETTS ST,0,1,,2,2615592,Wet,51,PEDALCYCLIST STRUCK MOTOR VEHICLE FRONT END AT ANGLE,06302008,1659,1,2b,Serious Injury Collision,Y,45,Bicycle,Matched,0,1,Overcast,0,"(47.58921365600003, -122.31727813999998)",0,0,N,06-460499
44774,48683,48683,Block,Cycles,130.5,,,0,,09/25/2006 12:00:00 AM +0000,9/25/2006 4:39:00 PM,1,,Mid-Block (but intersection related),Daylight,NW 39TH ST BETWEEN 2ND AVE NW AND LEARY WAY NW,0,1,,2,2624936,Dry,18,"MOTOR VEHICLE STRUCK PEDALCYCLIST, FRONT END AT ANGLE",06268003,18286,0,2,Injury Collision,,45,Bicycle,Matched,0,1,Clear or Partly Cloudy,0,"(47.65414645800007, -122.35953190699996)",0,0,N,06-406036
44824,48656,48656,Intersection,Cycles,0,,,0,Y,03/16/2006 12:00:00 AM +0000,3/16/2006 5:49:00 PM,1,25464,At Intersection (intersection related),Daylight,LEARY WAY NW AND NW 46TH ST,0,1,,2,2022300,Dry,51,PEDALCYCLIST STRUCK MOTOR VEHICLE FRONT END AT ANGLE,06075008,11347,0,2,Injury Collision,,45,Bicycle,Matched,0,1,Overcast,0,"(47.66219540600008, -122.36786512799995)",0,0,N,06-108047
44890,48107,48107,Intersection,Cycles,0,,,0,,11/08/2005 12:00:00 AM +0000,11/8/2005,1,30478,At Intersection (intersection related),Dawn,5TH AVE AND JEFFERSON ST,0,1,Y,2,1792469,Dry,18,"MOTOR VEHICLE STRUCK PEDALCYCLIST, FRONT END AT ANGLE",05312004,7225,0,2,Injury Collision,,45,Bicycle,Matched,0,1,Clear or Partly Cloudy,0,"(47.60298463300006, -122.32853488999996)",0,0,N,05 478970
44974,48079,48079,Intersection,Cycles,0,,,0,,11/16/2005 12:00:00 AM +0000,11/16/2005 2:30:00 PM,1,27196,At Intersection (intersection related),Daylight,THACKERAY PL NE AND NE 44TH ST,0,1,Y,3,2185053,Dry,18,"MOTOR VEHICLE STRUCK PEDALCYCLIST, FRONT END AT ANGLE",05320013,13127,0,2,Injury Collision,,45,Bicycle,Matched,0,1,Clear or Partly Cloudy,0,"(47.66021769200006, -122.32619546999996)",0,0,N,05 491099
44983,48083,48083,Intersection,Cycles,0,,,0,,08/10/2005 12:00:00 AM +0000,8/10/2005 11:40:00 PM,1,29196,At Intersection (intersection related),Dark - Street Lights On,24TH AVE E AND E LEE ST,0,1,Y,3,2019937,Dry,18,"MOTOR VEHICLE STRUCK PEDALCYCLIST, FRONT END AT ANGLE",05222013,3545,0,2,Injury Collision,,45,Bicycle,Matched,0,1,Clear or Partly Cloudy,0,"(47.63127418500005, -122.30163002999996)",0,0,N,05-340382
45125,48302,48302,Intersection,Cycles,0, ,,0,Y,05/05/2005 12:00:00 AM +0000,5/5/2005,1,36001,At Intersection (intersection related),Daylight,LAKE CITY WAY NE AND NE 143RD ST,0,1,Y,2,1794936,Dry,18,"MOTOR VEHICLE STRUCK PEDALCYCLIST, FRONT END AT ANGLE",05125006,11190,0,2,Injury Collision,,45,Bicycle,Matched,0,1,Overcast,0,"(47.73194292800008, -122.29237274599996)",0,0,N,05-183113
45301,48265,48265,Block,Cycles,153,,,0,,06/08/2005 12:00:00 AM +0000,6/8/2005,1,,Mid-Block (not related to intersection),Daylight,WESTERN AVE BETWEEN MADISON ST AND SPRING ST,0,1,,2,C651430,Dry,16,"MOTOR VEHICLE STRUCK MOTOR VEHICLE, LEFT SIDE SIDESWIPE",05159044,13499,0,2,Injury Collision,,45,Bicycle,Matched,0,1,Overcast,0,"(47.604585704000044, -122.33767380699999)",0,0,N,
45356,48535,48535,Intersection,Cycles,0,,,0,,07/26/2006 12:00:00 AM +0000,7/26/2006 7:30:00 AM,1,28045,At Intersection (intersection related),Daylight,4TH AVE N AND FREMONT BR,0,1,,2,C672351,Dry,18,"MOTOR VEHICLE STRUCK PEDALCYCLIST, FRONT END AT ANGLE",06207056,10562,0,2,Injury Collision,,45,Bicycle,Matched,0,1,Unknown,0,"(47.64687975500004, -122.34975371399997)",0,0,N,
45499,47689,47689,Block,Cycles,161,,,0,,04/19/2005 12:00:00 AM +0000,4/19/2005 4:40:00 PM,1,,Mid-Block (not related to intersection),Daylight,PINE ST BETWEEN 9TH AVE AND TERRY AVE,0,1,,1,1316888,Dry,69,PEDALCYCLIST OVERTURNED IN ROAD,05109004,12222,0,2,Injury Collision,,45,Bicycle,Matched,0,0,Clear or Partly Cloudy,0,"(47.61375947400006, -122.331488579)",0,0,N,05-159207
45537,47807,47807,Block,Cycles,336.5,,,0,Y,05/28/2005 12:00:00 AM +0000,5/28/2005 4:00:00 PM,1,,Driveway Junction,Daylight,15TH AVE NW BETWEEN NW 80TH ST AND NW 83RD ST,0,1,,2,2020463,Dry,18,"MOTOR VEHICLE STRUCK PEDALCYCLIST, FRONT END AT ANGLE",05148001,2118,0,2,Injury Collision,,45,Bicycle,Matched,0,1,Clear or Partly Cloudy,0,"(47.68779987800008, -122.37679617699996)",0,0,N,5219563
45553,47552,47552,Block,Cycles,210,,,0,,09/09/2005 12:00:00 AM +0000,9/9/2005,1,,Mid-Block (not related to intersection),Daylight,MINOR AVE N BETWEEN JOHN ST AND THOMAS ST,0,1,Y,2,1933413,Dry,56,PEDALCYCLIST STRUCK MOTOR VEHICLE LEFT SIDE SIDESWIPE,05252023,11886,0,2,Injury Collision,,45,Bicycle,Matched,0,1,Clear or Partly Cloudy,0,"(47.62023642100007, -122.33298307499996)",0,0,N,05-387170
45558,47680,47680,Intersection,Cycles,0,,,0,,11/21/2005 12:00:00 AM +0000,11/21/2005 11:02:00 AM,1,28378,At Intersection (intersection related),Daylight,26TH AVE E AND BOYER AVE E,0,1,,2,2128081,Dry,51,PEDALCYCLIST STRUCK MOTOR VEHICLE FRONT END AT ANGLE,05325021,3855,0,2,Injury Collision,,45,Bicycle,Matched,0,1,Clear or Partly Cloudy,0,"(47.63392922500003, -122.29951751599998)",0,0,N,5498204
45602,47795,47795,Intersection,Cycles,0,,,0,,01/26/2005 12:00:00 AM +0000,1/26/2005 11:39:00 AM,1,31247,At Intersection (intersection related),Daylight,15TH AVE S AND S HOLGATE ST,0,1,,2,1771460,Wet,18,"MOTOR VEHICLE STRUCK PEDALCYCLIST, FRONT END AT ANGLE",05026005,2137,0,2,Injury Collision,,45,Bicycle,Matched,0,1,Raining,0,"(47.58636267900005, -122.31336274799997)",0,0,N,5036708
45685,47770,47770,Intersection,Cycles,0, ,,0,Y,09/30/2005 12:00:00 AM +0000,9/30/2005 5:00:00 PM,0,27061,At Intersection (intersection related),Dusk,15TH AVE NE AND NE 45TH ST,0,0,,2,2061311,Dry,18,"MOTOR VEHICLE STRUCK PEDALCYCLIST, FRONT END AT ANGLE",05273025,2035,0,1,Property Damage Only Collision,,45,Bicycle,Matched,0,2,Clear or Partly Cloudy,0,"(47.661261953000064, -122.31199330999999)",0,0,N,50419826
45716,47901,47901,Intersection,Cycles,0,,,0,Y,11/16/2005 12:00:00 AM +0000,11/16/2005 5:47:00 PM,1,28190,At Intersection (intersection related),Dark - Street Lights On,HAMLIN ST ON RP AND HARVARD AVE E,0,1,,2,2128062,Dry,18,"MOTOR VEHICLE STRUCK PEDALCYCLIST, FRONT END AT ANGLE",05320007,10859,0,2,Injury Collision,,45,Bicycle,Matched,0,1,Clear or Partly Cloudy,0,"(47.64561992100005, -122.32210550899998)",0,0,N,05 491131
45800,48026,48026,Block,Cycles,159.5,,,0,,09/08/2005 12:00:00 AM +0000,9/8/2005,1,,Driveway Junction,Daylight,E ROY ST BETWEEN 19TH AVE E AND 20TH AVE E,0,1,Y,3,1376643,Dry,18,"MOTOR VEHICLE STRUCK PEDALCYCLIST, FRONT END AT ANGLE",05251005,14760,0,2,Injury Collision,,45,Bicycle,Matched,0,1,Clear or Partly Cloudy,0,"(47.625230086000045, -122.30667414999999)",0,0,N,05-385152
45822,47869,47869,Block,Cycles,161,,,0,,11/05/2005 12:00:00 AM +0000,11/5/2005,1,,Mid-Block (not related to intersection),Daylight,E DENNY WAY BETWEEN 13TH AVE AND 14TH AVE,0,1,,2,1180675,Wet,18,"MOTOR VEHICLE STRUCK PEDALCYCLIST, FRONT END AT ANGLE",05309013,13957,0,2,Injury Collision,,45,Bicycle,Matched,0,1,Raining,0,"(47.61878279100006, -122.314953576)",0,0,N,05-474280
45870,47607,47607,Block,Cycles,148,,,0,,05/12/2005 12:00:00 AM +0000,5/12/2005 5:28:00 PM,1,,Driveway Junction,Daylight,2ND AVE BETWEEN PINE ST AND STEWART ST,0,1,Y,3,1213974,Dry,18,"MOTOR VEHICLE STRUCK PEDALCYCLIST, FRONT END AT ANGLE",05132008,2759,0,2,Injury Collision,,45,Bicycle,Matched,0,1,Clear or Partly Cloudy,0,"(47.61062229600003, -122.34012716999996)",0,0,N,5194682
45881,47989,47989,Intersection,Cycles,0,,,0,,10/08/2005 12:00:00 AM +0000,10/8/2005,1,29141,At Intersection (intersection related),Dark - Street Lights On,BELMONT AVE E AND E HARRISON ST,0,1,,2,2019643,Wet,11,"MOTOR VEHICLE STRUCK MOTOR VEHICLE, FRONT END AT ANGLE",05281003,9239,0,2,Injury Collision,,45,Bicycle,Matched,0,1,Clear or Partly Cloudy,0,"(47.62198950700008, -122.32402407999996)",0,0,N,05-432732
45884,47986,47986,Intersection,Cycles,0,,,0,,07/11/2005 12:00:00 AM +0000,7/11/2005 8:15:00 AM,0,29877,At Intersection (intersection related),Daylight,MELROSE AVE AND PIKE ST,0,1,,2,2020644,Dry,51,PEDALCYCLIST STRUCK MOTOR VEHICLE FRONT END AT ANGLE,05192028,11744,0,1,Property Damage Only Collision,,45,Bicycle,Matched,0,1,Overcast,0,"(47.61393023000005, -122.32780457599995)",0,0,N,05-290678
46014,47163,47163,Intersection,Cycles,0,,,0,,02/16/2005 12:00:00 AM +0000,2/16/2005 5:38:00 PM,1,27024,At Intersection (intersection related),Dawn,PHINNEY AVE N AND N 36TH ST,0,1,Y,2,1778850,Dry,18,"MOTOR VEHICLE STRUCK PEDALCYCLIST, FRONT END AT ANGLE",05047005,12132,0,2,Injury Collision,,45,Bicycle,Matched,0,1,Clear or Partly Cloudy,0,"(47.65224596300004, -122.35447474499995)",0,0,N,05-069283
46102,47013,47013,Intersection,Cycles,0,,,0,,04/25/2005 12:00:00 AM +0000,4/25/2005 6:08:00 PM,1,25471,At Intersection (intersection related),Daylight,EAST GREEN LAKE WAY N AND N 64TH ST,0,1,Y,2,2022691,Dry,18,"MOTOR VEHICLE STRUCK PEDALCYCLIST, FRONT END AT ANGLE",05115010,14077,1,2b,Serious Injury Collision,,45,Bicycle,Matched,0,1,Clear or Partly Cloudy,0,"(47.67526482800008, -122.333532908)",0,0,N,05 168609
46105,47133,47133,Block,Cycles,380,,,0,,07/30/2005 12:00:00 AM +0000,7/30/2005 2:07:00 PM,1,,Driveway Junction,Daylight,4TH AVE S BETWEEN S STACY ST AND S LANDER ST,0,1,Y,2,1791012,Dry,18,"MOTOR VEHICLE STRUCK PEDALCYCLIST, FRONT END AT ANGLE",05211005,6239,0,2,Injury Collision,,45,Bicycle,Matched,0,1,Clear or Partly Cloudy,0,"(47.58085270600003, -122.329055961)",0,0,N,5321057
46168,47525,47525,Intersection,Cycles,0,,,0,Y,07/01/2005 12:00:00 AM +0000,7/1/2005,1,35159,At Intersection (intersection related),Daylight,7TH AVE S AND S CLOVERDALE ST,0,1,,2,2024993,Dry,18,"MOTOR VEHICLE STRUCK PEDALCYCLIST, FRONT END AT ANGLE",05182001,8237,0,2,Injury Collision,,45,Bicycle,Matched,0,1,Overcast,0,"(47.52647326400006, -122.32558706599997)",0,0,N,05-274337
46192,47523,47523,Intersection,Cycles,0,,,0,,06/28/2005 12:00:00 AM +0000,6/28/2005 3:50:00 PM,1,25461,At Intersection (intersection related),Daylight,11TH AVE NW AND NW 46TH ST,0,1,Y,3,2020496,Dry,18,"MOTOR VEHICLE STRUCK PEDALCYCLIST, FRONT END AT ANGLE",05179002,1428,0,2,Injury Collision,,45,Bicycle,Matched,0,1,Clear or Partly Cloudy,0,"(47.66219939100006, -122.37076844999996)",0,0,N,05 269311
46270,47497,47497,Intersection,Cycles,0,,,0,,07/20/2005 12:00:00 AM +0000,7/20/2005 7:50:00 AM,1,25256,At Intersection (intersection related),Daylight,PALATINE AVE N AND N 62ND ST,0,1,Y,2,2027105,Dry,18,"MOTOR VEHICLE STRUCK PEDALCYCLIST, FRONT END AT ANGLE",05201003,12082,1,2b,Serious Injury Collision,,45,Bicycle,Matched,0,1,Clear or Partly Cloudy,0,"(47.674035538000055, -122.35641799999996)",0,0,N,05 304612
46428,46664,46664,Intersection,Cycles,0,,,0,,12/14/2005 12:00:00 AM +0000,12/14/2005 6:49:00 AM,1,24204,At Intersection (intersection related),Dark - Street Lights On,DIVISION AVE NW AND NW 67TH ST,0,1,Y,2,2185133,Dry,18,"MOTOR VEHICLE STRUCK PEDALCYCLIST, FRONT END AT ANGLE",05348044,10121,0,2,Injury Collision,,45,Bicycle,Matched,0,1,Clear or Partly Cloudy,0,"(47.67775364600004, -122.36658333199995)",0,0,N,5529765
46535,46507,46507,Block,Cycles,213,,,0,,10/03/2005 12:00:00 AM +0000,10/3/2005,1,,Mid-Block (not related to intersection),Daylight,3RD AVE BETWEEN UNION ST AND PIKE ST,0,1,,3,1784599,Dry,56,PEDALCYCLIST STRUCK MOTOR VEHICLE LEFT SIDE SIDESWIPE,05276003,4383,0,2,Injury Collision,,45,Bicycle,Matched,0,1,Clear or Partly Cloudy,0,"(47.60925181700003, -122.33733769199995)",0,0,N,05-423867
46549,46646,46646,Block,Cycles,400,,,0,,05/17/2005 12:00:00 AM +0000,5/17/2005 7:59:00 AM,1,,Driveway Junction,Daylight,4TH AVE S BETWEEN S HOLGATE ST AND S WALKER ST,0,1,Y,3,1791008,Dry,18,"MOTOR VEHICLE STRUCK PEDALCYCLIST, FRONT END AT ANGLE",05137004,6237,0,2,Injury Collision,,45,Bicycle,Matched,0,1,Overcast,0,"(47.58507506500007, -122.32905801199996)",0,0,N,5201703
46555,46640,46640,Intersection,Cycles,0,,,0,,02/22/2005 12:00:00 AM +0000,2/22/2005 3:30:00 PM,1,30129,At Intersection (intersection related),Daylight,19TH AVE AND E PINE ST,0,1,Y,2,1745196,Dry,18,"MOTOR VEHICLE STRUCK PEDALCYCLIST, FRONT END AT ANGLE",05053016,2650,0,2,Injury Collision,,45,Bicycle,Matched,0,1,Clear or Partly Cloudy,0,"(47.61526760800007, -122.30744480699997)",0,0,N,5077850
46591,46886,46886,Intersection,Cycles,0,,,0,,11/03/2005 12:00:00 AM +0000,11/3/2005,1,24661,At Intersection (intersection related),Daylight,25TH AVE NE AND NE 75TH ST,0,1,,3,2058857,Wet,51,PEDALCYCLIST STRUCK MOTOR VEHICLE FRONT END AT ANGLE,05307006,3732,0,2,Injury Collision,,45,Bicycle,Matched,0,1,Overcast,0,"(47.683047427000076, -122.30075822799995)",0,0,N,50471543
46618,46628,46628,Block,Cycles,135,,,0,,04/23/2005 12:00:00 AM +0000,4/23/2005 11:00:00 AM,1,,Mid-Block (not related to intersection),Daylight,FREMONT AVE N BETWEEN N 45TH ST AND N 46TH ST,0,1,Y,2,1796670,Dry,23,"MOTOR VEHICLE STRUCK PEDALCYCLIST, LEFT SIDE SIDESWIPE",05113006,10498,0,2,Injury Collision,,45,Bicycle,Matched,0,1,Clear or Partly Cloudy,0,"(47.661763637000035, -122.35003672199997)",0,0,N,05-165066
46735,46711,46711,Intersection,Cycles,0,,,0,,03/22/2005 12:00:00 AM +0000,3/22/2005 9:50:00 AM,1,25793,At Intersection (intersection related),Daylight,UNIVERSITY WAY NE AND NE 50TH ST,0,1,,2,1796578,Dry,51,PEDALCYCLIST STRUCK MOTOR VEHICLE FRONT END AT ANGLE,05081004,13224,0,2,Injury Collision,,45,Bicycle,Matched,0,1,Clear or Partly Cloudy,0,"(47.66490072400006, -122.31307415999999)",0,0,N,05-118994
46761,46836,46836,Block,Cycles,323.5,,,0,,06/22/2005 12:00:00 AM +0000,6/22/2005 6:30:00 PM,1,,Driveway Junction,Dusk,NW MARKET ST BETWEEN 14TH AVE NW AND 15TH AVE NW,0,1,Y,2,2023506,Unknown,18,"MOTOR VEHICLE STRUCK PEDALCYCLIST, FRONT END AT ANGLE",05173004,19226,0,2,Injury Collision,,45,Bicycle,Matched,0,1,Unknown,0,"(47.66866614400004, -122.37489946299996)",0,0,N,05 263404
46782,46703,46703,Block,Cycles,161.5,,,0,,09/12/2005 12:00:00 AM +0000,9/12/2005 6:10:00 PM,1,,Mid-Block (not related to intersection),Daylight,S WELLER ST BETWEEN 5TH AVE S AND 6TH AVE S,0,1,,2,2023861,Dry,56,PEDALCYCLIST STRUCK MOTOR VEHICLE LEFT SIDE SIDESWIPE,05255033,21531,0,2,Injury Collision,,45,Bicycle,Matched,0,1,Clear or Partly Cloudy,0,"(47.59751593200008, -122.32702317399998)",0,0,N,05-391865
46811,46688,46688,Block,Cycles,91,,,0,,04/15/2005 12:00:00 AM +0000,4/15/2005 11:15:00 AM,0,,Mid-Block (not related to intersection),Daylight,W DRAVUS ST BETWEEN 15TH AV W SB OFF RP AND 16TH AVE W,0,1,,2,1482563,Dry,11,"MOTOR VEHICLE STRUCK MOTOR VEHICLE, FRONT END AT ANGLE",05105065,23220,0,1,Property Damage Only Collision,,45,Bicycle,Matched,0,1,Raining,0,"(47.64846994200008, -122.37712693399999)",0,0,N,05-153255
46890,46670,46670,Block,Cycles,129.5,,,0,,08/08/2005 12:00:00 AM +0000,8/8/2005,1,,Driveway Junction,Daylight,S JACKSON ST BETWEEN 22ND AVE S AND 23RD AVE S,0,1,Y,2,1787146,Dry,18,"MOTOR VEHICLE STRUCK PEDALCYCLIST, FRONT END AT ANGLE",05220013,20501,0,2,Injury Collision,,45,Bicycle,Matched,0,1,Clear or Partly Cloudy,0,"(47.59927789900007, -122.30276121699995)",0,0,N,05-336438
46895,46554,46554,Block,Cycles,288,,,0,,06/19/2005 12:00:00 AM +0000,6/19/2005 8:54:00 PM,0,,Mid-Block (not related to intersection),Dusk,19TH AVE E BETWEEN E THOMAS ST AND E HARRISON ST,0,1,,4,2019630,Dry,18,"MOTOR VEHICLE STRUCK PEDALCYCLIST, FRONT END AT ANGLE",05170014,2656,0,1,Property Damage Only Collision,,45,Bicycle,Matched,0,1,Clear or Partly Cloudy,0,"(47.62127501300006, -122.30733746399994)",0,0,N,05 255430
46937,46137,46137,Intersection,Cycles,0,,,0,,03/12/2005 12:00:00 AM +0000,3/12/2005 3:47:00 PM,1,35167,At Intersection (intersection related),Daylight,5TH AVE S AND S TRENTON S ST,0,1,,2,1790556,Snow/Slush,51,PEDALCYCLIST STRUCK MOTOR VEHICLE FRONT END AT ANGLE,05071051,7386,0,2,Injury Collision,,45,Bicycle,Matched,0,1,Clear or Partly Cloudy,0,"(47.524628654000026, -122.32822898199998)",0,0,N,05-105535
46943,46012,46012,Intersection,Cycles,0,,,0,,02/28/2005 12:00:00 AM +0000,2/28/2005 9:05:00 AM,0,26057,At Intersection (intersection related),Daylight,20TH AVE NE AND NE 50TH ST,0,1,,2,1220264,Dry,18,"MOTOR VEHICLE STRUCK PEDALCYCLIST, FRONT END AT ANGLE",05059002,2962,0,1,Property Damage Only Collision,,45,Bicycle,Matched,0,1,Overcast,0,"(47.664854330000026, -122.30650659899999)",0,0,N,05 94292
47017,46119,46119,Intersection,Cycles,0,,,0,,12/05/2005 12:00:00 AM +0000,12/5/2005,1,29691,At Intersection (intersection related),Dark - Street Lights On,1ST AVE AND WALL ST,0,1,Y,2,1784999,Dry,18,"MOTOR VEHICLE STRUCK PEDALCYCLIST, FRONT END AT ANGLE",05339028,1017,0,2,Injury Collision,,45,Bicycle,Matched,0,1,Clear or Partly Cloudy,0,"(47.614695804000064, -122.34874610699995)",0,0,N,50517446
47102,46375,46375,Intersection,Cycles,0,,,0,,12/09/2005 12:00:00 AM +0000,12/9/2005,1,36844,At Intersection (intersection related),Daylight,BARTLETT AVE NE AND NE 110TH ST,0,1,,3,2019965,Dry,51,PEDALCYCLIST STRUCK MOTOR VEHICLE FRONT END AT ANGLE,05343052,9066,0,2,Injury Collision,,45,Bicycle,Matched,0,1,Clear or Partly Cloudy,0,"(47.70862337700004, -122.28147133799996)",0,0,N,05 522859
47173,45961,45961,Block,Cycles,213.5,,,0,Y,02/22/2005 12:00:00 AM +0000,2/22/2005 1:59:00 PM,1,,Driveway Junction,Daylight,9TH AVE BETWEEN HOWELL ST AND STEWART ST,0,1,Y,3,1792519,Dry,18,"MOTOR VEHICLE STRUCK PEDALCYCLIST, FRONT END AT ANGLE",05053015,8523,0,2,Injury Collision,,45,Bicycle,Matched,0,1,Clear or Partly Cloudy,0,"(47.615223412000034, -122.333792658)",0,0,N,50077695
47419,46426,46426,Block,Cycles,161,,,0,,06/04/2005 12:00:00 AM +0000,6/4/2005,1,,Mid-Block (not related to intersection),Daylight,NE 63RD ST BETWEEN BROOKLYN AVE NE AND 14TH AVE NE,0,1,,3,2023604,Dry,56,PEDALCYCLIST STRUCK MOTOR VEHICLE LEFT SIDE SIDESWIPE,05155034,17227,0,2,Injury Collision,,45,Bicycle,Matched,0,1,Overcast,0,"(47.67431729400005, -122.31373194099996)",0,0,N,05-230486
47459,46023,46023,Intersection,Cycles,0,,,0,Y,08/23/2005 12:00:00 AM +0000,8/23/2005 3:10:00 PM,1,30510,At Intersection (intersection related),Daylight,5TH AVE S AND S JACKSON ST,1,1,,5,1933923,Dry,64,PEDALCYCLIST STRUCK PEDESTRIAN,05235012,7359,0,2,Injury Collision,,45,Bicycle,Matched,0,1,Clear or Partly Cloudy,0,"(47.599194924000074, -122.32766699399997)",0,0,N,05-360064
47478,45496,45496,Intersection,Cycles,0,,,0,,03/01/2005 12:00:00 AM +0000,3/1/2005,1,31579,At Intersection (intersection related),Daylight,23RD AVE S AND S COLLEGE ST,0,1,,2,1784404,Wet,18,"MOTOR VEHICLE STRUCK PEDALCYCLIST, FRONT END AT ANGLE",05060018,3458,0,2,Injury Collision,,45,Bicycle,Matched,0,1,Raining,0,"(47.58294568000008, -122.30295409499996)",0,0,N,5087673
47556,45722,45722,Intersection,Cycles,0,,,0,,09/19/2005 12:00:00 AM +0000,9/19/2005 4:57:00 PM,1,29238,At Intersection (intersection related),Daylight,LAKE WASHINGTON BLVD E AND E MADISON ST,0,1,Y,2,1074350,Dry,18,"MOTOR VEHICLE STRUCK PEDALCYCLIST, FRONT END AT ANGLE",05262008,4786,0,2,Injury Collision,,45,Bicycle,Matched,0,1,Clear or Partly Cloudy,0,"(47.626017801000046, -122.29244003299999)",0,0,N,05-402642
47779,45790,45790,Block,Cycles,311.5,,,0,,09/08/2005 12:00:00 AM +0000,9/8/2005,0,,Driveway Junction,Daylight,RAINIER AVE S BETWEEN S DEARBORN ST AND S CHARLES N ST,0,1,Y,3,2063580,Dry,18,"MOTOR VEHICLE STRUCK PEDALCYCLIST, FRONT END AT ANGLE",05251006,12345,0,1,Property Damage Only Collision,,45,Bicycle,Matched,0,1,Clear or Partly Cloudy,0,"(47.59511628400003, -122.31094941899994)",0,0,N,05-385265
47800,45794,45794,Block,Cycles,727.5,,,0,,03/31/2005 12:00:00 AM +0000,3/31/2005 11:58:00 AM,1,,Driveway Junction,Daylight,WESTLAKE AVE N BETWEEN NEWELL ST AND NICKERSON ST,0,1,,1,1069518,Dry,66,PEDALCYCLIST STRUCK OBJECT IN ROAD,05090011,13548,0,2,Injury Collision,,45,Bicycle,Matched,0,0,Clear or Partly Cloudy,0,"(47.64502969000006, -122.34730070499995)",0,0,N,05 131640
47827,45910,45910,Block,Cycles,201.5,,,0,,03/22/2005 12:00:00 AM +0000,3/22/2005 10:50:00 AM,1,,Driveway Junction,Daylight,RAINIER AVE S BETWEEN S BRANDON ST AND S LUCILE ST,0,1,Y,2,1779518,Dry,18,"MOTOR VEHICLE STRUCK PEDALCYCLIST, FRONT END AT ANGLE",05081016,12391,0,2,Injury Collision,,45,Bicycle,Matched,0,1,Clear or Partly Cloudy,0,"(47.55309182900004, -122.27898849699994)",0,0,N,05-119049
47871,45632,45632,Block,Cycles,153,,,0,,05/16/2005 12:00:00 AM +0000,5/16/2005 5:41:00 PM,1,,Mid-Block (not related to intersection),Daylight,2ND AVE BETWEEN SENECA ST AND UNIVERSITY ST,0,1,Y,2,1777538,Wet,22,"MOTOR VEHICLE STRUCK PEDALCYCLIST, RIGHT SIDE SIDESWIPE",05136039,2755,0,2,Injury Collision,,45,Bicycle,Matched,0,1,Raining,0,"(47.60694126300007, -122.336759428)",0,0,N,5200870
47980,45748,45748,Intersection,Cycles,0,,,0,,07/10/2005 12:00:00 AM +0000,7/10/2005 3:49:00 PM,1,35119,At Intersection (intersection related),Daylight,14TH AVE S AND S CONCORD ST,0,1,,2,1077009,Dry,51,PEDALCYCLIST STRUCK MOTOR VEHICLE FRONT END AT ANGLE,05191009,1959,0,2,Injury Collision,,45,Bicycle,Matched,0,1,Clear or Partly Cloudy,0,"(47.52389208500006, -122.31495328899996)",0,0,N,05-289461