OBJECTID,INCKEY,COLDETKEY,ADDRTYPE,COLLISIONTYPE,DISTANCE,EXCEPTRSNCODE,EXCEPTRSNDESC,FATALITIES,INATTENTIONIND,INCDATE,INCDTTM,INJURIES,INTKEY,JUNCTIONTYPE,LIGHTCOND,LOCATION,PEDCOUNT,PEDCYLCOUNT,PEDROWNOTGRNT,PERSONCOUNT,REPORTNO,ROADCOND,SDOT_COLCODE,SDOT_COLDESC,SDOTCOLNUM,SEGKEY,SERIOUSINJURIES,SEVERITYCODE,SEVERITYDESC,SPEEDING,ST_COLCODE,ST_COLDESC,STATUS,UNDERINFL,VEHCOUNT,WEATHER,WIDTH,Shape,SEGLANEKEY,CROSSWALKKEY,HITPARKEDCAR,SPDCASENO
48025,45209,45209,Intersection,Cycles,0,,,0,,09/16/2005 12:00:00 AM +0000,9/16/2005 1:07:00 PM,1,29860,At Intersection (intersection related),Daylight,SUMMIT AVE AND E PINE ST,0,1,Y,2,2063589,Dry,18,"MOTOR VEHICLE STRUCK PEDALCYCLIST, FRONT END AT ANGLE",05259001,12987,0,2,Injury Collision,,45,Bicycle,Matched,0,1,Clear or Partly Cloudy,0,"(47.615218748000075, -122.325528841)",0,0,N,05-397706
48057,44951,44951,Intersection,Cycles,0,,,0,Y,06/18/2005 12:00:00 AM +0000,6/18/2005 1:25:00 PM,0,35828,At Intersection (intersection related),Daylight,AURORA AVE N AND N 130TH ST,0,1,,3,1218073,Dry,18,"MOTOR VEHICLE STRUCK PEDALCYCLIST, FRONT END AT ANGLE",05169017,8995,0,1,Property Damage Only Collision,,45,Bicycle,Matched,0,1,Clear or Partly Cloudy,0,"(47.72321154700006, -122.34497687999999)",0,0,N,05 253366
48126,45195,45195,Block,Cycles,131,,,0,,07/07/2005 12:00:00 AM +0000,7/7/2005,1,,Mid-Block (not related to intersection),Daylight,E PIKE ST BETWEEN BELMONT AVE AND BOYLSTON AVE,0,1,,3,2028185,Dry,51,PEDALCYCLIST STRUCK MOTOR VEHICLE FRONT END AT ANGLE,05188015,14597,0,2,Injury Collision,,45,Bicycle,Matched,0,1,Clear or Partly Cloudy,0,"(47.61410020100004, -122.32392864299999)",0,0,N,05-284999
48150,45042,45042,Block,Cycles,270,,,0,,06/01/2005 12:00:00 AM +0000,6/1/2005,1,,Mid-Block (not related to intersection),Daylight,UNIVERSITY WAY NE BETWEEN NE 42ND ST AND NE 43RD ST,0,1,,2,2023576,Dry,56,PEDALCYCLIST STRUCK MOTOR VEHICLE LEFT SIDE SIDESWIPE,05152028,13220,0,2,Injury Collision,,45,Bicycle,Matched,0,1,Clear or Partly Cloudy,0,"(47.65905361700004, -122.313187788)",0,0,N,05-225427
48238,45291,45291,Block,Cycles,298.5,,,0,,10/11/2005 12:00:00 AM +0000,10/11/2005 8:44:00 AM,1,,Driveway Junction,Daylight,EASTLAKE AVE E BETWEEN FAIRVIEW AVE N AND E GARFIELD ST,0,1,,2,2063828,Dry,51,PEDALCYCLIST STRUCK MOTOR VEHICLE FRONT END AT ANGLE,05284024,10171,0,2,Injury Collision,,45,Bicycle,Matched,0,1,Clear or Partly Cloudy,0,"(47.63305620800003, -122.32582946499997)",0,0,N,05-436053
48303,45407,45407,Intersection,Cycles,0,,,0,Y,05/20/2005 12:00:00 AM +0000,5/20/2005 5:29:00 PM,0,25792,At Intersection (intersection related),Daylight,BROOKLYN AVE NE AND NE 50TH ST,0,1,,2,2020504,Dry,18,"MOTOR VEHICLE STRUCK PEDALCYCLIST, FRONT END AT ANGLE",05140006,9484,0,1,Property Damage Only Collision,,45,Bicycle,Matched,0,1,Clear or Partly Cloudy,0,"(47.66490847500006, -122.31421009099995)",0,0,N,05-206890
48416,45114,45114,Block,Cycles,215,,,0,,10/21/2005 12:00:00 AM +0000,10/21/2005 8:30:00 AM,1,,Mid-Block (not related to intersection),Daylight,UNIVERSITY BR OFF RP BETWEEN EASTLAKE AVE NE AND NE 40TH ST,0,1,Y,2,2064128,Wet,22,"MOTOR VEHICLE STRUCK PEDALCYCLIST, RIGHT SIDE SIDESWIPE",05294001,10188,0,2,Injury Collision,,45,Bicycle,Matched,0,1,Raining,0,"(47.65586030400004, -122.31764045799997)",0,0,N,05-471036
48425,45385,45385,Block,Cycles,213,,,0,,03/11/2005 12:00:00 AM +0000,3/11/2005 3:40:00 PM,1,,Mid-Block (not related to intersection),Daylight,6TH AVE BETWEEN PIKE ST AND PINE ST,0,1,,3,1777534,Dry,56,PEDALCYCLIST STRUCK MOTOR VEHICLE LEFT SIDE SIDESWIPE,05070041,7883,0,2,Injury Collision,,45,Bicycle,Matched,0,1,Clear or Partly Cloudy,0,"(47.61163826500007, -122.334917384)",0,0,N,5103976
48566,44561,44561,Intersection,Cycles,0,,,0,,07/12/2005 12:00:00 AM +0000,7/12/2005 5:14:00 PM,0,30148,At Intersection (intersection related),Daylight,22ND AVE AND E UNION ST,0,1,,2,1198890,Dry,18,"MOTOR VEHICLE STRUCK PEDALCYCLIST, FRONT END AT ANGLE",05193002,3232,0,1,Property Damage Only Collision,,45,Bicycle,Matched,0,1,Clear or Partly Cloudy,0,"(47.612933104000035, -122.30363535099997)",0,0,N,5242661
48601,44416,44416,Block,Cycles,332,,,0,,07/16/2005 12:00:00 AM +0000,7/16/2005 10:30:00 AM,1,,Driveway Junction,Daylight,N 91ST ST BETWEEN AURORA AVE N AND STONE AVE N,0,1,,2,C653152,Dry,18,"MOTOR VEHICLE STRUCK PEDALCYCLIST, FRONT END AT ANGLE",05197039,16021,0,2,Injury Collision,,45,Bicycle,Matched,0,1,Clear or Partly Cloudy,0,"(47.69490230900004, -122.34322795499997)",0,0,N,
48607,44424,44424,Intersection,Cycles,0,,,0,,03/17/2005 12:00:00 AM +0000,3/17/2005 4:31:00 PM,1,34840,At Intersection (intersection related),Daylight,25TH AVE SW AND SW THISTLE ST,0,1,Y,2,1775017,Dry,18,"MOTOR VEHICLE STRUCK PEDALCYCLIST, FRONT END AT ANGLE",05076021,3809,1,2b,Serious Injury Collision,,45,Bicycle,Matched,0,1,Clear or Partly Cloudy,0,"(47.52828124400003, -122.36450774899998)",0,0,N,05-112683
48619,44541,44541,Block,Cycles,270,,,0,,04/07/2005 12:00:00 AM +0000,4/7/2005,1,,Driveway Junction,Daylight,UNIVERSITY WAY NE BETWEEN NE 42ND ST AND NE 43RD ST,0,1,Y,2,2020604,Wet,18,"MOTOR VEHICLE STRUCK PEDALCYCLIST, FRONT END AT ANGLE",05097013,13220,1,2b,Serious Injury Collision,,45,Bicycle,Matched,0,1,Raining,0,"(47.65905361700004, -122.313187788)",0,0,N,05-141452
48665,44539,44539,Intersection,Cycles,0,,,0,,12/30/2005 12:00:00 AM +0000,12/30/2005 5:15:00 PM,1,30177,At Intersection (intersection related),Dark - Street Lights On,19TH AVE AND E CHERRY ST,0,1,,2,C661610,Wet,11,"MOTOR VEHICLE STRUCK MOTOR VEHICLE, FRONT END AT ANGLE",05364055,2645,0,2,Injury Collision,,45,Bicycle,Matched,0,1,Raining,0,"(47.60802107500007, -122.30762262699994)",0,0,N,
48670,44412,44412,Intersection,Cycles,0,,,0,,01/28/2005 12:00:00 AM +0000,1/28/2005 9:30:00 AM,1,25593,At Intersection (intersection related),Daylight,WOODLAND PL N AND N 63RD ST,0,1,,7,1796883,Dry,51,PEDALCYCLIST STRUCK MOTOR VEHICLE FRONT END AT ANGLE,05028008,13644,0,2,Injury Collision,,45,Bicycle,Matched,0,1,Overcast,0,"(47.67457769600003, -122.34768389499999)",0,0,N,05-039761
48895,44606,44606,Block,Cycles,471,,,0,,12/25/2005 12:00:00 AM +0000,12/25/2005 7:21:00 PM,1,,Mid-Block (not related to intersection),Dark - Street Lights On,LAKEVIEW BLVD E BETWEEN E HIGHLAND DR AND BOYLSTON S AVE E,0,1,Y,2,2128030,Wet,18,"MOTOR VEHICLE STRUCK PEDALCYCLIST, FRONT END AT ANGLE",05359008,11279,0,2,Injury Collision,,45,Bicycle,Matched,1,1,Overcast,0,"(47.63206950700004, -122.32381193299994)",0,0,N,05-545126
49109,44022,44022,Block,Cycles,140,,,0,,08/05/2005 12:00:00 AM +0000,8/5/2005,1,,Driveway Junction,Daylight,S WARSAW ST BETWEEN CARLETON AVE S AND FLORA AVE S,0,1,,2,2024910,Dry,18,"MOTOR VEHICLE STRUCK PEDALCYCLIST, FRONT END AT ANGLE",05217006,21471,0,2,Injury Collision,,45,Bicycle,Matched,0,1,Clear or Partly Cloudy,0,"(47.544190592000064, -122.32059367499994)",0,0,N,50331030
49122,44295,44295,Intersection,Cycles,0,,,0,,12/26/2005 12:00:00 AM +0000,12/26/2005 11:30:00 AM,1,37185,At Intersection (intersection related),Daylight,1ST AVE NW AND NW 85TH ST,0,1,Y,2,1079725,Wet,18,"MOTOR VEHICLE STRUCK PEDALCYCLIST, FRONT END AT ANGLE",05360004,1157,0,2,Injury Collision,,45,Bicycle,Matched,0,1,Overcast,0,"(47.69061033100007, -122.35798194999995)",0,0,N,05-545712
49142,44016,44016,Intersection,Cycles,0,,,0,,08/22/2005 12:00:00 AM +0000,8/22/2005 5:14:00 PM,0,30147,At Intersection (intersection related),Daylight,21ST AVE AND E UNION ST,0,1,,2,2020102,Dry,18,"MOTOR VEHICLE STRUCK PEDALCYCLIST, FRONT END AT ANGLE",05234013,3106,0,1,Property Damage Only Collision,,45,Bicycle,Matched,0,1,Clear or Partly Cloudy,0,"(47.61292129000003, -122.30494951099996)",0,0,N,5358699
49165,44004,44004,Block,Cycles,1842,,,0,,02/10/2005 12:00:00 AM +0000,2/10/2005 2:52:00 PM,1,,Mid-Block (not related to intersection),Daylight,LAKE WASHINGTON BLVD S BETWEEN LAKE PARK DR S AND S HORTON NR ST,0,1,,2,1773275,Dry,18,"MOTOR VEHICLE STRUCK PEDALCYCLIST, FRONT END AT ANGLE",05041005,11230,0,2,Injury Collision,,45,Bicycle,Matched,0,1,Clear or Partly Cloudy,0,"(47.578874744000075, -122.28370626699996)",0,0,N,05 060334
49339,44084,44084,Intersection,Cycles,0, ,,0,,07/22/2005 12:00:00 AM +0000,7/22/2005 4:56:00 PM,1,25804,At Intersection (intersection related),Daylight,UNIVERSITY WAY NE AND NE 47TH ST,0,1,Y,2,2027041,Dry,18,"MOTOR VEHICLE STRUCK PEDALCYCLIST, FRONT END AT ANGLE",05203005,13223,0,2,Injury Collision,,45,Bicycle,Matched,0,1,Clear or Partly Cloudy,0,"(47.66309178900008, -122.31310175399994)",0,0,N,05-308367
49392,43954,43954,Intersection,Cycles,0,,,0,,03/12/2005 12:00:00 AM +0000,3/12/2005 1:00:00 PM,1,25520,At Intersection (intersection related),Daylight,GREEN LAKE WAY N AND N 52ND ST,0,1,,2,C644826,Dry,18,"MOTOR VEHICLE STRUCK PEDALCYCLIST, FRONT END AT ANGLE",05071059,10695,0,2,Injury Collision,,45,Bicycle,Matched,0,1,Clear or Partly Cloudy,0,"(47.66640717400003, -122.340090525)",0,0,N,
49511,44326,44326,Block,Cycles,218,,,0,,05/26/2005 12:00:00 AM +0000,5/26/2005 3:51:00 PM,1,,Driveway Junction,Daylight,EASTLAKE AVE E BETWEEN HARVARD AVE E AND FUHRMAN AVE E,0,1,Y,2,2028204,Dry,18,"MOTOR VEHICLE STRUCK PEDALCYCLIST, FRONT END AT ANGLE",05146007,10184,0,2,Injury Collision,,45,Bicycle,Matched,0,1,Clear or Partly Cloudy,0,"(47.65104751100006, -122.32168580199999)",0,0,N,05-216253
49556,43775,43775,Block,Cycles,641.5,,,0,,11/08/2005 12:00:00 AM +0000,11/8/2005,1,,Driveway Junction,Daylight,4TH AVE S BETWEEN COSTCO DR AND 4TH AV S VI,0,1,Y,2,2060559,Dry,18,"MOTOR VEHICLE STRUCK PEDALCYCLIST, FRONT END AT ANGLE",05312002,163834,1,2b,Serious Injury Collision,,45,Bicycle,Matched,0,1,Clear or Partly Cloudy,0,,0,0,N,50478864
49593,43635,43635,Intersection,Cycles,0,,,0,,10/27/2005 12:00:00 AM +0000,10/27/2005 7:18:00 PM,1,25939,At Intersection (intersection related),Dark - Street Lights On,25TH AVE NE AND NE 55TH ST,0,1,Y,2,2059157,Wet,18,"MOTOR VEHICLE STRUCK PEDALCYCLIST, FRONT END AT ANGLE",05300017,3725,0,2,Injury Collision,,45,Bicycle,Matched,0,1,Raining,0,"(47.668525748000036, -122.30061895399996)",0,0,N,5461335
49707,43351,43351,Block,Cycles,318,,,0,,06/07/2005 12:00:00 AM +0000,6/7/2005,1,,Driveway Junction,Daylight,SHAFFER AVE S BETWEEN S MORGAN ST AND S HOLLY ST,0,1,,2,1797331,Wet,18,"MOTOR VEHICLE STRUCK PEDALCYCLIST, FRONT END AT ANGLE",05158032,12820,0,2,Injury Collision,,45,Bicycle,Matched,0,1,Raining,0,"(47.54352116000007, -122.29474866999999)",0,0,N,50235753
49754,43471,43471,Intersection,Cycles,0,,,0,,10/11/2005 12:00:00 AM +0000,10/11/2005 4:24:00 PM,1,25565,At Intersection (intersection related),Daylight,GREEN LAKE WAY N AND MIDVALE AVE N,0,1,,4,2059315,Dry,18,"MOTOR VEHICLE STRUCK PEDALCYCLIST, FRONT END AT ANGLE",05284006,10689,1,2b,Serious Injury Collision,,45,Bicycle,Matched,0,1,Clear or Partly Cloudy,0,"(47.66330206200007, -122.34375644799997)",0,0,N,05 436562
49756,43333,43333,Intersection,Cycles,0,,,0,,09/28/2005 12:00:00 AM +0000,9/28/2005 5:12:00 AM,1,28069,At Intersection (intersection related),Dark - Street Lights On,4TH AVE N AND RAYE ST,0,1,,2,2108722,Dry,51,PEDALCYCLIST STRUCK MOTOR VEHICLE FRONT END AT ANGLE,05271005,6168,0,2,Injury Collision,,45,Bicycle,Matched,0,1,Clear or Partly Cloudy,0,"(47.64297291500003, -122.34957550599995)",0,0,N,05 415782
49842,43573,43573,Block,Cycles,153,,,0,,07/27/2005 12:00:00 AM +0000,7/27/2005 10:26:00 PM,1,,Mid-Block (not related to intersection),Dark - Street Lights On,ALASKAN E RDWY WAY BETWEEN COLUMBIA ST AND MARION ST,0,1,Y,2,1059798,Dry,23,"MOTOR VEHICLE STRUCK PEDALCYCLIST, LEFT SIDE SIDESWIPE",05208016,8745,0,2,Injury Collision,,45,Bicycle,Matched,0,1,Clear or Partly Cloudy,0,"(47.602859616000046, -122.33708628)",0,0,N,05-316704
49860,43826,43826,Intersection,Cycles,0,,,0,,03/28/2005 12:00:00 AM +0000,3/28/2005 1:24:00 AM,1,28267,At Intersection (intersection related),Dark - Street Lights On,10TH AVE E AND E HOWE ST,0,1,,2,1930946,Dry,18,"MOTOR VEHICLE STRUCK PEDALCYCLIST, FRONT END AT ANGLE",05087008,1297,1,2b,Serious Injury Collision,,45,Bicycle,Matched,0,1,Clear or Partly Cloudy,0,"(47.635912817000076, -122.32008947699995)",0,0,N,50126840
49890,43842,43842,Intersection,Cycles,0,,,0,,01/31/2005 12:00:00 AM +0000,1/31/2005 7:37:00 AM,1,25277,At Intersection (intersection related),Daylight,8TH AVE NW AND NW 60TH ST,0,1,Y,2,1220195,Wet,18,"MOTOR VEHICLE STRUCK PEDALCYCLIST, FRONT END AT ANGLE",05031004,8389,0,2,Injury Collision,,45,Bicycle,Matched,0,1,Clear or Partly Cloudy,0,"(47.67234908700004, -122.36616763299998)",0,0,N,5044114
49900,43439,43439,Block,Cycles,143,,,0,Y,08/02/2005 12:00:00 AM +0000,8/2/2005,1,,Mid-Block (not related to intersection),Daylight,BROADWAY E BETWEEN E MERCER ST AND E ROY E ST,0,1,,2,2025588,Dry,22,"MOTOR VEHICLE STRUCK PEDALCYCLIST, RIGHT SIDE SIDESWIPE",05214005,9456,0,2,Injury Collision,,45,Bicycle,Matched,0,1,Clear or Partly Cloudy,0,"(47.624660325000036, -122.32093668799996)",0,0,N,05-326066
49979,43801,43801,Block,Cycles,213,,,0,,09/09/2005 12:00:00 AM +0000,9/9/2005,0,,Driveway Junction,Daylight,2ND AVE BETWEEN PIKE ST AND PINE ST,0,1,,2,1316712,Dry,18,"MOTOR VEHICLE STRUCK PEDALCYCLIST, FRONT END AT ANGLE",05252018,2758,0,1,Property Damage Only Collision,,45,Bicycle,Matched,0,1,Clear or Partly Cloudy,0,"(47.609780570000055, -122.33935700699999)",0,0,N,5387169
50006,43401,43401,Intersection,Cycles,0,,,0,,01/07/2005 12:00:00 AM +0000,1/7/2005,0,29576,At Intersection (intersection related),Daylight,5TH AVE AND PIKE ST,0,1,Y,3,1059991,Dry,18,"MOTOR VEHICLE STRUCK PEDALCYCLIST, FRONT END AT ANGLE",05007004,7237,0,1,Property Damage Only Collision,,45,Bicycle,Matched,0,1,Overcast,0,"(47.61067790300007, -122.33557402499997)",0,0,N,5009171
50032,43793,43793,Block,Cycles,144,,,0,,03/06/2005 12:00:00 AM +0000,3/6/2005,1,,Driveway Junction,Daylight,3RD AVE NW BETWEEN NW 84TH ST AND NW 85TH ST,0,1,,2,1796818,Dry,51,PEDALCYCLIST STRUCK MOTOR VEHICLE FRONT END AT ANGLE,05065014,4476,0,2,Injury Collision,,45,Bicycle,Matched,0,1,Clear or Partly Cloudy,0,"(47.69022895300003, -122.36064780099997)",0,0,N,05-096342
50072,42861,42861,Intersection,Cycles,0,,,0,,08/08/2005 12:00:00 AM +0000,8/8/2005,1,29613,At Intersection (intersection related),Daylight,2ND AVE AND SPRING ST,0,1,Y,2,2024026,Dry,18,"MOTOR VEHICLE STRUCK PEDALCYCLIST, FRONT END AT ANGLE",05220014,2754,0,2,Injury Collision,,45,Bicycle,Matched,0,1,Clear or Partly Cloudy,0,"(47.605872617000045, -122.33578172399996)",0,0,N,05-336714
50211,43226,43226,Block,Cycles,336.5,,,0,,08/17/2005 12:00:00 AM +0000,8/17/2005 4:33:00 PM,1,,Driveway Junction,Daylight,38TH AVE S BETWEEN S MYRTLE ST AND S OTHELLO ST,0,1,,2,1797711,Dry,11,"MOTOR VEHICLE STRUCK MOTOR VEHICLE, FRONT END AT ANGLE",05229013,5911,0,2,Injury Collision,,45,Bicycle,Matched,0,1,Clear or Partly Cloudy,0,"(47.53795902000007, -122.28472560799997)",0,0,N,05 350773
50274,43062,43062,Intersection,Cycles,0,,,0,,11/27/2005 12:00:00 AM +0000,11/27/2005 4:49:00 PM,1,29049,At Intersection (intersection related),Unknown,BOYLSTON AVE E AND E OLIVE W WAY,0,1,,2,1772017,Wet,18,"MOTOR VEHICLE STRUCK PEDALCYCLIST, FRONT END AT ANGLE",05331031,14589,0,2,Injury Collision,,45,Bicycle,Matched,0,1,Overcast,0,"(47.619808730000045, -122.32347145799997)",0,0,N,50506261
50332,43309,43309,Block,Cycles,324,,,0,,08/08/2005 12:00:00 AM +0000,8/8/2005,1,,Mid-Block (not related to intersection),Daylight,8TH AVE NW BETWEEN NW 67TH ST AND NW 70TH ST,0,1,,2,C654302,Dry,18,"MOTOR VEHICLE STRUCK PEDALCYCLIST, FRONT END AT ANGLE",05220032,8396,0,2,Injury Collision,,45,Bicycle,Matched,0,1,Clear or Partly Cloudy,0,"(47.678657205000036, -122.366018656)",0,0,N,
50374,43180,43180,Intersection,Cycles,0,,,0,,02/18/2005 12:00:00 AM +0000,2/18/2005 3:57:00 PM,1,25994,At Intersection (intersection related),Daylight,15TH AVE NE AND COWEN PL NE,0,1,Y,6,1796949,Dry,18,"MOTOR VEHICLE STRUCK PEDALCYCLIST, FRONT END AT ANGLE",05049007,2045,0,2,Injury Collision,,45,Bicycle,Matched,0,1,Clear or Partly Cloudy,0,"(47.67210552300003, -122.31190524699997)",0,0,N,5072168
50471,43286,43286,Block,Cycles,161,,,0,,09/22/2005 12:00:00 AM +0000,9/22/2005 11:00:00 AM,0,,Driveway Junction,Daylight,STEWART ST BETWEEN 9TH AVE AND TERRY AVE,0,1,Y,2,1784593,Dry,18,"MOTOR VEHICLE STRUCK PEDALCYCLIST, FRONT END AT ANGLE",05265010,12906,0,1,Property Damage Only Collision,,45,Bicycle,Matched,0,1,Clear or Partly Cloudy,0,"(47.61594756900007, -122.33400804399997)",0,0,N,05-406787
50494,42874,42874,Block,Cycles,213,,,0,,02/23/2005 12:00:00 AM +0000,2/23/2005 4:30:00 PM,1,,Mid-Block (not related to intersection),Daylight,18TH AVE BETWEEN E CHERRY ST AND E COLUMBIA ST,0,1,Y,2,1745363,Dry,18,"MOTOR VEHICLE STRUCK PEDALCYCLIST, FRONT END AT ANGLE",05054007,2536,0,2,Injury Collision,,45,Bicycle,Matched,0,1,Clear or Partly Cloudy,0,"(47.60860905200008, -122.30892640399998)",0,0,N,05-080438
50541,43280,43280,Intersection,Cycles,0,,,0,,06/05/2005 12:00:00 AM +0000,6/5/2005,1,29560,At Intersection (intersection related),Daylight,1ST AVE AND LENORA ST,0,1,Y,2,1213494,Dry,18,"MOTOR VEHICLE STRUCK PEDALCYCLIST, FRONT END AT ANGLE",05156032,1013,0,2,Injury Collision,,45,Bicycle,Matched,0,1,Overcast,0,"(47.61183728800006, -122.34391211399998)",0,0,N,05-232326
50562,42603,42603,Intersection,Cycles,0,,,0,,04/09/2005 12:00:00 AM +0000,4/9/2005,1,27181,At Intersection (intersection related),Daylight,THACKERAY PL NE AND NE 45TH ST,0,1,,1,2020260,Dry,66,PEDALCYCLIST STRUCK OBJECT IN ROAD,05099004,13128,0,2,Injury Collision,,45,Bicycle,Matched,0,0,Clear or Partly Cloudy,0,"(47.66134940300003, -122.32617895799996)",0,0,N,05-145067
50589,43141,43141,Intersection,Cycles,0,,,0,,07/27/2005 12:00:00 AM +0000,7/27/2005 12:48:00 PM,1,30411,At Intersection (intersection related),Daylight,BOREN AVE AND E YESLER WAY,0,1,,2,2028363,Dry,18,"MOTOR VEHICLE STRUCK PEDALCYCLIST, FRONT END AT ANGLE",05208015,9303,1,2b,Serious Injury Collision,,45,Bicycle,Matched,0,1,Clear or Partly Cloudy,0,"(47.601695164000034, -122.31782315599997)",0,0,N,05 315829
50603,42478,42478,Intersection,Cycles,0,,,0,,04/28/2005 12:00:00 AM +0000,4/28/2005 8:30:00 PM,1,34539,At Intersection (intersection related),Dusk,37TH AVE S AND S MYRTLE ST,0,1,,2,1771418,Dry,18,"MOTOR VEHICLE STRUCK PEDALCYCLIST, FRONT END AT ANGLE",05118029,20913,0,2,Injury Collision,,45,Bicycle,Matched,0,1,Clear or Partly Cloudy,0,"(47.53887780300005, -122.28609610999996)",0,0,N,05-173558
50609,42346,42346,Block,Cycles,212.5,,,0,,02/04/2005 12:00:00 AM +0000,2/4/2005,1,,Mid-Block (but intersection related),Daylight,WESTERN AVE BETWEEN VIRGINIA ST AND LENORA ST,0,1,,2,1213728,Dry,18,"MOTOR VEHICLE STRUCK PEDALCYCLIST, FRONT END AT ANGLE",05035011,13506,0,2,Injury Collision,,45,Bicycle,Matched,0,1,Clear or Partly Cloudy,0,"(47.61078945100007, -122.34412175499995)",0,0,N,05-051046
50617,42729,42729,Block,Cycles,104.5,,,0,,04/06/2005 12:00:00 AM +0000,4/6/2005,1,,Mid-Block (not related to intersection),Daylight,DENNY WAY BETWEEN PONTIUS AVE N AND YALE AVE,0,1,,2,C646667,Dry,18,"MOTOR VEHICLE STRUCK PEDALCYCLIST, FRONT END AT ANGLE",05096054,10021,0,2,Injury Collision,,45,Bicycle,Matched,0,1,Clear or Partly Cloudy,0,"(47.61850928500007, -122.33182090399998)",0,0,N,
50641,42337,42337,Intersection,Cycles,0,,,0,,10/29/2005 12:00:00 AM +0000,10/29/2005 1:27:00 AM,1,29515,At Intersection (intersection related),Dark - Street Lights On,DENNY WAY AND DEXTER AVE,0,1,,2,1933589,Wet,51,PEDALCYCLIST STRUCK MOTOR VEHICLE FRONT END AT ANGLE,05302002,10011,1,2b,Serious Injury Collision,,45,Bicycle,Matched,0,1,Raining,0,"(47.618550165000045, -122.34240185299996)",0,0,N,05 463320
50679,42452,42452,Intersection,Cycles,0,,,0,,09/07/2005 12:00:00 AM +0000,9/7/2005,1,24410,At Intersection (intersection related),Daylight,15TH AVE NE AND NE 77TH ST,0,1,Y,2,2061281,Dry,18,"MOTOR VEHICLE STRUCK PEDALCYCLIST, FRONT END AT ANGLE",05250013,2057,0,2,Injury Collision,,45,Bicycle,Matched,0,1,Clear or Partly Cloudy,0,"(47.684859979000066, -122.31211713299996)",0,0,N,05-384344
50689,42446,42446,Intersection,Cycles,0,,,0,,06/29/2005 12:00:00 AM +0000,6/29/2005 5:41:00 PM,1,34219,At Intersection (intersection related),Daylight,4TH AVE S AND S MICHIGAN ST,0,1,Y,2,1789075,Dry,18,"MOTOR VEHICLE STRUCK PEDALCYCLIST, FRONT END AT ANGLE",05180003,6262,0,2,Injury Collision,,45,Bicycle,Matched,0,1,Clear or Partly Cloudy,0,"(47.54533689600004, -122.32958821399995)",0,0,N,05-271121
50706,42697,42697,Intersection,Cycles,0,,,0,,09/11/2005 12:00:00 AM +0000,9/11/2005 4:15:00 PM,1,29884,At Intersection (intersection related),Daylight,PIKE ST AND TERRY AVE,0,1,,2,2020097,Dry,18,"MOTOR VEHICLE STRUCK PEDALCYCLIST, FRONT END AT ANGLE",05254012,12206,0,2,Injury Collision,,45,Bicycle,Matched,0,1,Clear or Partly Cloudy,0,"(47.61300140900005, -122.33002503099999)",0,0,N,05-390219
50766,42291,42291,Intersection,Cycles,0,,,0,,10/22/2005 12:00:00 AM +0000,10/22/2005 5:00:00 PM,1,27182,At Intersection (intersection related),Daylight,2ND AVE NE AND NE 45TH ST,0,1,Y,2,2059002,Dry,18,"MOTOR VEHICLE STRUCK PEDALCYCLIST, FRONT END AT ANGLE",05295003,2803,0,2,Injury Collision,,45,Bicycle,Matched,0,1,Clear or Partly Cloudy,0,"(47.661354747000075, -122.32725022499994)",0,0,N,05-0453421
50813,42414,42414,Block,Cycles,100,,,0,,08/25/2005 12:00:00 AM +0000,8/25/2005 4:51:00 PM,1,,Mid-Block (not related to intersection),Daylight,UNIVERSITY BR BETWEEN POINT A AND POINT B,0,2,,2,1776562,Dry,61,PEDALCYCLIST STRUCK PEDALCYCLIST REAR END,05237002,13190,0,2,Injury Collision,,45,Bicycle,Matched,0,0,Clear or Partly Cloudy,0,"(47.65271931700005, -122.32039378999997)",0,0,N,05-363538
50821,42799,42799,Intersection,Cycles,0,,,0,,01/24/2005 12:00:00 AM +0000,1/24/2005 6:30:00 PM,1,30505,At Intersection (intersection related),Dark - Street Lights On,OCCIDENTAL AVE S AND S JACKSON ST,0,1,,2,1930686,Dry,23,"MOTOR VEHICLE STRUCK PEDALCYCLIST, LEFT SIDE SIDESWIPE",05024022,12023,0,2,Injury Collision,,45,Bicycle,Matched,0,1,Clear or Partly Cloudy,0,"(47.59920288700005, -122.332882413)",0,0,N,534437
50856,42409,42409,Block,Cycles,62.5,,,0,,06/01/2005 12:00:00 AM +0000,6/1/2005,0,,Mid-Block (but intersection related),Daylight,7TH AVE BETWEEN VIRGINIA ST AND WESTLAKE AVE,0,1,,2,1785221,Wet,56,PEDALCYCLIST STRUCK MOTOR VEHICLE LEFT SIDE SIDESWIPE,05152025,8162,0,1,Property Damage Only Collision,,45,Bicycle,Matched,0,1,Overcast,0,"(47.61516915800007, -122.33764411599998)",0,0,N,05 225165
50925,42394,42394,Block,Cycles,161,,,0,,09/23/2005 12:00:00 AM +0000,9/23/2005 12:38:00 PM,1,,Driveway Junction,Daylight,S KING ST BETWEEN 5TH AVE S AND 6TH AVE S,0,1,Y,5,1059706,Dry,18,"MOTOR VEHICLE STRUCK PEDALCYCLIST, FRONT END AT ANGLE",05266003,20598,0,2,Injury Collision,,45,Bicycle,Matched,0,1,Clear or Partly Cloudy,0,"(47.598354854000036, -122.32701930399998)",0,0,N,05-408490