OBJECTID,INCKEY,COLDETKEY,ADDRTYPE,COLLISIONTYPE,DISTANCE,EXCEPTRSNCODE,EXCEPTRSNDESC,FATALITIES,INATTENTIONIND,INCDATE,INCDTTM,INJURIES,INTKEY,JUNCTIONTYPE,LIGHTCOND,LOCATION,PEDCOUNT,PEDCYLCOUNT,PEDROWNOTGRNT,PERSONCOUNT,REPORTNO,ROADCOND,SDOT_COLCODE,SDOT_COLDESC,SDOTCOLNUM,SEGKEY,SERIOUSINJURIES,SEVERITYCODE,SEVERITYDESC,SPEEDING,ST_COLCODE,ST_COLDESC,STATUS,UNDERINFL,VEHCOUNT,WEATHER,WIDTH,Shape,SEGLANEKEY,CROSSWALKKEY,HITPARKEDCAR,SPDCASENO
50977,42629,42629,Intersection,Cycles,0,,,0,,04/23/2005 12:00:00 AM +0000,4/23/2005 12:10:00 PM,1,30136,At Intersection (intersection related),Daylight,15TH AVE AND E MADISON ST,0,1,Y,2,2027985,Dry,18,"MOTOR VEHICLE STRUCK PEDALCYCLIST, FRONT END AT ANGLE",05113003,1997,0,2,Injury Collision,,45,Bicycle,Matched,0,1,Clear or Partly Cloudy,0,"(47.61449898500007, -122.31277145499996)",0,0,N,05 165094
51093,42607,42607,Block,Cycles,213,,,0,Y,08/01/2005 12:00:00 AM +0000,8/1/2005,1,,Driveway Junction,Daylight,12TH AVE BETWEEN E CHERRY ST AND E COLUMBIA ST,0,1,Y,2,2020045,Dry,18,"MOTOR VEHICLE STRUCK PEDALCYCLIST, FRONT END AT ANGLE",05213007,1532,0,2,Injury Collision,,45,Bicycle,Matched,0,1,Overcast,0,"(47.60864131900007, -122.31677994199998)",0,0,N,05 323673
51097,42082,42082,Intersection,Cycles,0,,,0,,08/26/2005 12:00:00 AM +0000,8/26/2005 6:15:00 PM,1,26915,At Intersection (intersection related),Dusk,DENSMORE AVE N AND N NORTHLAKE WAY,0,1,,2,2061211,Dry,51,PEDALCYCLIST STRUCK MOTOR VEHICLE FRONT END AT ANGLE,05238029,10025,1,2b,Serious Injury Collision,,45,Bicycle,Matched,0,1,Clear or Partly Cloudy,0,"(47.64688448100003, -122.33755585699998)",0,0,N,5365315
51123,41945,41945,Intersection,Cycles,0,,,0,,07/25/2005 12:00:00 AM +0000,7/25/2005 9:21:00 AM,1,29328,At Intersection (intersection related),Daylight,23RD AVE E AND E ALOHA ST,0,1,,2,2019932,Dry,51,PEDALCYCLIST STRUCK MOTOR VEHICLE FRONT END AT ANGLE,05206003,3377,0,2,Injury Collision,,45,Bicycle,Matched,0,1,Clear or Partly Cloudy,0,"(47.62675925800005, -122.30238184499996)",0,0,N,05-312334
51130,41936,41936,Block,Cycles,420,,,0,,09/14/2005 12:00:00 AM +0000,9/14/2005 3:53:00 PM,1,,Driveway Junction,Daylight,EASTLAKE AVE E BETWEEN E LYNN ST AND E LOUISA ST,0,1,,2,C656235,Dry,11,"MOTOR VEHICLE STRUCK MOTOR VEHICLE, FRONT END AT ANGLE",05257044,10177,0,2,Injury Collision,,45,Bicycle,Matched,0,1,Clear or Partly Cloudy,0,"(47.64087739100006, -122.325889916)",0,0,N,
51176,41796,41796,Intersection,Cycles,0,,,0,,02/11/2005 12:00:00 AM +0000,2/11/2005 11:40:00 AM,0,27167,At Intersection (intersection related),Daylight,UNIVERSITY WAY NE AND NE PACIFIC ST,0,1,Y,2,1791705,Dry,18,"MOTOR VEHICLE STRUCK PEDALCYCLIST, FRONT END AT ANGLE",05042008,13215,0,1,Property Damage Only Collision,,45,Bicycle,Matched,0,1,Clear or Partly Cloudy,0,"(47.65339944100003, -122.31333457599999)",0,0,N,05 61671
51182,42059,42059,Block,Cycles,420,,,0,,03/02/2005 12:00:00 AM +0000,3/2/2005,1,,Mid-Block (not related to intersection),Dark - Street Lights On,BOYLSTON AVE E BETWEEN E LYNN ST AND E LOUISA ST,0,1,,2,1744752,Unknown,21,"MOTOR VEHICLE STRUCK PEDALCYCLIST, REAR END",05061011,9392,0,2,Injury Collision,,45,Bicycle,Matched,0,1,Clear or Partly Cloudy,0,"(47.64087666100005, -122.32345946599997)",0,0,N,05-090182
51219,42189,42189,Block,Cycles,191,,,0,,08/25/2005 12:00:00 AM +0000,8/25/2005 6:00:00 PM,0,,Mid-Block (not related to intersection),Daylight,22ND AVE S BETWEEN S MAIN ST AND S JACKSON ST,0,1,,2,C655533,Dry,13,"MOTOR VEHICLE STRUCK MOTOR VEHICLE, LEFT SIDE AT ANGLE",05237046,3302,0,1,Property Damage Only Collision,,45,Bicycle,Matched,0,1,Other,0,"(47.599799688000076, -122.30328771599994)",0,0,N,
51279,41778,41778,Block,Cycles,162,,,0,,08/12/2005 12:00:00 AM +0000,8/12/2005 8:07:00 AM,1,,Driveway Junction,Daylight,DEXTER AVE N BETWEEN LEE ST AND GALER ST,0,1,Y,2,1933733,Dry,18,"MOTOR VEHICLE STRUCK PEDALCYCLIST, FRONT END AT ANGLE",05224011,10083,0,2,Injury Collision,,45,Bicycle,Matched,0,1,Overcast,0,"(47.63185406600007, -122.34228516499996)",0,0,N,05-342323
51291,41895,41895,Intersection,Cycles,0,,,0,,10/14/2005 12:00:00 AM +0000,10/14/2005 9:15:00 AM,1,27018,At Intersection (intersection related),Daylight,FREMONT WAY N AND N 38TH ST,0,1,,2,2020694,Dry,23,"MOTOR VEHICLE STRUCK PEDALCYCLIST, LEFT SIDE SIDESWIPE",05287009,10570,0,2,Injury Collision,,45,Bicycle,Matched,0,1,Clear or Partly Cloudy,0,"(47.65272750400004, -122.34858898399995)",0,0,N,05-440769
51540,41841,41841,Block,Cycles,314.5,,,0,,08/18/2005 12:00:00 AM +0000,8/18/2005 12:13:00 PM,1,,Mid-Block (not related to intersection),Daylight,PHINNEY AVE N BETWEEN N 65TH ST AND N 67TH S ST,0,1,,2,2025365,Dry,56,PEDALCYCLIST STRUCK MOTOR VEHICLE LEFT SIDE SIDESWIPE,05230002,12160,0,2,Injury Collision,,45,Bicycle,Matched,0,1,Clear or Partly Cloudy,0,"(47.67688282300003, -122.35435822)",0,0,N,05-351996
51573,41304,41304,Intersection,Cycles,0,,,0,,07/14/2005 12:00:00 AM +0000,7/14/2005 8:00:00 PM,1,29563,At Intersection (intersection related),Daylight,3RD AVE AND VIRGINIA ST,0,1,Y,2,2023714,Dry,18,"MOTOR VEHICLE STRUCK PEDALCYCLIST, FRONT END AT ANGLE",05195024,4387,0,2,Injury Collision,,45,Bicycle,Matched,0,1,Clear or Partly Cloudy,0,"(47.61239802600005, -122.34089245499996)",0,0,N,50295948
51643,41292,41292,Intersection,Cycles,0,,,0,,09/22/2005 12:00:00 AM +0000,9/22/2005 6:00:00 PM,1,24229,At Intersection (intersection related),Dusk,GREEN LAKE DR N AND N 80TH ST,0,1,,2,C657497,Dry,11,"MOTOR VEHICLE STRUCK MOTOR VEHICLE, FRONT END AT ANGLE",05265048,10682,0,2,Injury Collision,,45,Bicycle,Matched,0,1,Clear or Partly Cloudy,0,"(47.68692953900006, -122.34045581899994)",0,0,N,
51693,41667,41667,Intersection,Cycles,0,,,0,,08/02/2005 12:00:00 AM +0000,8/2/2005,1,27394,At Intersection (intersection related),Daylight,40TH AVE NE AND NE 45TH ST,0,1,Y,2,2023343,Dry,18,"MOTOR VEHICLE STRUCK PEDALCYCLIST, FRONT END AT ANGLE",05214003,6308,1,2b,Serious Injury Collision,,45,Bicycle,Matched,0,1,Clear or Partly Cloudy,0,"(47.66126550400003, -122.28475410699997)",0,0,N,5326299
51964,41606,41606,Block,Cycles,193.5,,,0,,06/14/2005 12:00:00 AM +0000,6/14/2005 5:30:00 PM,1,,Mid-Block (not related to intersection),Daylight,28TH AVE S BETWEEN S MAIN W ST AND S JACKSON ST,0,1,,2,2019603,Dry,23,"MOTOR VEHICLE STRUCK PEDALCYCLIST, LEFT SIDE SIDESWIPE",05165031,4178,1,2b,Serious Injury Collision,,45,Bicycle,Matched,0,1,Clear or Partly Cloudy,0,"(47.59975139900007, -122.29621908999997)",0,0,N,5246853
51981,41588,41588,Block,Cycles,161,,,0,,07/26/2005 12:00:00 AM +0000,7/26/2005 9:51:00 AM,1,,Mid-Block (not related to intersection),Daylight,E PINE ST BETWEEN 12TH AVE AND 13TH AVE,0,1,,2,2019934,Dry,18,"MOTOR VEHICLE STRUCK PEDALCYCLIST, FRONT END AT ANGLE",05207035,14638,0,2,Injury Collision,,45,Bicycle,Matched,0,1,Clear or Partly Cloudy,0,"(47.61526838700007, -122.31620339799997)",0,0,N,05-313982
52004,41582,41582,Intersection,Cycles,0,,,0,,05/06/2005 12:00:00 AM +0000,5/6/2005,0,31949,At Intersection (intersection related),Daylight,49TH AVE SW AND SW SPOKANE ST,0,1,,2,1789471,Dry,18,"MOTOR VEHICLE STRUCK PEDALCYCLIST, FRONT END AT ANGLE",05126010,7203,0,1,Property Damage Only Collision,,45,Bicycle,Matched,0,1,Clear or Partly Cloudy,0,"(47.57209456500004, -122.39474694499995)",0,0,N,05-185590
52031,41572,41572,Intersection,Cycles,0,,,0,,11/04/2005 12:00:00 AM +0000,11/4/2005,1,36052,At Intersection (intersection related),Daylight,LAKE CITY WAY NE AND NE 130TH ST,0,1,,2,2060982,Wet,18,"MOTOR VEHICLE STRUCK PEDALCYCLIST, FRONT END AT ANGLE",05308003,11185,0,2,Injury Collision,,45,Bicycle,Matched,0,1,Raining,0,"(47.722899066000025, -122.29319374499994)",0,0,N,05-4726989
52157,41150,41150,Intersection,Cycles,0,,,0,,08/29/2005 12:00:00 AM +0000,8/29/2005 12:56:00 PM,1,29177,At Intersection (intersection related),Daylight,E HOWELL ST AND E OLIVE WAY,0,1,,2,1799172,Dry,18,"MOTOR VEHICLE STRUCK PEDALCYCLIST, FRONT END AT ANGLE",05241019,14170,0,2,Injury Collision,,45,Bicycle,Matched,0,1,Clear or Partly Cloudy,0,"(47.61773646800003, -122.32625385499995)",0,0,N,05-369685
52195,41022,41022,Intersection,Cycles,0,,,0,,05/26/2005 12:00:00 AM +0000,5/26/2005 7:40:00 PM,1,31082,At Intersection (intersection related),Daylight,CALIFORNIA AVE SW AND SW LANDER ST,0,1,Y,2,1077028,Dry,18,"MOTOR VEHICLE STRUCK PEDALCYCLIST, FRONT END AT ANGLE",05146009,9541,0,2,Injury Collision,,45,Bicycle,Matched,0,1,Clear or Partly Cloudy,0,"(47.57931014500008, -122.386621376)",0,0,N,50216577
52246,40871,40871,Block,Cycles,161,,,0,,10/26/2005 12:00:00 AM +0000,10/26/2005 7:16:00 AM,1,,Driveway Junction,Dawn,S JACKSON ST BETWEEN 5TH AVE S AND 6TH AVE S,0,1,,2,2191767,Wet,18,"MOTOR VEHICLE STRUCK PEDALCYCLIST, FRONT END AT ANGLE",05299009,20488,0,2,Injury Collision,,45,Bicycle,Matched,0,1,Overcast,0,"(47.59919384500006, -122.32701578199999)",0,0,N,05-458751
52359,41102,41102,Intersection,Cycles,0,,,0,,05/02/2005 12:00:00 AM +0000,5/2/2005,1,29697,At Intersection (intersection related),Daylight,ELLIOTT AVE AND WALL ST,0,1,Y,0,880613,Dry,18,"MOTOR VEHICLE STRUCK PEDALCYCLIST, FRONT END AT ANGLE",05122006,10205,0,2,Injury Collision,,45,Bicycle,Matched,0,1,Clear or Partly Cloudy,0,"(47.61336696300003, -122.35046554699994)",0,0,N,05-178750
52385,40837,40837,Intersection,Cycles,0,,,0,Y,04/28/2005 12:00:00 AM +0000,4/28/2005 2:14:00 PM,1,35472,At Intersection (intersection related),Daylight,51ST AVE S AND S ROXBURY ST,0,1,Y,2,1779522,Dry,18,"MOTOR VEHICLE STRUCK PEDALCYCLIST, FRONT END AT ANGLE",05118030,7530,0,2,Injury Collision,,45,Bicycle,Matched,0,1,Clear or Partly Cloudy,0,"(47.51685113700006, -122.27002476599995)",0,0,N,05 173001
52393,40971,40971,Block,Cycles,145.5,,,0,Y,05/22/2005 12:00:00 AM +0000,5/22/2005 5:43:00 AM,1,,Mid-Block (not related to intersection),Daylight,N 85TH ST BETWEEN ASHWORTH AVE N AND DENSMORE AVE N,0,1,,2,2022392,Dry,55,PEDALCYCLIST STRUCK MOTOR VEHICLE RIGHT SIDE SIDESWIPE,05142016,15963,0,2,Injury Collision,,45,Bicycle,Matched,0,1,Clear or Partly Cloudy,0,"(47.690517026000066, -122.33854571699999)",0,0,N,05-209392
52397,40969,40969,Intersection,Cycles,0,,,0,,12/23/2005 12:00:00 AM +0000,12/23/2005 3:05:00 PM,1,30367,At Intersection (intersection related),Daylight,ALASKAN WAY S AND S KING ST,0,1,,2,2190701,Wet,18,"MOTOR VEHICLE STRUCK PEDALCYCLIST, FRONT END AT ANGLE",05357010,8739,0,2,Injury Collision,,45,Bicycle,Matched,0,1,Raining,0,"(47.59829223200006, -122.33590723199995)",0,0,N,05-542635
52490,41206,41206,Intersection,Cycles,0,,,0,,01/03/2005 12:00:00 AM +0000,1/3/2005,1,28379,At Intersection (intersection related),Daylight,24TH AVE E AND INTERLAKEN PL E,0,1,Y,2,1795868,Dry,18,"MOTOR VEHICLE STRUCK PEDALCYCLIST, FRONT END AT ANGLE",05003003,3547,1,2b,Serious Injury Collision,,45,Bicycle,Matched,0,1,Clear or Partly Cloudy,0,"(47.63359430400004, -122.30159187399994)",0,0,N,05-003141
52539,41199,41199,Intersection,Cycles,0,,,0,,02/18/2005 12:00:00 AM +0000,2/18/2005 12:44:00 PM,1,27153,At Intersection (intersection related),Daylight,EASTLAKE AVE E AND FUHRMAN AVE E,0,1,Y,2,1797016,Dry,18,"MOTOR VEHICLE STRUCK PEDALCYCLIST, FRONT END AT ANGLE",05049003,10579,0,2,Injury Collision,,45,Bicycle,Matched,0,1,Clear or Partly Cloudy,0,"(47.65157827200005, -122.32127525699997)",0,0,N,5071925
52549,40924,40924,Intersection,Cycles,0,,,0,,08/05/2005 12:00:00 AM +0000,8/5/2005,1,287173,At Intersection (intersection related),Daylight,BURKE GILMAN TRL AND NE 77TH ST,0,1,,4,2020392,Dry,18,"MOTOR VEHICLE STRUCK PEDALCYCLIST, FRONT END AT ANGLE",05217008,,0,2,Injury Collision,,45,Bicycle,Matched,0,1,Clear or Partly Cloudy,0,,0,0,N,05-330741
52713,40624,40624,Intersection,Cycles,0,,,0,,06/17/2005 12:00:00 AM +0000,6/17/2005 2:34:00 PM,1,28392,At Intersection (intersection related),Daylight,22ND AVE E AND EAST MONTLAKE PL E,0,1,,2,2019751,Dry,18,"MOTOR VEHICLE STRUCK PEDALCYCLIST, FRONT END AT ANGLE",05168008,14518,0,2,Injury Collision,,45,Bicycle,Matched,0,1,Clear or Partly Cloudy,0,"(47.643699662000074, -122.30381996299997)",0,0,N,05 251652
52761,40218,40218,Block,Cycles,161,,,0,,10/22/2005 12:00:00 AM +0000,10/22/2005 6:19:00 PM,1,,Mid-Block (but intersection related),Dark - Street Lights On,PINE ST BETWEEN 9TH AVE AND TERRY AVE,0,1,,2,2191751,Dry,55,PEDALCYCLIST STRUCK MOTOR VEHICLE RIGHT SIDE SIDESWIPE,05295002,12222,0,2,Injury Collision,,45,Bicycle,Matched,0,1,Clear or Partly Cloudy,0,"(47.61375947400006, -122.331488579)",0,0,N,05-453521
52778,40356,40356,Intersection,Cycles,0,,,0,,05/21/2005 12:00:00 AM +0000,5/21/2005 9:06:00 AM,1,29592,At Intersection (intersection related),Daylight,2ND AVE AND PIKE ST,0,1,,4,1932931,Dry,18,"MOTOR VEHICLE STRUCK PEDALCYCLIST, FRONT END AT ANGLE",05141034,2758,0,2,Injury Collision,,45,Bicycle,Matched,0,1,Clear or Partly Cloudy,0,"(47.60928514300008, -122.33890369399995)",0,0,N,05-207947
52785,40224,40224,Intersection,Cycles,0,,,0,,01/26/2005 12:00:00 AM +0000,1/26/2005 5:15:00 PM,1,37471,At Intersection (intersection related),Dark - Street Lights On,ROOSEVELT WAY NE AND NE 104TH ST,0,1,Y,2,1931061,Wet,18,"MOTOR VEHICLE STRUCK PEDALCYCLIST, FRONT END AT ANGLE",05026004,12650,0,2,Injury Collision,,45,Bicycle,Matched,0,1,Raining,0,"(47.70401196200004, -122.31777236399995)",0,0,N,05-037202
52854,40201,40201,Intersection,Cycles,0,,,0,,08/19/2005 12:00:00 AM +0000,8/19/2005 8:11:00 AM,1,28710,At Intersection (intersection related),Daylight,DEXTER AVE N AND GALER ST,0,1,Y,2,2024159,Dry,18,"MOTOR VEHICLE STRUCK PEDALCYCLIST, FRONT END AT ANGLE",05231004,10084,0,2,Injury Collision,,45,Bicycle,Matched,0,1,Clear or Partly Cloudy,0,"(47.63230008700003, -122.342281389)",0,0,N,05 353293
52900,40196,40196,Block,Cycles,160.5,,,0,,01/20/2005 12:00:00 AM +0000,1/20/2005 1:00:00 PM,1,,Mid-Block (not related to intersection),Daylight,S JACKSON ST BETWEEN 2ND AVE S AND 3RD AVE S,0,1,,2,1060160,Unknown,23,"MOTOR VEHICLE STRUCK PEDALCYCLIST, LEFT SIDE SIDESWIPE",05020025,20484,0,2,Injury Collision,,45,Bicycle,Matched,0,1,Overcast,0,"(47.59919974400003, -122.33092876799998)",0,0,N,5027675
52914,40705,40705,Intersection,Cycles,0,,,0,,09/22/2005 12:00:00 AM +0000,9/22/2005 3:49:00 PM,0,27142,At Intersection (intersection related),Daylight,UNIVERSITY WAY NE AND NE CAMPUS EB PY,0,1,,2,2019958,Dry,51,PEDALCYCLIST STRUCK MOTOR VEHICLE FRONT END AT ANGLE,05265009,13217,0,1,Property Damage Only Collision,,45,Bicycle,Matched,0,1,Clear or Partly Cloudy,0,"(47.65598766700003, -122.31326821399995)",0,0,N,05 407142
52930,40422,40422,Intersection,Cycles,0,,,0,,02/03/2005 12:00:00 AM +0000,2/3/2005,1,33982,At Intersection (intersection related),Daylight,26TH AVE SW AND SW HOLDEN ST,0,1,Y,3,1781718,Dry,18,"MOTOR VEHICLE STRUCK PEDALCYCLIST, FRONT END AT ANGLE",05034001,3953,0,2,Injury Collision,,45,Bicycle,Matched,0,1,Clear or Partly Cloudy,0,"(47.53370317000008, -122.36581643)",0,0,N,05-049148
52941,40440,40440,Intersection,Cycles,0,,,0,,04/09/2005 12:00:00 AM +0000,4/9/2005,1,32516,At Intersection (intersection related),Daylight,BEACON AVE S AND S HORTON ST,0,1,Y,3,1774900,Dry,18,"MOTOR VEHICLE STRUCK PEDALCYCLIST, FRONT END AT ANGLE",05099015,9124,0,2,Injury Collision,,45,Bicycle,Matched,0,1,Clear or Partly Cloudy,0,"(47.57404819100003, -122.30889945099995)",0,0,N,05-144962
52990,40298,40298,Intersection,Cycles,0,,,0,,08/29/2005 12:00:00 AM +0000,8/29/2005 10:33:00 PM,1,29181,At Intersection (intersection related),Dark - Street Lights On,SUMMIT AVE AND E HOWELL W ST,0,1,Y,2,2019640,Dry,51,PEDALCYCLIST STRUCK MOTOR VEHICLE FRONT END AT ANGLE,05241043,14171,0,2,Injury Collision,,45,Bicycle,Matched,0,1,Clear or Partly Cloudy,0,"(47.61773949900004, -122.32556151999995)",0,0,N,05-370450
53070,40540,40540,Intersection,Cycles,0,,,0,,06/10/2005 12:00:00 AM +0000,6/10/2005 8:45:00 AM,0,25540,At Intersection (intersection related),Daylight,GREEN LAKE WAY N AND STONE AVE N,0,1,Y,2,1792975,Dry,18,"MOTOR VEHICLE STRUCK PEDALCYCLIST, FRONT END AT ANGLE",05161015,10691,0,1,Property Damage Only Collision,,45,Bicycle,Matched,0,1,Unknown,0,"(47.66412708100006, -122.34209293999999)",0,0,N,05-239928
53071,40539,40539,Block,Cycles,166.5,,,0,,06/10/2005 12:00:00 AM +0000,6/10/2005 5:11:00 PM,1,,Mid-Block (not related to intersection),Daylight,2ND AV ET S BETWEEN S JACKSON ST AND S MAIN ST,0,1,Y,2,1933671,Dry,21,"MOTOR VEHICLE STRUCK PEDALCYCLIST, REAR END",05161008,2924,0,2,Injury Collision,,45,Bicycle,Matched,0,1,Clear or Partly Cloudy,0,"(47.59959343600008, -122.33000949799998)",0,0,N,05 240563
53091,40524,40524,Block,Cycles,71,,,0,,09/08/2005 12:00:00 AM +0000,9/8/2005,0,,Driveway Junction,Daylight,NE 43RD ST BETWEEN 12TH AVE NE AND DEAD END 1,0,1,,2,C657844,Dry,51,PEDALCYCLIST STRUCK MOTOR VEHICLE FRONT END AT ANGLE,05251041,16811,0,1,Property Damage Only Collision,,45,Bicycle,Matched,0,1,Clear or Partly Cloudy,0,"(47.659816085000045, -122.31519386299999)",0,0,N,
53211,39850,39850,Block,Cycles,166.5,,,0,Y,06/13/2005 12:00:00 AM +0000,6/13/2005 6:32:00 PM,2,,Mid-Block (not related to intersection),Daylight,AURORA AVE N BETWEEN N 67TH ST AND N 68TH ST,0,1,,2,2020489,Dry,21,"MOTOR VEHICLE STRUCK PEDALCYCLIST, REAR END",05164001,8943,0,2,Injury Collision,,45,Bicycle,Matched,0,1,Clear or Partly Cloudy,0,"(47.67822737400007, -122.34557166399998)",0,0,N,05 245307
53271,39703,39703,Block,Cycles,349,,,0,,05/14/2005 12:00:00 AM +0000,5/14/2005 6:03:00 PM,1,,Mid-Block (not related to intersection),Daylight,FAUNTLEROY WAY SW BETWEEN SW CLOVERDALE ST AND SW TRENTON ST,0,1,,4,2025052,Dry,23,"MOTOR VEHICLE STRUCK PEDALCYCLIST, LEFT SIDE SIDESWIPE",05134014,10419,0,2,Injury Collision,,45,Bicycle,Matched,0,1,Overcast,0,"(47.52582796300004, -122.39276747399998)",0,0,N,05-197880
53339,40070,40070,Intersection,Cycles,0,,,0,Y,01/25/2005 12:00:00 AM +0000,1/25/2005 5:10:00 PM,0,30352,At Intersection (intersection related),Dusk,COLUMBIA ST AND WESTERN AVE,0,1,,5,1784671,Dry,18,"MOTOR VEHICLE STRUCK PEDALCYCLIST, FRONT END AT ANGLE",05025008,9726,0,1,Property Damage Only Collision,,45,Bicycle,Matched,0,1,Overcast,0,"(47.60280436600004, -122.33604388999998)",0,0,N,05-35655
53342,39938,39938,Intersection,Cycles,0,,,0,,12/02/2005 12:00:00 AM +0000,12/2/2005,1,33795,At Intersection (intersection related),Dusk,CALIFORNIA AVE SW AND SW OTHELLO N ST,0,1,,2,2060359,Wet,18,"MOTOR VEHICLE STRUCK PEDALCYCLIST, FRONT END AT ANGLE",05336005,6783,0,2,Injury Collision,,45,Bicycle,Matched,0,1,Overcast,0,"(47.53853286900005, -122.38728399799999)",0,0,N,05 513282
53393,39931,39931,Intersection,Cycles,0,,,0,,08/15/2005 12:00:00 AM +0000,8/15/2005 5:42:00 PM,1,25773,At Intersection (intersection related),Daylight,9TH AVE NE AND NE 53RD ST,0,1,Y,2,2020769,Dry,18,"MOTOR VEHICLE STRUCK PEDALCYCLIST, FRONT END AT ANGLE",05227011,8545,0,2,Injury Collision,,45,Bicycle,Matched,0,1,Clear or Partly Cloudy,0,"(47.66711366000004, -122.31841424399994)",0,0,N,5347718
53401,39925,39925,Block,Cycles,213,,,0,Y,06/01/2005 12:00:00 AM +0000,6/1/2005,1,,Driveway Junction,Daylight,10TH AVE E BETWEEN E DENNY WAY AND E JOHN ST,0,1,Y,2,2019504,Wet,18,"MOTOR VEHICLE STRUCK PEDALCYCLIST, FRONT END AT ANGLE",05152027,1197,0,2,Injury Collision,,45,Bicycle,Matched,0,1,Raining,0,"(47.619331884000076, -122.31952989999996)",0,0,N,05-225151
53450,39912,39912,Block,Cycles,42,,,0,,06/15/2005 12:00:00 AM +0000,6/15/2005 8:22:00 PM,1,,Mid-Block (not related to intersection),Dusk,NW MARKET ST BETWEEN 5TH AVE NW AND 6TH E AVE NW,0,1,,2,1796681,Dry,18,"MOTOR VEHICLE STRUCK PEDALCYCLIST, FRONT END AT ANGLE",05166020,19219,0,2,Injury Collision,,45,Bicycle,Matched,0,1,Clear or Partly Cloudy,0,"(47.66865021600006, -122.36310816799994)",0,0,N,5248820
53478,39773,39773,Intersection,Cycles,0,,,0,,10/31/2005 12:00:00 AM +0000,10/31/2005 5:43:00 PM,1,27044,At Intersection (intersection related),Dark - Street Lights On,DRAVUS ST AND NICKERSON ST,0,1,Y,2,2108856,Wet,21,"MOTOR VEHICLE STRUCK PEDALCYCLIST, REAR END",05304009,11968,0,2,Injury Collision,,45,Bicycle,Matched,0,1,Raining,0,"(47.64865710400005, -122.35524468599999)",0,0,N,05 457211
53543,40160,40160,Intersection,Cycles,0,,,0,,03/21/2005 12:00:00 AM +0000,3/21/2005 8:59:00 PM,1,25435,At Intersection (intersection related),Dark - No Street Lights,11TH AVE NW AND NW 52ND ST,0,1,,2,1796555,Dry,18,"MOTOR VEHICLE STRUCK PEDALCYCLIST, FRONT END AT ANGLE",05080022,1434,0,2,Injury Collision,,45,Bicycle,Matched,0,1,Clear or Partly Cloudy,0,"(47.666426071000046, -122.37076266999998)",0,0,N,05-118409
53650,39864,39864,Intersection,Cycles,0,,,0,,10/03/2005 12:00:00 AM +0000,10/3/2005,2,27167,At Intersection (intersection related),Daylight,UNIVERSITY WAY NE AND NE PACIFIC ST,0,1,Y,2,2061059,Dry,18,"MOTOR VEHICLE STRUCK PEDALCYCLIST, FRONT END AT ANGLE",05276035,13215,0,2,Injury Collision,,45,Bicycle,Matched,0,1,Clear or Partly Cloudy,0,"(47.65339944100003, -122.31333457599999)",0,0,N,05 424374
53654,40005,40005,Intersection,Cycles,0,,,0,,08/20/2005 12:00:00 AM +0000,8/20/2005 2:14:00 PM,1,28045,At Intersection (intersection related),Daylight,4TH AVE N AND FREMONT BR,0,1,,2,1069301,Dry,18,"MOTOR VEHICLE STRUCK PEDALCYCLIST, FRONT END AT ANGLE",05232006,10562,0,2,Injury Collision,,45,Bicycle,Matched,0,1,Clear or Partly Cloudy,0,"(47.64687975500004, -122.34975371399997)",0,0,N,05-355388
53757,39189,39189,Intersection,Cycles,0,,,0,,12/24/2005 12:00:00 AM +0000,12/24/2005 12:26:00 AM,1,29168,At Intersection (intersection related),Dark - Street Lights On,DENNY WAY AND STEWART ST,0,1,,2,2192027,Wet,51,PEDALCYCLIST STRUCK MOTOR VEHICLE FRONT END AT ANGLE,05358006,10023,0,2,Injury Collision,,45,Bicycle,Matched,0,1,Raining,0,"(47.61849175700007, -122.33072296099999)",0,0,N,05-543291
53760,39186,39186,Block,Cycles,213,,,0,,06/09/2005 12:00:00 AM +0000,6/9/2005,1,,Mid-Block (but intersection related),Daylight,DENSMORE AVE N BETWEEN N NORTHLAKE WAY AND N 34TH ST,0,1,,2,1794975,Dry,18,"MOTOR VEHICLE STRUCK PEDALCYCLIST, FRONT END AT ANGLE",05160020,10025,0,2,Injury Collision,,45,Bicycle,Matched,0,1,Clear or Partly Cloudy,0,"(47.64746661600003, -122.33755010899995)",0,0,N,5238204
53767,39305,39305,Intersection,Cycles,0,,,0,,09/17/2005 12:00:00 AM +0000,9/17/2005 7:08:00 PM,1,24494,At Intersection (intersection related),Dusk,OSWEGO PL NE AND NE 65TH ST,0,1,,2,1793946,Dry,18,"MOTOR VEHICLE STRUCK PEDALCYCLIST, FRONT END AT ANGLE",05260003,12064,0,2,Injury Collision,,45,Bicycle,Matched,0,1,Clear or Partly Cloudy,0,"(47.67586264500005, -122.32130097799995)",0,0,N,5399682
53800,39549,39549,Intersection,Cycles,0,,,0,,09/22/2005 12:00:00 AM +0000,9/22/2005 5:14:00 PM,1,30482,At Intersection (intersection related),Daylight,2ND AVE AND JAMES ST,1,1,Y,2,1933268,Dry,64,PEDALCYCLIST STRUCK PEDESTRIAN,05265012,2749,0,2,Injury Collision,,45,Bicycle,Matched,0,0,Clear or Partly Cloudy,0,"(47.60230560100007, -122.33251943999994)",0,0,N,05-407281
53829,39423,39423,Block,Cycles,132,,,0,,08/10/2005 12:00:00 AM +0000,8/10/2005 11:29:00 PM,1,,Driveway Junction,Dark - Street Lights On,NE 45TH ST BETWEEN 2ND AVE NE AND THACKERAY PL NE,0,1,Y,5,2026628,Dry,18,"MOTOR VEHICLE STRUCK PEDALCYCLIST, FRONT END AT ANGLE",05222011,16839,0,2,Injury Collision,,45,Bicycle,Matched,0,1,Clear or Partly Cloudy,0,"(47.66135208600008, -122.32671661299997)",0,0,N,05-340367