OBJECTID,INCKEY,COLDETKEY,ADDRTYPE,COLLISIONTYPE,DISTANCE,EXCEPTRSNCODE,EXCEPTRSNDESC,FATALITIES,INATTENTIONIND,INCDATE,INCDTTM,INJURIES,INTKEY,JUNCTIONTYPE,LIGHTCOND,LOCATION,PEDCOUNT,PEDCYLCOUNT,PEDROWNOTGRNT,PERSONCOUNT,REPORTNO,ROADCOND,SDOT_COLCODE,SDOT_COLDESC,SDOTCOLNUM,SEGKEY,SERIOUSINJURIES,SEVERITYCODE,SEVERITYDESC,SPEEDING,ST_COLCODE,ST_COLDESC,STATUS,UNDERINFL,VEHCOUNT,WEATHER,WIDTH,Shape,SEGLANEKEY,CROSSWALKKEY,HITPARKEDCAR,SPDCASENO
53836,39298,39298,Block,Cycles,1355,,,0,,05/26/2005 12:00:00 AM +0000,5/26/2005 10:14:00 AM,1,,Mid-Block (not related to intersection),Daylight,INTERLAKEN DR E BETWEEN E GALER ST AND E INTERLAKEN BLVD,0,1,,3,2028411,Dry,51,PEDALCYCLIST STRUCK MOTOR VEHICLE FRONT END AT ANGLE,05146006,11030,0,2,Injury Collision,,45,Bicycle,Matched,0,1,Clear or Partly Cloudy,0,"(47.635420185000044, -122.30783441999995)",0,0,N,05-215797
53882,39148,39148,Block,Cycles,524,,,0,,09/07/2005 12:00:00 AM +0000,9/7/2005,1,,Driveway Junction,Dusk,WESTLAKE EAST RDWY AVE N BETWEEN MCGRAW ST AND HALLADAY ST,0,1,,2,C655955,Dry,18,"MOTOR VEHICLE STRUCK PEDALCYCLIST, FRONT END AT ANGLE",05250048,13555,0,2,Injury Collision,,45,Bicycle,Matched,0,1,Clear or Partly Cloudy,0,"(47.640974526000036, -122.34232178799999)",0,0,N,
53942,39387,39387,Block,Cycles,304,,,0,,11/15/2005 12:00:00 AM +0000,11/15/2005 4:38:00 PM,1,,Mid-Block (not related to intersection),Daylight,ALASKAN WAY BETWEEN VINE ST AND CLAY ST,0,1,,2,1059874,Dry,18,"MOTOR VEHICLE STRUCK PEDALCYCLIST, FRONT END AT ANGLE",05319003,8732,0,2,Injury Collision,,45,Bicycle,Matched,1,1,Clear or Partly Cloudy,0,"(47.61388302300003, -122.35309719799994)",0,0,N,05-489607
53983,39251,39251,Block,Cycles,433,,,0,,04/07/2005 12:00:00 AM +0000,4/7/2005,1,,Driveway Junction,Dusk,SAND POINT WAY NE BETWEEN NE 45TH ST AND 40TH AVE NE,0,1,Y,2,2020676,Wet,18,"MOTOR VEHICLE STRUCK PEDALCYCLIST, FRONT END AT ANGLE",05097011,12704,0,2,Injury Collision,,45,Bicycle,Matched,0,1,Clear or Partly Cloudy,0,"(47.662062003000074, -122.28579907199997)",0,0,N,05-142300
53988,39383,39383,Intersection,Cycles,0,,,0,,08/24/2005 12:00:00 AM +0000,8/24/2005 5:08:00 PM,1,27024,At Intersection (intersection related),Daylight,PHINNEY AVE N AND N 36TH ST,0,1,,3,2025671,Dry,18,"MOTOR VEHICLE STRUCK PEDALCYCLIST, FRONT END AT ANGLE",05236002,12132,0,2,Injury Collision,,45,Bicycle,Matched,0,1,Clear or Partly Cloudy,0,"(47.65224596300004, -122.35447474499995)",0,0,N,05-361841
54007,39373,39373,Block,Cycles,213,,,0,Y,04/27/2005 12:00:00 AM +0000,4/27/2005 6:47:00 AM,1,,Mid-Block (but intersection related),Daylight,6TH AVE BETWEEN UNIVERSITY ST AND UNION ST,0,1,,2,1783584,Dry,24,MOTOR VEHCILE STRUCK PEDESTRIAN,05117007,7880,1,2b,Serious Injury Collision,,45,Bicycle,Matched,0,1,Overcast,0,"(47.609653871000035, -122.33309704899995)",0,0,N,05-170905
54059,39630,39630,Intersection,Cycles,0,,,0,,09/10/2005 12:00:00 AM +0000,9/10/2005 4:38:00 PM,0,29538,At Intersection (intersection related),Daylight,9TH AVE AND STEWART ST,0,1,Y,2,1776919,Dry,18,"MOTOR VEHICLE STRUCK PEDALCYCLIST, FRONT END AT ANGLE",05253010,8524,0,1,Property Damage Only Collision,,45,Bicycle,Matched,0,1,Clear or Partly Cloudy,0,"(47.61561648000003, -122.33443632099994)",0,0,N,05 388794
54061,39628,39628,Alley,Cycles,,,,0,,06/14/2005 12:00:00 AM +0000,6/14/2005 6:44:00 PM,1,,,Daylight,,0,1,,2,2024779,Dry,00,NOT ENOUGH INFORMATION / NOT APPLICABLE,05165032,,0,2,Injury Collision,,45,Bicycle,Matched,0,1,Clear or Partly Cloudy,0,,0,0,N,05 246915
54073,39353,39353,Intersection,Cycles,0,,,0,,02/20/2005 12:00:00 AM +0000,2/20/2005 2:13:00 PM,1,32690,At Intersection (intersection related),Daylight,RAINIER AVE S AND S ANDOVER ST,0,1,Y,2,1791205,Dry,18,"MOTOR VEHICLE STRUCK PEDALCYCLIST, FRONT END AT ANGLE",05051003,12378,0,2,Injury Collision,,45,Bicycle,Matched,0,1,Clear or Partly Cloudy,0,"(47.56794837500007, -122.28924364199997)",0,0,N,05-074859
54122,39612,39612,Block,Cycles,129.5,,,0,,07/26/2005 12:00:00 AM +0000,7/26/2005 5:46:00 PM,1,,Mid-Block (but intersection related),Daylight,E HARRISON ST BETWEEN 12TH AVE E AND 13TH AVE E,0,1,,2,1787323,Dry,51,PEDALCYCLIST STRUCK MOTOR VEHICLE FRONT END AT ANGLE,05207022,14109,0,2,Injury Collision,,45,Bicycle,Matched,0,1,Clear or Partly Cloudy,0,"(47.621962960000076, -122.31624992999997)",0,0,N,50314612
54141,39476,39476,Block,Cycles,263.5,,,0,,07/12/2005 12:00:00 AM +0000,7/12/2005 7:49:00 AM,1,,Mid-Block (not related to intersection),Daylight,LAKESIDE AVE BETWEEN E YESLER WAY AND LAKE WASHINGTON BLVD,0,1,,2,1797282,Dry,23,"MOTOR VEHICLE STRUCK PEDALCYCLIST, LEFT SIDE SIDESWIPE",05193003,11252,0,2,Injury Collision,,45,Bicycle,Matched,0,1,Clear or Partly Cloudy,0,"(47.602350311000066, -122.28497101999994)",0,0,N,05-291963
54150,39465,39465,Block,Cycles,332,,,0,,10/22/2005 12:00:00 AM +0000,10/22/2005 9:30:00 AM,1,,Driveway Junction,Daylight,35TH AVE SW BETWEEN SW GRAHAM ST AND SW MORGAN ST,0,1,Y,2,2024914,Dry,18,"MOTOR VEHICLE STRUCK PEDALCYCLIST, FRONT END AT ANGLE",05295007,5461,1,2b,Serious Injury Collision,,45,Bicycle,Matched,0,1,Clear or Partly Cloudy,0,"(47.54559464600004, -122.37642253899998)",0,0,N,5452940
54182,39215,39215,Block,Cycles,162,,,0,,09/01/2005 12:00:00 AM +0000,9/1/2005,1,,Driveway Junction,Daylight,DEXTER AVE N BETWEEN LEE ST AND GALER ST,0,1,Y,2,2024424,Dry,18,"MOTOR VEHICLE STRUCK PEDALCYCLIST, FRONT END AT ANGLE",05244007,10083,1,2b,Serious Injury Collision,,45,Bicycle,Matched,0,1,Clear or Partly Cloudy,0,"(47.63185406600007, -122.34228516499996)",0,0,N,5374285
54249,38795,38795,Intersection,Cycles,0,,,0,,03/02/2005 12:00:00 AM +0000,3/2/2005,1,24245,At Intersection (intersection related),Daylight,STROUD AVE N AND EAST GREEN LAKE DR N,0,1,Y,4,1791712,Dry,18,"MOTOR VEHICLE STRUCK PEDALCYCLIST, FRONT END AT ANGLE",05061010,12974,0,2,Injury Collision,,45,Bicycle,Matched,0,1,Clear or Partly Cloudy,0,"(47.68542320600005, -122.336230194)",0,0,N,05-89958
54449,39140,39140,Intersection,Cycles,0,,,0,,04/16/2005 12:00:00 AM +0000,4/16/2005 7:33:00 PM,1,28915,At Intersection (intersection related),Dark - Street Lights On,4TH AVE N AND MERCER ST,0,1,,3,1059613,Dry,51,PEDALCYCLIST STRUCK MOTOR VEHICLE FRONT END AT ANGLE,05106031,6148,0,2,Injury Collision,,45,Bicycle,Matched,0,1,Clear or Partly Cloudy,0,"(47.624564331000045, -122.34887678099994)",0,0,N,05-155290
54478,39010,39010,Intersection,Cycles,0,,,0,,09/28/2005 12:00:00 AM +0000,9/28/2005 5:15:00 AM,0,29682,At Intersection (intersection related),Dark - Street Lights On,CLAY ST AND WESTERN AVE,0,1,,2,1785024,Dry,18,"MOTOR VEHICLE STRUCK PEDALCYCLIST, FRONT END AT ANGLE",05271043,9683,0,1,Property Damage Only Collision,,45,Bicycle,Matched,0,1,Clear or Partly Cloudy,0,"(47.61568913700006, -122.35240932099998)",0,0,N,05 415802
54580,38843,38843,Block,Cycles,304.5,,,0,,07/04/2005 12:00:00 AM +0000,7/4/2005,1,,Driveway Junction,Daylight,58TH AVE SW BETWEEN SW LANDER W ST AND SW STEVENS ST,0,1,,2,1795660,Dry,51,PEDALCYCLIST STRUCK MOTOR VEHICLE FRONT END AT ANGLE,05185004,7831,0,2,Injury Collision,,45,Bicycle,Matched,0,1,Clear or Partly Cloudy,0,"(47.57859676500004, -122.40668469299999)",0,0,N,50278769
54589,38977,38977,Intersection,Cycles,0,,,0,,04/01/2005 12:00:00 AM +0000,4/1/2005,1,31451,At Intersection (intersection related),Daylight,M L KING JR WAY S AND S WALKER ST,0,1,Y,2,1786398,Dry,18,"MOTOR VEHICLE STRUCK PEDALCYCLIST, FRONT END AT ANGLE",05091035,11516,0,2,Injury Collision,,45,Bicycle,Matched,0,1,Clear or Partly Cloudy,0,"(47.58364221100004, -122.29814456999998)",0,0,N,05 133034
54622,38836,38836,Intersection,Cycles,0,,,0,,09/20/2005 12:00:00 AM +0000,9/20/2005 8:20:00 PM,1,28765,At Intersection (intersection related),Dark - Street Lights On,9TH AVE N AND MERCER SR ST,0,1,Y,2,1792771,Dry,18,"MOTOR VEHICLE STRUCK PEDALCYCLIST, FRONT END AT ANGLE",05263007,11772,0,2,Injury Collision,,45,Bicycle,Matched,0,1,Clear or Partly Cloudy,0,"(47.62454415700006, -122.33974058599995)",0,0,N,05 404454
54704,39081,39081,Intersection,Cycles,0,,,0,,07/09/2005 12:00:00 AM +0000,7/9/2005,1,30995,At Intersection (intersection related),Daylight,CALIFORNIA AVE SW AND SW ATLANTIC ST,0,1,,1,1789475,Dry,28,MOTOR VEHICLE RAN OFF ROAD - HIT FIXED OBJECT,05190037,9532,0,2,Injury Collision,,45,Bicycle,Matched,0,0,Clear or Partly Cloudy,0,"(47.590596436000055, -122.38618323599997)",0,0,N,05-287625
54775,38268,38268,Intersection,Cycles,0,,,0,,01/28/2005 12:00:00 AM +0000,1/28/2005 3:00:00 PM,1,26203,At Intersection (intersection related),Daylight,40TH AVE NE AND NE 58TH ST,0,1,,2,1791803,Dry,18,"MOTOR VEHICLE STRUCK PEDALCYCLIST, FRONT END AT ANGLE",05028015,6317,0,2,Injury Collision,,45,Bicycle,Matched,0,1,Clear or Partly Cloudy,0,"(47.671197025000026, -122.28485295099995)",0,0,N,05-42843
54805,38130,38130,Intersection,Cycles,0,,,0,,09/06/2005 12:00:00 AM +0000,9/6/2005,1,33137,At Intersection (intersection related),Daylight,STANLEY AVE S AND S ALBRO PL,0,1,,2,1076712,Dry,18,"MOTOR VEHICLE STRUCK PEDALCYCLIST, FRONT END AT ANGLE",05249008,12893,0,2,Injury Collision,,45,Bicycle,Matched,0,1,Clear or Partly Cloudy,0,"(47.54699110900003, -122.31491442199996)",0,0,N,05-382484
54927,38486,38486,Block,Cycles,488,,,0,,12/21/2005 12:00:00 AM +0000,12/21/2005 4:30:00 PM,1,,Driveway Junction,Dark - Street Lights On,ELLIOTT AVE W BETWEEN W MERCER ST AND W MERCER PL,0,1,Y,2,2071927,Wet,18,"MOTOR VEHICLE STRUCK PEDALCYCLIST, FRONT END AT ANGLE",05355009,10218,0,2,Injury Collision,,45,Bicycle,Matched,0,1,Raining,0,"(47.625591642000074, -122.36702219799997)",0,0,N,05-539855
54935,38361,38361,Block,Cycles,212.5,,,0,,09/01/2005 12:00:00 AM +0000,9/1/2005,1,,Mid-Block (but intersection related),Daylight,MERIDIAN AVE N BETWEEN N NORTHLAKE WAY AND N 34TH ST,0,1,Y,2,1796499,Dry,18,"MOTOR VEHICLE STRUCK PEDALCYCLIST, FRONT END AT ANGLE",05244009,11780,0,2,Injury Collision,,45,Bicycle,Matched,0,1,Clear or Partly Cloudy,0,"(47.64744824100006, -122.33392032899997)",0,0,N,5374992
54964,38101,38101,Intersection,Cycles,0,,,0,,05/19/2005 12:00:00 AM +0000,5/19/2005 12:33:00 PM,2,24799,At Intersection (intersection related),Daylight,20TH AVE NE AND NE 65TH ST,0,1,Y,3,2025377,Wet,18,"MOTOR VEHICLE STRUCK PEDALCYCLIST, FRONT END AT ANGLE",05139045,2971,0,2,Injury Collision,,45,Bicycle,Matched,0,1,Raining,0,"(47.67577850100008, -122.30651871499998)",0,0,N,5205026
54990,38474,38474,Block,Cycles,132,,,0,,03/13/2005 12:00:00 AM +0000,3/13/2005 2:50:00 PM,1,,Driveway Junction,Daylight,35TH AVE SW BETWEEN SW AUSTIN ST AND SW IDA ST,0,1,Y,2,1198108,Dry,18,"MOTOR VEHICLE STRUCK PEDALCYCLIST, FRONT END AT ANGLE",05072007,5468,0,2,Injury Collision,,45,Bicycle,Matched,0,1,Clear or Partly Cloudy,0,"(47.53445065600005, -122.37661323299994)",0,0,N,5106896
54996,38611,38611,Intersection,Cycles,0,,,0,,07/27/2005 12:00:00 AM +0000,7/27/2005 5:28:00 PM,1,29046,At Intersection (intersection related),Unknown,BROADWAY E AND E THOMAS ST,0,1,Y,2,2020003,Unknown,18,"MOTOR VEHICLE STRUCK PEDALCYCLIST, FRONT END AT ANGLE",05208013,9453,0,2,Injury Collision,,45,Bicycle,Matched,1,1,Unknown,0,"(47.62107587100007, -122.32089166899999)",0,0,N,5316292
55049,38333,38333,Block,Cycles,129,,,0,,10/29/2005 12:00:00 AM +0000,10/29/2005 2:40:00 PM,1,,Mid-Block (not related to intersection),Daylight,GREENWOOD AVE N BETWEEN N 70TH ST AND N 71ST ST,0,1,Y,2,2060807,Dry,18,"MOTOR VEHICLE STRUCK PEDALCYCLIST, FRONT END AT ANGLE",05302006,10736,0,2,Injury Collision,,45,Bicycle,Matched,0,1,Clear or Partly Cloudy,0,"(47.67995859200005, -122.35531640099998)",0,0,N,05 463983
55078,38323,38323,Intersection,Cycles,0,,,0,Y,11/18/2005 12:00:00 AM +0000,11/18/2005 3:41:00 PM,1,32564,At Intersection (intersection related),Daylight,50TH AVE S AND LAKE WASHINGTON BLVD S,0,1,,3,1797688,Dry,18,"MOTOR VEHICLE STRUCK PEDALCYCLIST, FRONT END AT ANGLE",05322051,7438,0,2,Injury Collision,,45,Bicycle,Matched,0,1,Clear or Partly Cloudy,0,"(47.56764903900006, -122.27075425999999)",0,0,N,05-494107
55174,38562,38562,Intersection,Cycles,0,,,0,,05/02/2005 12:00:00 AM +0000,5/2/2005,1,32177,At Intersection (intersection related),Dark - Street Lights On,EAST MARGINAL WAY S AND S SPOKANE NR ST,0,1,,0,876055,Dry,51,PEDALCYCLIST STRUCK MOTOR VEHICLE FRONT END AT ANGLE,05122007,14388,0,2,Injury Collision,,45,Bicycle,Matched,0,1,Clear or Partly Cloudy,0,"(47.57170032700003, -122.33968006899994)",0,0,N,05-178114
55188,37898,37898,Intersection,Cycles,0,,,0,,09/10/2005 12:00:00 AM +0000,9/10/2005 9:55:00 AM,0,30023,At Intersection (intersection related),Daylight,27TH AVE AND E UNION ST,0,1,,2,2028375,Wet,18,"MOTOR VEHICLE STRUCK PEDALCYCLIST, FRONT END AT ANGLE",05253008,3994,0,1,Property Damage Only Collision,,45,Bicycle,Matched,0,1,Raining,0,"(47.61293563000004, -122.29750018199996)",0,0,N,05-388420
55371,37844,37844,Intersection,Cycles,0,,,0,,05/24/2005 12:00:00 AM +0000,5/24/2005 7:30:00 AM,1,28028,At Intersection (intersection related),Daylight,DEXTER AVE N AND GARFIELD N ST,0,1,Y,2,1933201,Dry,18,"MOTOR VEHICLE STRUCK PEDALCYCLIST, FRONT END AT ANGLE",05144023,10086,0,2,Injury Collision,,45,Bicycle,Matched,0,1,Clear or Partly Cloudy,0,"(47.633420201000035, -122.34228296399999)",0,0,N,5212461
55398,37845,37845,Intersection,Cycles,0,,,0,,05/24/2005 12:00:00 AM +0000,5/24/2005 4:05:00 PM,0,37558,At Intersection (intersection related),Daylight,1ST AVE NE AND NE 100TH ST,0,1,,2,2020480,Dry,51,PEDALCYCLIST STRUCK MOTOR VEHICLE FRONT END AT ANGLE,05144026,1094,0,1,Property Damage Only Collision,,45,Bicycle,Matched,0,1,Clear or Partly Cloudy,0,"(47.70136382600003, -122.32850177199998)",0,0,N,05-213051
55404,37586,37586,Intersection,Cycles,0,,,0,,07/19/2005 12:00:00 AM +0000,7/19/2005 10:22:00 PM,1,26775,At Intersection (intersection related),Dark - Street Lights On,15TH AV W SB OFF RP AND W DRAVUS ST,0,1,,2,1059784,Dry,51,PEDALCYCLIST STRUCK MOTOR VEHICLE FRONT END AT ANGLE,05200002,2206,0,2,Injury Collision,,45,Bicycle,Matched,0,1,Clear or Partly Cloudy,0,"(47.64847281700003, -122.37675943099998)",0,0,N,05-304183
55430,37580,37580,Intersection,Cycles,0,,,0,,02/19/2005 12:00:00 AM +0000,2/19/2005 3:02:00 PM,1,30491,At Intersection (intersection related),Daylight,2ND AVE S AND S WASHINGTON ST,0,1,Y,4,1060164,Dry,18,"MOTOR VEHICLE STRUCK PEDALCYCLIST, FRONT END AT ANGLE",05050023,2869,0,2,Injury Collision,,45,Bicycle,Matched,1,1,Clear or Partly Cloudy,0,"(47.60087925200003, -122.33157172899996)",0,0,N,05 073517
55431,37707,37707,Intersection,Cycles,0,,,0,,02/13/2005 12:00:00 AM +0000,2/13/2005 3:13:00 PM,0,27281,At Intersection (intersection related),Daylight,MERIDIAN AVE N AND N NORTHLAKE WAY,0,1,Y,2,1793843,Wet,51,PEDALCYCLIST STRUCK MOTOR VEHICLE FRONT END AT ANGLE,05044002,11780,0,1,Property Damage Only Collision,,45,Bicycle,Matched,0,1,Clear or Partly Cloudy,0,"(47.64686731000006, -122.33392663499995)",0,0,N,564716
55788,37476,37476,Block,Cycles,140,,,0,,03/23/2005 12:00:00 AM +0000,3/23/2005 3:00:00 PM,1,,Driveway Junction,Daylight,NE 50TH ST BETWEEN 15TH AVE NE AND 16TH AVE NE,0,1,Y,3,1773473,Dry,18,"MOTOR VEHICLE STRUCK PEDALCYCLIST, FRONT END AT ANGLE",05082028,16935,0,2,Injury Collision,,45,Bicycle,Matched,0,1,Clear or Partly Cloudy,0,"(47.66488853800007, -122.31137174799994)",0,0,N,5120945
55819,37467,37467,Intersection,Cycles,0,,,0,,10/19/2005 12:00:00 AM +0000,10/19/2005 2:34:00 PM,1,37083,At Intersection (intersection related),Daylight,28TH AVE NW AND NW 85TH ST,0,1,,2,2025241,Dry,51,PEDALCYCLIST STRUCK MOTOR VEHICLE FRONT END AT ANGLE,05292014,4164,0,2,Injury Collision,Y,45,Bicycle,Matched,0,1,Overcast,0,"(47.69057214900005, -122.39300033499995)",0,0,N,05-448603
55833,37089,37089,Block,Cycles,172.5,,,0,,05/17/2005 12:00:00 AM +0000,5/17/2005 5:28:00 PM,1,,Driveway Junction,Daylight,LAKE CITY WAY NE BETWEEN NE 88TH ST AND NE 89TH ST,0,1,Y,2,2025376,Dry,18,"MOTOR VEHICLE STRUCK PEDALCYCLIST, FRONT END AT ANGLE",05137039,11153,1,2b,Serious Injury Collision,,45,Bicycle,Matched,0,1,Clear or Partly Cloudy,0,"(47.692555120000065, -122.30560816399998)",0,0,N,5202394
56059,37415,37415,Block,Cycles,326.5,,,0,Y,03/17/2005 12:00:00 AM +0000,3/17/2005 2:26:00 PM,1,,Mid-Block (not related to intersection),Daylight,WALLINGFORD AVE N BETWEEN N 80TH ST AND N 82ND ST,0,1,,2,1791626,Dry,54,PEDALCYCLIST STRUCK MOTOR VEHICLE REAR END,05076020,13387,0,2,Injury Collision,,45,Bicycle,Matched,0,1,Clear or Partly Cloudy,0,"(47.68781239100008, -122.33641385299995)",0,0,N,05-112497
56137,37259,37259,Intersection,Cycles,0,,,0,,07/26/2005 12:00:00 AM +0000,7/26/2005 5:42:00 PM,1,32695,At Intersection (intersection related),Unknown,RAINIER AVE S AND S DAKOTA ST,0,1,Y,2,1791214,Dry,18,"MOTOR VEHICLE STRUCK PEDALCYCLIST, FRONT END AT ANGLE",05207036,12379,0,2,Injury Collision,,45,Bicycle,Matched,0,1,Unknown,0,"(47.56614568900005, -122.28874784399994)",0,0,N,05-314601
56226,37373,37373,Intersection,Cycles,0,,,0,,02/23/2005 12:00:00 AM +0000,2/23/2005 11:54:00 PM,1,29540,At Intersection (intersection related),Dark - Street Lights On,7TH AVE AND VIRGINIA ST,0,1,,2,1931247,Dry,51,PEDALCYCLIST STRUCK MOTOR VEHICLE FRONT END AT ANGLE,05054008,8162,0,2,Injury Collision,Y,45,Bicycle,Matched,0,1,Clear or Partly Cloudy,0,"(47.615056751000054, -122.33745423699997)",0,0,N,05-080048
56318,36828,36828,Intersection,Cycles,0,,,0,,06/29/2005 12:00:00 AM +0000,6/29/2005 1:01:00 PM,1,32204,At Intersection (intersection related),Daylight,11TH CR AVE SW AND SW SPOKANE ST,0,1,,2,1790715,Dry,18,"MOTOR VEHICLE STRUCK PEDALCYCLIST, FRONT END AT ANGLE",05180002,1509,0,2,Injury Collision,,45,Bicycle,Matched,0,1,Clear or Partly Cloudy,0,"(47.571413018000044, -122.34880038699998)",0,0,N,50270686
56403,36543,36543,Intersection,Cycles,0,,,0,,09/21/2005 12:00:00 AM +0000,9/21/2005 6:38:00 PM,1,30032,At Intersection (intersection related),Dusk,27TH AVE AND E SPRING ST,0,1,Y,3,2028335,Dry,18,"MOTOR VEHICLE STRUCK PEDALCYCLIST, FRONT END AT ANGLE",05264008,3993,0,2,Injury Collision,,45,Bicycle,Matched,0,1,Clear or Partly Cloudy,0,"(47.61155607400008, -122.29751578799994)",0,0,N,05-405920
56423,36677,36677,Block,Cycles,525.5,,,0,,07/26/2005 12:00:00 AM +0000,7/26/2005 11:18:00 AM,1,,Mid-Block (but intersection related),Daylight,OCCIDENTAL AVE S BETWEEN RAILROAD WAY S AND S ROYAL BROUGHAM WAY,0,1,,2,1791033,Dry,21,"MOTOR VEHICLE STRUCK PEDALCYCLIST, REAR END",05207010,12025,0,2,Injury Collision,,45,Bicycle,Matched,0,1,Clear or Partly Cloudy,0,"(47.59383726600004, -122.33326869999996)",0,0,N,05 314096
56619,36628,36628,Intersection,Cycles,0,,,0,,04/29/2005 12:00:00 AM +0000,4/29/2005 7:50:00 AM,0,29852,At Intersection (intersection related),Daylight,BOREN AVE AND HOWELL ST,0,1,,2,1792956,Wet,18,"MOTOR VEHICLE STRUCK PEDALCYCLIST, FRONT END AT ANGLE",05119032,9322,0,1,Property Damage Only Collision,,45,Bicycle,Matched,0,1,Raining,0,"(47.61617112400006, -122.33141659899997)",0,0,N,05-174172
56647,36613,36613,Block,Cycles,125.5,,,0,,06/08/2005 12:00:00 AM +0000,6/8/2005,0,,Driveway Junction,Dusk,S AUSTIN ST BETWEEN 40TH AVE S AND M L KING JR WR WAY S,0,1,,3,1797334,Dry,51,PEDALCYCLIST STRUCK MOTOR VEHICLE FRONT END AT ANGLE,05159033,164379,0,1,Property Damage Only Collision,,45,Bicycle,Matched,0,1,Clear or Partly Cloudy,0,"(47.53420099400006, -122.28134696399997)",0,0,N,05-237540
56725,36586,36586,Block,Cycles,330,,,0,,03/18/2005 12:00:00 AM +0000,3/18/2005 1:46:00 PM,1,,Mid-Block (but intersection related),Daylight,UNIVERSITY WAY NE BETWEEN NE 47TH ST AND NE 50TH ST,0,1,Y,2,1791598,Dry,18,"MOTOR VEHICLE STRUCK PEDALCYCLIST, FRONT END AT ANGLE",05077009,13223,0,2,Injury Collision,,45,Bicycle,Matched,0,1,Clear or Partly Cloudy,0,"(47.66399488800005, -122.31308797799994)",0,0,N,5113963
56742,36720,36720,Intersection,Cycles,0,,,0,Y,07/11/2005 12:00:00 AM +0000,7/11/2005 9:44:00 PM,1,24351,At Intersection (intersection related),Dark - Street Lights On,PHINNEY AVE N AND N 67TH S ST,0,1,,2,2023114,Dry,18,"MOTOR VEHICLE STRUCK PEDALCYCLIST, FRONT END AT ANGLE",05192024,12161,0,2,Injury Collision,,45,Bicycle,Matched,0,1,Clear or Partly Cloudy,0,"(47.677668261000065, -122.35467757899994)",0,0,N,05-291416
56753,36049,36049,Intersection,Cycles,0,,,0,,05/03/2005 12:00:00 AM +0000,5/3/2005,1,27153,At Intersection (intersection related),Daylight,EASTLAKE AVE E AND FUHRMAN AVE E,0,1,,2,2028059,Dry,51,PEDALCYCLIST STRUCK MOTOR VEHICLE FRONT END AT ANGLE,05123031,10579,0,2,Injury Collision,,45,Bicycle,Matched,0,1,Overcast,0,"(47.65157827200005, -122.32127525699997)",0,0,N,05-179932
56778,36058,36058,Block,Cycles,213,,,0,,09/01/2005 12:00:00 AM +0000,9/1/2005,1,,Mid-Block (but intersection related),Daylight,5TH AVE BETWEEN PINE ST AND OLIVE WAY,0,1,,3,2024276,Dry,55,PEDALCYCLIST STRUCK MOTOR VEHICLE RIGHT SIDE SIDESWIPE,05244037,7239,0,2,Injury Collision,Y,45,Bicycle,Matched,0,1,Clear or Partly Cloudy,0,"(47.61216761800006, -122.33693747299998)",0,0,N,05-375022
56945,36273,36273,Block,Cycles,48,,,0,,03/13/2005 12:00:00 AM +0000,3/13/2005 12:44:00 PM,1,,Mid-Block (not related to intersection),Daylight,15TH AVE W BETWEEN W RUFFNER ST AND NICKERSON 15TH RP,0,1,,2,1792310,Dry,23,"MOTOR VEHICLE STRUCK PEDALCYCLIST, LEFT SIDE SIDESWIPE",05072020,2195,0,2,Injury Collision,,45,Bicycle,Matched,0,1,Clear or Partly Cloudy,0,"(47.65229796500006, -122.37620785699994)",0,0,N,05 106735
56959,36141,36141,Intersection,Cycles,0,,,0,,10/10/2005 12:00:00 AM +0000,10/10/2005 9:02:00 AM,2,30493,At Intersection (intersection related),Daylight,3RD AVE S AND S WASHINGTON ST,0,2,,2,2108506,Dry,58,PEDALCYCLIST STRUCK PEDALCYCLIST FRONT END AT ANGLE,05283003,4515,0,2,Injury Collision,,45,Bicycle,Matched,0,0,Overcast,0,"(47.60087711400007, -122.33026811099995)",0,0,N,05 434646
57000,36137,36137,Block,Cycles,127.5,,,0,,07/15/2005 12:00:00 AM +0000,7/15/2005 9:43:00 AM,0,,Mid-Block (not related to intersection),Daylight,6TH AVE BETWEEN OLIVE WAY AND STEWART ST,0,1,Y,2,1197948,Dry,55,PEDALCYCLIST STRUCK MOTOR VEHICLE RIGHT SIDE SIDESWIPE,05196002,7886,0,1,Property Damage Only Collision,,45,Bicycle,Matched,0,1,Clear or Partly Cloudy,0,"(47.61337526800003, -122.33664679399999)",0,0,N,05-296850
57095,36113,36113,Block,Cycles,157,,,0,,12/19/2005 12:00:00 AM +0000,12/19/2005 5:45:00 PM,1,,Mid-Block (but intersection related),Dark - Street Lights On,NW 83RD ST BETWEEN 8TH AVE NW AND DIBBLE AVE NW,0,1,,2,2184862,Wet,18,"MOTOR VEHICLE STRUCK PEDALCYCLIST, FRONT END AT ANGLE",05353008,18929,0,2,Injury Collision,,45,Bicycle,Matched,0,1,Overcast,0,"(47.68910881200003, -122.36663159699998)",0,0,N,5537255
57129,36345,36345,Intersection,Cycles,0,,,0,,06/08/2005 12:00:00 AM +0000,6/8/2005,1,28913,At Intersection (intersection related),Daylight,MERCER ST AND TAYLOR AVE N,0,1,,3,1069815,Wet,51,PEDALCYCLIST STRUCK MOTOR VEHICLE FRONT END AT ANGLE,05159032,11768,0,2,Injury Collision,,45,Bicycle,Matched,0,1,Clear or Partly Cloudy,0,"(47.62455804800004, -122.34626626299996)",0,0,N,05-236595