OBJECTID,INCKEY,COLDETKEY,ADDRTYPE,COLLISIONTYPE,DISTANCE,EXCEPTRSNCODE,EXCEPTRSNDESC,FATALITIES,INATTENTIONIND,INCDATE,INCDTTM,INJURIES,INTKEY,JUNCTIONTYPE,LIGHTCOND,LOCATION,PEDCOUNT,PEDCYLCOUNT,PEDROWNOTGRNT,PERSONCOUNT,REPORTNO,ROADCOND,SDOT_COLCODE,SDOT_COLDESC,SDOTCOLNUM,SEGKEY,SERIOUSINJURIES,SEVERITYCODE,SEVERITYDESC,SPEEDING,ST_COLCODE,ST_COLDESC,STATUS,UNDERINFL,VEHCOUNT,WEATHER,WIDTH,Shape,SEGLANEKEY,CROSSWALKKEY,HITPARKEDCAR,SPDCASENO
57156,36227,36227,Block,Cycles,427.5,,,0,,01/02/2005 12:00:00 AM +0000,1/2/2005,1,,Driveway Junction,Daylight,LAKE WASHINGTON BLVD E BETWEEN E HOWELL ST AND E DENNY BLAINE S PL,0,1,Y,2,1798863,Dry,18,"MOTOR VEHICLE STRUCK PEDALCYCLIST, FRONT END AT ANGLE",05002001,11200,0,2,Injury Collision,,45,Bicycle,Matched,0,1,Clear or Partly Cloudy,0,"(47.61881144700004, -122.28168078599998)",0,0,N,05 001876
57174,36340,36340,Block,Cycles,330,,,0,,09/02/2005 12:00:00 AM +0000,9/2/2005,1,,Driveway Junction,Daylight,UNIVERSITY WAY NE BETWEEN NE 47TH ST AND NE 50TH ST,0,1,Y,3,2061427,Dry,18,"MOTOR VEHICLE STRUCK PEDALCYCLIST, FRONT END AT ANGLE",05245004,13223,0,2,Injury Collision,,45,Bicycle,Matched,0,1,Clear or Partly Cloudy,0,"(47.66399488800005, -122.31308797799994)",0,0,N,5376118
57177,36337,36337,Intersection,Cycles,0,,,0,,08/31/2005 12:00:00 AM +0000,8/31/2005 12:20:00 PM,0,28925,At Intersection (intersection related),Daylight,5TH AVE N AND HARRISON ST,0,1,,2,2108401,Dry,18,"MOTOR VEHICLE STRUCK PEDALCYCLIST, FRONT END AT ANGLE",05243011,7262,0,1,Property Damage Only Collision,,45,Bicycle,Matched,0,1,Clear or Partly Cloudy,0,"(47.62207493500006, -122.34759184799998)",0,0,N,05-373429
57182,36351,36351,Block,Cycles,161.5,,,0,Y,09/20/2005 12:00:00 AM +0000,9/20/2005 5:09:00 PM,1,,Driveway Junction,Daylight,ROY ST BETWEEN 3RD AVE N AND NOB HILL AVE N,0,1,,2,2108591,Dry,18,"MOTOR VEHICLE STRUCK PEDALCYCLIST, FRONT END AT ANGLE",05263012,12683,0,2,Injury Collision,,45,Bicycle,Matched,0,1,Clear or Partly Cloudy,0,"(47.62543524000006, -122.35082734299999)",0,0,N,05-404208
57227,36333,36333,Block,Cycles,332.5,,,0,,10/29/2005 12:00:00 AM +0000,10/29/2005 5:41:00 PM,1,,Mid-Block (not related to intersection),Daylight,BROOKLYN AVE NE BETWEEN NE 45TH ST AND NE 47TH ST,0,1,,2,2058776,Dry,18,"MOTOR VEHICLE STRUCK PEDALCYCLIST, FRONT END AT ANGLE",05302007,9482,0,2,Injury Collision,,45,Bicycle,Matched,0,1,Clear or Partly Cloudy,0,"(47.66218694400004, -122.31426195299997)",0,0,N,50464204
57251,36323,36323,Intersection,Cycles,0,,,0,,04/08/2005 12:00:00 AM +0000,4/8/2005,1,29705,At Intersection (intersection related),Daylight,BATTERY ST AND ELLIOTT AVE,0,1,Y,2,1933701,Dry,18,"MOTOR VEHICLE STRUCK PEDALCYCLIST, FRONT END AT ANGLE",05098047,9071,1,2b,Serious Injury Collision,,45,Bicycle,Matched,0,1,Clear or Partly Cloudy,0,"(47.61281476600004, -122.34953250099994)",0,0,N,05-143207
57311,35791,35791,Block,Cycles,314.5,,,0,,08/09/2005 12:00:00 AM +0000,8/9/2005,1,,Mid-Block (not related to intersection),Daylight,PHINNEY AVE N BETWEEN N 65TH ST AND N 67TH S ST,0,1,,2,2026879,Dry,56,PEDALCYCLIST STRUCK MOTOR VEHICLE LEFT SIDE SIDESWIPE,05221010,12160,0,2,Injury Collision,,45,Bicycle,Matched,0,1,Clear or Partly Cloudy,0,"(47.67688282300003, -122.35435822)",0,0,N,05 338280
57336,35781,35781,Block,Cycles,270.5,,,0,,04/22/2005 12:00:00 AM +0000,4/22/2005 4:52:00 PM,1,,Mid-Block (not related to intersection),Daylight,15TH AVE NE BETWEEN NE 41ST ST AND NE 42ND ST,0,1,,3,2022858,Dry,23,"MOTOR VEHICLE STRUCK PEDALCYCLIST, LEFT SIDE SIDESWIPE",05112008,2032,0,2,Injury Collision,,45,Bicycle,Matched,0,1,Clear or Partly Cloudy,0,"(47.657559098000036, -122.31209078899997)",0,0,N,05-163828
57346,35506,35506,Block,Cycles,332,,,0,,05/27/2005 12:00:00 AM +0000,5/27/2005 4:05:00 PM,1,,Driveway Junction,Daylight,WALLINGFORD AVE N BETWEEN N 85TH ST AND N 88TH ST,0,1,Y,2,2020460,Dry,18,"MOTOR VEHICLE STRUCK PEDALCYCLIST, FRONT END AT ANGLE",05147008,13389,0,2,Injury Collision,,45,Bicycle,Matched,0,1,Clear or Partly Cloudy,0,"(47.69140928300004, -122.33645030999998)",0,0,N,5217924
57347,35505,35505,Block,Cycles,161,,,0,,05/27/2005 12:00:00 AM +0000,5/27/2005 7:00:00 AM,1,,Mid-Block (not related to intersection),Daylight,PINE ST BETWEEN 5TH AVE AND 6TH AVE,0,1,Y,2,1933030,Dry,23,"MOTOR VEHICLE STRUCK PEDALCYCLIST, LEFT SIDE SIDESWIPE",05147006,12218,0,2,Injury Collision,,45,Bicycle,Matched,0,1,Clear or Partly Cloudy,0,"(47.61190351700003, -122.33593027299997)",0,0,N,05-217334
57370,35638,35638,Intersection,Cycles,0,,,0,,07/26/2005 12:00:00 AM +0000,7/26/2005 7:25:00 AM,1,33021,At Intersection (intersection related),Daylight,1ST AVE S AND S HUDSON ST,0,1,Y,2,1076402,Dry,18,"MOTOR VEHICLE STRUCK PEDALCYCLIST, FRONT END AT ANGLE",05207011,1217,0,2,Injury Collision,,45,Bicycle,Matched,0,1,Clear or Partly Cloudy,0,"(47.55741244300003, -122.33421371799994)",0,0,N,05-313820
57391,35633,35633,Intersection,Cycles,0,,,0,,05/07/2005 12:00:00 AM +0000,5/7/2005,1,37392,At Intersection (intersection related),Daylight,FREMONT AVE N AND N 102ND ST,0,1,,2,1220105,Dry,51,PEDALCYCLIST STRUCK MOTOR VEHICLE FRONT END AT ANGLE,05127030,10545,0,2,Injury Collision,,45,Bicycle,Matched,0,1,Clear or Partly Cloudy,0,"(47.702894392000076, -122.35004982299995)",0,0,N,05 186911
57406,35891,35891,Block,Cycles,213,,,0,,10/05/2005 12:00:00 AM +0000,10/5/2005,1,,Mid-Block (not related to intersection),Daylight,12TH AVE BETWEEN E COLUMBIA ST AND E MARION ST,0,1,,2,2063794,Dry,51,PEDALCYCLIST STRUCK MOTOR VEHICLE FRONT END AT ANGLE,05278011,1533,0,2,Injury Collision,,45,Bicycle,Matched,0,1,Overcast,0,"(47.609809435000045, -122.31677966199999)",0,0,N,05 427412
57457,35887,35887,Intersection,Cycles,0,,,0,,09/07/2005 12:00:00 AM +0000,9/7/2005,1,27153,At Intersection (intersection related),Daylight,EASTLAKE AVE E AND FUHRMAN AVE E,0,1,Y,2,2019688,Dry,18,"MOTOR VEHICLE STRUCK PEDALCYCLIST, FRONT END AT ANGLE",05250007,10579,0,2,Injury Collision,,45,Bicycle,Matched,0,1,Clear or Partly Cloudy,0,"(47.65157827200005, -122.32127525699997)",0,0,N,05 384228
57525,35604,35604,Block,Cycles,155,,,0,,09/06/2005 12:00:00 AM +0000,9/6/2005,1,,Driveway Junction,Dark - Street Lights On,14TH AVE S BETWEEN S DONOVAN ST AND S TRENTON ST,0,1,Y,2,1795358,Dry,18,"MOTOR VEHICLE STRUCK PEDALCYCLIST, FRONT END AT ANGLE",05249009,1957,0,2,Injury Collision,,45,Bicycle,Matched,0,1,Clear or Partly Cloudy,0,"(47.52516841200003, -122.31493152399997)",0,0,N,05 382796
57533,35993,35993,Intersection,Cycles,0,,,0,,06/18/2005 12:00:00 AM +0000,6/18/2005 3:03:00 PM,1,26688,At Intersection (intersection related),Daylight,3RD AVE W AND W NICKERSON ST,0,1,,3,1060354,Dry,18,"MOTOR VEHICLE STRUCK PEDALCYCLIST, FRONT END AT ANGLE",05169016,4570,1,2b,Serious Injury Collision,,45,Bicycle,Matched,0,1,Clear or Partly Cloudy,0,"(47.65082920700007, -122.36087725499999)",0,0,N,05 253480
57575,35583,35583,Intersection,Cycles,0,,,0,,02/12/2005 12:00:00 AM +0000,2/12/2005 1:50:00 AM,1,29865,At Intersection (intersection related),Dark - Street Lights On,BOREN AVE AND OLIVE WAY,0,1,Y,2,1482425,Dry,18,"MOTOR VEHICLE STRUCK PEDALCYCLIST, FRONT END AT ANGLE",05043006,9321,0,2,Injury Collision,,45,Bicycle,Matched,0,1,Clear or Partly Cloudy,0,"(47.615449718000036, -122.33072969599999)",0,0,N,5062680
57606,35967,35967,Block,Cycles,131.5,,,0,,10/10/2005 12:00:00 AM +0000,10/10/2005 7:45:00 AM,1,,Driveway Junction,Daylight,8TH AVE NW BETWEEN NW 64TH ST AND NW 65TH ST,0,1,,2,C657489,Dry,14,"MOTOR VEHICLE STRUCK MOTOR VEHICLE, REAR END",05283048,8394,1,2b,Serious Injury Collision,,45,Bicycle,Matched,0,1,Clear or Partly Cloudy,0,"(47.675624036000045, -122.36603812599998)",0,0,N,
57660,35838,35838,Block,Cycles,132,,,0,,12/02/2005 12:00:00 AM +0000,12/2/2005,0,,Driveway Junction,Daylight,N 85TH ST BETWEEN AURORA AVE N AND NESBIT AVE N,0,1,Y,2,2058837,Wet,18,"MOTOR VEHICLE STRUCK PEDALCYCLIST, FRONT END AT ANGLE",05336008,15956,0,1,Property Damage Only Collision,,45,Bicycle,Matched,0,1,Clear or Partly Cloudy,0,"(47.690558526000075, -122.34398755999996)",0,0,N,5513073
57761,35664,35664,Intersection,Cycles,0,,,0,,04/20/2005 12:00:00 AM +0000,4/20/2005 7:16:00 PM,1,34329,At Intersection (intersection related),Daylight,SHAFFER AVE S AND S HOLLY ST,0,1,Y,2,1791560,Dry,18,"MOTOR VEHICLE STRUCK PEDALCYCLIST, FRONT END AT ANGLE",05110009,12821,0,2,Injury Collision,,45,Bicycle,Matched,0,1,Clear or Partly Cloudy,0,"(47.54264793600004, -122.29475489799995)",0,0,N,05-160819
57784,35666,35666,Block,Cycles,147,,,0,,04/21/2005 12:00:00 AM +0000,4/21/2005 2:46:00 PM,1,,Mid-Block (but intersection related),Daylight,N 45TH ST BETWEEN CORLISS AVE N AND SUNNYSIDE AVE N,0,1,,3,2022966,Dry,55,PEDALCYCLIST STRUCK MOTOR VEHICLE RIGHT SIDE SIDESWIPE,05111027,15552,0,2,Injury Collision,,45,Bicycle,Matched,0,2,Clear or Partly Cloudy,0,"(47.66137208400005, -122.33076105199996)",0,0,N,05-162003
57807,35529,35529,Intersection,Cycles,0,,,0,,01/18/2005 12:00:00 AM +0000,1/18/2005 7:58:00 AM,1,29878,At Intersection (intersection related),Dawn,BOREN AVE AND PIKE ST,0,1,Y,2,1744929,Wet,18,"MOTOR VEHICLE STRUCK PEDALCYCLIST, FRONT END AT ANGLE",05018004,9319,1,2b,Serious Injury Collision,Y,45,Bicycle,Matched,0,1,Raining,0,"(47.613465820000044, -122.32891310199994)",0,0,N,5024332
57972,35115,35115,Intersection,Cycles,0,,,0,,09/26/2005 12:00:00 AM +0000,9/26/2005 5:39:00 PM,1,34649,At Intersection (intersection related),Daylight,SEWARD PARK AVE S AND S OTHELLO ST,0,1,,3,2059552,Dry,18,"MOTOR VEHICLE STRUCK PEDALCYCLIST, FRONT END AT ANGLE",05269005,12806,1,2b,Serious Injury Collision,,45,Bicycle,Matched,0,1,Clear or Partly Cloudy,0,"(47.53697679700008, -122.26727180799998)",0,0,N,05-413459
58106,35319,35319,Intersection,Cycles,0,,,0,,02/23/2005 12:00:00 AM +0000,2/23/2005 11:31:00 AM,1,29052,At Intersection (intersection related),Daylight,BROADWAY E AND E OLIVE WAY,0,1,,3,1189844,Dry,51,PEDALCYCLIST STRUCK MOTOR VEHICLE FRONT END AT ANGLE,05054012,9452,0,2,Injury Collision,,45,Bicycle,Matched,0,1,Clear or Partly Cloudy,0,"(47.61990774700007, -122.32087289199995)",0,0,N,5079044
58139,35183,35183,Block,Cycles,213.5,,,0,,06/09/2005 12:00:00 AM +0000,6/9/2005,1,,Mid-Block (not related to intersection),Daylight,6TH AVE BETWEEN PINE ST AND OLIVE WAY,0,1,,2,1933351,Dry,21,"MOTOR VEHICLE STRUCK PEDALCYCLIST, REAR END",05160017,7884,0,2,Injury Collision,,45,Bicycle,Matched,0,1,Clear or Partly Cloudy,0,"(47.612633294000034, -122.33582748299995)",0,0,N,05-238597
58273,34616,34616,Block,Cycles,218,,,0,,05/07/2005 12:00:00 AM +0000,5/7/2005,1,,Mid-Block (not related to intersection),Dark - Street Lights On,EASTLAKE AVE E BETWEEN HARVARD AVE E AND FUHRMAN AVE E,0,1,Y,4,2027996,Dry,22,"MOTOR VEHICLE STRUCK PEDALCYCLIST, RIGHT SIDE SIDESWIPE",05127032,10184,0,2,Injury Collision,,45,Bicycle,Matched,0,1,Overcast,0,"(47.65104751100006, -122.32168580199999)",0,0,N,50187475
58283,35148,35148,Block,Cycles,75.5,,,0,Y,06/27/2005 12:00:00 AM +0000,6/27/2005 6:11:00 PM,1,,Mid-Block (but intersection related),Daylight,MADISON ST BETWEEN WESTERN AVE AND POST AVE,0,1,,2,1933675,Dry,56,PEDALCYCLIST STRUCK MOTOR VEHICLE LEFT SIDE SIDESWIPE,05178004,11580,0,2,Injury Collision,,45,Bicycle,Matched,0,1,Overcast,0,"(47.604338529000074, -122.33709003099995)",0,0,N,05 267929
58419,34587,34587,Intersection,Cycles,0,,,0,,07/08/2005 12:00:00 AM +0000,7/8/2005,1,37375,At Intersection (intersection related),Daylight,WALLINGFORD AVE N AND N 85TH ST,0,1,Y,2,1796710,Wet,51,PEDALCYCLIST STRUCK MOTOR VEHICLE FRONT END AT ANGLE,05189009,13389,1,2b,Serious Injury Collision,,45,Bicycle,Matched,0,1,Raining,0,"(47.69050090300004, -122.33644048199994)",0,0,N,05-286295
58445,34722,34722,Intersection,Cycles,0,,,0,,12/13/2005 12:00:00 AM +0000,12/13/2005 7:29:00 AM,1,27230,At Intersection (intersection related),Dark - Street Lights On,2ND AVE NE AND NE 40TH ST,0,1,,2,1774658,Wet,51,PEDALCYCLIST STRUCK MOTOR VEHICLE FRONT END AT ANGLE,05347032,2799,0,2,Injury Collision,,45,Bicycle,Matched,0,1,Raining,0,"(47.65554290700004, -122.32682256999999)",0,0,N,05 528308
58457,34717,34717,Intersection,Cycles,0,,,0,,03/20/2005 12:00:00 AM +0000,3/20/2005 11:17:00 AM,1,27078,At Intersection (intersection related),Daylight,15TH AVE NE AND NE 43RD ST,0,1,Y,2,1930733,Wet,18,"MOTOR VEHICLE STRUCK PEDALCYCLIST, FRONT END AT ANGLE",05079020,2034,0,2,Injury Collision,,45,Bicycle,Matched,0,1,Raining,0,"(47.659781475000045, -122.31203248399999)",0,0,N,50116621
58495,34575,34575,Intersection,Cycles,0,,,0,,08/30/2005 12:00:00 AM +0000,8/30/2005 12:25:00 PM,1,24581,At Intersection (intersection related),Daylight,EAST GREEN LAKE DR N AND NE RAVENNA EB BV,0,1,Y,3,2061253,Dry,18,"MOTOR VEHICLE STRUCK PEDALCYCLIST, FRONT END AT ANGLE",05242006,14056,0,2,Injury Collision,,45,Bicycle,Matched,0,2,Overcast,0,"(47.679817015000026, -122.32571289799995)",0,0,N,05 371195
58522,34697,34697,Block,Cycles,933,,,0,,06/22/2005 12:00:00 AM +0000,6/22/2005 8:32:00 AM,1,,Mid-Block (not related to intersection),Daylight,LAKE WASHINGTON BLVD S BETWEEN S FRINK PL AND S DEARBORN ST,0,1,,2,1180665,Dry,56,PEDALCYCLIST STRUCK MOTOR VEHICLE LEFT SIDE SIDESWIPE,05173014,11221,0,2,Injury Collision,,45,Bicycle,Matched,0,1,Overcast,0,"(47.59811959600006, -122.290152595)",0,0,N,05-259412
58737,34911,34911,Intersection,Cycles,0,,,0,,05/17/2005 12:00:00 AM +0000,5/17/2005 6:54:00 PM,1,30032,At Intersection (intersection related),Daylight,27TH AVE AND E SPRING ST,0,1,,3,2028329,Dry,18,"MOTOR VEHICLE STRUCK PEDALCYCLIST, FRONT END AT ANGLE",05137036,3993,0,2,Injury Collision,,45,Bicycle,Matched,0,1,Clear or Partly Cloudy,0,"(47.61155607400008, -122.29751578799994)",0,0,N,05-202491
58911,34087,34087,Block,Cycles,,,,0,Y,09/07/2005 12:00:00 AM +0000,9/7/2005,1,,Mid-Block (but intersection related),Daylight,S ATLANTIC ST BETWEEN ALASKAN WAY S AND COLORADO AVE S,0,1,Y,2,1059735,Dry,55,PEDALCYCLIST STRUCK MOTOR VEHICLE RIGHT SIDE SIDESWIPE,05250017,19375,0,2,Injury Collision,,45,Bicycle,Matched,0,1,Clear or Partly Cloudy,0,,0,0,N,05-383393
59004,34183,34183,Block,Cycles,124,,,0,Y,08/18/2005 12:00:00 AM +0000,8/18/2005 4:12:00 PM,1,,Mid-Block (not related to intersection),Daylight,E MADISON ST BETWEEN 28TH AVE E AND 29TH W AVE E,0,1,,2,2028215,Dry,56,PEDALCYCLIST STRUCK MOTOR VEHICLE LEFT SIDE SIDESWIPE,05230001,14362,0,2,Injury Collision,,45,Bicycle,Matched,0,1,Clear or Partly Cloudy,0,"(47.62371497300006, -122.29583475299995)",0,0,N,05-352314
59021,34170,34170,Intersection,Cycles,0,,,0,,07/26/2005 12:00:00 AM +0000,7/26/2005 6:02:00 PM,1,29529,At Intersection (intersection related),Daylight,7TH AVE AND BLANCHARD ST,0,1,,2,1932986,Dry,51,PEDALCYCLIST STRUCK MOTOR VEHICLE FRONT END AT ANGLE,05207009,8165,0,2,Injury Collision,,45,Bicycle,Matched,0,1,Clear or Partly Cloudy,0,"(47.61659465400004, -122.34005494499996)",0,0,N,05-314640
59027,34313,34313,Intersection,Cycles,0,,,0,,08/05/2005 12:00:00 AM +0000,8/5/2005,1,33747,At Intersection (intersection related),Daylight,40TH AVE SW AND SW MORGAN ST,0,1,,3,2024585,Dry,51,PEDALCYCLIST STRUCK MOTOR VEHICLE FRONT END AT ANGLE,05217010,6380,1,2b,Serious Injury Collision,,45,Bicycle,Matched,0,1,Clear or Partly Cloudy,0,"(47.54481980200006, -122.38315485999999)",0,0,N,05-331547
59069,34032,34032,Block,Cycles,275,,,0,,09/21/2005 12:00:00 AM +0000,9/21/2005 2:22:00 PM,1,,Driveway Junction,Daylight,LAKE CITY WAY NE BETWEEN NE 117TH ST AND NE 120TH ST,0,1,Y,3,2061409,Dry,18,"MOTOR VEHICLE STRUCK PEDALCYCLIST, FRONT END AT ANGLE",05264006,11178,0,2,Injury Collision,,45,Bicycle,Matched,0,1,Clear or Partly Cloudy,0,"(47.71491192600007, -122.29781601099995)",0,0,N,5405560
59076,34164,34164,Block,Cycles,53.5,,,0,,08/17/2005 12:00:00 AM +0000,8/17/2005 7:08:00 AM,1,,Mid-Block (but intersection related),Daylight,AIRPORT WAY S BETWEEN S HOLGATE SR ST AND S PLUM ST,0,1,,2,1785224,Wet,51,PEDALCYCLIST STRUCK MOTOR VEHICLE FRONT END AT ANGLE,05229012,8660,0,2,Injury Collision,,45,Bicycle,Matched,0,1,Raining,0,"(47.58570796500004, -122.32139337199999)",0,0,N,05 350090
59085,33916,33916,Intersection,Cycles,0,,,0,,12/02/2005 12:00:00 AM +0000,12/2/2005,1,28300,At Intersection (intersection related),Dark - Street Lights On,EASTLAKE AVE E AND E ROANOKE ST,0,1,Y,2,2128401,Wet,18,"MOTOR VEHICLE STRUCK PEDALCYCLIST, FRONT END AT ANGLE",05336004,10179,0,2,Injury Collision,,45,Bicycle,Matched,0,1,Raining,0,"(47.643190643000025, -122.32588681199996)",0,0,N,05-513523
59166,34271,34271,Intersection,Cycles,0,,,0,,02/10/2005 12:00:00 AM +0000,2/10/2005 10:03:00 AM,0,29917,At Intersection (intersection related),Dark - Street Lights On,9TH AVE AND SENECA ST,0,1,Y,2,1744992,Dry,23,"MOTOR VEHICLE STRUCK PEDALCYCLIST, LEFT SIDE SIDESWIPE",05041004,8518,0,1,Property Damage Only Collision,,45,Bicycle,Matched,0,1,Clear or Partly Cloudy,0,"(47.60983626800004, -122.32866572299997)",0,0,N,05 60611
59217,34379,34379,Block,Cycles,314,,,0,,05/25/2005 12:00:00 AM +0000,5/25/2005 4:02:00 PM,0,,Mid-Block (not related to intersection),Daylight,5TH AVE S BETWEEN S WELLER ST AND S DEARBORN ST,0,1,,4,1792669,Dry,51,PEDALCYCLIST STRUCK MOTOR VEHICLE FRONT END AT ANGLE,05145002,7361,0,1,Property Damage Only Collision,,45,Bicycle,Matched,0,1,Clear or Partly Cloudy,0,"(47.596656745000075, -122.32768064899994)",0,0,N,05-214635
59332,33981,33981,Intersection,Cycles,0,,,0,,06/07/2005 12:00:00 AM +0000,6/7/2005,1,29515,At Intersection (intersection related),Daylight,DENNY WAY AND DEXTER AVE,0,1,Y,2,1792798,Dry,18,"MOTOR VEHICLE STRUCK PEDALCYCLIST, FRONT END AT ANGLE",05158030,10011,0,2,Injury Collision,,45,Bicycle,Matched,0,1,Overcast,0,"(47.618550165000045, -122.34240185299996)",0,0,N,5235518
59645,33505,33505,Block,Cycles,242,,,0,,01/26/2005 12:00:00 AM +0000,1/26/2005 5:41:00 PM,1,,Mid-Block (not related to intersection),Dark - Street Lights On,12TH AVE BETWEEN E SPRING ST AND E MADISON ST,0,1,,2,1217302,Wet,18,"MOTOR VEHICLE STRUCK PEDALCYCLIST, FRONT END AT ANGLE",05026006,1535,0,2,Injury Collision,,45,Bicycle,Matched,0,1,Overcast,0,"(47.61222458800006, -122.31675618699995)",0,0,N,05 037242
59878,33166,33166,Intersection,Cycles,0, ,,0,,11/21/2005 12:00:00 AM +0000,11/21/2005 5:00:00 PM,1,24244,At Intersection (intersection related),Daylight,WALLINGFORD AVE N AND EAST GREEN LAKE DR N,0,0,,2,C667223,Dry,51,PEDALCYCLIST STRUCK MOTOR VEHICLE FRONT END AT ANGLE,05325029,13386,0,2,Injury Collision,,45,Bicycle,Matched,0,2,Clear or Partly Cloudy,0,"(47.685612450000065, -122.33676543999997)",0,0,N,
59906,33157,33157,Block,Cycles,213,,,0,,12/02/2005 12:00:00 AM +0000,12/2/2005,1,,Mid-Block (but intersection related),Dark - Street Lights On,MINOR AVE BETWEEN HOWELL ST AND STEWART ST,0,1,,2,2191927,Wet,18,"MOTOR VEHICLE STRUCK PEDALCYCLIST, FRONT END AT ANGLE",05336010,11879,0,2,Injury Collision,,45,Bicycle,Matched,0,1,Raining,0,"(47.61722410100003, -122.33120717999998)",0,0,N,05-512564
59929,33287,33287,Block,Cycles,63,,,0,,06/24/2005 12:00:00 AM +0000,6/24/2005 5:36:00 PM,1,,Mid-Block (but intersection related),Daylight,ROOSEVELT WAY NE BETWEEN PINEHURST N WAY NE AND NE 113TH S ST,0,1,Y,2,2023326,Dry,21,"MOTOR VEHICLE STRUCK PEDALCYCLIST, REAR END",05175007,12654,0,2,Injury Collision,,45,Bicycle,Matched,0,1,Clear or Partly Cloudy,0,"(47.710434330000055, -122.31777742799994)",0,0,N,05-263354
59969,33282,33282,Block,Cycles,275,,,0,,06/01/2005 12:00:00 AM +0000,6/1/2005,1,,Driveway Junction,Daylight,LAKE CITY WAY NE BETWEEN NE 117TH ST AND NE 120TH ST,0,1,Y,2,2028421,Dry,18,"MOTOR VEHICLE STRUCK PEDALCYCLIST, FRONT END AT ANGLE",05152002,11178,0,2,Injury Collision,,45,Bicycle,Matched,0,1,Clear or Partly Cloudy,0,"(47.71491192600007, -122.29781601099995)",0,0,N,5236066
60021,33266,33266,Block,Cycles,187.5,,,0,,06/21/2005 12:00:00 AM +0000,6/21/2005 7:31:00 AM,1,,Mid-Block (not related to intersection),Daylight,ELLIOTT AVE W BETWEEN W GALER ST FLYOVER AND W GALER ST,0,1,Y,2,1316800,Dry,56,PEDALCYCLIST STRUCK MOTOR VEHICLE LEFT SIDE SIDESWIPE,05172028,10222,0,2,Injury Collision,,45,Bicycle,Matched,0,1,Clear or Partly Cloudy,0,"(47.63186162300008, -122.37515622899997)",0,0,N,05 257627
60048,32871,32871,Intersection,Cycles,0,,,0,,09/21/2005 12:00:00 AM +0000,9/21/2005 12:27:00 AM,1,29005,At Intersection (intersection related),Dark - Street Lights On,12TH AVE E AND E MERCER ST,0,1,,2,1198796,Dry,51,PEDALCYCLIST STRUCK MOTOR VEHICLE FRONT END AT ANGLE,05264035,1555,0,2,Injury Collision,,45,Bicycle,Matched,0,1,Clear or Partly Cloudy,0,"(47.62426222800008, -122.31673674099994)",0,0,N,05-404727
60052,33258,33258,Block,Cycles,332,,,0,,11/14/2005 12:00:00 AM +0000,11/14/2005 9:49:00 AM,1,,Driveway Junction,Daylight,35TH AVE SW BETWEEN SW GRAHAM ST AND SW MORGAN ST,0,1,,2,1795768,Dry,11,"MOTOR VEHICLE STRUCK MOTOR VEHICLE, FRONT END AT ANGLE",05318007,5461,0,2,Injury Collision,,45,Bicycle,Matched,0,1,Clear or Partly Cloudy,0,"(47.54559464600004, -122.37642253899998)",0,0,N,05-487462
60065,33011,33011,Block,Cycles,348.5,,,0,,11/09/2005 12:00:00 AM +0000,11/9/2005,0,,Driveway Junction,Daylight,NW BALLARD WAY BETWEEN 11TH AVE NW AND 14TH AVE NW,0,1,,2,2060811,Dry,51,PEDALCYCLIST STRUCK MOTOR VEHICLE FRONT END AT ANGLE,05313031,19155,0,1,Property Damage Only Collision,,45,Bicycle,Matched,0,1,Overcast,0,"(47.66293138100008, -122.37217902499998)",0,0,N,05 480507
60074,32876,32876,Block,Cycles,141.5,,,0,,12/15/2005 12:00:00 AM +0000,12/15/2005 6:24:00 PM,1,,Driveway Junction,Dark - Street Lights On,8TH AVE NW BETWEEN NW MARKET ST AND NW 56TH ST,0,1,Y,2,2185286,Dry,18,"MOTOR VEHICLE STRUCK PEDALCYCLIST, FRONT END AT ANGLE",05349008,8384,0,2,Injury Collision,,45,Bicycle,Matched,0,1,Clear or Partly Cloudy,0,"(47.66904055700007, -122.36617843999994)",0,0,N,50531882
60230,33216,33216,Intersection,Cycles,0,,,0,,05/11/2005 12:00:00 AM +0000,5/11/2005 5:05:00 PM,1,30478,At Intersection (intersection related),Daylight,5TH AVE AND JEFFERSON ST,0,1,,2,C649330,Dry,24,MOTOR VEHCILE STRUCK PEDESTRIAN,05131040,7225,0,2,Injury Collision,,45,Bicycle,Matched,0,1,Clear or Partly Cloudy,0,"(47.60298463300006, -122.32853488999996)",0,0,N,
60231,33215,33215,Block,Cycles,83.5,,,0,,05/11/2005 12:00:00 AM +0000,5/11/2005 5:52:00 PM,1,,Driveway Junction,Daylight,NE 40 UPPER ST BETWEEN 9TH AVE NE AND UNIVERSITY BR,0,1,Y,2,2020813,Dry,18,"MOTOR VEHICLE STRUCK PEDALCYCLIST, FRONT END AT ANGLE",05131038,16751,0,2,Injury Collision,,45,Bicycle,Matched,0,1,Overcast,0,"(47.65563351900005, -122.31850528799998)",0,0,N,5193145
60268,33207,33207,Intersection,Cycles,0,,,0,,06/19/2005 12:00:00 AM +0000,6/19/2005 7:30:00 PM,1,23903,At Intersection (intersection related),Daylight,23RD AVE NW AND NW 75TH ST,0,1,,2,2023555,Dry,51,PEDALCYCLIST STRUCK MOTOR VEHICLE FRONT END AT ANGLE,05170015,3425,0,2,Injury Collision,,45,Bicycle,Matched,0,1,Clear or Partly Cloudy,0,"(47.68319103500005, -122.38538411399998)",0,0,N,5255330
60286,33069,33069,Block,Cycles,461,,,0,,04/30/2005 12:00:00 AM +0000,4/30/2005 8:43:00 AM,1,,Mid-Block (not related to intersection),Daylight,LAKE WASHINGTON BLVD E BETWEEN E MADISON ST AND ARBORETUM DR E,0,1,,2,1792708,Wet,21,"MOTOR VEHICLE STRUCK PEDALCYCLIST, REAR END",05120002,11209,0,2,Injury Collision,,45,Bicycle,Matched,0,1,Raining,0,"(47.627191362000076, -122.29298983499996)",0,0,N,05-175723