OBJECTID,INCKEY,COLDETKEY,ADDRTYPE,COLLISIONTYPE,DISTANCE,EXCEPTRSNCODE,EXCEPTRSNDESC,FATALITIES,INATTENTIONIND,INCDATE,INCDTTM,INJURIES,INTKEY,JUNCTIONTYPE,LIGHTCOND,LOCATION,PEDCOUNT,PEDCYLCOUNT,PEDROWNOTGRNT,PERSONCOUNT,REPORTNO,ROADCOND,SDOT_COLCODE,SDOT_COLDESC,SDOTCOLNUM,SEGKEY,SERIOUSINJURIES,SEVERITYCODE,SEVERITYDESC,SPEEDING,ST_COLCODE,ST_COLDESC,STATUS,UNDERINFL,VEHCOUNT,WEATHER,WIDTH,Shape,SEGLANEKEY,CROSSWALKKEY,HITPARKEDCAR,SPDCASENO
60433,32381,32381,Intersection,Cycles,0,,,0,,11/07/2004 12:00:00 AM +0000,11/7/2004,1,35533,At Intersection (intersection related),Daylight,LAKE WASHINGTON BLVD S AND S CHARLES ST,0,1,,2,C649611,Dry,69,PEDALCYCLIST OVERTURNED IN ROAD,04312029,11223,0,2,Injury Collision,,45,Bicycle,Matched,0,1,Overcast,0,"(47.59458293500006, -122.289160246)",0,0,N,
60643,32585,32585,Intersection,Cycles,0,,,0,,01/19/2005 12:00:00 AM +0000,1/19/2005 6:50:00 PM,1,29860,At Intersection (intersection related),Dark - Street Lights On,SUMMIT AVE AND E PINE ST,0,1,Y,2,1744979,Dry,18,"MOTOR VEHICLE STRUCK PEDALCYCLIST, FRONT END AT ANGLE",05019007,12987,0,2,Injury Collision,,45,Bicycle,Matched,0,1,Clear or Partly Cloudy,0,"(47.615218748000075, -122.325528841)",0,0,N,05-026650
60781,32560,32560,,Cycles,,NEI,"Not Enough Information, or Insufficient Location Information",0,,05/04/2005 12:00:00 AM +0000,5/4/2005,1,,Mid-Block (not related to intersection),Dark - Street Lights On,,0,1,Y,2,1793322,Dry,00,NOT ENOUGH INFORMATION / NOT APPLICABLE,05124030,,0,2,Injury Collision,,45,Bicycle,Matched,0,1,Clear or Partly Cloudy,0,,0,0,N,05-184006
60873,32676,32676,Block,Cycles,138.5,,,0,,08/31/2005 12:00:00 AM +0000,8/31/2005 8:00:00 PM,1,,Mid-Block (not related to intersection),Daylight,N 36TH ST BETWEEN 1ST AVE NW AND PALATINE AVE N,0,1,,2,C656010,Dry,18,"MOTOR VEHICLE STRUCK PEDALCYCLIST, FRONT END AT ANGLE",05243053,15315,0,2,Injury Collision,,45,Bicycle,Matched,0,1,Clear or Partly Cloudy,0,"(47.65284458100007, -122.35713136999999)",0,0,N,
60962,32095,32095,Block,Cycles,133,,,0,,06/29/2004 12:00:00 AM +0000,6/29/2004 3:40:00 PM,0,,Mid-Block (not related to intersection),Daylight,8TH AVE NW BETWEEN NW 48TH ST AND NW 49TH ST,0,1,Y,2,1793753,Dry,21,"MOTOR VEHICLE STRUCK PEDALCYCLIST, REAR END",04181041,8377,0,1,Property Damage Only Collision,,45,Bicycle,Matched,0,1,Clear or Partly Cloudy,0,"(47.66401468400005, -122.36619032399994)",0,0,N,04 268006
60998,31956,31956,Block,Cycles,350.5,,,0,Y,08/28/2004 12:00:00 AM +0000,8/28/2004 2:30:00 PM,0,,Driveway Junction,Daylight,LAKE CITY WAY NE BETWEEN NE 127TH ST AND NE 130TH ST,0,1,Y,2,1774435,Dry,18,"MOTOR VEHICLE STRUCK PEDALCYCLIST, FRONT END AT ANGLE",04241002,11184,0,1,Property Damage Only Collision,,45,Bicycle,Matched,0,1,Clear or Partly Cloudy,0,"(47.721985407000034, -122.29364266799996)",0,0,N,04-361012
61029,32069,32069,Block,Cycles,330,,,0,,07/30/2004 12:00:00 AM +0000,7/30/2004 7:00:00 AM,1,,Mid-Block (not related to intersection),Daylight,UNIVERSITY WAY NE BETWEEN NE 47TH ST AND NE 50TH ST,0,1,Y,2,1781000,Dry,56,PEDALCYCLIST STRUCK MOTOR VEHICLE LEFT SIDE SIDESWIPE,04212005,13223,0,2,Injury Collision,,45,Bicycle,Matched,0,1,Overcast,0,"(47.66399488800005, -122.31308797799994)",0,0,N,04 315840
61049,31949,31949,Block,Cycles,166,,,0,,08/04/2004 12:00:00 AM +0000,8/4/2004,1,,Mid-Block (not related to intersection),Daylight,ALASKAN E RDWY WAY S BETWEEN YESLER WAY AND S WASHINGTON ST,0,1,,2,1213866,Dry,51,PEDALCYCLIST STRUCK MOTOR VEHICLE FRONT END AT ANGLE,04217028,8753,1,2b,Serious Injury Collision,,45,Bicycle,Matched,0,1,Clear or Partly Cloudy,0,"(47.60132158700003, -122.33572483399996)",0,0,N,04 323914
61168,32048,32048,Block,Cycles,160,,,0,,04/27/2004 12:00:00 AM +0000,4/27/2004 7:53:00 AM,1,,Mid-Block (not related to intersection),Daylight,N 34TH ST BETWEEN WOODLAND PARK AVE N AND STONE WAY N,0,1,Y,0,566945,Dry,23,"MOTOR VEHICLE STRUCK PEDALCYCLIST, LEFT SIDE SIDESWIPE",04118007,15289,0,2,Injury Collision,,45,Bicycle,Matched,0,1,Clear or Partly Cloudy,0,"(47.64863709600007, -122.34341043199998)",0,0,N,04-168130
61238,32154,32154,Intersection,Cycles,0,,,0,,03/01/2004 12:00:00 AM +0000,3/1/2004,1,27039,At Intersection (intersection related),Daylight,FREMONT AVE N AND N 34TH ST,0,1,Y,2,1930847,Dry,18,"MOTOR VEHICLE STRUCK PEDALCYCLIST, FRONT END AT ANGLE",04061034,10485,0,2,Injury Collision,,45,Bicycle,Matched,0,1,Clear or Partly Cloudy,0,"(47.64958972900007, -122.34974744899995)",0,0,N,5055517
61268,32016,32016,Block,Cycles,2363.5,,,0,Y,05/11/2004 12:00:00 AM +0000,5/11/2004 6:45:00 AM,1,,Driveway Junction,Daylight,WEST MARGINAL WAY SW BETWEEN SW BRANDON ST AND SW FRONT ST,0,1,,2,1790265,Wet,18,"MOTOR VEHICLE STRUCK PEDALCYCLIST, FRONT END AT ANGLE",04132014,23538,0,2,Injury Collision,,45,Bicycle,Matched,0,1,Clear or Partly Cloudy,0,"(47.54737055100003, -122.34509634399996)",0,0,N,04-189103
61307,31872,31872,Block,Cycles,213,,,0,Y,10/07/2004 12:00:00 AM +0000,10/7/2004,1,,Mid-Block (not related to intersection),Daylight,12TH AVE BETWEEN E COLUMBIA ST AND E MARION ST,0,1,,3,1074718,Dry,56,PEDALCYCLIST STRUCK MOTOR VEHICLE LEFT SIDE SIDESWIPE,04281004,1533,0,2,Injury Collision,,45,Bicycle,Matched,0,1,Clear or Partly Cloudy,0,"(47.609809435000045, -122.31677966199999)",0,0,N,4420996
61326,32003,32003,Intersection,Cycles,0,,,0,,06/30/2004 12:00:00 AM +0000,6/30/2004 10:00:00 AM,1,29863,At Intersection (intersection related),Daylight,MELROSE AVE AND PINE ST,0,1,,2,1216827,Dry,51,PEDALCYCLIST STRUCK MOTOR VEHICLE FRONT END AT ANGLE,04182022,11745,0,2,Injury Collision,,45,Bicycle,Matched,0,1,Clear or Partly Cloudy,0,"(47.615238420000026, -122.32790375499997)",0,0,N,04-267550
61424,31852,31852,Intersection,Cycles,0,,,0,,08/20/2004 12:00:00 AM +0000,8/20/2004 9:36:00 AM,1,28919,At Intersection (intersection related),Daylight,1ST AVE N AND MERCER ST,0,1,Y,2,1072162,Dry,18,"MOTOR VEHICLE STRUCK PEDALCYCLIST, FRONT END AT ANGLE",04233002,1030,0,2,Injury Collision,,45,Bicycle,Matched,0,1,Clear or Partly Cloudy,0,"(47.624578246000056, -122.355403922)",0,0,N,04 348959
61500,31410,31410,Intersection,Cycles,0,,,0,,01/12/2004 12:00:00 AM +0000,1/12/2004 7:30:00 AM,1,25633,At Intersection (intersection related),Dawn,PHINNEY AVE N AND N ARGYLE PL,0,1,Y,2,1782490,Wet,18,"MOTOR VEHICLE STRUCK PEDALCYCLIST, FRONT END AT ANGLE",04012023,12151,0,2,Injury Collision,,45,Bicycle,Matched,0,1,Clear or Partly Cloudy,0,"(47.669109054000046, -122.35440494899996)",0,0,N,4015330
61510,31557,31557,Intersection,Cycles,0,,,0,,06/08/2004 12:00:00 AM +0000,6/8/2004,1,29052,At Intersection (intersection related),Daylight,BROADWAY E AND E OLIVE WAY,0,1,,2,1327974,Dry,51,PEDALCYCLIST STRUCK MOTOR VEHICLE FRONT END AT ANGLE,04160026,9452,0,2,Injury Collision,,45,Bicycle,Matched,0,1,Overcast,0,"(47.61990774700007, -122.32087289199995)",0,0,N,4232588
61555,31403,31403,Intersection,Cycles,0,,,0,,07/16/2004 12:00:00 AM +0000,7/16/2004 3:53:00 PM,1,36339,At Intersection (intersection related),Daylight,AURORA AVE N AND N 117TH PL,0,1,,2,1080006,Dry,51,PEDALCYCLIST STRUCK MOTOR VEHICLE FRONT END AT ANGLE,04198005,8991,0,2,Injury Collision,,45,Bicycle,Matched,0,1,Clear or Partly Cloudy,0,"(47.71477675400007, -122.344852549)",0,0,N,04-294441
61582,31393,31393,Intersection,Cycles,0,,,0,,08/10/2004 12:00:00 AM +0000,8/10/2004 5:42:00 PM,1,35443,At Intersection (intersection related),Daylight,RAINIER AVE S AND S HENDERSON ST,0,1,Y,2,1793638,Dry,18,"MOTOR VEHICLE STRUCK PEDALCYCLIST, FRONT END AT ANGLE",04223004,12420,1,2b,Serious Injury Collision,,45,Bicycle,Matched,0,1,Clear or Partly Cloudy,0,"(47.52330726800005, -122.26998603899995)",0,0,N,04 335806
61786,31346,31346,Intersection,Cycles,0, ,,0,,11/16/2004 12:00:00 AM +0000,11/16/2004 8:03:00 AM,1,28005,At Intersection (intersection related),Daylight,6TH AVE N AND DEXTER AVE N,0,1,,2,1069933,Wet,51,PEDALCYCLIST STRUCK MOTOR VEHICLE FRONT END AT ANGLE,04321004,7910,1,2b,Serious Injury Collision,,45,Bicycle,Matched,0,1,Overcast,0,"(47.64032507300004, -122.34439622999997)",0,0,N,04-479572
61795,31627,31627,Intersection,Cycles,0,,,0,,03/22/2004 12:00:00 AM +0000,3/22/2004 2:10:00 PM,1,27167,At Intersection (intersection related),Daylight,UNIVERSITY WAY NE AND NE PACIFIC ST,0,1,Y,0,792822,Dry,18,"MOTOR VEHICLE STRUCK PEDALCYCLIST, FRONT END AT ANGLE",04082024,13215,0,2,Injury Collision,,45,Bicycle,Matched,0,1,Clear or Partly Cloudy,0,"(47.65339944100003, -122.31333457599999)",0,0,N,04-000621
61935,31728,31728,Intersection,Cycles,0,,,0,,08/02/2004 12:00:00 AM +0000,8/2/2004,0,28058,At Intersection (intersection related),Daylight,4TH AVE N AND DEXTER S AVE N,0,1,Y,2,1217176,Unknown,18,"MOTOR VEHICLE STRUCK PEDALCYCLIST, FRONT END AT ANGLE",04215001,10095,0,1,Property Damage Only Collision,,45,Bicycle,Matched,0,1,Clear or Partly Cloudy,0,"(47.64570977100004, -122.34948774899999)",0,0,N,04-324511
62049,30728,30728,Block,Cycles,213,,,0,,05/04/2004 12:00:00 AM +0000,5/4/2004,1,,Mid-Block (not related to intersection),Daylight,BROADWAY BETWEEN E HOWELL ST AND E DENNY WAY,0,1,Y,3,1772290,Dry,11,"MOTOR VEHICLE STRUCK MOTOR VEHICLE, FRONT END AT ANGLE",04125009,9450,0,2,Injury Collision,,45,Bicycle,Matched,0,2,Clear or Partly Cloudy,0,"(47.618154047000075, -122.32084513599995)",0,0,N,4179254
62174,30702,30702,Intersection,Cycles,0,,,0,,09/22/2004 12:00:00 AM +0000,9/22/2004 11:36:00 PM,1,28783,At Intersection (intersection related),Dark - Street Lights On,DEXTER AVE N AND HARRISON ST,0,1,,2,531039,Dry,18,"MOTOR VEHICLE STRUCK PEDALCYCLIST, FRONT END AT ANGLE",04266045,10074,0,2,Injury Collision,,45,Bicycle,Matched,0,1,Clear or Partly Cloudy,0,"(47.62205574500007, -122.34237158599996)",0,0,N,4399238
62240,30824,30824,Block,Cycles,161,,,0,,09/02/2004 12:00:00 AM +0000,9/2/2004,1,,Driveway Junction,Daylight,S WASHINGTON ST BETWEEN 20TH AVE S AND 21ST AVE S,0,1,,2,1216931,Dry,23,"MOTOR VEHICLE STRUCK PEDALCYCLIST, LEFT SIDE SIDESWIPE",04246009,21504,0,2,Injury Collision,,45,Bicycle,Matched,0,1,Clear or Partly Cloudy,0,"(47.60083342000007, -122.30570302199999)",0,0,N,04 368618
62528,30188,30188,Intersection,Cycles,0,,,0,,03/23/2004 12:00:00 AM +0000,3/23/2004 9:18:00 AM,1,29872,At Intersection (intersection related),Daylight,BOREN AVE AND PINE ST,0,1,,2,1777646,Dry,18,"MOTOR VEHICLE STRUCK PEDALCYCLIST, FRONT END AT ANGLE",04083014,9320,1,2b,Serious Injury Collision,,45,Bicycle,Matched,0,1,Clear or Partly Cloudy,0,"(47.61445724200007, -122.32982243299995)",0,0,N,04-117827
62604,30593,30593,Intersection,Cycles,0,,,0,,12/08/2004 12:00:00 AM +0000,12/8/2004,1,26848,At Intersection (intersection related),Dark - Street Lights On,STONE WAY N AND N 40TH ST,0,1,Y,2,1796751,Wet,18,"MOTOR VEHICLE STRUCK PEDALCYCLIST, FRONT END AT ANGLE",04343050,12961,0,2,Injury Collision,,45,Bicycle,Matched,0,1,Raining,0,"(47.65538287600003, -122.34243924099997)",0,0,N,4509423
62635,30158,30158,Block,Cycles,133,,,0,Y,08/02/2004 12:00:00 AM +0000,8/2/2004,1,,Mid-Block (not related to intersection),Daylight,15TH AVE NW BETWEEN NW 53RD ST AND NW 54TH ST,0,1,,3,1781816,Dry,51,PEDALCYCLIST STRUCK MOTOR VEHICLE FRONT END AT ANGLE,04215004,2100,0,2,Injury Collision,,45,Bicycle,Matched,0,1,Clear or Partly Cloudy,0,"(47.66752536200005, -122.37621628599999)",0,0,N,4321054
62677,30579,30579,Block,Cycles,211,,,0,,09/21/2004 12:00:00 AM +0000,9/21/2004 6:12:00 PM,1,,Mid-Block (not related to intersection),Dusk,YESLER WAY BETWEEN 8TH AVE AND BROADWAY,0,1,,2,1795777,Dry,24,MOTOR VEHCILE STRUCK PEDESTRIAN,04265015,13768,0,2,Injury Collision,,45,Bicycle,Matched,0,1,Clear or Partly Cloudy,0,"(47.601701923000064, -122.32159412299995)",0,0,N,04 397448
62687,30433,30433,Intersection,Cycles,0,,,0,,08/27/2004 12:00:00 AM +0000,8/27/2004 8:54:00 AM,1,28925,At Intersection (intersection related),Daylight,5TH AVE N AND HARRISON ST,0,1,,3,1784877,Dry,51,PEDALCYCLIST STRUCK MOTOR VEHICLE FRONT END AT ANGLE,04240002,7262,0,2,Injury Collision,,45,Bicycle,Matched,0,1,Clear or Partly Cloudy,0,"(47.62207493500006, -122.34759184799998)",0,0,N,04 359034
62707,30144,30144,Intersection,Cycles,0,,,0,,10/01/2004 12:00:00 AM +0000,10/1/2004,1,25949,At Intersection (intersection related),Daylight,25TH AVE NE AND NE BLAKELEY ST,0,1,Y,2,1774194,Dry,18,"MOTOR VEHICLE STRUCK PEDALCYCLIST, FRONT END AT ANGLE",04275012,3723,0,2,Injury Collision,,45,Bicycle,Matched,0,1,Clear or Partly Cloudy,0,"(47.66626671800003, -122.30060497999995)",0,0,N,04-411779
62716,30141,30141,Block,Cycles,153,,,0,Y,05/05/2004 12:00:00 AM +0000,5/5/2004,0,,Mid-Block (not related to intersection),Daylight,2ND AVE BETWEEN SPRING ST AND SENECA ST,0,1,,2,1213957,Dry,54,PEDALCYCLIST STRUCK MOTOR VEHICLE REAR END,04126033,2754,0,1,Property Damage Only Collision,,45,Bicycle,Matched,0,1,Clear or Partly Cloudy,0,"(47.606228043000044, -122.33610689099999)",0,0,N,04-180874
62737,30138,30138,Block,Cycles,365,,,0,,03/21/2004 12:00:00 AM +0000,3/21/2004 1:35:00 PM,1,,Driveway Junction,Daylight,18TH AVE S BETWEEN S STEVENS ST AND S HANFORD ST,0,1,,3,1771962,Dry,18,"MOTOR VEHICLE STRUCK PEDALCYCLIST, FRONT END AT ANGLE",04081008,2610,0,2,Injury Collision,,45,Bicycle,Matched,0,1,Clear or Partly Cloudy,0,"(47.57606733000006, -122.30880441)",0,0,N,04-115475
62753,30275,30275,Intersection,Cycles,0,,,0,,04/21/2004 12:00:00 AM +0000,4/21/2004 9:42:00 AM,1,29860,At Intersection (intersection related),Daylight,SUMMIT AVE AND E PINE ST,0,1,,2,1772276,Dry,51,PEDALCYCLIST STRUCK MOTOR VEHICLE FRONT END AT ANGLE,04112005,12987,0,2,Injury Collision,,45,Bicycle,Matched,0,1,Clear or Partly Cloudy,0,"(47.615218748000075, -122.325528841)",0,0,N,04 159290
62889,30528,30528,Block,Cycles,161,,,0,,11/19/2004 12:00:00 AM +0000,11/19/2004 6:27:00 PM,1,,Driveway Junction,Dark - Street Lights On,STEWART ST BETWEEN 9TH AVE AND TERRY AVE,0,1,Y,2,1069581,Dry,18,"MOTOR VEHICLE STRUCK PEDALCYCLIST, FRONT END AT ANGLE",04324008,12906,0,2,Injury Collision,,45,Bicycle,Matched,0,1,Overcast,0,"(47.61594756900007, -122.33400804399997)",0,0,N,40484655
62957,30355,30355,Intersection,Cycles,0,,,0,,05/22/2004 12:00:00 AM +0000,5/22/2004 4:27:00 PM,1,29019,At Intersection (intersection related),Daylight,BROADWAY E AND E REPUBLICAN ST,0,1,Y,3,1772335,Dry,18,"MOTOR VEHICLE STRUCK PEDALCYCLIST, FRONT END AT ANGLE",04143004,9455,0,2,Injury Collision,,45,Bicycle,Matched,0,1,Overcast,0,"(47.623128921000045, -122.32092426199995)",0,0,N,04-207065
63118,30043,30043,Block,Cycles,330,,,0,,08/16/2004 12:00:00 AM +0000,8/16/2004 6:10:00 PM,1,,Mid-Block (not related to intersection),Daylight,N NORTHGATE WAY BETWEEN CORLISS AVE N AND 1ST AVE NE,0,1,,2,1773972,Dry,11,"MOTOR VEHICLE STRUCK MOTOR VEHICLE, FRONT END AT ANGLE",04229009,16120,0,2,Injury Collision,,45,Bicycle,Matched,0,1,Clear or Partly Cloudy,0,"(47.70863744800005, -122.32997598599997)",0,0,N,04-343710
63199,30009,30009,Block,Cycles,218,,,0,,09/02/2004 12:00:00 AM +0000,9/2/2004,1,,Mid-Block (not related to intersection),Daylight,EASTLAKE AVE E BETWEEN HARVARD AVE E AND FUHRMAN AVE E,0,1,Y,2,1217255,Dry,23,"MOTOR VEHICLE STRUCK PEDALCYCLIST, LEFT SIDE SIDESWIPE",04246010,10184,0,2,Injury Collision,,45,Bicycle,Matched,0,1,Overcast,0,"(47.65104751100006, -122.32168580199999)",0,0,N,04-568388
63219,30016,30016,Block,Cycles,153,,,0,,10/14/2004 12:00:00 AM +0000,10/14/2004 1:29:00 PM,1,,Mid-Block (but intersection related),Daylight,4TH AVE S BETWEEN S MAIN ST AND S JACKSON ST,0,1,,2,1213263,Dry,55,PEDALCYCLIST STRUCK MOTOR VEHICLE RIGHT SIDE SIDESWIPE,04288021,6228,0,2,Injury Collision,,45,Bicycle,Matched,0,1,Clear or Partly Cloudy,0,"(47.59961782000005, -122.32896629899994)",0,0,N,04-432139
63355,29707,29707,Block,Cycles,132,,,0,Y,07/09/2004 12:00:00 AM +0000,7/9/2004,1,,Mid-Block (not related to intersection),Daylight,AURORA AVE N BETWEEN N 104TH ST AND N NORTHGATE WAY,0,1,,2,1079878,Wet,21,"MOTOR VEHICLE STRUCK PEDALCYCLIST, REAR END",04191005,8984,0,2,Injury Collision,,45,Bicycle,Matched,0,1,Clear or Partly Cloudy,0,"(47.70468772400005, -122.34468980499997)",0,0,N,4283825
63396,29964,29964,Block,Cycles,130,,,0,,09/09/2004 12:00:00 AM +0000,9/9/2004,1,,Driveway Junction,Daylight,NE 65TH ST BETWEEN 25TH AVE NE AND 26TH AVE NE,0,1,,2,1220281,Dry,18,"MOTOR VEHICLE STRUCK PEDALCYCLIST, FRONT END AT ANGLE",04253030,17278,0,2,Injury Collision,,45,Bicycle,Matched,0,1,Clear or Partly Cloudy,0,"(47.67577478700008, -122.30012567299997)",0,0,N,4379249
63640,29782,29782,Block,Cycles,34.5,,,0,,09/11/2004 12:00:00 AM +0000,9/11/2004 1:47:00 PM,1,,Mid-Block (not related to intersection),Dawn,30TH AVE NE BETWEEN NE BLAKELEY S ST AND NE 50TH ST,0,1,Y,2,1793809,Wet,18,"MOTOR VEHICLE STRUCK PEDALCYCLIST, FRONT END AT ANGLE",04255012,4599,0,2,Injury Collision,,45,Bicycle,Matched,0,1,Overcast,0,,0,0,N,04-382445
63648,29499,29499,Intersection,Cycles,0,,,0,,08/28/2004 12:00:00 AM +0000,8/28/2004 1:48:00 PM,1,26218,At Intersection (intersection related),Daylight,40TH AVE NE AND NE 55TH ST,0,1,,2,1220279,Dry,51,PEDALCYCLIST STRUCK MOTOR VEHICLE FRONT END AT ANGLE,04241001,6314,1,2b,Serious Injury Collision,,45,Bicycle,Matched,0,1,Clear or Partly Cloudy,0,"(47.668509302000075, -122.28482300399997)",0,0,N,4360955
63649,29355,29355,Block,Cycles,50,,,0,,08/28/2004 12:00:00 AM +0000,8/28/2004 6:39:00 AM,1,,Mid-Block (but intersection related),Daylight,MADISON ST BETWEEN ALASKAN WAY AND ALASKAN E RDWY WAY,0,1,,2,1784776,Dry,18,"MOTOR VEHICLE STRUCK PEDALCYCLIST, FRONT END AT ANGLE",04241004,11578,0,2,Injury Collision,,45,Bicycle,Matched,0,1,Clear or Partly Cloudy,0,"(47.60385129200006, -122.33825104099998)",0,0,N,04 360583
63681,29082,29082,Intersection,Cycles,0,,,0,,05/06/2004 12:00:00 AM +0000,5/6/2004,1,35220,At Intersection (intersection related),Daylight,50TH AVE S AND S ROSE ST,0,1,Y,2,1772732,Dry,18,"MOTOR VEHICLE STRUCK PEDALCYCLIST, FRONT END AT ANGLE",04127013,21186,0,2,Injury Collision,,45,Bicycle,Matched,0,1,Overcast,0,"(47.52911756800006, -122.270795309)",0,0,N,04-182464
63700,29488,29488,Intersection,Cycles,0,,,0,,06/15/2004 12:00:00 AM +0000,6/15/2004 6:35:00 PM,1,35274,At Intersection (intersection related),Daylight,RENTON AVE S AND S HENDERSON ST,0,1,,2,1327442,Dry,18,"MOTOR VEHICLE STRUCK PEDALCYCLIST, FRONT END AT ANGLE",04167032,12525,0,2,Injury Collision,,45,Bicycle,Matched,0,1,Clear or Partly Cloudy,0,"(47.52331233900003, -122.27640325499999)",0,0,N,04-244075
63921,29150,29150,Block,Cycles,268, ,,0,Y,09/24/2004 12:00:00 AM +0000,9/24/2004 6:24:00 PM,1,,Mid-Block (not related to intersection),Daylight,BROOKLYN AVE NE BETWEEN NE 43RD ST AND NE 45TH ST,0,1,,3,1773598,Dry,18,"MOTOR VEHICLE STRUCK PEDALCYCLIST, FRONT END AT ANGLE",04268011,9481,0,2,Injury Collision,,45,Bicycle,Matched,0,1,Overcast,0,"(47.660541608000074, -122.31430558899996)",0,0,N,4401928
63956,29559,29559,Block,Cycles,132,,,0,,07/03/2004 12:00:00 AM +0000,7/3/2004,1,,Driveway Junction,Dark - Street Lights On,AURORA AVE N BETWEEN N 85TH ST AND N 86TH ST,0,0,,3,1079959,Wet,18,"MOTOR VEHICLE STRUCK PEDALCYCLIST, FRONT END AT ANGLE",04185002,8963,0,2,Injury Collision,,45,Bicycle,Matched,1,1,Raining,0,"(47.69092351900008, -122.34452620899998)",0,0,N,
64040,29261,29261,Intersection,Cycles,0,,,0,,09/24/2004 12:00:00 AM +0000,9/24/2004 11:00:00 AM,1,32204,At Intersection (intersection related),Daylight,11TH CR AVE SW AND SW SPOKANE ST,0,1,,2,1789430,Dry,18,"MOTOR VEHICLE STRUCK PEDALCYCLIST, FRONT END AT ANGLE",04268004,1509,0,2,Injury Collision,,45,Bicycle,Matched,0,1,Overcast,0,"(47.571413018000044, -122.34880038699998)",0,0,N,4401355
64041,29258,29258,Block,Cycles,379,,,0,,03/23/2004 12:00:00 AM +0000,3/23/2004 11:59:00 AM,1,,Driveway Junction,Daylight,RAINIER AVE S BETWEEN S CHARLESTOWN ST AND S ANDOVER ST,0,1,Y,2,1771693,Dry,18,"MOTOR VEHICLE STRUCK PEDALCYCLIST, FRONT END AT ANGLE",04083024,12377,0,2,Injury Collision,,45,Bicycle,Matched,0,1,Clear or Partly Cloudy,0,"(47.56888238400006, -122.28992285299995)",0,0,N,4118000
64153,29380,29380,Intersection,Cycles,0,,,0,,06/04/2004 12:00:00 AM +0000,6/4/2004,1,30385,At Intersection (intersection related),Daylight,ALASKAN WAY S AND S ATLANTIC ST,0,1,Y,2,1482382,Dry,51,PEDALCYCLIST STRUCK MOTOR VEHICLE FRONT END AT ANGLE,04156005,8742,0,2,Injury Collision,,45,Bicycle,Matched,0,1,Clear or Partly Cloudy,0,"(47.59073208500007, -122.33733580199998)",0,0,N,04-226434
64247,28534,28534,Block,Cycles,330,,,0,,02/05/2004 12:00:00 AM +0000,2/5/2004,1,,Mid-Block (not related to intersection),Daylight,DELRIDGE WAY SW BETWEEN SW ANDOVER ST AND SW DAKOTA ST,0,1,Y,2,1778253,Dry,23,"MOTOR VEHICLE STRUCK PEDALCYCLIST, LEFT SIDE SIDESWIPE",04036005,9960,0,2,Injury Collision,,45,Bicycle,Matched,0,1,Clear or Partly Cloudy,0,"(47.567444160000036, -122.363296505)",0,0,N,04-051643
64319,28911,28911,Block,Cycles,190,,,0,,01/21/2004 12:00:00 AM +0000,1/21/2004 1:16:00 PM,1,,Driveway Junction,Daylight,RAINIER AVE S BETWEEN S OTHELLO ST AND S FONTANELLE ST,0,1,,2,1787948,Dry,21,"MOTOR VEHICLE STRUCK PEDALCYCLIST, REAR END",04021016,12409,0,2,Injury Collision,,45,Bicycle,Matched,0,1,Clear or Partly Cloudy,0,"(47.53644521700005, -122.27015501599999)",0,0,N,04 29125
64591,28573,28573,Block,Cycles,401,,,0,,04/21/2004 12:00:00 AM +0000,4/21/2004 12:45:00 PM,1,,Driveway Junction,Daylight,4TH AVE S BETWEEN SEATTLE BLVD S AND I90 WB 4TH AV OFF RP,0,1,,2,1776526,Wet,18,"MOTOR VEHICLE STRUCK PEDALCYCLIST, FRONT END AT ANGLE",04112025,6232,0,2,Injury Collision,,45,Bicycle,Matched,0,1,Clear or Partly Cloudy,0,"(47.595388341000046, -122.32904689999998)",0,0,N,04-159554
64691,28817,28817,Block,Cycles,131.5,,,0,,05/14/2004 12:00:00 AM +0000,5/14/2004 6:49:00 PM,1,,Mid-Block (not related to intersection),Daylight,DENNY WAY BETWEEN BOREN AVE AND FAIRVIEW AVE,0,1,,2,1470590,Dry,21,"MOTOR VEHICLE STRUCK PEDALCYCLIST, REAR END",04135004,10018,0,2,Injury Collision,,45,Bicycle,Matched,0,1,Clear or Partly Cloudy,0,"(47.61851947200006, -122.33478978899996)",0,0,N,4194768
64779,28111,28111,Intersection,Cycles,0,,,0,Y,10/07/2004 12:00:00 AM +0000,10/7/2004,1,334512,At Intersection (intersection related),Daylight,TAYLOR AVE N AND WARD PL,0,1,,2,1214115,Dry,51,PEDALCYCLIST STRUCK MOTOR VEHICLE FRONT END AT ANGLE,04281003,13414,0,2,Injury Collision,,45,Bicycle,Matched,0,1,Clear or Partly Cloudy,0,"(47.627397451000036, -122.346242701)",0,0,N,04-421019
64817,28091,28091,Block,Cycles,130,,,0,,08/18/2004 12:00:00 AM +0000,8/18/2004 8:20:00 AM,1,,Driveway Junction,Daylight,NE 65TH ST BETWEEN 25TH AVE NE AND 26TH AVE NE,0,1,Y,2,1220253,Dry,11,"MOTOR VEHICLE STRUCK MOTOR VEHICLE, FRONT END AT ANGLE",04231019,17278,0,2,Injury Collision,,45,Bicycle,Matched,0,1,Clear or Partly Cloudy,0,"(47.67577478700008, -122.30012567299997)",0,0,N,4345972
64841,28231,28231,Block,Cycles,161,,,0,,07/07/2004 12:00:00 AM +0000,7/7/2004,1,,Driveway Junction,Daylight,E JEFFERSON ST BETWEEN 15TH AVE AND 16TH AVE,0,1,,5,1472947,Dry,51,PEDALCYCLIST STRUCK MOTOR VEHICLE FRONT END AT ANGLE,04189034,14223,0,2,Injury Collision,,45,Bicycle,Matched,0,1,Clear or Partly Cloudy,0,"(47.60618397400003, -122.31220935999994)",0,0,N,04 280044