OBJECTID,INCKEY,COLDETKEY,ADDRTYPE,COLLISIONTYPE,DISTANCE,EXCEPTRSNCODE,EXCEPTRSNDESC,FATALITIES,INATTENTIONIND,INCDATE,INCDTTM,INJURIES,INTKEY,JUNCTIONTYPE,LIGHTCOND,LOCATION,PEDCOUNT,PEDCYLCOUNT,PEDROWNOTGRNT,PERSONCOUNT,REPORTNO,ROADCOND,SDOT_COLCODE,SDOT_COLDESC,SDOTCOLNUM,SEGKEY,SERIOUSINJURIES,SEVERITYCODE,SEVERITYDESC,SPEEDING,ST_COLCODE,ST_COLDESC,STATUS,UNDERINFL,VEHCOUNT,WEATHER,WIDTH,Shape,SEGLANEKEY,CROSSWALKKEY,HITPARKEDCAR,SPDCASENO
65027,28324,28324,Block,Cycles,899.5,,,0,,08/24/2004 12:00:00 AM +0000,8/24/2004 7:03:00 AM,1,,Mid-Block (not related to intersection),Dawn,ALASKAN WAY S BETWEEN ALASKAN E RDWY WAY S AND S ROYAL BROUGHAM WAY,0,1,,2,1213889,Wet,51,PEDALCYCLIST STRUCK MOTOR VEHICLE FRONT END AT ANGLE,04237046,8740,1,2b,Serious Injury Collision,,45,Bicycle,Matched,0,1,Raining,0,"(47.594805361000056, -122.33591469299995)",0,0,N,40354544
65090,28468,28468,Block,Cycles,79.5,,,0,,04/03/2004 12:00:00 AM +0000,4/3/2004,1,,Mid-Block (but intersection related),Dusk,28TH AVE S BETWEEN S MONTEREY PL AND S WARSAW ST,0,1,,4,1771601,Dry,18,"MOTOR VEHICLE STRUCK PEDALCYCLIST, FRONT END AT ANGLE",04094004,4206,0,2,Injury Collision,,45,Bicycle,Matched,0,1,Clear or Partly Cloudy,0,"(47.54378101400005, -122.29689429599995)",0,0,N,04 134104
65200,28425,28425,Intersection,Cycles,0,,,0,,08/12/2004 12:00:00 AM +0000,8/12/2004 1:25:00 AM,1,28632,At Intersection (intersection related),Dark - Street Lights On,MERCER ST AND QUEEN ANNE AVE N,0,1,Y,2,1783857,Dry,18,"MOTOR VEHICLE STRUCK PEDALCYCLIST, FRONT END AT ANGLE",04225006,11761,0,2,Injury Collision,,45,Bicycle,Matched,0,1,Clear or Partly Cloudy,0,"(47.62458297300003, -122.35670922099996)",0,0,N,04-336363
65379,27544,27544,Block,Cycles,852,,,0,,07/23/2004 12:00:00 AM +0000,7/23/2004 8:14:00 AM,1,,Driveway Junction,Daylight,20TH AVE W BETWEEN ELLIOTT BAY TRL AND THORNDYKE AVE W,0,1,Y,2,1482324,Dry,18,"MOTOR VEHICLE STRUCK PEDALCYCLIST, FRONT END AT ANGLE",04205001,3089,0,2,Injury Collision,,45,Bicycle,Matched,0,1,Clear or Partly Cloudy,0,"(47.64425017100007, -122.38206636399997)",0,0,N,04-305179
65382,27539,27539,Block,Cycles,258,,,0,,08/27/2004 12:00:00 AM +0000,8/27/2004 5:20:00 PM,1,,Driveway Junction,Daylight,STONE WAY N BETWEEN N 38TH ST AND N 39TH ST,0,1,Y,2,1220278,Dry,18,"MOTOR VEHICLE STRUCK PEDALCYCLIST, FRONT END AT ANGLE",04240006,12958,1,2b,Serious Injury Collision,,45,Bicycle,Matched,0,1,Overcast,0,"(47.653411937000044, -122.34253836899995)",0,0,N,4359645
65425,27605,27605,Block,Cycles,132,,,0,,10/31/2004 12:00:00 AM +0000,10/31/2004 8:32:00 PM,1,,Driveway Junction,Dark - Street Lights On,AURORA AVE N BETWEEN N 100TH ST AND N 101ST ST,0,1,Y,2,1793741,Dry,18,"MOTOR VEHICLE STRUCK PEDALCYCLIST, FRONT END AT ANGLE",04305020,8979,0,2,Injury Collision,,45,Bicycle,Matched,1,1,Clear or Partly Cloudy,0,"(47.70179073800006, -122.34465536399995)",0,0,N,04-457378
65496,100915,100915,Intersection,Cycles,0,,,0,,06/28/2009 12:00:00 AM +0000,6/28/2009 5:56:00 PM,0,33562,At Intersection (intersection related),Daylight,RAINIER AVE S AND S ANGELINE ST,0,1,Y,2,3285532,Dry,18,"MOTOR VEHICLE STRUCK PEDALCYCLIST, FRONT END AT ANGLE",09179001,12385,0,1,Property Damage Only Collision,,45,Bicycle,Matched,0,1,Clear or Partly Cloudy,0,"(47.55946382600007, -122.28596362199994)",0,0,N,2009-223731
65527,99318,99318,Intersection,Cycles,0, ,,0,,07/03/2009 12:00:00 AM +0000,7/3/2009,1,31823,At Intersection (intersection related),Daylight,CALIFORNIA AVE SW AND SW HANFORD ST,0,1,Y,2,2796413,Dry,18,"MOTOR VEHICLE STRUCK PEDALCYCLIST, FRONT END AT ANGLE",09184035,9543,0,2,Injury Collision,,45,Bicycle,Matched,0,1,Clear or Partly Cloudy,0,"(47.575626251000074, -122.38676064799995)",0,522807,N,09-230135
65540,99185,99185,Block,Cycles,160.5,,,0,,07/10/2009 12:00:00 AM +0000,7/10/2009 6:57:00 PM,1,,Driveway Junction,Daylight,DENNY WAY BETWEEN QUEEN ANNE AVE N AND 1ST AVE,0,1,Y,3,3326955,Dry,18,"MOTOR VEHICLE STRUCK PEDALCYCLIST, FRONT END AT ANGLE",09191010,9997,0,2,Injury Collision,,45,Bicycle,Matched,0,1,Clear or Partly Cloudy,0,"(47.61860457300003, -122.35610674199995)",20126,0,N,09-240341
65575,100790,100790,Intersection,Cycles,0,,,0,,06/02/2009 12:00:00 AM +0000,6/2/2009,0,29740,At Intersection (intersection related),Daylight,12TH AVE AND E PINE ST,0,1,Y,2,2623447,Dry,21,"MOTOR VEHICLE STRUCK PEDALCYCLIST, REAR END",09153018,1547,0,1,Property Damage Only Collision,,45,Bicycle,Matched,0,1,Clear or Partly Cloudy,0,"(47.61526393300005, -122.31685416899995)",10827,0,N,09-189964
65579,100270,100270,Block,Cycles,171,,,0,,01/21/2009 12:00:00 AM +0000,1/21/2009 11:06:00 AM,1,,Mid-Block (not related to intersection),Daylight,E UNION ST BETWEEN 14TH AVE AND 15TH AVE,0,1,,2,3282932,Dry,18,"MOTOR VEHICLE STRUCK PEDALCYCLIST, FRONT END AT ANGLE",09021004,14892,0,2,Injury Collision,,45,Bicycle,Matched,0,1,Overcast,0,"(47.61291457800007, -122.31347563099996)",9297,0,N,09-025311
65661,99196,99196,Intersection,Cycles,0,,,0,,03/02/2009 12:00:00 AM +0000,3/2/2009,1,27184,At Intersection (intersection related),Dark - Street Lights On,EASTERN AVE N AND N 45TH ST,0,1,Y,2,2894949,Wet,51,PEDALCYCLIST STRUCK MOTOR VEHICLE FRONT END AT ANGLE,09061005,10159,0,2,Injury Collision,,45,Bicycle,Matched,0,1,Raining,0,"(47.661363347000076, -122.32896932599999)",6523,0,N,09-74552
65697,100141,100141,Block,Cycles,213,,,0,,04/23/2009 12:00:00 AM +0000,4/23/2009 8:00:00 PM,1,,Mid-Block (not related to intersection),Daylight,WESTERN AVE BETWEEN EAGLE ST AND BAY ST,0,1,,2,3200432,Dry,23,"MOTOR VEHICLE STRUCK PEDALCYCLIST, LEFT SIDE SIDESWIPE",09113003,13516,0,2,Injury Collision,,45,Bicycle,Matched,0,1,Clear or Partly Cloudy,0,"(47.61741740900004, -122.35533927199998)",19099,0,N,09-137921
65711,100418,100418,Block,Cycles,277,,,0,,06/02/2009 12:00:00 AM +0000,6/2/2009,1,,Mid-Block (not related to intersection),Daylight,15TH AVE S BETWEEN S ATLANTIC ST AND S MASSACHUSETTS ST,0,1,,2,3285457,Dry,56,PEDALCYCLIST STRUCK MOTOR VEHICLE LEFT SIDE SIDESWIPE,09153020,2133,0,2,Injury Collision,,45,Bicycle,Matched,0,1,Clear or Partly Cloudy,0,"(47.58923541000007, -122.31375094099997)",14089,0,N,09-190100
65811,99614,99614,Block,Cycles,269, ,,0,,05/18/2009 12:00:00 AM +0000,5/18/2009 12:40:00 PM,1,,Mid-Block (not related to intersection),Daylight,UNIVERSITY WAY NE BETWEEN NE 43RD ST AND NE 45TH ST,1,1,Y,2,3210135,Dry,64,PEDALCYCLIST STRUCK PEDESTRIAN,09138005,13221,0,2,Injury Collision,,45,Bicycle,Matched,0,0,Clear or Partly Cloudy,0,"(47.66053087600005, -122.31314903299995)",5653,522427,N,2009-169184
65849,100018,100018,Intersection,Cycles,0,,,0,,01/21/2009 12:00:00 AM +0000,1/21/2009 5:16:00 PM,1,29685,At Intersection (intersection related),Daylight,1ST AVE AND VINE ST,0,1,Y,2,3286003,Dry,18,"MOTOR VEHICLE STRUCK PEDALCYCLIST, FRONT END AT ANGLE",09021008,1018,0,2,Injury Collision,,45,Bicycle,Matched,0,1,Clear or Partly Cloudy,0,"(47.61524908600006, -122.34968187099997)",13251,0,N,09 025785
65860,100941,100941,Intersection,Cycles,0,,,0,,10/09/2009 12:00:00 AM +0000,10/9/2009,1,29579,At Intersection (intersection related),Dark - Street Lights On,4TH AVE AND PINE ST,0,1,,2,3328451,Dry,18,"MOTOR VEHICLE STRUCK PEDALCYCLIST, FRONT END AT ANGLE",09282003,6133,0,2,Injury Collision,,45,Bicycle,Matched,1,1,Clear or Partly Cloudy,0,"(47.61120737300007, -122.33759198199999)",12763,0,N,09-357279
65868,100811,100811,Block,Cycles,295,,,0,,06/05/2009 12:00:00 AM +0000,6/5/2009,1,,Mid-Block (not related to intersection),Daylight,19TH AVE E BETWEEN E ROY ST AND E ALOHA ST,0,1,Y,2,3199092,Dry,56,PEDALCYCLIST STRUCK MOTOR VEHICLE LEFT SIDE SIDESWIPE,09156044,2660,0,2,Injury Collision,,45,Bicycle,Matched,0,1,Overcast,0,"(47.626041573000066, -122.30730824899996)",8893,0,N,2009-193536
65878,100682,100682,Intersection,Cycles,0,,,0,,05/23/2009 12:00:00 AM +0000,5/23/2009 8:44:00 PM,1,29911,At Intersection (intersection related),Daylight,7TH AVE AND UNION ST,0,1,,2,3208497,Dry,18,"MOTOR VEHICLE STRUCK PEDALCYCLIST, FRONT END AT ANGLE",09143003,8157,0,2,Injury Collision,,45,Bicycle,Matched,0,1,Clear or Partly Cloudy,0,"(47.610614154000075, -122.33244672399996)",37014,0,N,2009-176467
65928,99894,99894,Block,Cycles,206,,,0,,09/22/2009 12:00:00 AM +0000,9/22/2009 9:03:00 AM,1,,Mid-Block (not related to intersection),Daylight,15TH AVE W BETWEEN W BLAINE ST AND W HOWE ST,0,1,Y,2,3295884,Dry,18,"MOTOR VEHICLE STRUCK PEDALCYCLIST, FRONT END AT ANGLE",09265001,2185,0,2,Injury Collision,,45,Bicycle,Matched,0,1,Clear or Partly Cloudy,0,"(47.63538625000007, -122.37613581299996)",18997,0,N,2009 335257
65992,100952,100952,Block,Cycles,165,,,0,,05/30/2009 12:00:00 AM +0000,5/30/2009 2:23:00 PM,1,,Driveway Junction,Daylight,HARVARD AVE E BETWEEN E SHELBY ST AND E GWINN PL,0,1,,2,2906494,Dry,18,"MOTOR VEHICLE STRUCK PEDALCYCLIST, FRONT END AT ANGLE",09150004,10860,0,2,Injury Collision,Y,45,Bicycle,Matched,0,1,Clear or Partly Cloudy,0,"(47.647372983000025, -122.32210191399997)",0,0,N,2009-185789
66095,100445,100445,Block,Cycles,335.5,,,0,,07/10/2009 12:00:00 AM +0000,7/10/2009 10:28:00 PM,0,,Mid-Block (not related to intersection),Dark - Street Lights On,10TH AVE E BETWEEN E MILLER ST AND E ROANOKE W ST,0,1,,2,3282970,Dry,56,PEDALCYCLIST STRUCK MOTOR VEHICLE LEFT SIDE SIDESWIPE,09191008,1301,0,1,Property Damage Only Collision,,45,Bicycle,Matched,0,1,Clear or Partly Cloudy,0,"(47.64227343300007, -122.32005761599999)",6086,0,N,09-240632
66119,100035,100035,Block,Cycles,153,,,0,,05/15/2009 12:00:00 AM +0000,5/15/2009 11:42:00 PM,1,,Mid-Block (but intersection related),Dark - Street Lights On,1ST AVE S BETWEEN YESLER WAY AND S WASHINGTON ST,0,1,,2,2803793,Dry,56,PEDALCYCLIST STRUCK MOTOR VEHICLE LEFT SIDE SIDESWIPE,09135011,1185,0,2,Injury Collision,,45,Bicycle,Matched,1,1,Clear or Partly Cloudy,0,"(47.60130412800004, -122.33418005599998)",36174,0,N,09-165 941
66134,100829,100829,Block,Cycles,352,,,0,,09/13/2009 12:00:00 AM +0000,9/13/2009 2:00:00 PM,1,,Mid-Block (not related to intersection),Daylight,M L KING JR WAY BETWEEN E ALDER ST AND E JEFFERSON ST,0,1,Y,2,3328359,Dry,23,"MOTOR VEHICLE STRUCK PEDALCYCLIST, LEFT SIDE SIDESWIPE",09256028,11483,0,2,Injury Collision,,45,Bicycle,Matched,0,1,Clear or Partly Cloudy,0,"(47.60520605800008, -122.29679336599997)",10171,0,N,09-327970
66137,100826,100826,Block,Cycles,116,,,0,,06/12/2009 12:00:00 AM +0000,6/12/2009 4:36:00 PM,0,,Mid-Block (not related to intersection),Daylight,12TH AVE BETWEEN E REMINGTON CT AND E JEFFERSON ST,0,1,Y,2,3281759,Dry,56,PEDALCYCLIST STRUCK MOTOR VEHICLE LEFT SIDE SIDESWIPE,09163007,1528,0,1,Property Damage Only Collision,,45,Bicycle,Matched,0,1,Clear or Partly Cloudy,0,"(47.60588380000007, -122.31678057699997)",10600,0,N,2009-203161
66165,99229,99229,Block,Cycles,213,,,0,,09/30/2009 12:00:00 AM +0000,9/30/2009 6:50:00 AM,1,,Mid-Block (not related to intersection),Dawn,BOREN AVE BETWEEN PINE ST AND OLIVE WAY,0,1,,2,3274368,Dry,18,"MOTOR VEHICLE STRUCK PEDALCYCLIST, FRONT END AT ANGLE",09273023,9320,0,2,Injury Collision,,45,Bicycle,Matched,0,1,Clear or Partly Cloudy,0,"(47.61495247200003, -122.33027463099995)",24923,0,N,09-345255
66217,99768,99768,Intersection,Cycles,0,,,0,,07/17/2009 12:00:00 AM +0000,7/17/2009 7:20:00 AM,1,25183,At Intersection (intersection related),Daylight,17TH AVE NW AND SHILSHOLE AVE NW,0,1,,2,3198455,Dry,18,"MOTOR VEHICLE STRUCK PEDALCYCLIST, FRONT END AT ANGLE",09198002,2428,0,2,Injury Collision,,45,Bicycle,Matched,0,1,Clear or Partly Cloudy,0,"(47.66238965500003, -122.37889419899994)",0,0,N,09-248735
66227,99910,99910,Intersection,Cycles,0,,,0,,07/29/2009 12:00:00 AM +0000,7/29/2009 8:39:00 AM,1,28780,At Intersection (intersection related),Daylight,HARRISON ST AND WESTLAKE AVE N,0,1,,2,2797924,Dry,18,"MOTOR VEHICLE STRUCK PEDALCYCLIST, FRONT END AT ANGLE",09210021,10767,0,2,Injury Collision,,45,Bicycle,Matched,0,1,Clear or Partly Cloudy,0,"(47.62204123500004, -122.33845570699998)",25082,0,N,09-265012
66253,100448,100448,Block,Cycles,190.5,,,0,,07/12/2009 12:00:00 AM +0000,7/12/2009 12:01:00 PM,1,,Driveway Junction,Dark - Street Lights Off,LEARY WAY NW BETWEEN NW BOWDOIN N PL AND NW 40TH ST,0,1,Y,2,3280438,Unknown,18,"MOTOR VEHICLE STRUCK PEDALCYCLIST, FRONT END AT ANGLE",09193004,11337,0,2,Injury Collision,,45,Bicycle,Matched,0,1,Unknown,0,"(47.655624257000056, -122.36149436999995)",17409,0,N,09-242441
66277,98960,98960,Intersection,Cycles,0,,,0,,09/22/2009 12:00:00 AM +0000,9/22/2009 4:00:00 PM,1,26977,At Intersection (intersection related),Daylight,FREMONT AVE N AND N 41ST ST,0,1,Y,2,2796215,Dry,18,"MOTOR VEHICLE STRUCK PEDALCYCLIST, FRONT END AT ANGLE",09265027,10491,0,2,Injury Collision,,45,Bicycle,Matched,0,1,Overcast,0,"(47.656662924000045, -122.34994844099998)",8394,0,N,09-338292
66285,100963,100963,Intersection,Cycles,0,,,0,,03/24/2009 12:00:00 AM +0000,3/24/2009 7:45:00 AM,0,35274,At Intersection (intersection related),Daylight,RENTON AVE S AND S HENDERSON ST,0,1,,2,3296789,Dry,18,"MOTOR VEHICLE STRUCK PEDALCYCLIST, FRONT END AT ANGLE",09083008,12525,0,1,Property Damage Only Collision,,45,Bicycle,Matched,0,1,Overcast,0,"(47.52331233900003, -122.27640325499999)",14444,0,N,2009-99982
66298,100711,100711,Intersection,Cycles,0,,,0,,03/18/2009 12:00:00 AM +0000,3/18/2009 4:57:00 PM,0,35901,At Intersection (intersection related),Daylight,12TH AVE NE AND NE 125TH ST,0,1,,2,3210532,Dry,51,PEDALCYCLIST STRUCK MOTOR VEHICLE FRONT END AT ANGLE,09077016,1619,0,1,Property Damage Only Collision,,45,Bicycle,Matched,0,1,Clear or Partly Cloudy,0,"(47.71943187000005, -122.31540634199996)",11010,0,N,09-093424
66355,100188,100188,Intersection,Cycles,0,,,0,,01/06/2009 12:00:00 AM +0000,1/6/2009,1,29661,At Intersection (intersection related),Dark - Street Lights On,1ST AVE AND WARREN PL,0,1,Y,2,3285977,Wet,21,"MOTOR VEHICLE STRUCK PEDALCYCLIST, REAR END",09006021,1023,0,2,Injury Collision,Y,45,Bicycle,Matched,0,1,Raining,0,"(47.61788948000003, -122.35415335399995)",14424,0,N,21-Sep
66381,100587,100587,Intersection,Cycles,0,,,0,,08/05/2009 12:00:00 AM +0000,8/5/2009,1,29675,At Intersection (intersection related),Daylight,3RD AVE AND VINE ST,0,1,Y,2,3326785,Dry,18,"MOTOR VEHICLE STRUCK PEDALCYCLIST, FRONT END AT ANGLE",09217003,4393,1,2b,Serious Injury Collision,,45,Bicycle,Matched,0,1,Clear or Partly Cloudy,0,"(47.61657884200008, -122.34796376599996)",35614,0,N,2009-275073
66383,100585,100585,Block,Cycles,163.5,,,0,,12/10/2009 12:00:00 AM +0000,12/10/2009 8:28:00 PM,0,,Driveway Junction,Dark - Street Lights On,VALLEY ST BETWEEN BOREN AVE N AND FAIRVIEW AVE N,0,1,Y,2,3208220,Dry,51,PEDALCYCLIST STRUCK MOTOR VEHICLE FRONT END AT ANGLE,09344029,13267,0,1,Property Damage Only Collision,,45,Bicycle,Matched,0,1,Clear or Partly Cloudy,0,"(47.625777535000054, -122.33515575899997)",25038,0,N,2009-425860
66438,99109,99109,Intersection,Cycles,0,,,0,,02/16/2009 12:00:00 AM +0000,2/16/2009 8:33:00 AM,1,29389,At Intersection (intersection related),Daylight,20TH AVE AND E DENNY WAY,0,1,,2,3283179,Dry,51,PEDALCYCLIST STRUCK MOTOR VEHICLE FRONT END AT ANGLE,09047014,2943,0,2,Injury Collision,,45,Bicycle,Matched,0,1,Clear or Partly Cloudy,0,"(47.618501869000056, -122.30608077499994)",0,0,N,2009-57164
66482,99656,99656,Intersection,Cycles,0, ,,0,,09/20/2009 12:00:00 AM +0000,9/20/2009 4:53:00 PM,1,24498,At Intersection (intersection related),Daylight,ROOSEVELT WAY NE AND NE 65TH ST,0,1,Y,3,2796206,Dry,18,"MOTOR VEHICLE STRUCK PEDALCYCLIST, FRONT END AT ANGLE",09263022,12615,0,2,Injury Collision,,45,Bicycle,Matched,0,1,Clear or Partly Cloudy,0,"(47.67582932800008, -122.317363221)",0,524480,N,2009-333302
66632,99795,99795,Block,Cycles,4651.301373039999817,,,0,,07/22/2009 12:00:00 AM +0000,7/22/2009 12:17:00 PM,2,,Mid-Block (not related to intersection),Daylight,ALKI TRL BETWEEN DUWAMISH HEAD AND 62ND AVE SW,1,1,,2,3296122,Dry,64,PEDALCYCLIST STRUCK PEDESTRIAN,09203006,287005,0,2,Injury Collision,,45,Bicycle,Matched,0,0,Overcast,0,"(47.58674175200008, -122.39755180899999)",0,0,N,2009-255756
66648,100732,100732,Intersection,Cycles,0,,,0,,10/07/2009 12:00:00 AM +0000,10/7/2009,2,24540,At Intersection (intersection related),Daylight,BAGLEY AVE N AND N 77TH ST,0,1,,3,3207303,Dry,51,PEDALCYCLIST STRUCK MOTOR VEHICLE FRONT END AT ANGLE,09280013,9024,0,2,Injury Collision,Y,45,Bicycle,Matched,0,1,Clear or Partly Cloudy,0,"(47.68508443700006, -122.33162119299999)",0,0,N,09-353898
66664,100476,100476,Intersection,Cycles,0,,,0,,11/06/2009 12:00:00 AM +0000,11/6/2009,1,31631,At Intersection (intersection related),Dark - Street Lights On,23RD AVE S AND S MCCLELLAN ST,0,1,Y,2,3344306,Sand/Mud/Dirt,51,PEDALCYCLIST STRUCK MOTOR VEHICLE FRONT END AT ANGLE,09310032,3462,0,2,Injury Collision,,45,Bicycle,Matched,0,1,Raining,0,"(47.57835107900007, -122.30332510499994)",38281,0,N,2009-389570
66671,100857,100857,Block,Cycles,162,,,0,,04/08/2009 12:00:00 AM +0000,4/8/2009,1,,Driveway Junction,Daylight,S DEARBORN ST BETWEEN RAINIER AVE S AND HIAWATHA PL S,0,1,,2,3283553,Dry,56,PEDALCYCLIST STRUCK MOTOR VEHICLE LEFT SIDE SIDESWIPE,09098003,19837,0,2,Injury Collision,,45,Bicycle,Matched,0,1,Overcast,0,"(47.595873776000076, -122.31087581799994)",11478,0,N,09-118055
66715,100863,100863,Block,Cycles,213,,,0,,09/15/2009 12:00:00 AM +0000,9/15/2009 5:07:00 PM,1,,Driveway Junction,Daylight,STONE WAY N BETWEEN N 41ST N ST AND N 42ND ST,0,1,Y,2,3284724,Dry,51,PEDALCYCLIST STRUCK MOTOR VEHICLE FRONT END AT ANGLE,09258014,12963,0,2,Injury Collision,,45,Bicycle,Matched,0,1,Clear or Partly Cloudy,0,"(47.65743061000006, -122.34234102399995)",6343,0,N,09-327067
66760,99398,99398,Block,Cycles,179,,,0,,11/06/2009 12:00:00 AM +0000,11/6/2009,1,,Driveway Junction,Daylight,E OLIVE WAY BETWEEN SUMMIT AVE E AND E JOHN ST,0,1,Y,2,3207858,Wet,18,"MOTOR VEHICLE STRUCK PEDALCYCLIST, FRONT END AT ANGLE",09310026,14586,0,2,Injury Collision,,45,Bicycle,Matched,0,1,Raining,0,"(47.61927351300005, -122.32483051699995)",23263,0,N,09-389064
66864,99408,99408,Block,Cycles,210.5,,,0,,07/19/2009 12:00:00 AM +0000,7/19/2009 7:17:00 PM,2,,Mid-Block (not related to intersection),Daylight,BALLARD AVE NW BETWEEN 20TH AVE NW AND NW VERNON PL,0,2,,3,3284480,Dry,56,PEDALCYCLIST STRUCK MOTOR VEHICLE LEFT SIDE SIDESWIPE,09200002,9044,0,2,Injury Collision,,45,Bicycle,Matched,0,1,Clear or Partly Cloudy,0,"(47.66595631800004, -122.38266506699995)",26301,0,N,09-252254
66889,100490,100490,Block,Cycles,124.5,,,0,,10/21/2009 12:00:00 AM +0000,10/21/2009 2:16:00 PM,1,,Driveway Junction,Daylight,NE 45TH ST BETWEEN 1ST AVE NE AND 2ND AVE NE,0,1,Y,2,3332762,Dry,51,PEDALCYCLIST STRUCK MOTOR VEHICLE FRONT END AT ANGLE,09294010,16838,0,2,Injury Collision,,45,Bicycle,Matched,0,1,Clear or Partly Cloudy,0,"(47.661357277000036, -122.32775751099996)",6532,0,N,09-370996
66895,100356,100356,Intersection,Cycles,0, ,,0,,08/27/2009 12:00:00 AM +0000,8/27/2009 2:24:00 PM,1,24581,At Intersection (intersection related),Daylight,EAST GREEN LAKE DR N AND NE RAVENNA EB BV,0,1,Y,2,3327726,Dry,18,"MOTOR VEHICLE STRUCK PEDALCYCLIST, FRONT END AT ANGLE",09239027,14056,0,2,Injury Collision,,45,Bicycle,Matched,0,1,Clear or Partly Cloudy,0,"(47.679817015000026, -122.32571289799995)",0,524088,N,2009-303005
66947,100751,100751,Intersection,Cycles,0,,,0,,02/19/2009 12:00:00 AM +0000,2/19/2009 2:49:00 PM,0,26052,At Intersection (intersection related),Daylight,15TH AVE NE AND NE 50TH ST,0,1,Y,2,3286712,Dry,18,"MOTOR VEHICLE STRUCK PEDALCYCLIST, FRONT END AT ANGLE",09050002,2037,0,1,Property Damage Only Collision,,45,Bicycle,Matched,0,1,Clear or Partly Cloudy,0,"(47.66489281100007, -122.31193741899995)",28979,0,N,09-061318
66957,99004,99004,Block,Cycles,342,,,0,,06/18/2009 12:00:00 AM +0000,6/18/2009 12:30:00 PM,1,,Driveway Junction,Daylight,25TH AVE NE BETWEEN NE 49TH ST AND NE BLAKELEY ST,0,1,Y,2,3210139,Dry,18,"MOTOR VEHICLE STRUCK PEDALCYCLIST, FRONT END AT ANGLE",09169006,3722,0,2,Injury Collision,,45,Bicycle,Matched,0,1,Clear or Partly Cloudy,0,"(47.665332798000065, -122.30071134899998)",0,0,N,09-210752
66958,100625,100625,Intersection,Cycles,0, ,,0,,08/18/2009 12:00:00 AM +0000,8/18/2009 4:00:00 PM,1,25147,At Intersection (intersection related),Daylight,TALLMAN AVE NW AND NW MARKET ST,0,1,Y,2,3328157,Dry,18,"MOTOR VEHICLE STRUCK PEDALCYCLIST, FRONT END AT ANGLE",09230001,19231,0,2,Injury Collision,,45,Bicycle,Matched,0,1,Clear or Partly Cloudy,0,"(47.66867507400008, -122.38157414899996)",0,596167,N,2009-291690
66962,101010,101010,Block,Cycles,148.5,,,0,,02/19/2009 12:00:00 AM +0000,2/19/2009 2:21:00 PM,1,,Mid-Block (not related to intersection),Daylight,19TH AVE E BETWEEN E MERCER ST AND E ROY ST,0,1,,2,2899264,Dry,56,PEDALCYCLIST STRUCK MOTOR VEHICLE LEFT SIDE SIDESWIPE,09050001,2659,0,2,Injury Collision,,45,Bicycle,Matched,0,1,Clear or Partly Cloudy,0,"(47.624825214000055, -122.30730943499998)",8889,0,N,09-61278
66998,99143,99143,Block,Cycles,133,,,0,,09/09/2009 12:00:00 AM +0000,9/9/2009,1,,Driveway Junction,Daylight,ROOSEVELT WAY NE BETWEEN NE 66TH ST AND NE 67TH ST,0,1,,2,3206322,Dry,18,"MOTOR VEHICLE STRUCK PEDALCYCLIST, FRONT END AT ANGLE",09252015,12616,0,2,Injury Collision,,45,Bicycle,Matched,0,1,Clear or Partly Cloudy,0,"(47.67691750000006, -122.31737822099996)",0,0,N,09-319 222
66999,99554,99554,Intersection,Cycles,0,,,0,,03/12/2009 12:00:00 AM +0000,3/12/2009 8:43:00 PM,1,30136,At Intersection (intersection related),Dark - Street Lights On,15TH AVE AND E MADISON ST,0,1,,2,2617154,Dry,18,"MOTOR VEHICLE STRUCK PEDALCYCLIST, FRONT END AT ANGLE",09071006,1997,0,2,Injury Collision,,45,Bicycle,Matched,0,1,Clear or Partly Cloudy,0,"(47.61449898500007, -122.31277145499996)",22976,0,N,09-086461
67092,99150,99150,Intersection,Cycles,0,,,0,,04/24/2009 12:00:00 AM +0000,4/24/2009 9:04:00 AM,1,27077,At Intersection (intersection related),Daylight,UNIVERSITY WAY NE AND NE 43RD ST,0,1,,2,3284581,Dry,18,"MOTOR VEHICLE STRUCK PEDALCYCLIST, FRONT END AT ANGLE",09114001,13221,0,2,Injury Collision,,45,Bicycle,Matched,0,1,Clear or Partly Cloudy,0,"(47.65979512000007, -122.31316833599999)",5653,0,N,2009-138508
67116,101014,101014,Block,Cycles,395,,,0,,04/07/2009 12:00:00 AM +0000,4/7/2009,1,,Mid-Block (not related to intersection),Daylight,LAKESIDE AVE S BETWEEN E YESLER WAY AND S LESCHI PL,0,1,,2,3283551,Dry,56,PEDALCYCLIST STRUCK MOTOR VEHICLE LEFT SIDE SIDESWIPE,09097028,11258,0,2,Injury Collision,,45,Bicycle,Matched,0,1,Clear or Partly Cloudy,0,"(47.60062927900003, -122.28571336199997)",35091,0,N,09-117400
67157,99560,99560,Intersection,Cycles,0,,,0,,05/13/2009 12:00:00 AM +0000,5/13/2009 3:16:00 PM,1,30192,At Intersection (intersection related),Daylight,18TH AVE AND E JEFFERSON ST,0,1,Y,2,3199101,Wet,18,"MOTOR VEHICLE STRUCK PEDALCYCLIST, FRONT END AT ANGLE",09133006,2535,0,2,Injury Collision,,45,Bicycle,Matched,0,1,Raining,0,"(47.60616997200003, -122.30894195199994)",0,0,N,2009-162779
67178,100510,100510,Intersection,Cycles,0,,,0,,04/16/2009 12:00:00 AM +0000,4/16/2009 5:57:00 AM,1,26640,At Intersection (intersection related),Dawn,LEARY WAY NW AND NW 41ST ST,0,1,Y,2,2623934,Dry,51,PEDALCYCLIST STRUCK MOTOR VEHICLE FRONT END AT ANGLE,09106005,11339,0,2,Injury Collision,,45,Bicycle,Matched,0,1,Overcast,0,"(47.65693614800006, -122.36276701099996)",17393,0,N,09-127771