OBJECTID,INCKEY,COLDETKEY,ADDRTYPE,COLLISIONTYPE,DISTANCE,EXCEPTRSNCODE,EXCEPTRSNDESC,FATALITIES,INATTENTIONIND,INCDATE,INCDTTM,INJURIES,INTKEY,JUNCTIONTYPE,LIGHTCOND,LOCATION,PEDCOUNT,PEDCYLCOUNT,PEDROWNOTGRNT,PERSONCOUNT,REPORTNO,ROADCOND,SDOT_COLCODE,SDOT_COLDESC,SDOTCOLNUM,SEGKEY,SERIOUSINJURIES,SEVERITYCODE,SEVERITYDESC,SPEEDING,ST_COLCODE,ST_COLDESC,STATUS,UNDERINFL,VEHCOUNT,WEATHER,WIDTH,Shape,SEGLANEKEY,CROSSWALKKEY,HITPARKEDCAR,SPDCASENO
67200,100237,100237,Intersection,Cycles,0, ,,0,,12/08/2009 12:00:00 AM +0000,12/8/2009,1,30392,At Intersection (intersection related),Dark - Street Lights On,ALASKAN WAY S AND ALASKAN E RDWY WAY S,0,1,Y,2,3201017,Dry,18,"MOTOR VEHICLE STRUCK PEDALCYCLIST, FRONT END AT ANGLE",09342001,8740,0,2,Injury Collision,,45,Bicycle,Matched,0,1,Clear or Partly Cloudy,0,"(47.597269606000054, -122.33591132499998)",0,522601,N,09-423622
67234,100892,100892,Intersection,Cycles,0,,,0,,08/24/2009 12:00:00 AM +0000,8/24/2009 4:40:00 PM,1,29567,At Intersection (intersection related),Daylight,5TH AVE AND OLIVE WAY,0,1,,2,3286042,Dry,51,PEDALCYCLIST STRUCK MOTOR VEHICLE FRONT END AT ANGLE,09236002,7241,1,2b,Serious Injury Collision,,45,Bicycle,Matched,0,1,Clear or Partly Cloudy,0,"(47.612665347000075, -122.33739360399994)",14355,0,N,09-299326
67238,100889,100889,Block,Cycles,120.5, ,,1,,02/04/2009 12:00:00 AM +0000,2/4/2009,0,,Mid-Block (not related to intersection),Daylight,24TH AVE NW BETWEEN NW 64TH ST AND NW 65TH ST,0,1,,2,2905434,Dry,18,"MOTOR VEHICLE STRUCK PEDALCYCLIST, FRONT END AT ANGLE",09035001,3599,0,3,Fatality Collision,,45,Bicycle,Matched,0,1,Clear or Partly Cloudy,0,"(47.675617111000065, -122.38758443899997)",2152,0,N,09-042431
67318,100109,100109,Block,Cycles,161,,,0,,04/10/2009 12:00:00 AM +0000,4/10/2009 9:07:00 AM,1,,Mid-Block (not related to intersection),Daylight,S JACKSON ST BETWEEN 7TH AVE S AND 8TH AVE S,0,1,Y,2,3207278,Dry,18,"MOTOR VEHICLE STRUCK PEDALCYCLIST, FRONT END AT ANGLE",09100032,20491,0,2,Injury Collision,,45,Bicycle,Matched,N,1,Clear or Partly Cloudy,0,"(47.59918737100003, -122.32309939399994)",24453,0,N,09-120705
67334,100654,100654,Block,Cycles,118.5,,,0,,08/21/2009 12:00:00 AM +0000,8/21/2009 7:23:00 PM,1,,Driveway Junction,Daylight,CALIFORNIA AVE SW BETWEEN SW GRAHAM ST AND SW EDDY ST,0,1,,3,2796464,Dry,54,PEDALCYCLIST STRUCK MOTOR VEHICLE REAR END,09233004,9563,0,2,Injury Collision,,45,Bicycle,Matched,0,2,Clear or Partly Cloudy,0,"(47.54635981300004, -122.38719884099999)",2758,0,N,09-295815
67348,101029,101029,Intersection,Cycles,0, ,,0,Y,10/19/2009 12:00:00 AM +0000,10/19/2009 5:00:00 PM,0,29805,At Intersection (intersection related),Daylight,14TH AVE AND E JEFFERSON ST,0,1,Y,2,3207703,Dry,18,"MOTOR VEHICLE STRUCK PEDALCYCLIST, FRONT END AT ANGLE",09292002,1845,0,1,Property Damage Only Collision,,45,Bicycle,Matched,0,1,Clear or Partly Cloudy,0,"(47.60619196400006, -122.314165334)",0,524055,N,09-368835
67429,99984,99984,Intersection,Cycles,0,,,0,,12/20/2009 12:00:00 AM +0000,12/20/2009 7:09:00 PM,0,27027,At Intersection (intersection related),Dusk,FREMONT AVE N AND N 36TH ST,0,1,,4,3329090,Wet,18,"MOTOR VEHICLE STRUCK PEDALCYCLIST, FRONT END AT ANGLE",09354021,10487,0,1,Property Damage Only Collision,,45,Bicycle,Matched,1,1,Raining,0,"(47.65134880900007, -122.34993445299995)",0,0,N,2009-437117
67508,99445,99445,Block,Cycles,158.5,,,0,,07/25/2009 12:00:00 AM +0000,7/25/2009 9:18:00 AM,1,,Mid-Block (not related to intersection),Daylight,LAKE WASHINGTON BLVD BETWEEN E YESLER WAY AND E HURON ST,0,1,,2,3199477,Dry,56,PEDALCYCLIST STRUCK MOTOR VEHICLE LEFT SIDE SIDESWIPE,09206027,11171,0,2,Injury Collision,,45,Bicycle,Matched,0,1,Clear or Partly Cloudy,0,"(47.60193029700008, -122.28705167499999)",41011,0,N,2009-259762
67557,99718,99718,Block,Cycles,68.5,,,0,,07/13/2009 12:00:00 AM +0000,7/13/2009 5:26:00 PM,1,,Driveway Junction,Daylight,STONE WAY N BETWEEN N NORTHLAKE WAY AND N 34TH ST,0,1,,2,2893494,Dry,51,PEDALCYCLIST STRUCK MOTOR VEHICLE FRONT END AT ANGLE,09194005,12954,0,2,Injury Collision,,45,Bicycle,Matched,0,1,Clear or Partly Cloudy,0,"(47.64835110300004, -122.34278486699998)",28913,0,N,09-243974
67667,102545,102545,Intersection,Cycles,0,,,0,,06/29/2009 12:00:00 AM +0000,6/29/2009 3:55:00 PM,1,30147,At Intersection (intersection related),Daylight,21ST AVE AND E UNION ST,0,1,Y,2,3283159,Dry,18,"MOTOR VEHICLE STRUCK PEDALCYCLIST, FRONT END AT ANGLE",09180003,3106,0,2,Injury Collision,,45,Bicycle,Matched,0,1,Clear or Partly Cloudy,0,"(47.61292129000003, -122.30494951099996)",9353,0,N,09-224885
67700,102675,102675,Intersection,Cycles,0,,,0,,07/19/2009 12:00:00 AM +0000,7/19/2009 2:40:00 PM,2,29212,At Intersection (intersection related),Daylight,ARBORETUM DR E AND LAKE WASHINGTON BLVD E,1,1,Y,2,3199405,Dry,64,PEDALCYCLIST STRUCK PEDESTRIAN,09200035,8844,1,2b,Serious Injury Collision,,45,Bicycle,Matched,0,0,Clear or Partly Cloudy,0,"(47.628152871000054, -122.29408106699998)",8940,0,N,2009-251993
67758,102279,102279,Intersection,Cycles,0,,,0,,01/26/2009 12:00:00 AM +0000,1/26/2009 12:05:00 PM,1,36585,At Intersection (intersection related),Daylight,CORLISS AVE N AND N NORTHGATE WAY,0,1,,2,3282573,Dry,51,PEDALCYCLIST STRUCK MOTOR VEHICLE FRONT END AT ANGLE,09026005,16120,0,2,Injury Collision,,45,Bicycle,Matched,0,1,Clear or Partly Cloudy,0,"(47.70864592500004, -122.33131365399998)",18972,0,N,2009-031572
67773,102009,102009,Intersection,Cycles,0,,,0,,10/12/2009 12:00:00 AM +0000,10/12/2009 6:55:00 AM,1,30750,At Intersection (intersection related),Dawn,17TH AVE S AND S JACKSON ST,0,1,Y,3,3207651,Dry,18,"MOTOR VEHICLE STRUCK PEDALCYCLIST, FRONT END AT ANGLE",09285003,20497,0,2,Injury Collision,,45,Bicycle,Matched,0,1,Clear or Partly Cloudy,0,"(47.59923179300006, -122.31027221399995)",11031,0,N,09-359742
67780,102146,102146,Block,Cycles,198,,,0,,04/17/2009 12:00:00 AM +0000,4/17/2009 9:28:00 AM,1,,Mid-Block (not related to intersection),Daylight,ROOSEVELT WAY NE BETWEEN NE 42ND N ST AND NE 43RD S ST,0,1,,1,3277107,Wet,69,PEDALCYCLIST OVERTURNED IN ROAD,09107008,12596,0,2,Injury Collision,,45,Bicycle,Matched,0,0,Overcast,0,"(47.65891124900003, -122.31776594999997)",8990,0,N,2009-129267
67828,102686,102686,Block,Cycles,43,,,0,,07/21/2009 12:00:00 AM +0000,7/21/2009 11:27:00 AM,1,,Mid-Block (but intersection related),Daylight,51ST AVE S BETWEEN RAINIER AVE S AND S BARTON PL,0,1,,2,3285312,Dry,51,PEDALCYCLIST STRUCK MOTOR VEHICLE FRONT END AT ANGLE,09202008,7525,0,2,Injury Collision,,45,Bicycle,Matched,0,1,Clear or Partly Cloudy,0,"(47.52005416000003, -122.26982140799998)",37790,0,N,09-254313
67843,103102,103102,Block,Cycles,213,,,0,,10/19/2009 12:00:00 AM +0000,10/19/2009 6:45:00 PM,1,,Mid-Block (but intersection related),Dusk,BROADWAY E BETWEEN E DENNY WAY AND E OLIVE WAY,0,1,Y,2,3207727,Dry,23,"MOTOR VEHICLE STRUCK PEDALCYCLIST, LEFT SIDE SIDESWIPE",09292003,9451,0,2,Injury Collision,,45,Bicycle,Matched,0,1,Clear or Partly Cloudy,0,"(47.61932227600005, -122.32086366599998)",6821,0,N,2009-368945
67886,101340,101340,Intersection,Cycles,0,,,0,,06/04/2009 12:00:00 AM +0000,6/4/2009,1,25525,At Intersection (intersection related),Daylight,MERIDIAN AVE N AND N 50TH ST,0,1,,3,3207108,Dry,18,"MOTOR VEHICLE STRUCK PEDALCYCLIST, FRONT END AT ANGLE",09155041,11798,0,2,Injury Collision,,45,Bicycle,Matched,0,1,Clear or Partly Cloudy,0,"(47.66503572100004, -122.33371870099995)",31676,0,N,09-192190
67892,101877,101877,Intersection,Cycles,0,,,0,,01/14/2009 12:00:00 AM +0000,1/14/2009 3:15:00 PM,0,25115,At Intersection (intersection related),Unknown,22ND AVE NW AND NW 62ND ST,0,1,,2,C716590,Dry,18,"MOTOR VEHICLE STRUCK PEDALCYCLIST, FRONT END AT ANGLE",09014031,3287,0,1,Property Damage Only Collision,,45,Bicycle,Matched,0,1,Clear or Partly Cloudy,0,"(47.67382941100004, -122.38474112399996)",0,0,N,
67917,102291,102291,Intersection,Cycles,0, ,,0,,02/01/2009 12:00:00 AM +0000,2/1/2009,1,30144,At Intersection (intersection related),Dark - Street Lights On,18TH AVE AND E UNION ST,0,1,Y,2,3283001,Dry,51,PEDALCYCLIST STRUCK MOTOR VEHICLE FRONT END AT ANGLE,09032003,2540,0,2,Injury Collision,,45,Bicycle,Matched,0,1,Clear or Partly Cloudy,0,"(47.612901753000074, -122.30886086799995)",9324,0,N,2009-39218
67950,102559,102559,Intersection,Cycles,0,,,0,,05/25/2009 12:00:00 AM +0000,5/25/2009 11:42:00 PM,1,29109,At Intersection (intersection related),Dark - Street Lights On,FAIRVIEW AVE N AND FAIRVIEW PL N,0,1,,2,3273860,Dry,18,"MOTOR VEHICLE STRUCK PEDALCYCLIST, FRONT END AT ANGLE",09145001,10354,0,2,Injury Collision,,45,Bicycle,Matched,0,1,Clear or Partly Cloudy,0,"(47.626280877000056, -122.33400849299994)",0,0,N,2009-179341
68097,102839,102839,Intersection,Cycles,0,,,0,,08/13/2009 12:00:00 AM +0000,8/13/2009 8:04:00 AM,1,28913,At Intersection (intersection related),Daylight,MERCER ST AND TAYLOR AVE N,0,1,Y,2,2796201,Dry,18,"MOTOR VEHICLE STRUCK PEDALCYCLIST, FRONT END AT ANGLE",09225013,11768,0,2,Injury Collision,,45,Bicycle,Matched,0,1,Overcast,0,"(47.62455804800004, -122.34626626299996)",25073,0,N,2009-284798
68125,101494,101494,Block,Cycles,479, ,,0,,12/18/2009 12:00:00 AM +0000,12/18/2009 4:28:00 PM,1,,Mid-Block (not related to intersection),Dark - Street Lights On,NE PACIFIC PL BETWEEN NE PACIFIC ST AND MONTLAKE BLVD NE,0,1,Y,2,3210397,Dry,18,"MOTOR VEHICLE STRUCK PEDALCYCLIST, FRONT END AT ANGLE",09352030,18037,0,2,Injury Collision,,45,Bicycle,Matched,0,1,Overcast,0,"(47.65062622700003, -122.30572030799999)",0,524520,N,09-434753
68135,101895,101895,Block,Cycles,142.5,,,0,,03/10/2009 12:00:00 AM +0000,3/10/2009 7:10:00 PM,1,,Driveway Junction,Dusk,NE 41ST ST BETWEEN BROOKLYN AVE NE AND UNIVERSITY WAY NE,0,1,,3,3210258,Dry,18,"MOTOR VEHICLE STRUCK PEDALCYCLIST, FRONT END AT ANGLE",09069002,16756,0,2,Injury Collision,,45,Bicycle,Matched,0,1,Clear or Partly Cloudy,0,"(47.656841229000065, -122.31382613799997)",0,0,N,2009-083980
68163,101628,101628,Block,Cycles,68.5, ,,0,,08/12/2009 12:00:00 AM +0000,8/12/2009 9:25:00 AM,1,,Mid-Block (but intersection related),Daylight,STONE WAY N BETWEEN N NORTHLAKE WAY AND N 34TH ST,0,1,,2,3289818,Dry,51,PEDALCYCLIST STRUCK MOTOR VEHICLE FRONT END AT ANGLE,09224023,12954,0,2,Injury Collision,Y,45,Bicycle,Matched,0,1,Clear or Partly Cloudy,0,"(47.64835110300004, -122.34278486699998)",0,523424,N,09-283540
68232,102845,102845,Block,Cycles,161,,,0,Y,06/18/2009 12:00:00 AM +0000,6/18/2009 6:28:00 AM,1,,Driveway Junction,Daylight,S DEARBORN ST BETWEEN MAYNARD AVE S AND 7TH AVE S,0,1,Y,2,2896681,Dry,51,PEDALCYCLIST STRUCK MOTOR VEHICLE FRONT END AT ANGLE,09169009,19828,0,2,Injury Collision,,45,Bicycle,Matched,0,1,Clear or Partly Cloudy,0,"(47.59583432900007, -122.32441806099996)",5820,0,N,2009-210419
68254,102576,102576,Intersection,Cycles,0,,,0,,02/10/2009 12:00:00 AM +0000,2/10/2009 7:31:00 PM,0,27185,At Intersection (intersection related),Dark - Street Lights On,SUNNYSIDE AVE N AND N 45TH ST,0,1,Y,3,3284864,Wet,18,"MOTOR VEHICLE STRUCK PEDALCYCLIST, FRONT END AT ANGLE",09041002,13012,0,1,Property Damage Only Collision,,45,Bicycle,Matched,0,1,Sleet/Hail/Freezing Rain,0,"(47.66136913200006, -122.33016245999994)",6525,0,N,09-050549
68274,101224,101224,Block,Cycles,122,,,0,,01/21/2009 12:00:00 AM +0000,1/21/2009 7:18:00 AM,1,,Mid-Block (but intersection related),Dawn,BEACON ER AVE S BETWEEN S DAWSON ST AND S BENNETT N ST,0,1,,2,3289157,Dry,51,PEDALCYCLIST STRUCK MOTOR VEHICLE FRONT END AT ANGLE,09021003,167174,1,2b,Serious Injury Collision,,45,Bicycle,Matched,0,1,Clear or Partly Cloudy,0,"(47.55563121700004, -122.30313970599997)",12886,0,N,09-025081
68290,101907,101907,Intersection,Cycles,0, ,,0,,08/10/2009 12:00:00 AM +0000,8/10/2009 5:27:00 PM,1,36637,At Intersection (intersection related),Daylight,25TH AVE NE AND NE 117TH ST,0,1,Y,3,3198634,Dry,51,PEDALCYCLIST STRUCK MOTOR VEHICLE FRONT END AT ANGLE,09222024,3743,0,2,Injury Collision,,45,Bicycle,Matched,0,1,Clear or Partly Cloudy,0,"(47.71387809700008, -122.30177243199995)",0,0,N,09-281552
68293,101910,101910,Block,Cycles,117.5,,,0,,08/12/2009 12:00:00 AM +0000,8/12/2009 8:40:00 AM,1,,Mid-Block (not related to intersection),Daylight,VIRGINIA ST BETWEEN TERRY AVE AND FAIRVIEW AVE,0,1,Y,4,3344685,Wet,21,"MOTOR VEHICLE STRUCK PEDALCYCLIST, REAR END",09224021,13320,0,2,Injury Collision,,45,Bicycle,Matched,0,1,Clear or Partly Cloudy,0,"(47.61729106900003, -122.33456437099994)",14339,0,N,2009-283502
68314,101635,101635,Intersection,Cycles,0,,,0,,06/28/2009 12:00:00 AM +0000,6/28/2009 7:16:00 PM,1,26581,At Intersection (intersection related),Daylight,28TH AVE W AND W DRAVUS ST,0,1,,2,3208405,Dry,18,"MOTOR VEHICLE STRUCK PEDALCYCLIST, FRONT END AT ANGLE",09179008,4249,0,2,Injury Collision,,45,Bicycle,Matched,0,1,Clear or Partly Cloudy,0,"(47.64864617600006, -122.39290032499997)",29577,0,N,09-223809
68321,102315,102315,Intersection,Cycles,0,,,0,,09/30/2009 12:00:00 AM +0000,9/30/2009 8:35:00 AM,1,25978,At Intersection (intersection related),Daylight,15TH AVE NE AND NE 62ND ST,0,1,,2,3207302,Dry,51,PEDALCYCLIST STRUCK MOTOR VEHICLE FRONT END AT ANGLE,09273019,2046,0,2,Injury Collision,,45,Bicycle,Matched,0,1,Clear or Partly Cloudy,0,"(47.673978427000065, -122.31191775499997)",29058,0,N,09-345315
68327,102451,102451,Block,Cycles,124,,,0,Y,04/21/2009 12:00:00 AM +0000,4/21/2009 5:13:00 PM,1,,Mid-Block (not related to intersection),Daylight,GREEN LAKE WAY N BETWEEN N 52ND ST AND N 53RD ST,0,1,,2,3277109,Dry,23,"MOTOR VEHICLE STRUCK PEDALCYCLIST, LEFT SIDE SIDESWIPE",09111013,10695,0,2,Injury Collision,,45,Bicycle,Matched,0,1,Clear or Partly Cloudy,0,"(47.66674642900006, -122.34008797699994)",40757,0,N,09-135174
68451,101917,101917,Intersection,Cycles,0, ,,0,,01/24/2009 12:00:00 AM +0000,1/24/2009 9:16:00 PM,1,27149,At Intersection (intersection related),Dark - Street Lights On,15TH AVE NE AND NE PACIFIC ST,0,1,,3,3210551,Wet,18,"MOTOR VEHICLE STRUCK PEDALCYCLIST, FRONT END AT ANGLE",09024002,2028,0,2,Injury Collision,,45,Bicycle,Matched,0,2,Raining,0,"(47.65297596400006, -122.31246414499998)",0,520838,N,2009-029864
68461,102318,102318,Intersection,Cycles,0,,,0,,01/28/2009 12:00:00 AM +0000,1/28/2009 8:30:00 AM,1,29205,At Intersection (intersection related),Daylight,24TH AVE E AND E PROSPECT ST,0,1,,2,2882766,Dry,51,PEDALCYCLIST STRUCK MOTOR VEHICLE FRONT END AT ANGLE,09028021,3543,0,2,Injury Collision,Y,45,Bicycle,Matched,0,1,Clear or Partly Cloudy,0,"(47.62926766700008, -122.30166617799995)",22536,0,N,2009-035281
68463,102587,102587,Intersection,Cycles,0, ,,0,,06/28/2009 12:00:00 AM +0000,6/28/2009 11:39:00 AM,0,31517,At Intersection (intersection related),Daylight,RAINIER AVE S AND S MASSACHUSETTS ST,0,1,Y,6,3210926,Dry,18,"MOTOR VEHICLE STRUCK PEDALCYCLIST, FRONT END AT ANGLE",09179002,12353,0,1,Property Damage Only Collision,,45,Bicycle,Matched,0,1,Clear or Partly Cloudy,0,"(47.58841060100008, -122.30582739599998)",0,524935,N,2009-223395
68518,101512,101512,Intersection,Cycles,0,,,0,,05/01/2009 12:00:00 AM +0000,5/1/2009,1,29508,At Intersection (intersection related),Daylight,DENNY WAY AND TERRY AVE,0,1,Y,3,3200440,Dry,51,PEDALCYCLIST STRUCK MOTOR VEHICLE FRONT END AT ANGLE,09121005,10016,0,2,Injury Collision,,45,Bicycle,Matched,0,1,Clear or Partly Cloudy,0,"(47.61852939200003, -122.33728173199995)",23507,0,N,09-147296
68528,101246,101246,Intersection,Cycles,0,,,0,,09/25/2009 12:00:00 AM +0000,9/25/2009 9:05:00 PM,1,37571,At Intersection (intersection related),Dark - Street Lights Off,MERIDIAN AVE N AND N 92ND ST,0,1,Y,3,3198585,Dry,18,"MOTOR VEHICLE STRUCK PEDALCYCLIST, FRONT END AT ANGLE",09268002,16037,0,2,Injury Collision,,45,Bicycle,Matched,0,1,Clear or Partly Cloudy,0,"(47.695946657000036, -122.333803908)",0,0,N,2009-339892
68559,101789,101789,Block,Cycles,161,,,0,Y,07/27/2009 12:00:00 AM +0000,7/27/2009 10:02:00 PM,1,,Driveway Junction,Dark - Street Lights On,STEWART ST BETWEEN BOREN AVE AND MINOR AVE,0,1,Y,2,3344705,Dry,18,"MOTOR VEHICLE STRUCK PEDALCYCLIST, FRONT END AT ANGLE",09208035,12908,0,2,Injury Collision,,45,Bicycle,Matched,0,1,Clear or Partly Cloudy,0,"(47.617276211000046, -122.33228969599998)",0,0,N,09-263195
68631,102738,102738,Intersection,Cycles,0,,,0,,05/01/2009 12:00:00 AM +0000,5/1/2009,1,27182,At Intersection (intersection related),Daylight,2ND AVE NE AND NE 45TH ST,0,1,Y,3,3287033,Dry,51,PEDALCYCLIST STRUCK MOTOR VEHICLE FRONT END AT ANGLE,09121031,2803,0,2,Injury Collision,,45,Bicycle,Matched,0,1,Clear or Partly Cloudy,0,"(47.661354747000075, -122.32725022499994)",6532,0,N,09-147555
68739,102203,102203,Intersection,Cycles,0, ,,0,,09/26/2009 12:00:00 AM +0000,9/26/2009 6:06:00 PM,1,287171,At Intersection (intersection related),Daylight,BURKE GILMAN TRL AND NE 65TH ST,0,1,,2,3327986,Dry,18,"MOTOR VEHICLE STRUCK PEDALCYCLIST, FRONT END AT ANGLE",09269027,287215,1,2b,Serious Injury Collision,,45,Bicycle,Matched,0,1,Clear or Partly Cloudy,0,"(47.67573704200004, -122.26656513399996)",0,524265,N,09-341067
68753,102884,102884,Block,Cycles,115,,,0,,05/14/2009 12:00:00 AM +0000,5/14/2009 2:38:00 PM,1,,Mid-Block (but intersection related),Daylight,E ROANOKE ST BETWEEN GLENWILDE PL E AND 25TH AVE E,0,1,,2,2898937,Dry,51,PEDALCYCLIST STRUCK MOTOR VEHICLE FRONT END AT ANGLE,09134004,14736,0,2,Injury Collision,,45,Bicycle,Matched,0,1,Clear or Partly Cloudy,0,"(47.64314903700006, -122.30071450999998)",0,0,N,09-163904
68776,102607,102607,Block,Cycles,185,,,0,,06/01/2009 12:00:00 AM +0000,6/1/2009,0,,Mid-Block (not related to intersection),Daylight,UNIVERSITY BR BETWEEN FUHRMAN AVE E AND POINT A,0,1,,2,3205952,Dry,55,PEDALCYCLIST STRUCK MOTOR VEHICLE RIGHT SIDE SIDESWIPE,09152002,13189,0,1,Property Damage Only Collision,,45,Bicycle,Matched,0,1,Clear or Partly Cloudy,0,"(47.65202472800007, -122.32092404899998)",15452,0,N,09-188705
68780,101396,101396,Intersection,Cycles,0,,,0,,10/22/2009 12:00:00 AM +0000,10/22/2009 6:53:00 PM,1,29860,At Intersection (intersection related),Dark - Street Lights On,SUMMIT AVE AND E PINE ST,0,1,,3,3207731,Dry,23,"MOTOR VEHICLE STRUCK PEDALCYCLIST, LEFT SIDE SIDESWIPE",09295026,12987,0,2,Injury Collision,,45,Bicycle,Matched,0,1,Clear or Partly Cloudy,0,"(47.615218748000075, -122.325528841)",10345,0,N,09-372359
68801,101122,101122,Intersection,Cycles,0,,,0,,07/28/2009 12:00:00 AM +0000,7/28/2009 10:24:00 PM,1,26795,At Intersection (intersection related),Dark - Street Lights On,STONE WAY N AND N ALLEN PL,0,1,Y,2,3198236,Dry,18,"MOTOR VEHICLE STRUCK PEDALCYCLIST, FRONT END AT ANGLE",09209011,12968,0,2,Injury Collision,,45,Bicycle,Matched,0,1,Clear or Partly Cloudy,0,"(47.66067212100006, -122.34218132399997)",6375,0,N,09-264577
68829,101670,101670,Intersection,Cycles,0,,,0,,08/19/2009 12:00:00 AM +0000,8/19/2009 4:09:00 PM,1,28767,At Intersection (intersection related),Daylight,DEXTER AVE N AND MERCER ST,0,1,Y,2,3285614,Dry,51,PEDALCYCLIST STRUCK MOTOR VEHICLE FRONT END AT ANGLE,09231026,10076,0,2,Injury Collision,,45,Bicycle,Matched,0,1,Clear or Partly Cloudy,0,"(47.624549727000044, -122.34234960099997)",12649,0,N,09-292991
68835,101536,101536,Block,Cycles,365.5,,,0,,08/01/2009 12:00:00 AM +0000,8/1/2009,1,,Driveway Junction,Daylight,21ST AVE W BETWEEN W EMERSON PL AND W ELMORE ST,0,1,,1,3280763,Dry,69,PEDALCYCLIST OVERTURNED IN ROAD,09213011,3217,0,2,Injury Collision,,45,Bicycle,Matched,0,0,Clear or Partly Cloudy,0,"(47.65663125900005, -122.38339089699997)",33816,0,N,09-269346
68896,103025,103025,Block,Cycles,76, ,,0,,02/20/2009 12:00:00 AM +0000,2/20/2009 2:05:00 PM,1,,Driveway Junction,Daylight,BURKE GILMAN TRL BETWEEN 8TH AVE NW AND 8TH AVE NW,0,1,Y,2,3210351,Dry,18,"MOTOR VEHICLE STRUCK PEDALCYCLIST, FRONT END AT ANGLE",09051019,287188,0,2,Injury Collision,,45,Bicycle,Matched,0,1,Clear or Partly Cloudy,0,"(47.659098415000074, -122.36625996299995)",0,630875,N,09-062453
68897,103024,103024,Intersection,Cycles,0,,,0,,09/13/2009 12:00:00 AM +0000,9/13/2009 2:25:00 AM,1,31285,At Intersection (intersection related),Dark - Street Lights On,15TH AVE S AND S COLLEGE ST,0,1,Y,2,3283467,Dry,18,"MOTOR VEHICLE STRUCK PEDALCYCLIST, FRONT END AT ANGLE",09256002,2141,0,2,Injury Collision,,45,Bicycle,Matched,0,1,Clear or Partly Cloudy,0,"(47.582981946000075, -122.31339442999996)",14060,0,N,09-324058
68927,101408,101408,Intersection,Cycles,0, ,,0,,04/17/2009 12:00:00 AM +0000,4/17/2009 5:41:00 PM,1,30436,At Intersection (intersection related),Daylight,12TH AVE S AND S WELLER ST,0,1,Y,2,3283533,Dry,18,"MOTOR VEHICLE STRUCK PEDALCYCLIST, FRONT END AT ANGLE",09107009,21537,0,2,Injury Collision,,45,Bicycle,Matched,0,1,Clear or Partly Cloudy,0,"(47.59749957200006, -122.31722672699999)",0,525494,N,2009-129914
68991,102626,102626,Intersection,Cycles,0, ,,0,,07/10/2009 12:00:00 AM +0000,7/10/2009 6:45:00 PM,1,35910,At Intersection (intersection related),Daylight,MERIDIAN AVE N AND N 145TH ST,0,1,,2,2877980,Dry,18,"MOTOR VEHICLE STRUCK PEDALCYCLIST, FRONT END AT ANGLE",09191050,15280,0,2,Injury Collision,,45,Bicycle,Matched,0,1,Clear or Partly Cloudy,0,"(47.73413650100008, -122.33427594299997)",0,523998,N,
69050,102759,102759,Intersection,Cycles,0, ,,0,,11/16/2009 12:00:00 AM +0000,11/16/2009 5:10:00 PM,0,287158,At Intersection (intersection related),Dark - Street Lights Off,BROOKLYN AVE NE AND BURKE GILMAN TRL,0,1,,2,3198558,Wet,18,"MOTOR VEHICLE STRUCK PEDALCYCLIST, FRONT END AT ANGLE",09320001,287256,0,1,Property Damage Only Collision,,45,Bicycle,Matched,0,1,Raining,0,"(47.654209094000066, -122.31447179599996)",0,525567,N,09-400318
69073,101414,101414,Block,Cycles,423,,,0,,04/08/2009 12:00:00 AM +0000,4/8/2009,1,,Driveway Junction,Dark - No Street Lights,S JUNEAU ST BETWEEN 25TH AVE S AND 28TH AVE S,0,1,,2,3285127,Dry,18,"MOTOR VEHICLE STRUCK PEDALCYCLIST, FRONT END AT ANGLE",09098018,20538,0,2,Injury Collision,,45,Bicycle,Matched,0,1,Overcast,0,"(47.54997973500008, -122.298595966)",0,0,N,2009-118920
69169,102234,102234,Block,Cycles,190,,,0,,01/21/2009 12:00:00 AM +0000,1/21/2009 9:20:00 AM,1,,Driveway Junction,Daylight,MERCER SR ST BETWEEN BOREN AVE N AND FAIRVIEW N AVE N,0,1,Y,2,3289459,Dry,18,"MOTOR VEHICLE STRUCK PEDALCYCLIST, FRONT END AT ANGLE",09021010,11775,0,2,Injury Collision,,45,Bicycle,Matched,0,1,Clear or Partly Cloudy,0,"(47.62461728400007, -122.33506754299998)",0,0,N,2009-25200
69289,102507,102507,Intersection,Cycles,0,,,0,,04/26/2009 12:00:00 AM +0000,4/26/2009 6:49:00 PM,1,30097,At Intersection (intersection related),Daylight,M L KING JR WAY AND E ALDER ST,0,1,,3,3287459,Dry,18,"MOTOR VEHICLE STRUCK PEDALCYCLIST, FRONT END AT ANGLE",09116002,11483,0,2,Injury Collision,,45,Bicycle,Matched,0,1,Clear or Partly Cloudy,0,"(47.60424209800004, -122.29679819299997)",0,0,N,09-141636
69330,101566,101566,Intersection,Cycles,0, ,,0,,10/01/2009 12:00:00 AM +0000,10/1/2009,1,37769,At Intersection (intersection related),Daylight,20TH AVE NE AND LAKE CITY WAY NE,0,1,Y,2,3198592,Wet,18,"MOTOR VEHICLE STRUCK PEDALCYCLIST, FRONT END AT ANGLE",09274002,2980,0,2,Injury Collision,,45,Bicycle,Matched,0,1,Clear or Partly Cloudy,0,"(47.691236167000056, -122.30684853599996)",0,524603,N,2009-346481