OBJECTID,INCKEY,COLDETKEY,ADDRTYPE,COLLISIONTYPE,DISTANCE,EXCEPTRSNCODE,EXCEPTRSNDESC,FATALITIES,INATTENTIONIND,INCDATE,INCDTTM,INJURIES,INTKEY,JUNCTIONTYPE,LIGHTCOND,LOCATION,PEDCOUNT,PEDCYLCOUNT,PEDROWNOTGRNT,PERSONCOUNT,REPORTNO,ROADCOND,SDOT_COLCODE,SDOT_COLDESC,SDOTCOLNUM,SEGKEY,SERIOUSINJURIES,SEVERITYCODE,SEVERITYDESC,SPEEDING,ST_COLCODE,ST_COLDESC,STATUS,UNDERINFL,VEHCOUNT,WEATHER,WIDTH,Shape,SEGLANEKEY,CROSSWALKKEY,HITPARKEDCAR,SPDCASENO
69331,101565,101565,Intersection,Cycles,0, ,,0,,09/30/2009 12:00:00 AM +0000,9/30/2009 7:25:00 PM,0,24350,At Intersection (intersection related),Dark - Street Lights On,GREENWOOD AVE N AND N 67TH ST,1,0,Y,2,3344593,Dry,18,"MOTOR VEHICLE STRUCK PEDALCYCLIST, FRONT END AT ANGLE",09273022,275587,0,1,Property Damage Only Collision,,45,Bicycle,Matched,0,1,Clear or Partly Cloudy,0,"(47.67778147200005, -122.35532238399998)",0,0,N,09-345989
69347,101295,101295,Block,Cycles,213,,,0,,02/28/2009 12:00:00 AM +0000,2/28/2009 6:50:00 PM,1,,Mid-Block (not related to intersection),Dark - Street Lights On,4TH AVE BETWEEN LENORA ST AND BLANCHARD ST,0,1,,3,C719666,Dry,56,PEDALCYCLIST STRUCK MOTOR VEHICLE LEFT SIDE SIDESWIPE,09059037,6138,1,2b,Serious Injury Collision,,45,Bicycle,Matched,0,2,Clear or Partly Cloudy,0,"(47.61421489400004, -122.34198208899994)",12814,0,N,
69390,101839,101839,Intersection,Cycles,0,,,0,,05/06/2009 12:00:00 AM +0000,5/6/2009,1,29157,At Intersection (intersection related),Daylight,BELMONT AVE E AND E OLIVE WAY,1,1,Y,3,3206710,Wet,64,PEDALCYCLIST STRUCK PEDESTRIAN,09126028,9237,0,2,Injury Collision,,45,Bicycle,Matched,0,1,Raining,0,"(47.61966624400003, -122.32401126599996)",23250,0,N,2009-153876
69447,103202,103202,Intersection,Cycles,0, ,,1,,03/11/2009 12:00:00 AM +0000,3/11/2009 10:25:00 AM,0,25845,At Intersection (intersection related),Daylight,1ST AVE NE AND NE 56TH ST,0,1,,4,2792983,Dry,18,"MOTOR VEHICLE STRUCK PEDALCYCLIST, FRONT END AT ANGLE",09070037,1074,0,3,Fatality Collision,,45,Bicycle,Matched,0,1,Clear or Partly Cloudy,0,"(47.66936557400004, -122.32825777899996)",0,0,N,09-84594
69522,101571,101571,Block,Cycles,213,,,0,,08/13/2009 12:00:00 AM +0000,8/13/2009 6:15:00 PM,1,,Driveway Junction,Daylight,WESTERN AVE BETWEEN UNION ST AND PIKE ST,0,1,Y,2,3280359,Wet,51,PEDALCYCLIST STRUCK MOTOR VEHICLE FRONT END AT ANGLE,09225004,13503,0,2,Injury Collision,,45,Bicycle,Matched,0,1,Overcast,0,"(47.60785918400006, -122.34066884699996)",13038,0,N,09-285415
69587,101177,101177,Intersection,Cycles,0,,,0,,09/22/2009 12:00:00 AM +0000,9/22/2009 11:46:00 AM,2,29341,At Intersection (intersection related),Daylight,21ST AVE E AND E MERCER ST,0,1,,2,3199389,Dry,18,"MOTOR VEHICLE STRUCK PEDALCYCLIST, FRONT END AT ANGLE",09265005,3112,0,2,Injury Collision,,45,Bicycle,Matched,0,1,Clear or Partly Cloudy,0,"(47.62440457400004, -122.30466749399994)",0,0,N,09-335384
69588,102932,102932,Block,Cycles,161,,,0,,02/27/2009 12:00:00 AM +0000,2/27/2009 10:00:00 AM,1,,Mid-Block (not related to intersection),Daylight,S DEARBORN ST BETWEEN MAYNARD AVE S AND 7TH AVE S,0,1,Y,3,2898366,Dry,51,PEDALCYCLIST STRUCK MOTOR VEHICLE FRONT END AT ANGLE,09058009,19828,0,2,Injury Collision,,45,Bicycle,Matched,0,1,Clear or Partly Cloudy,0,"(47.59583432900007, -122.32441806099996)",5820,0,N,09-070362
69699,102804,102804,Intersection,Cycles,0,,,0,,01/12/2009 12:00:00 AM +0000,1/12/2009 5:49:00 PM,1,28531,At Intersection (intersection related),Dark - No Street Lights,MCGILVRA BLVD E AND E MADISON S ST,0,1,Y,2,3282959,Wet,51,PEDALCYCLIST STRUCK MOTOR VEHICLE FRONT END AT ANGLE,09012030,14052,0,2,Injury Collision,,45,Bicycle,Matched,0,1,Raining,0,"(47.63337181300005, -122.28157849399997)",34300,0,N,09-14703
69713,103073,103073,Block,Cycles,600,,,0,,04/16/2009 12:00:00 AM +0000,4/16/2009 6:59:00 PM,1,,Driveway Junction,Daylight,1ST AVE S BETWEEN RAILROAD S WAY S AND S ROYAL BROUGHAM WAY,0,1,,1,3207186,Dry,18,"MOTOR VEHICLE STRUCK PEDALCYCLIST, FRONT END AT ANGLE",09106026,1200,0,2,Injury Collision,,45,Bicycle,Matched,0,0,Clear or Partly Cloudy,0,"(47.594039731000066, -122.33419227599995)",0,0,N,2009-128616
69736,103494,103494,Block,Cycles,165.5,,,0,,08/03/2009 12:00:00 AM +0000,8/3/2009,1,,Mid-Block (not related to intersection),Daylight,NE 65TH ST BETWEEN 44TH AVE NE AND 45TH AVE NE,0,1,,2,3284488,Dry,54,PEDALCYCLIST STRUCK MOTOR VEHICLE REAR END,09215005,17302,1,2b,Serious Injury Collision,,45,Bicycle,Matched,0,1,Clear or Partly Cloudy,0,"(47.67578890500005, -122.28020712999995)",29987,0,N,2009-271914
69780,104168,104168,Intersection,Cycles,0,,,0,,02/04/2009 12:00:00 AM +0000,2/4/2009,1,35096,At Intersection (intersection related),Dark - Street Lights On,12TH AVE S AND S CLOVERDALE ST,0,1,Y,2,3296132,Dry,18,"MOTOR VEHICLE STRUCK PEDALCYCLIST, FRONT END AT ANGLE",09035021,1689,0,2,Injury Collision,,45,Bicycle,Matched,0,1,Clear or Partly Cloudy,0,"(47.52644853800007, -122.31758185099994)",0,0,N,09-43099
69789,104441,104441,Block,Cycles,211,,,0,,05/05/2009 12:00:00 AM +0000,5/5/2009,1,,Mid-Block (not related to intersection),Daylight,W NICKERSON ST BETWEEN QUEEN ANNE AVE N AND W BERTONA ST,0,1,Y,2,2612760,Wet,23,"MOTOR VEHICLE STRUCK PEDALCYCLIST, LEFT SIDE SIDESWIPE",09125021,23610,0,2,Injury Collision,,45,Bicycle,Matched,0,1,Raining,0,"(47.650099854000075, -122.35838332399999)",12480,0,N,09-152474
70026,104188,104188,Intersection,Cycles,0, ,,0,,05/24/2009 12:00:00 AM +0000,5/24/2009 12:50:00 PM,0,29894,At Intersection (intersection related),Daylight,6TH AVE AND PIKE ST,0,1,Y,2,2826485,Dry,18,"MOTOR VEHICLE STRUCK PEDALCYCLIST, FRONT END AT ANGLE",09144012,7883,0,1,Property Damage Only Collision,,45,Bicycle,Matched,0,1,Clear or Partly Cloudy,0,"(47.61114239800003, -122.33446376999996)",0,523698,N,09-177627
70039,104182,104182,Block,Cycles,180,,,0,,09/29/2009 12:00:00 AM +0000,9/29/2009 5:49:00 PM,0,,Mid-Block (not related to intersection),Daylight,15TH AVE E BETWEEN E REPUBLICAN N ST AND E MERCER S ST,0,1,,2,3199390,Wet,56,PEDALCYCLIST STRUCK MOTOR VEHICLE LEFT SIDE SIDESWIPE,09272008,2009,0,1,Property Damage Only Collision,,45,Bicycle,Matched,0,1,Raining,0,"(47.62375513000006, -122.31261507399995)",8560,0,N,09-344711
70042,104181,104181,Intersection,Cycles,0, ,,0,,09/28/2009 12:00:00 AM +0000,9/28/2009 4:34:00 PM,1,31517,At Intersection (intersection related),Daylight,RAINIER AVE S AND S MASSACHUSETTS ST,0,1,,3,3211220,Dry,18,"MOTOR VEHICLE STRUCK PEDALCYCLIST, FRONT END AT ANGLE",09271001,12353,0,2,Injury Collision,,45,Bicycle,Matched,0,1,Clear or Partly Cloudy,0,"(47.58841060100008, -122.30582739599998)",0,522986,N,09-343374
70058,103645,103645,Intersection,Cycles,0,,,0,,05/20/2009 12:00:00 AM +0000,5/20/2009 6:19:00 PM,0,29761,At Intersection (intersection related),Daylight,12TH AVE AND E MADISON ST,0,1,,2,3199078,Dry,18,"MOTOR VEHICLE STRUCK PEDALCYCLIST, FRONT END AT ANGLE",09140005,1536,0,1,Property Damage Only Collision,,45,Bicycle,Matched,0,1,Clear or Partly Cloudy,0,"(47.61288923600006, -122.31673339099996)",10773,0,N,2009-172285
70083,104595,104595,Intersection,Cycles,0,,,0,,11/16/2009 12:00:00 AM +0000,11/16/2009 5:17:00 PM,1,28783,At Intersection (intersection related),Dark - Street Lights On,DEXTER AVE N AND HARRISON ST,0,1,Y,2,2826472,Wet,51,PEDALCYCLIST STRUCK MOTOR VEHICLE FRONT END AT ANGLE,09320004,10074,0,2,Injury Collision,,45,Bicycle,Matched,0,1,Raining,0,"(47.62205574500007, -122.34237158599996)",12620,0,N,09-400322
70087,104593,104593,Intersection,Cycles,0,,,0,,11/13/2009 12:00:00 AM +0000,11/13/2009 9:13:00 AM,1,29925,At Intersection (intersection related),Daylight,9TH AVE AND MADISON ST,0,1,Y,2,2797562,Wet,18,"MOTOR VEHICLE STRUCK PEDALCYCLIST, FRONT END AT ANGLE",09317046,8516,0,2,Injury Collision,,45,Bicycle,Matched,0,1,Raining,0,"(47.60840867600007, -122.32736100899996)",22727,0,N,09-396668
70114,104319,104319,Block,Cycles,153.5,,,0,,10/20/2009 12:00:00 AM +0000,10/20/2009 4:44:00 PM,1,,Driveway Junction,Daylight,6TH AVE BETWEEN JAMES ST AND CHERRY ST,0,1,Y,2,3328460,Dry,18,"MOTOR VEHICLE STRUCK PEDALCYCLIST, FRONT END AT ANGLE",09293003,7873,0,2,Injury Collision,,45,Bicycle,Matched,0,1,Clear or Partly Cloudy,0,"(47.60451764100003, -122.32840497599994)",36575,0,N,2009-369974
70160,103927,103927,Intersection,Cycles,0,,,0,,08/18/2009 12:00:00 AM +0000,8/18/2009 4:52:00 PM,1,29862,At Intersection (intersection related),Daylight,BELLEVUE AVE AND E PINE ST,0,1,Y,2,3198940,Dry,51,PEDALCYCLIST STRUCK MOTOR VEHICLE FRONT END AT ANGLE,09230003,9213,0,2,Injury Collision,,45,Bicycle,Matched,0,1,Clear or Partly Cloudy,0,"(47.61521815300006, -122.32680418799998)",10342,0,N,09-291752
70196,104055,104055,Block,Cycles,461,,,0,,06/01/2009 12:00:00 AM +0000,6/1/2009,0,,Mid-Block (but intersection related),Daylight,LAKE WASHINGTON BLVD E BETWEEN E MADISON ST AND ARBORETUM DR E,0,1,Y,2,3198935,Dry,23,"MOTOR VEHICLE STRUCK PEDALCYCLIST, LEFT SIDE SIDESWIPE",09152003,11209,0,1,Property Damage Only Collision,,45,Bicycle,Matched,0,1,Clear or Partly Cloudy,0,"(47.627191362000076, -122.29298983499996)",8945,0,N,09-188827
70248,105292,105292,Block,Cycles,218,,,0,,01/31/2009 12:00:00 AM +0000,1/31/2009 10:31:00 AM,1,,Mid-Block (not related to intersection),Daylight,W GOVERNMENT WAY BETWEEN 33RD AVE W AND 34TH AVE W,0,1,,2,3274132,Dry,23,"MOTOR VEHICLE STRUCK PEDALCYCLIST, LEFT SIDE SIDESWIPE",09031004,23390,0,2,Injury Collision,Y,45,Bicycle,Matched,0,1,Clear or Partly Cloudy,0,"(47.65977668000005, -122.40034774399999)",15363,0,N,2009-37727
70327,103934,103934,Intersection,Cycles,0,,,0,,12/29/2009 12:00:00 AM +0000,12/29/2009 8:20:00 AM,0,29157,At Intersection (intersection related),Daylight,BELMONT AVE E AND E OLIVE WAY,0,1,Y,4,2882165,Dry,18,"MOTOR VEHICLE STRUCK PEDALCYCLIST, FRONT END AT ANGLE",09363003,9237,0,1,Property Damage Only Collision,,45,Bicycle,Matched,0,1,Clear or Partly Cloudy,0,"(47.61966624400003, -122.32401126599996)",23250,0,N,2009-444915
70344,104751,104751,Intersection,Cycles,0, ,,0,,03/06/2009 12:00:00 AM +0000,3/6/2009,1,27066,At Intersection (intersection related),Dark - Street Lights On,ROOSEVELT WAY NE AND NE 45TH ST,0,1,,2,3210254,Dry,18,"MOTOR VEHICLE STRUCK PEDALCYCLIST, FRONT END AT ANGLE",09065027,12599,0,2,Injury Collision,,45,Bicycle,Matched,0,1,Clear or Partly Cloudy,0,"(47.66129873700004, -122.31763816199998)",0,524683,N,2009-079433
70360,104335,104335,Block,Cycles,667,,,0,,10/20/2009 12:00:00 AM +0000,10/20/2009 2:16:00 PM,1,,Driveway Junction,Daylight,LINDEN AVE N BETWEEN N 130TH ST AND N 135TH ST,0,1,,2,3206104,Dry,18,"MOTOR VEHICLE STRUCK PEDALCYCLIST, FRONT END AT ANGLE",09293004,11453,0,2,Injury Collision,,45,Bicycle,Matched,0,1,Clear or Partly Cloudy,0,"(47.72503747500008, -122.34793329699994)",40842,0,N,2009-369797
70377,103402,103402,Intersection,Cycles,0,,,0,,04/10/2009 12:00:00 AM +0000,4/10/2009 8:21:00 AM,1,28028,At Intersection (intersection related),Daylight,DEXTER AVE N AND GARFIELD N ST,0,1,Y,2,3289749,Wet,18,"MOTOR VEHICLE STRUCK PEDALCYCLIST, FRONT END AT ANGLE",09100025,10086,0,2,Injury Collision,,45,Bicycle,Matched,0,1,Raining,0,"(47.633420201000035, -122.34228296399999)",12978,0,N,09-120662
70400,103533,103533,Intersection,Cycles,0,,,0,,12/14/2009 12:00:00 AM +0000,12/14/2009 5:28:00 PM,1,25439,At Intersection (intersection related),Dark - Street Lights Off,14TH AVE NW AND NW 51ST ST,0,1,Y,2,3333139,Wet,18,"MOTOR VEHICLE STRUCK PEDALCYCLIST, FRONT END AT ANGLE",09348034,1891,0,2,Injury Collision,,45,Bicycle,Matched,0,1,Raining,0,"(47.66570139100003, -122.37359167999995)",26676,0,N,09-430062
70406,105016,105016,Block,Cycles,189.5,,,0,,04/07/2009 12:00:00 AM +0000,4/7/2009,1,,Driveway Junction,Daylight,EASTLAKE AVE E BETWEEN E BLAINE ST AND E HOWE ST,0,1,Y,4,3289570,Dry,18,"MOTOR VEHICLE STRUCK PEDALCYCLIST, FRONT END AT ANGLE",09097039,10173,0,2,Injury Collision,,45,Bicycle,Matched,0,1,Clear or Partly Cloudy,0,"(47.63536821100007, -122.32540032999998)",24781,0,N,09-116827
70466,104074,104074,Intersection,Cycles,0,,,0,,06/30/2009 12:00:00 AM +0000,6/30/2009 9:46:00 PM,1,26727,At Intersection (intersection related),Dusk,14TH AVE W AND W NICKERSON ST,0,1,Y,2,2805528,Dry,18,"MOTOR VEHICLE STRUCK PEDALCYCLIST, FRONT END AT ANGLE",09181035,23619,0,2,Injury Collision,,45,Bicycle,Matched,0,1,Clear or Partly Cloudy,0,"(47.65516512500005, -122.37491603499996)",29914,0,N,09-225657
70501,104344,104344,Intersection,Cycles,0, ,,1,,07/17/2009 12:00:00 AM +0000,7/17/2009 6:36:00 PM,1,33710,At Intersection (intersection related),Daylight,LAKE WASHINGTON BLVD S AND S ORCAS ST,0,1,Y,7,3211076,Dry,51,PEDALCYCLIST STRUCK MOTOR VEHICLE FRONT END AT ANGLE,09198005,11246,0,3,Fatality Collision,,45,Bicycle,Matched,0,1,Clear or Partly Cloudy,0,"(47.55104977900004, -122.25934300299997)",38088,0,N,2009-249469
70547,104893,104893,Intersection,Cycles,0,,,0,,05/18/2009 12:00:00 AM +0000,5/18/2009 6:00:00 PM,1,25790,At Intersection (intersection related),Daylight,11TH AVE NE AND NE 50TH ST,0,1,,2,C721225,Dry,18,"MOTOR VEHICLE STRUCK PEDALCYCLIST, FRONT END AT ANGLE",09138042,1411,0,2,Injury Collision,,45,Bicycle,Matched,0,1,Overcast,0,"(47.66492767300008, -122.31633451799996)",21428,0,N,
70607,104080,104080,Intersection,Cycles,0,,,0,,10/13/2009 12:00:00 AM +0000,10/13/2009 7:40:00 AM,1,29592,At Intersection (intersection related),Daylight,2ND AVE AND PIKE ST,0,1,,2,3207284,Dry,51,PEDALCYCLIST STRUCK MOTOR VEHICLE FRONT END AT ANGLE,09286045,2758,0,2,Injury Collision,,45,Bicycle,Matched,0,1,Overcast,0,"(47.60928514300008, -122.33890369399995)",36906,0,N,09-361014
70620,104770,104770,Intersection,Cycles,0,,,0,,07/29/2009 12:00:00 AM +0000,7/29/2009 9:15:00 PM,1,34801,At Intersection (intersection related),Dusk,FAUNTLEROY WAY SW AND SW BARTON ST,0,1,Y,4,2796652,Dry,18,"MOTOR VEHICLE STRUCK PEDALCYCLIST, FRONT END AT ANGLE",09210022,10421,0,2,Injury Collision,,45,Bicycle,Matched,0,1,Clear or Partly Cloudy,0,"(47.52317298100007, -122.39298987299998)",3033,0,N,2009-265893
70810,103291,103291,Intersection,Cycles,0,,,0,,09/25/2009 12:00:00 AM +0000,9/25/2009 4:40:00 PM,0,29878,At Intersection (intersection related),Daylight,BOREN AVE AND PIKE ST,0,1,,2,3326534,Dry,51,PEDALCYCLIST STRUCK MOTOR VEHICLE FRONT END AT ANGLE,09268005,9319,0,1,Property Damage Only Collision,,45,Bicycle,Matched,0,1,Clear or Partly Cloudy,0,"(47.613465820000044, -122.32891310199994)",31087,0,N,09-339598
70834,103562,103562,Intersection,Cycles,0,,,0,,01/22/2009 12:00:00 AM +0000,1/22/2009 7:35:00 AM,1,31372,At Intersection (intersection related),Dawn,1ST AVE S AND S LANDER ST,0,1,Y,2,3289460,Dry,51,PEDALCYCLIST STRUCK MOTOR VEHICLE FRONT END AT ANGLE,09022025,1208,0,2,Injury Collision,,45,Bicycle,Matched,0,1,Overcast,0,"(47.579811138000025, -122.33420081399998)",5336,0,N,2009-26446
70839,103560,103560,Intersection,Cycles,0,,,0,,01/21/2009 12:00:00 AM +0000,1/21/2009 7:23:00 AM,2,26774,At Intersection (intersection related),Dawn,15TH AV W NB OFF RP AND W DRAVUS ST,0,2,,2,3273989,Dry,58,PEDALCYCLIST STRUCK PEDALCYCLIST FRONT END AT ANGLE,09021001,2202,0,2,Injury Collision,,45,Bicycle,Matched,0,0,Clear or Partly Cloudy,0,"(47.648468285000035, -122.37610866399996)",16062,0,N,2009-25085
70843,104233,104233,Intersection,Cycles,0,,,0,,10/09/2009 12:00:00 AM +0000,10/9/2009,1,29587,At Intersection (intersection related),Daylight,3RD AVE AND PIKE ST,0,1,,2,3345176,Dry,21,"MOTOR VEHICLE STRUCK PEDALCYCLIST, REAR END",09282002,4384,0,2,Injury Collision,,45,Bicycle,Matched,0,1,Clear or Partly Cloudy,0,"(47.60974973300006, -122.33779291599996)",35770,0,N,2009-356463
70926,105187,105187,Block,Cycles,239.5,,,0,,09/25/2009 12:00:00 AM +0000,9/25/2009 12:56:00 PM,1,,Driveway Junction,Daylight,RAINIER AVE S BETWEEN S FOREST ST AND M L KING JR WAY S,0,1,Y,2,3296870,Dry,18,"MOTOR VEHICLE STRUCK PEDALCYCLIST, FRONT END AT ANGLE",09268004,12366,0,2,Injury Collision,,45,Bicycle,Matched,0,1,Clear or Partly Cloudy,0,"(47.57694362600006, -122.29707687099994)",20107,0,N,2009-339291
70991,104105,104105,Block,Cycles,922.5,,,0,Y,07/05/2009 12:00:00 AM +0000,7/5/2009,1,,Driveway Junction,Daylight,HARBOR AVE SW BETWEEN SW HARBOR LN AND SW SPOKANE NR ST,0,1,,4,3296120,Dry,51,PEDALCYCLIST STRUCK MOTOR VEHICLE FRONT END AT ANGLE,09186022,10821,1,2b,Serious Injury Collision,,45,Bicycle,Matched,0,1,Clear or Partly Cloudy,0,"(47.574311359000035, -122.37093230899995)",4282,0,N,2009-233683
71018,104659,104659,Block,Cycles,213,,,0,Y,07/11/2009 12:00:00 AM +0000,7/11/2009 3:06:00 PM,0,,Driveway Junction,Daylight,1ST AVE BETWEEN LENORA ST AND BLANCHARD ST,0,1,Y,2,3276966,Dry,18,"MOTOR VEHICLE STRUCK PEDALCYCLIST, FRONT END AT ANGLE",09192025,1013,0,1,Property Damage Only Collision,,45,Bicycle,Matched,0,1,Clear or Partly Cloudy,0,"(47.61222096200004, -122.34456117999997)",0,0,N,09-241482
71045,104793,104793,Intersection,Cycles,0,,,0,,01/07/2009 12:00:00 AM +0000,1/7/2009,1,26903,At Intersection (intersection related),Daylight,WALLINGFORD AVE N AND N 35TH ST,0,1,Y,2,3284678,Wet,51,PEDALCYCLIST STRUCK MOTOR VEHICLE FRONT END AT ANGLE,09007031,13363,0,2,Injury Collision,,45,Bicycle,Matched,0,1,Overcast,0,"(47.64919565900004, -122.33633815999997)",6168,0,N,2009-007587
71071,104927,104927,Intersection,Cycles,0,,,0,,08/14/2009 12:00:00 AM +0000,8/14/2009 6:37:00 PM,1,29881,At Intersection (intersection related),Daylight,7TH AVE AND PINE ST,0,1,Y,2,3344724,Dry,51,PEDALCYCLIST STRUCK MOTOR VEHICLE FRONT END AT ANGLE,09226007,8159,0,2,Injury Collision,,45,Bicycle,Matched,0,1,Clear or Partly Cloudy,0,"(47.61260043800007, -122.33426239999994)",37048,0,N,09-286715
71083,103579,103579,Block,Cycles,165,,,0,,05/16/2009 12:00:00 AM +0000,5/16/2009 12:59:00 PM,0,,Mid-Block (but intersection related),Daylight,NW 83RD ST BETWEEN MARY AVE NW AND 15TH AVE NW,0,1,,2,3284890,Dry,54,PEDALCYCLIST STRUCK MOTOR VEHICLE REAR END,09136002,18937,0,1,Property Damage Only Collision,,45,Bicycle,Matched,0,1,Clear or Partly Cloudy,0,"(47.68872662000007, -122.37612772599999)",0,0,N,09-166579
71102,103305,103305,Block,Cycles,164,,,0,,02/04/2009 12:00:00 AM +0000,2/4/2009,1,,Driveway Junction,Dawn,E THOMAS ST BETWEEN 15TH S AVE E AND 16TH AVE E,0,1,Y,2,3287716,Dry,18,"MOTOR VEHICLE STRUCK PEDALCYCLIST, FRONT END AT ANGLE",09035016,14859,0,2,Injury Collision,,45,Bicycle,Matched,0,1,Clear or Partly Cloudy,0,"(47.62050127500004, -122.31205001199999)",35281,0,N,09-042337
71103,103304,103304,Intersection,Cycles,0, ,,0,,02/02/2009 12:00:00 AM +0000,2/2/2009,1,23895,At Intersection (intersection related),Daylight,15TH AVE NW AND NW 75TH ST,0,1,,3,3277491,Dry,18,"MOTOR VEHICLE STRUCK PEDALCYCLIST, FRONT END AT ANGLE",09033025,2116,0,2,Injury Collision,,45,Bicycle,Matched,0,1,Clear or Partly Cloudy,0,"(47.68323791900008, -122.37678003499997)",0,521278,N,09-040275
71124,103982,103982,Intersection,Cycles,0, ,,1,,07/01/2009 12:00:00 AM +0000,7/1/2009,1,27982,At Intersection (intersection related),Dark - Street Lights On,AURORA AVE N AND DEXTER WAY N,0,1,,3,2907125,Dry,18,"MOTOR VEHICLE STRUCK PEDALCYCLIST, FRONT END AT ANGLE",09182026,8917,0,3,Fatality Collision,,45,Bicycle,Matched,1,2,Clear or Partly Cloudy,0,"(47.64058930700003, -122.34631476299995)",0,0,N,2009-228057
71158,104525,104525,Intersection,Cycles,0,,,0,Y,01/27/2009 12:00:00 AM +0000,1/27/2009 4:40:00 PM,1,25790,At Intersection (intersection related),Dusk,11TH AVE NE AND NE 50TH ST,0,1,,2,3289058,Wet,18,"MOTOR VEHICLE STRUCK PEDALCYCLIST, FRONT END AT ANGLE",09027010,1411,0,2,Injury Collision,,45,Bicycle,Matched,0,1,Raining,0,"(47.66492767300008, -122.31633451799996)",21428,0,N,09-033056
71187,105069,105069,Intersection,Cycles,0,,,0,,09/17/2009 12:00:00 AM +0000,9/17/2009 3:15:00 AM,1,29863,At Intersection (intersection related),Dark - Street Lights On,MELROSE AVE AND PINE ST,0,1,,2,3210511,Dry,11,"MOTOR VEHICLE STRUCK MOTOR VEHICLE, FRONT END AT ANGLE",09260001,11745,0,2,Injury Collision,,45,Bicycle,Matched,1,1,Clear or Partly Cloudy,0,"(47.615238420000026, -122.32790375499997)",41973,0,N,09-328898
71191,104937,104937,Block,Cycles,342.5,,,0,,05/21/2009 12:00:00 AM +0000,5/21/2009 12:32:00 AM,1,,Mid-Block (but intersection related),Dark - Street Lights On,15TH AVE NE BETWEEN NE 73RD ST AND NE 75TH ST,0,1,Y,2,3283660,Dry,21,"MOTOR VEHICLE STRUCK PEDALCYCLIST, REAR END",09141001,2054,0,2,Injury Collision,,45,Bicycle,Matched,1,1,Clear or Partly Cloudy,0,"(47.68214975400008, -122.31169203799999)",29134,0,N,2009-172686
71212,103586,103586,Block,Cycles,340.5,,,0,,03/07/2009 12:00:00 AM +0000,3/7/2009,1,,Mid-Block (not related to intersection),Daylight,NE 55TH ST BETWEEN 43RD AVE NE AND 45TH AVE NE,0,1,,2,3283933,Wet,56,PEDALCYCLIST STRUCK MOTOR VEHICLE LEFT SIDE SIDESWIPE,09066003,17057,0,2,Injury Collision,,45,Bicycle,Matched,0,1,Overcast,0,"(47.668788594000034, -122.28080181999997)",34171,0,N,09-080356
71257,103852,103852,Block,Cycles,164,,,0,,08/07/2009 12:00:00 AM +0000,8/7/2009,1,,Mid-Block (but intersection related),Daylight,E PIKE ST BETWEEN HARVARD AVE AND BROADWAY,0,1,,2,3199372,Dry,54,PEDALCYCLIST STRUCK MOTOR VEHICLE REAR END,09219039,14599,0,2,Injury Collision,,45,Bicycle,Matched,0,1,Clear or Partly Cloudy,0,"(47.61407091900003, -122.32144766799996)",31201,0,N,09-278031
71356,103457,103457,Block,Cycles,44,,,0,,04/25/2009 12:00:00 AM +0000,4/25/2009 7:00:00 AM,0,,Mid-Block (not related to intersection),Dawn,TAYLOR AVE N BETWEEN ALOHA ST AND WARD PL,0,1,,2,C719928,Dry,11,"MOTOR VEHICLE STRUCK MOTOR VEHICLE, FRONT END AT ANGLE",09115025,13080,0,1,Property Damage Only Collision,,45,Bicycle,Matched,0,1,Clear or Partly Cloudy,0,"(47.62727483400005, -122.34624372199994)",11243,0,N,
71379,103994,103994,Intersection,Cycles,0,,,0,,06/23/2009 12:00:00 AM +0000,6/23/2009 5:11:00 PM,1,29873,At Intersection (intersection related),Daylight,BELLEVUE AVE AND E PIKE ST,0,1,Y,2,3283317,Dry,18,"MOTOR VEHICLE STRUCK PEDALCYCLIST, FRONT END AT ANGLE",09174003,9212,0,2,Injury Collision,,45,Bicycle,Matched,0,1,Clear or Partly Cloudy,0,"(47.61408812700006, -122.32682047299994)",31140,0,N,09-217397
71388,104271,104271,Intersection,Cycles,0, ,,0,,07/07/2009 12:00:00 AM +0000,7/7/2009,1,24429,At Intersection (intersection related),Daylight,12TH AVE NE AND NE 75TH ST,0,1,Y,2,3210485,Dry,18,"MOTOR VEHICLE STRUCK PEDALCYCLIST, FRONT END AT ANGLE",09188011,1590,1,2b,Serious Injury Collision,,45,Bicycle,Matched,0,1,Clear or Partly Cloudy,0,"(47.68308626400005, -122.31527968899996)",0,521080,N,09-236278
71393,104267,104267,Intersection,Cycles,0,,,0,,06/12/2009 12:00:00 AM +0000,6/12/2009 9:20:00 PM,1,29739,At Intersection (intersection related),Daylight,11TH AVE AND E PINE ST,0,1,Y,4,3199097,Dry,18,"MOTOR VEHICLE STRUCK PEDALCYCLIST, FRONT END AT ANGLE",09163004,1383,0,2,Injury Collision,,45,Bicycle,Matched,0,1,Clear or Partly Cloudy,0,"(47.615254391000065, -122.318159434)",10420,0,N,09-203511