OBJECTID,INCKEY,COLDETKEY,ADDRTYPE,COLLISIONTYPE,DISTANCE,EXCEPTRSNCODE,EXCEPTRSNDESC,FATALITIES,INATTENTIONIND,INCDATE,INCDTTM,INJURIES,INTKEY,JUNCTIONTYPE,LIGHTCOND,LOCATION,PEDCOUNT,PEDCYLCOUNT,PEDROWNOTGRNT,PERSONCOUNT,REPORTNO,ROADCOND,SDOT_COLCODE,SDOT_COLDESC,SDOTCOLNUM,SEGKEY,SERIOUSINJURIES,SEVERITYCODE,SEVERITYDESC,SPEEDING,ST_COLCODE,ST_COLDESC,STATUS,UNDERINFL,VEHCOUNT,WEATHER,WIDTH,Shape,SEGLANEKEY,CROSSWALKKEY,HITPARKEDCAR,SPDCASENO
71459,105086,105086,Block,Cycles,341,,,0,,04/13/2009 12:00:00 AM +0000,4/13/2009 6:40:00 PM,1,,Mid-Block (not related to intersection),Dawn,24TH AVE NW BETWEEN NW 73RD ST AND NW 75TH ST,0,1,Y,2,2893935,Wet,18,"MOTOR VEHICLE STRUCK PEDALCYCLIST, FRONT END AT ANGLE",09103026,3603,0,2,Injury Collision,,45,Bicycle,Matched,0,1,Overcast,0,"(47.68224759700007, -122.38755410499999)",2174,0,N,09-124689
71480,105222,105222,Block,Cycles,160.5,,,0,,08/11/2009 12:00:00 AM +0000,8/11/2009 3:15:00 PM,1,,Driveway Junction,Daylight,SW JUNEAU ST BETWEEN 40TH AVE SW AND 41ST AVE SW,0,1,Y,2,3283110,Dry,51,PEDALCYCLIST STRUCK MOTOR VEHICLE FRONT END AT ANGLE,09223023,22472,0,2,Injury Collision,,45,Bicycle,Matched,0,1,Clear or Partly Cloudy,0,"(47.55025612400004, -122.38367869499996)",0,0,N,09-282673
71501,103465,103465,Block,Cycles,124.5,,,0,,04/24/2009 12:00:00 AM +0000,4/24/2009 5:15:00 PM,1,,Driveway Junction,Daylight,NE 45TH ST BETWEEN 1ST AVE NE AND 2ND AVE NE,0,1,Y,2,2893453,Dry,51,PEDALCYCLIST STRUCK MOTOR VEHICLE FRONT END AT ANGLE,09114007,16838,0,2,Injury Collision,,45,Bicycle,Matched,0,1,Clear or Partly Cloudy,0,"(47.661357277000036, -122.32775751099996)",6532,0,N,2009-139162
71509,103736,103736,Block,Cycles,181.5,,,0,,06/02/2009 12:00:00 AM +0000,6/2/2009,1,,Mid-Block (not related to intersection),Daylight,ALASKAN WAY BETWEEN PINE ST AND VIRGINIA ST,0,1,,3,2612764,Dry,56,PEDALCYCLIST STRUCK MOTOR VEHICLE LEFT SIDE SIDESWIPE,09153027,8726,0,2,Injury Collision,,45,Bicycle,Matched,0,1,Clear or Partly Cloudy,0,"(47.60890055800007, -122.34444039399995)",20933,0,N,09-190186
71521,104144,104144,Intersection,Cycles,0,,,0,,04/10/2009 12:00:00 AM +0000,4/10/2009 5:11:00 PM,1,29965,At Intersection (intersection related),Daylight,5TH AVE AND COLUMBIA ST,0,1,,2,3208204,Dry,18,"MOTOR VEHICLE STRUCK PEDALCYCLIST, FRONT END AT ANGLE",09100003,7228,0,2,Injury Collision,,45,Bicycle,Matched,0,1,Overcast,0,"(47.605126152000025, -122.33049384199995)",36265,0,N,09-121212
71532,104417,104417,Intersection,Cycles,0,,,0,,01/08/2009 12:00:00 AM +0000,1/8/2009,1,27077,At Intersection (intersection related),Dark - Street Lights On,UNIVERSITY WAY NE AND NE 43RD ST,0,1,,2,3285024,Wet,18,"MOTOR VEHICLE STRUCK PEDALCYCLIST, FRONT END AT ANGLE",09008004,13221,0,2,Injury Collision,,45,Bicycle,Matched,0,1,Raining,0,"(47.65979512000007, -122.31316833599999)",5653,0,N,09-008618
71534,104416,104416,Intersection,Cycles,0,,,0,,01/06/2009 12:00:00 AM +0000,1/6/2009,1,31577,At Intersection (intersection related),Daylight,21ST AVE S AND S COLLEGE ST,0,1,Y,2,3282182,Wet,18,"MOTOR VEHICLE STRUCK PEDALCYCLIST, FRONT END AT ANGLE",09006018,3175,0,2,Injury Collision,Y,45,Bicycle,Matched,0,1,Raining,0,"(47.58295569300003, -122.30556231299994)",38190,0,N,09-006658
71545,104282,104282,Intersection,Cycles,0,,,0,,07/08/2009 12:00:00 AM +0000,7/8/2009,1,25464,At Intersection (intersection related),Daylight,LEARY WAY NW AND NW 46TH ST,0,1,Y,2,3277075,Dry,18,"MOTOR VEHICLE STRUCK PEDALCYCLIST, FRONT END AT ANGLE",09189002,11347,0,2,Injury Collision,,45,Bicycle,Matched,0,1,Clear or Partly Cloudy,0,"(47.66219540600008, -122.36786512799995)",0,0,N,09-237313
71547,104280,104280,Block,Cycles,213,,,0,,07/06/2009 12:00:00 AM +0000,7/6/2009,1,,Mid-Block (not related to intersection),Daylight,5TH AVE BETWEEN STEWART ST AND VIRGINIA ST,0,1,,2,2797615,Dry,56,PEDALCYCLIST STRUCK MOTOR VEHICLE LEFT SIDE SIDESWIPE,09187033,7242,0,2,Injury Collision,,45,Bicycle,Matched,0,1,Clear or Partly Cloudy,0,"(47.613341770000034, -122.33852199699999)",36184,0,N,09-234542
71655,103613,103613,Block,Cycles,161,,,0,Y,08/22/2009 12:00:00 AM +0000,8/22/2009 8:32:00 PM,1,,Mid-Block (but intersection related),Dark - Street Lights On,JAMES ST BETWEEN 2ND AVE AND 3RD AVE,0,1,,5,3200595,Dry,54,PEDALCYCLIST STRUCK MOTOR VEHICLE REAR END,09234002,11050,0,2,Injury Collision,,45,Bicycle,Matched,0,2,Clear or Partly Cloudy,0,"(47.60253667200004, -122.33196570599995)",24805,0,N,2009-297100
71660,103880,103880,Block,Cycles,132.5,,,0,,12/07/2009 12:00:00 AM +0000,12/7/2009,1,,Driveway Junction,Dark - Street Lights On,E ALOHA ST BETWEEN 10TH AVE E AND FEDERAL AVE E,0,1,Y,2,3199413,Dry,18,"MOTOR VEHICLE STRUCK PEDALCYCLIST, FRONT END AT ANGLE",09341005,13812,0,2,Injury Collision,,45,Bicycle,Matched,0,1,Clear or Partly Cloudy,0,"(47.62682378000005, -122.31968435399995)",8608,0,N,2009-422678
71721,104830,104830,Block,Cycles,50,,,0,Y,07/29/2009 12:00:00 AM +0000,7/29/2009 7:55:00 AM,0,,Mid-Block (but intersection related),Daylight,FAIRVIEW AVE N BETWEEN MERCER S SR ST AND MERCER ST,0,1,,2,3207268,Dry,21,"MOTOR VEHICLE STRUCK PEDALCYCLIST, REAR END",09210020,274457,0,1,Property Damage Only Collision,,45,Bicycle,Matched,N,1,Clear or Partly Cloudy,0,"(47.624401791000025, -122.33428603899995)",25396,0,N,09 264986
71803,104159,104159,Intersection,Cycles,0,,,0,,11/01/2009 12:00:00 AM +0000,11/1/2009,1,24698,At Intersection (intersection related),Daylight,28TH AVE NE AND NE 65TH ST,0,1,Y,2,3206463,Dry,18,"MOTOR VEHICLE STRUCK PEDALCYCLIST, FRONT END AT ANGLE",09305016,4110,0,2,Injury Collision,,45,Bicycle,Matched,0,1,Clear or Partly Cloudy,0,"(47.675777280000034, -122.29741281999998)",29805,0,N,2009-383895
71850,104709,104709,Intersection,Cycles,0,,,0,,04/09/2009 12:00:00 AM +0000,4/9/2009,1,25934,At Intersection (intersection related),Daylight,27TH AVE NE AND NE 55TH ST,0,1,Y,2,2893931,Wet,18,"MOTOR VEHICLE STRUCK PEDALCYCLIST, FRONT END AT ANGLE",09099004,4009,0,2,Injury Collision,,45,Bicycle,Matched,0,1,Overcast,0,"(47.66852284700008, -122.29850822999998)",33923,0,N,2009-119364
71886,105113,105113,Block,Cycles,273.5,,,0,,04/25/2009 12:00:00 AM +0000,4/25/2009 5:57:00 PM,0,,Mid-Block (not related to intersection),Daylight,ROOSEVELT WAY NE BETWEEN NE 50TH ST AND NE 52ND ST,0,1,,2,2802362,Dry,56,PEDALCYCLIST STRUCK MOTOR VEHICLE LEFT SIDE SIDESWIPE,09115002,12601,0,1,Property Damage Only Collision,,45,Bicycle,Matched,0,1,Clear or Partly Cloudy,0,"(47.66568552000007, -122.31739560399996)",9128,0,N,09-140382
71888,107553,107553,Intersection,Cycles,0,,,0,,09/22/2010 12:00:00 AM +0000,9/22/2010 11:22:00 AM,1,24245,At Intersection (intersection related),Daylight,STROUD AVE N AND EAST GREEN LAKE DR N,0,1,,3,3558805,Dry,11,"MOTOR VEHICLE STRUCK MOTOR VEHICLE, FRONT END AT ANGLE",10265002,12974,0,2,Injury Collision,,45,Bicycle,Matched,N,1,Clear or Partly Cloudy,0,"(47.68542320600005, -122.336230194)",7360,0,N,10-331924
71899,105917,105917,Intersection,Cycles,0,,,0,,10/12/2009 12:00:00 AM +0000,10/12/2009 3:30:00 PM,1,27100,At Intersection (intersection related),Unknown,ROOSEVELT WAY NE AND NE 41ST ST,0,1,Y,2,3334399,Unknown,23,"MOTOR VEHICLE STRUCK PEDALCYCLIST, LEFT SIDE SIDESWIPE",09285016,12594,0,2,Injury Collision,,45,Bicycle,Matched,0,1,Unknown,0,"(47.65688930500005, -122.31781902899996)",11662,0,N,09-360305
71921,105657,105657,Intersection,Cycles,0,,,0,,01/30/2009 12:00:00 AM +0000,1/30/2009 6:56:00 PM,1,26791,At Intersection (intersection related),Dark - Street Lights On,WOODLAWN AVE N AND N 45TH W ST,0,1,Y,2,3284814,Wet,18,"MOTOR VEHICLE STRUCK PEDALCYCLIST, FRONT END AT ANGLE",09030008,13680,0,2,Injury Collision,,45,Bicycle,Matched,0,1,Raining,0,"(47.66138585200008, -122.33915660499997)",0,0,N,09-037073
72094,105931,105931,Block,Cycles,160,,,0,,06/01/2009 12:00:00 AM +0000,6/1/2009,1,,Driveway Junction,Daylight,S ROYAL BROUGHAM WAY BETWEEN EAST FRONTAGE RD S AND 1ST AVE S,0,1,,2,3282592,Dry,51,PEDALCYCLIST STRUCK MOTOR VEHICLE FRONT END AT ANGLE,09152001,21213,0,2,Injury Collision,,45,Bicycle,Matched,0,1,Clear or Partly Cloudy,0,"(47.592397453000046, -122.33484538999994)",0,0,N,09-188702
72114,106877,106877,Block,Cycles,165,,,0,,03/19/2010 12:00:00 AM +0000,3/19/2010 11:09:00 PM,1,,Mid-Block (not related to intersection),Dark - Street Lights On,HARVARD AVE E BETWEEN E SHELBY ST AND E GWINN PL,0,1,,2,3207743,Dry,23,"MOTOR VEHICLE STRUCK PEDALCYCLIST, LEFT SIDE SIDESWIPE",10078025,10860,0,2,Injury Collision,,45,Bicycle,Matched,N,1,Clear or Partly Cloudy,0,"(47.647372983000025, -122.32210191399997)",6049,0,N,10-91333
72135,105671,105671,Intersection,Cycles,0,,,0,,03/17/2009 12:00:00 AM +0000,3/17/2009 9:29:00 AM,1,30868,At Intersection (intersection related),Daylight,34TH AVE S AND S MCCLELLAN ST,0,1,Y,2,2798093,Wet,51,PEDALCYCLIST STRUCK MOTOR VEHICLE FRONT END AT ANGLE,09076025,5265,0,2,Injury Collision,,45,Bicycle,Matched,0,1,Clear or Partly Cloudy,0,"(47.578341488000035, -122.28979542099995)",0,0,N,09-91664
72142,105543,105543,Block,Cycles,161.5,,,0,,12/05/2009 12:00:00 AM +0000,12/5/2009,1,,Mid-Block (not related to intersection),Daylight,BOYER AVE E BETWEEN BOYER UPPER AVE E AND E EDGAR ST,0,1,,2,3207386,Dry,56,PEDALCYCLIST STRUCK MOTOR VEHICLE LEFT SIDE SIDESWIPE,09339022,9364,0,2,Injury Collision,,45,Bicycle,Matched,0,1,Clear or Partly Cloudy,0,"(47.64404198200003, -122.31705447399997)",6016,0,N,09 420522
72162,105799,105799,Intersection,Cycles,0, ,,0,,04/21/2009 12:00:00 AM +0000,4/21/2009 1:30:00 PM,1,27061,At Intersection (intersection related),Daylight,15TH AVE NE AND NE 45TH ST,1,1,Y,2,2893945,Dry,64,PEDALCYCLIST STRUCK PEDESTRIAN,09111012,2035,0,2,Injury Collision,,45,Bicycle,Matched,0,0,Clear or Partly Cloudy,0,"(47.661261953000064, -122.31199330999999)",6965,524694,N,09-134898
72169,107301,107301,Intersection,Cycles,0, ,,0,,07/18/2010 12:00:00 AM +0000,7/18/2010 2:31:00 PM,1,25144,At Intersection (intersection related),Daylight,BALLARD AVE NW AND NW MARKET ST,0,1,Y,2,3377214,Dry,18,"MOTOR VEHICLE STRUCK PEDALCYCLIST, FRONT END AT ANGLE",10199015,19235,0,2,Injury Collision,,45,Bicycle,Matched,N,1,Clear or Partly Cloudy,0,"(47.66867996800005, -122.38636797899994)",0,521840,N,10-247359
72171,107299,107299,Intersection,Cycles,0,,,0,,07/13/2010 12:00:00 AM +0000,7/13/2010 7:45:00 PM,1,26863,At Intersection (intersection related),Daylight,STONE WAY N AND N 39TH ST,0,1,Y,2,3374633,Dry,51,PEDALCYCLIST STRUCK MOTOR VEHICLE FRONT END AT ANGLE,10194014,12959,1,2b,Serious Injury Collision,,45,Bicycle,Matched,N,1,Clear or Partly Cloudy,0,"(47.654120093000074, -122.34250125799997)",6311,0,N,10-240878
72231,107171,107171,Block,Cycles,160, ,,0,,06/08/2010 12:00:00 AM +0000,6/8/2010 5:25:00 PM,2,,,Daylight,DEXTER AVE N BETWEEN WARD ST AND PROSPECT ST,1,1,Y,2,3346476,Dry,00,NOT ENOUGH INFORMATION / NOT APPLICABLE,10159011,10080,1,2b,Serious Injury Collision,,45,Bicycle,Matched,N,0,Overcast,0,"(47.628445717000034, -122.34231499099997)",12783,0,N,2010-192788
72259,106614,106614,Block,Cycles,204,,,0,,06/25/2009 12:00:00 AM +0000,6/25/2009 12:57:00 PM,1,,Driveway Junction,Daylight,BEACON ER AVE S BETWEEN CHEASTY BLVD S AND S ANGELINE ST,0,1,,2,3296461,Dry,54,PEDALCYCLIST STRUCK MOTOR VEHICLE REAR END,09176003,9127,0,2,Injury Collision,,45,Bicycle,Matched,0,1,Clear or Partly Cloudy,0,"(47.560661897000045, -122.30469634599996)",13052,0,N,09-219 648
72278,105414,105414,Intersection,Cycles,0,,,0,,02/23/2009 12:00:00 AM +0000,2/23/2009 8:05:00 AM,1,28767,At Intersection (intersection related),Daylight,DEXTER AVE N AND MERCER ST,0,1,Y,2,3289759,Dry,51,PEDALCYCLIST STRUCK MOTOR VEHICLE FRONT END AT ANGLE,09054014,10076,0,2,Injury Collision,,45,Bicycle,Matched,0,1,Clear or Partly Cloudy,0,"(47.624549727000044, -122.34234960099997)",12649,0,N,2009-65618
72283,107449,107449,Intersection,Cycles,0,,,0,,04/14/2010 12:00:00 AM +0000,4/14/2010 4:32:00 PM,1,37396,At Intersection (intersection related),Daylight,GREENWOOD AVE N AND N 100TH ST,0,1,,2,3376234,Dry,18,"MOTOR VEHICLE STRUCK PEDALCYCLIST, FRONT END AT ANGLE",10104003,10760,0,2,Injury Collision,,45,Bicycle,Matched,N,1,Clear or Partly Cloudy,0,"(47.70146108500006, -122.35541487499995)",0,0,N,2010-121339
72294,107309,107309,Block,Cycles,367,,,0,,08/14/2010 12:00:00 AM +0000,8/14/2010 1:35:00 PM,1,,Mid-Block (not related to intersection),Daylight,ALASKAN WAY BETWEEN XW BELL ST AND WALL ST,0,1,,2,2599441,Dry,56,PEDALCYCLIST STRUCK MOTOR VEHICLE LEFT SIDE SIDESWIPE,10226030,8730,0,2,Injury Collision,,45,Bicycle,Matched,N,1,Clear or Partly Cloudy,0,"(47.61218693200004, -122.35002038099998)",20821,0,N,20101748
72321,105948,105948,Block,Cycles,133,,,0,,06/29/2009 12:00:00 AM +0000,6/29/2009 11:00:00 PM,1,,Mid-Block (not related to intersection),Dusk,14TH AVE NW BETWEEN NW LEARY WAY AND NW 49TH ST,0,1,,2,2804338,Dry,23,"MOTOR VEHICLE STRUCK PEDALCYCLIST, LEFT SIDE SIDESWIPE",09180032,1888,0,2,Injury Collision,,45,Bicycle,Matched,0,1,Clear or Partly Cloudy,0,"(47.66402505000008, -122.37359347799998)",26641,0,N,09-227562
72348,106890,106890,Intersection,Cycles,0,,,0,,12/16/2010 12:00:00 AM +0000,12/16/2010 5:22:00 PM,1,28873,At Intersection (intersection related),Dark - Street Lights On,ALOHA ST AND TAYLOR AVE N,0,1,Y,2,3560681,Dry,18,"MOTOR VEHICLE STRUCK PEDALCYCLIST, FRONT END AT ANGLE",10350006,8812,0,2,Injury Collision,,45,Bicycle,Matched,0,1,Overcast,0,"(47.62715494200006, -122.34624471899997)",11245,0,N,2010-432792
72383,105420,105420,Intersection,Cycles,0,,,0,,09/12/2009 12:00:00 AM +0000,9/12/2009 5:55:00 AM,1,32871,At Intersection (intersection related),Dark - Street Lights On,46TH AVE SW AND ERSKINE E WAY SW,0,1,Y,2,2796281,Dry,18,"MOTOR VEHICLE STRUCK PEDALCYCLIST, FRONT END AT ANGLE",09255001,6967,0,2,Injury Collision,,45,Bicycle,Matched,0,1,Clear or Partly Cloudy,0,"(47.555672249000054, -122.39062963199996)",32376,0,N,2009-322838
72394,107315,107315,Block,Cycles,372,,,0,,08/23/2010 12:00:00 AM +0000,8/23/2010 4:53:00 PM,1,,Mid-Block (not related to intersection),Daylight,THORNDYKE AVE W BETWEEN 22ND AVE W AND 21ST AVE W,0,1,Y,2,3345934,Dry,11,"MOTOR VEHICLE STRUCK MOTOR VEHICLE, FRONT END AT ANGLE",10235033,13160,0,2,Injury Collision,,45,Bicycle,Matched,N,1,Clear or Partly Cloudy,0,"(47.64384253700007, -122.38391182599997)",41943,0,N,10-294963
72410,107174,107174,Intersection,Cycles,0,,,0,,09/21/2010 12:00:00 AM +0000,9/21/2010 4:02:00 PM,0,25843,At Intersection (intersection related),Daylight,KIRKWOOD PL N AND N 56TH ST,0,1,Y,3,3377224,Dry,11,"MOTOR VEHICLE STRUCK MOTOR VEHICLE, FRONT END AT ANGLE",10264002,11129,0,1,Property Damage Only Collision,,45,Bicycle,Matched,N,1,Clear or Partly Cloudy,0,"(47.66900960100003, -122.33173384699995)",31729,0,N,10-330973
72476,106768,106768,Block,Cycles,380,,,0,,07/02/2010 12:00:00 AM +0000,7/2/2010,1,,Mid-Block (not related to intersection),Daylight,1ST AVE S BETWEEN S ROYAL BROUGHAM WAY AND S ATLANTIC ST,0,1,Y,2,3200790,Wet,21,"MOTOR VEHICLE STRUCK PEDALCYCLIST, REAR END",10183031,1202,0,2,Injury Collision,,45,Bicycle,Matched,0,1,Raining,0,"(47.59135531000004, -122.33419497799997)",5236,0,N,2010-224721
72604,106916,106916,Intersection,Cycles,0,,,0,,04/06/2010 12:00:00 AM +0000,4/6/2010 6:12:00 PM,1,34876,At Intersection (intersection related),Daylight,25TH AVE SW AND SW BARTON ST,0,1,Y,2,3331801,Dry,18,"MOTOR VEHICLE STRUCK PEDALCYCLIST, FRONT END AT ANGLE",10096011,3813,0,2,Injury Collision,,45,Bicycle,Matched,N,1,Clear or Partly Cloudy,0,"(47.52102329200005, -122.36454783799996)",29560,0,N,10-111894
72612,106911,106911,Intersection,Cycles,0, ,,0,,09/01/2010 12:00:00 AM +0000,9/1/2010 8:41:00 PM,1,29603,At Intersection (intersection related),Dark - Street Lights On,2ND AVE AND UNIVERSITY ST,0,1,,3,3345676,Dry,18,"MOTOR VEHICLE STRUCK PEDALCYCLIST, FRONT END AT ANGLE",10244034,2756,0,2,Injury Collision,,45,Bicycle,Matched,N,1,Clear or Partly Cloudy,0,"(47.60729905800008, -122.33708679799997)",12162,0,N,10-306472
72615,106909,106909,Block,Cycles,130.5,,,0,,08/31/2010 12:00:00 AM +0000,8/31/2010 7:50:00 PM,1,,Mid-Block (not related to intersection),Dark - Street Lights On,NE 45TH ST BETWEEN ROOSEVELT WAY NE AND 11TH AVE NE,0,1,Y,2,3206118,Wet,51,PEDALCYCLIST STRUCK MOTOR VEHICLE FRONT END AT ANGLE,10243055,16848,0,2,Injury Collision,,45,Bicycle,Matched,N,1,Overcast,0,"(47.661295342000074, -122.31711056999995)",0,0,N,2010 305018
72685,106243,106243,Intersection,Cycles,0,,,0,,05/19/2009 12:00:00 AM +0000,5/19/2009 7:20:00 AM,1,27039,At Intersection (intersection related),Daylight,FREMONT AVE N AND N 34TH ST,0,1,Y,2,3280418,Dry,18,"MOTOR VEHICLE STRUCK PEDALCYCLIST, FRONT END AT ANGLE",09139005,10485,0,2,Injury Collision,,45,Bicycle,Matched,0,1,Overcast,0,"(47.64958972900007, -122.34974744899995)",8240,0,N,09-170133
72724,105840,105840,Intersection,Cycles,0,,,0,Y,09/17/2009 12:00:00 AM +0000,9/17/2009 8:00:00 AM,1,24573,At Intersection (intersection related),Daylight,LATONA AVE NE AND EAST GREEN LAKE DR N,0,1,,2,3283907,Dry,51,PEDALCYCLIST STRUCK MOTOR VEHICLE FRONT END AT ANGLE,09260031,11313,0,2,Injury Collision,,45,Bicycle,Matched,0,1,Clear or Partly Cloudy,0,"(47.68165808100008, -122.32748855199998)",7307,0,N,09-329049
72758,106779,106779,Block,Cycles,327.5,,,0,Y,07/30/2010 12:00:00 AM +0000,7/30/2010 6:16:00 PM,1,,Mid-Block (not related to intersection),Daylight,CALIFORNIA AVE SW BETWEEN FAUNTLEROY WAY SW AND SW HOLLY ST,0,1,Y,2,3342980,Dry,18,"MOTOR VEHICLE STRUCK PEDALCYCLIST, FRONT END AT ANGLE",10211030,9566,0,2,Injury Collision,,45,Bicycle,Matched,N,1,Clear or Partly Cloudy,0,"(47.54397624500007, -122.38722466799999)",0,0,N,2010-263576
72820,105979,105979,Block,Cycles,67,,,0,,10/24/2009 12:00:00 AM +0000,10/24/2009 4:35:00 PM,1,,Mid-Block (not related to intersection),Daylight,NW 65TH ST BETWEEN 7TH E AVE NW AND 7TH W AVE NW,0,1,Y,2,3276690,Dry,21,"MOTOR VEHICLE STRUCK PEDALCYCLIST, REAR END",09297006,18608,1,2b,Serious Injury Collision,,45,Bicycle,Matched,1,1,Clear or Partly Cloudy,0,"(47.67598993800004, -122.36479070099995)",28346,0,N,09-374655
72868,107068,107068,Block,Cycles,230.5,,,0,,09/11/2010 12:00:00 AM +0000,9/11/2010 4:43:00 PM,1,,Mid-Block (not related to intersection),Daylight,FREMONT AVE N BETWEEN FREMONT WAY N AND XW N40,0,1,,1,3333839,Dry,29,MOTOR VEHICLE OVERTURNED IN ROAD,10254020,10489,0,2,Injury Collision,Y,45,Bicycle,Matched,N,0,Clear or Partly Cloudy,0,"(47.65477142200007, -122.34991612999994)",8386,0,N,10 318904
72892,106387,106387,Intersection,Cycles,0,,,0,Y,06/02/2009 12:00:00 AM +0000,6/2/2009,1,25178,At Intersection (intersection related),Daylight,BALLARD AVE NW AND NW DOCK PL,0,1,Y,2,3206721,Dry,51,PEDALCYCLIST STRUCK MOTOR VEHICLE FRONT END AT ANGLE,09153019,9042,0,2,Injury Collision,,45,Bicycle,Matched,0,1,Clear or Partly Cloudy,0,"(47.664461851000056, -122.38090587099998)",26310,0,N,2009-189503
72900,106659,106659,Intersection,Cycles,0,,,0,,06/26/2009 12:00:00 AM +0000,6/26/2009 11:45:00 AM,1,34266,At Intersection (intersection related),Daylight,2ND AVE S AND S HOLDEN ST,0,1,Y,3,3296095,Dry,18,"MOTOR VEHICLE STRUCK PEDALCYCLIST, FRONT END AT ANGLE",09177036,20300,0,2,Injury Collision,,45,Bicycle,Matched,0,1,Clear or Partly Cloudy,0,"(47.53415617200005, -122.33138589599997)",4423,0,N,09-220855
72930,107345,107345,Block,Cycles,225.5,,,0,,01/15/2010 12:00:00 AM +0000,1/15/2010 4:56:00 PM,1,,Mid-Block (but intersection related),Dark - No Street Lights,BROADWAY E BETWEEN E ROANOKE ST AND E EDGAR S ST,0,1,,2,3207911,Wet,18,"MOTOR VEHICLE STRUCK PEDALCYCLIST, FRONT END AT ANGLE",10015030,9467,0,2,Injury Collision,,45,Bicycle,Matched,N,1,Raining,0,"(47.643809591000036, -122.32085044699994)",0,0,N,2010-16847
72958,105984,105984,Block,Cycles,283,,,0,,04/05/2009 12:00:00 AM +0000,4/5/2009,1,,Mid-Block (not related to intersection),Daylight,14TH AVE S BETWEEN S ATLANTIC ST AND S MASSACHUSETTS ST,0,1,,2,3285060,Dry,56,PEDALCYCLIST STRUCK MOTOR VEHICLE LEFT SIDE SIDESWIPE,09095026,1925,0,2,Injury Collision,,45,Bicycle,Matched,0,1,Clear or Partly Cloudy,0,"(47.58921408600003, -122.31485614599995)",37518,0,N,2009-114603
72961,106254,106254,Block,Cycles,147,,,0,Y,08/18/2009 12:00:00 AM +0000,8/18/2009 11:43:00 PM,1,,Mid-Block (but intersection related),Dark - Street Lights On,E MADISON ST BETWEEN E PINE ST AND 17TH AVE,0,1,,2,3207353,Dry,21,"MOTOR VEHICLE STRUCK PEDALCYCLIST, REAR END",09230004,14348,0,2,Injury Collision,,45,Bicycle,Matched,0,1,Clear or Partly Cloudy,0,"(47.61537759000004, -122.31066051399995)",22986,0,N,2009-292224
73027,107075,107075,Intersection,Cycles,0,,,0,,04/26/2010 12:00:00 AM +0000,4/26/2010 4:56:00 PM,1,24266,At Intersection (intersection related),Daylight,DAYTON AVE N AND N 83RD ST,0,1,,2,2893075,Wet,18,"MOTOR VEHICLE STRUCK PEDALCYCLIST, FRONT END AT ANGLE",10116005,9925,1,2b,Serious Injury Collision,,45,Bicycle,Matched,N,1,Raining,0,"(47.68911218000005, -122.35260268899998)",0,0,N,10-135932
73095,105864,105864,Block,Cycles,161,,,0,,08/26/2009 12:00:00 AM +0000,8/26/2009 12:38:00 PM,1,,Driveway Junction,Daylight,S DEARBORN ST BETWEEN 7TH AVE S AND 8TH AVE S,0,1,,5,3286368,Dry,18,"MOTOR VEHICLE STRUCK PEDALCYCLIST, FRONT END AT ANGLE",09238004,19829,0,2,Injury Collision,,45,Bicycle,Matched,0,1,Clear or Partly Cloudy,0,"(47.59583224000005, -122.32311316699997)",0,0,N,09-301637
73104,105862,105862,Block,Cycles,159.5,,,0,,05/23/2009 12:00:00 AM +0000,5/23/2009 2:07:00 PM,1,,Mid-Block (not related to intersection),Daylight,QUEEN ANNE AVE N BETWEEN VALLEY ST AND ALOHA ST,0,1,,1,3200772,Dry,69,PEDALCYCLIST OVERTURNED IN ROAD,09143002,12302,0,2,Injury Collision,Y,45,Bicycle,Matched,0,0,Clear or Partly Cloudy,0,"(47.626753105000034, -122.35669314699999)",30628,0,N,09-175994
73158,106540,106540,Intersection,Cycles,0, ,,0,Y,08/08/2009 12:00:00 AM +0000,8/8/2009,2,38074,At Intersection (intersection related),Daylight,MARINE VIEW DR SW AND SW 104TH ST,0,1,,2,2613344,Dry,23,"MOTOR VEHICLE STRUCK PEDALCYCLIST, LEFT SIDE SIDESWIPE",09220001,11648,0,2,Injury Collision,,45,Bicycle,Matched,0,1,Overcast,0,"(47.51008456000005, -122.38816333799997)",31570,0,N,09-278831
73193,107363,107363,Block,Cycles,406,,,0,,07/15/2010 12:00:00 AM +0000,7/15/2010 5:26:00 PM,1,,Mid-Block (not related to intersection),Daylight,M L KING JR WAY S BETWEEN S DEARBORN ST AND S NORMAN ST,0,1,Y,2,3199611,Dry,51,PEDALCYCLIST STRUCK MOTOR VEHICLE FRONT END AT ANGLE,10196012,11505,0,2,Injury Collision,,45,Bicycle,Matched,N,1,Clear or Partly Cloudy,0,"(47.594435788000055, -122.29787055599996)",10259,0,N,10-243493
73256,105874,105874,Block,Cycles,170.5,,,0,,02/02/2009 12:00:00 AM +0000,2/2/2009,1,,Driveway Junction,Dusk,NE 127TH ST BETWEEN 25TH AVE NE AND 26TH AVE NE,0,1,Y,2,3286687,Dry,51,PEDALCYCLIST STRUCK MOTOR VEHICLE FRONT END AT ANGLE,09033003,16525,0,2,Injury Collision,,45,Bicycle,Matched,0,1,Overcast,0,"(47.72112433900003, -122.30118357699996)",0,0,N,09-040324
73295,106816,106816,Block,Cycles,329.5, ,,0,,07/21/2010 12:00:00 AM +0000,7/21/2010 11:41:00 AM,1,,Mid-Block (not related to intersection),Daylight,30TH AVE NE BETWEEN NE 125TH ST AND NE 127TH ST,0,1,Y,2,3198664,Dry,18,"MOTOR VEHICLE STRUCK PEDALCYCLIST, FRONT END AT ANGLE",10202017,4633,0,2,Injury Collision,,45,Bicycle,Matched,N,1,Clear or Partly Cloudy,0,"(47.72018729300004, -122.29632488299995)",35218,0,N,2010-250961