OBJECTID,INCKEY,COLDETKEY,ADDRTYPE,COLLISIONTYPE,DISTANCE,EXCEPTRSNCODE,EXCEPTRSNDESC,FATALITIES,INATTENTIONIND,INCDATE,INCDTTM,INJURIES,INTKEY,JUNCTIONTYPE,LIGHTCOND,LOCATION,PEDCOUNT,PEDCYLCOUNT,PEDROWNOTGRNT,PERSONCOUNT,REPORTNO,ROADCOND,SDOT_COLCODE,SDOT_COLDESC,SDOTCOLNUM,SEGKEY,SERIOUSINJURIES,SEVERITYCODE,SEVERITYDESC,SPEEDING,ST_COLCODE,ST_COLDESC,STATUS,UNDERINFL,VEHCOUNT,WEATHER,WIDTH,Shape,SEGLANEKEY,CROSSWALKKEY,HITPARKEDCAR,SPDCASENO
73312,106681,106681,Intersection,Cycles,0,,,0,,05/15/2009 12:00:00 AM +0000,5/15/2009 3:49:00 PM,1,28767,At Intersection (intersection related),Daylight,DEXTER AVE N AND MERCER ST,0,1,Y,2,2791625,Dry,51,PEDALCYCLIST STRUCK MOTOR VEHICLE FRONT END AT ANGLE,09135003,10076,0,2,Injury Collision,,45,Bicycle,Matched,0,1,Clear or Partly Cloudy,0,"(47.624549727000044, -122.34234960099997)",12649,0,N,2009-165345
73317,106679,106679,Block,Cycles,201,,,0,,06/18/2009 12:00:00 AM +0000,6/18/2009 12:19:00 PM,1,,Driveway Junction,Daylight,ALOHA ST BETWEEN YALE AVE N AND EASTLAKE AVE E,0,1,,2,3326412,Dry,18,"MOTOR VEHICLE STRUCK PEDALCYCLIST, FRONT END AT ANGLE",09169008,8819,0,2,Injury Collision,,45,Bicycle,Matched,0,1,Clear or Partly Cloudy,0,"(47.62686964300008, -122.33003397699997)",0,0,N,2009-210735
73323,107097,107097,Intersection,Cycles,0,,,0,,04/11/2010 12:00:00 AM +0000,4/11/2010 1:12:00 PM,1,26823,At Intersection (intersection related),Daylight,STONE WAY N AND N MENFORD PL,0,1,,2,3376379,Dry,18,"MOTOR VEHICLE STRUCK PEDALCYCLIST, FRONT END AT ANGLE",10101002,12965,0,2,Injury Collision,,45,Bicycle,Matched,N,1,Clear or Partly Cloudy,0,"(47.65843409800004, -122.34229378599997)",0,0,N,2010-117477
73330,105611,105611,Intersection,Cycles,0,,,0,,10/05/2009 12:00:00 AM +0000,10/5/2009,1,29681,At Intersection (intersection related),Daylight,CLAY ST AND ELLIOTT AVE,0,1,Y,2,3345129,Dry,51,PEDALCYCLIST STRUCK MOTOR VEHICLE FRONT END AT ANGLE,09278002,9682,0,2,Injury Collision,,45,Bicycle,Matched,0,1,Clear or Partly Cloudy,0,"(47.615024764000054, -122.35326864599995)",41963,0,N,09-352039
73417,106417,106417,Block,Cycles,327,,,0,,04/24/2009 12:00:00 AM +0000,4/24/2009 7:59:00 PM,1,,Mid-Block (but intersection related),Dusk,15TH AVE W BETWEEN W ARMOUR ST AND 15TH AV W NB OFF RP,0,1,,4,2803792,Dry,51,PEDALCYCLIST STRUCK MOTOR VEHICLE FRONT END AT ANGLE,09114003,2192,0,2,Injury Collision,,45,Bicycle,Matched,0,1,Clear or Partly Cloudy,0,"(47.64566268500005, -122.37626316499995)",16116,0,N,09-139312
73418,105880,105880,Intersection,Cycles,0,,,0,,06/26/2009 12:00:00 AM +0000,6/26/2009 9:33:00 PM,1,29157,At Intersection (intersection related),Dark - Street Lights On,BELMONT AVE E AND E OLIVE WAY,0,1,Y,2,2899042,Dry,51,PEDALCYCLIST STRUCK MOTOR VEHICLE FRONT END AT ANGLE,09177035,9237,0,2,Injury Collision,,45,Bicycle,Matched,0,1,Clear or Partly Cloudy,0,"(47.61966624400003, -122.32401126599996)",23250,0,N,09-221549
73446,107380,107380,Block,Cycles,1559.5,,,0,,03/11/2010 12:00:00 AM +0000,3/11/2010 2:53:00 AM,1,,Mid-Block (not related to intersection),Dark - Street Lights On,AIRPORT WAY S BETWEEN S OTHELLO ST AND MILITARY RD S,0,1,,2,3296583,Wet,54,PEDALCYCLIST STRUCK MOTOR VEHICLE REAR END,10070025,8699,0,2,Injury Collision,,45,Bicycle,Matched,N,1,Raining,0,"(47.533962845000076, -122.29835839499998)",20380,0,N,2010-80427
73549,106566,106566,Intersection,Cycles,0,,,0,,05/09/2009 12:00:00 AM +0000,5/9/2009,1,29592,At Intersection (intersection related),Dark - Street Lights On,2ND AVE AND PIKE ST,0,1,,3,2898871,Dry,18,"MOTOR VEHICLE STRUCK PEDALCYCLIST, FRONT END AT ANGLE",09129016,2758,0,2,Injury Collision,,45,Bicycle,Matched,0,1,Clear or Partly Cloudy,0,"(47.60928514300008, -122.33890369399995)",12173,0,N,09-157729
73556,106023,106023,Intersection,Cycles,0,,,0,,09/11/2009 12:00:00 AM +0000,9/11/2009 3:39:00 PM,1,30968,At Intersection (intersection related),Daylight,61ST AVE SW AND ALKI AVE SW,0,1,,2,2796379,Dry,18,"MOTOR VEHICLE STRUCK PEDALCYCLIST, FRONT END AT ANGLE",09254002,8086,0,2,Injury Collision,,45,Bicycle,Matched,0,1,Clear or Partly Cloudy,0,"(47.57912495100004, -122.41064800799995)",3646,0,N,2009-321967
73612,107388,107388,Block,Cycles,155.5,,,0,,03/04/2010 12:00:00 AM +0000,3/4/2010 10:11:00 PM,0,,Mid-Block (not related to intersection),Dark - Street Lights On,E UNION ST BETWEEN 19TH AVE AND 20TH AVE,0,1,,2,3329370,Dry,51,PEDALCYCLIST STRUCK MOTOR VEHICLE FRONT END AT ANGLE,10063021,14897,0,1,Property Damage Only Collision,,45,Bicycle,Matched,N,1,Clear or Partly Cloudy,0,"(47.61290392800004, -122.30687719999997)",9350,0,N,10-72822
73630,105896,105896,Intersection,Cycles,0,,,0,,05/25/2009 12:00:00 AM +0000,5/25/2009 4:11:00 PM,1,26915,At Intersection (intersection related),Daylight,DENSMORE AVE N AND N NORTHLAKE WAY,0,2,Y,3,3210185,Dry,18,"MOTOR VEHICLE STRUCK PEDALCYCLIST, FRONT END AT ANGLE",09145004,10025,0,2,Injury Collision,,45,Bicycle,Matched,0,1,Clear or Partly Cloudy,0,"(47.64688448100003, -122.33755585699998)",0,0,N,2009-178755
73639,105762,105762,Intersection,Cycles,0,,,0,,06/04/2009 12:00:00 AM +0000,6/4/2009,1,30056,At Intersection (intersection related),Daylight,27TH AVE AND E COLUMBIA ST,0,1,Y,2,2797154,Dry,18,"MOTOR VEHICLE STRUCK PEDALCYCLIST, FRONT END AT ANGLE",09155019,3991,0,2,Injury Collision,,45,Bicycle,Matched,0,1,Clear or Partly Cloudy,0,"(47.60900951700006, -122.29755069499998)",0,0,N,09-192849
73695,106981,106981,Intersection,Cycles,0,,,0,,10/08/2010 12:00:00 AM +0000,10/8/2010 11:55:00 PM,1,29865,At Intersection (intersection related),Dark - Street Lights On,BOREN AVE AND OLIVE WAY,0,1,,2,3383659,Wet,18,"MOTOR VEHICLE STRUCK PEDALCYCLIST, FRONT END AT ANGLE",10281029,9321,0,2,Injury Collision,,45,Bicycle,Matched,N,1,Raining,0,"(47.615449718000036, -122.33072969599999)",24933,0,N,10-352973
73777,106313,106313,Intersection,Cycles,0,,,0,,09/04/2009 12:00:00 AM +0000,9/4/2009,1,36693,At Intersection (intersection related),Dawn,20TH AVE NE AND NE 125TH ST,0,1,Y,2,3286569,Dry,51,PEDALCYCLIST STRUCK MOTOR VEHICLE FRONT END AT ANGLE,09247036,3003,1,2b,Serious Injury Collision,,45,Bicycle,Matched,0,1,Clear or Partly Cloudy,0,"(47.71936523200003, -122.30727176399995)",42001,0,N,2009-312684
73790,106170,106170,Intersection,Cycles,0,,,0,Y,12/11/2009 12:00:00 AM +0000,12/11/2009 7:27:00 AM,1,24483,At Intersection (intersection related),Dawn,ROOSEVELT WAY NE AND NE 68TH ST,0,1,,2,3333504,Dry,51,PEDALCYCLIST STRUCK MOTOR VEHICLE FRONT END AT ANGLE,09345026,12618,0,2,Injury Collision,,45,Bicycle,Matched,0,1,Clear or Partly Cloudy,0,"(47.67801242100006, -122.31739331799997)",9408,0,N,2009-426245
73798,106038,106038,Intersection,Cycles,0,,,0,,07/20/2009 12:00:00 AM +0000,7/20/2009 7:32:00 AM,1,29140,At Intersection (intersection related),Daylight,SUMMIT AVE E AND E HARRISON ST,0,1,Y,2,2827950,Dry,51,PEDALCYCLIST STRUCK MOTOR VEHICLE FRONT END AT ANGLE,09201005,12995,0,2,Injury Collision,,45,Bicycle,Matched,0,1,Clear or Partly Cloudy,0,"(47.62198601000006, -122.32530599499995)",0,0,N,2009-252793
73821,106718,106718,Block,Cycles,90.5,,,0,,05/31/2009 12:00:00 AM +0000,5/31/2009 1:12:00 PM,1,,Mid-Block (not related to intersection),Daylight,EAST GREEN LAKE WAY N BETWEEN 2ND AVE NE AND 4TH AVE NE,0,1,Y,2,3205930,Dry,51,PEDALCYCLIST STRUCK MOTOR VEHICLE FRONT END AT ANGLE,09151003,14082,0,2,Injury Collision,,45,Bicycle,Matched,0,1,Overcast,0,"(47.67843998600006, -122.32716208399995)",7406,0,N,09-187156
73829,106581,106581,Block,Cycles,68.5,,,0,Y,10/03/2009 12:00:00 AM +0000,10/3/2009,1,,Mid-Block (not related to intersection),Daylight,NW MARKET ST BETWEEN TALLMAN AVE NW AND 20TH AVE NW,0,1,,3,3198863,Dry,56,PEDALCYCLIST STRUCK MOTOR VEHICLE LEFT SIDE SIDESWIPE,09276003,19231,0,2,Injury Collision,,45,Bicycle,Matched,0,1,Clear or Partly Cloudy,0,"(47.66867543400008, -122.38185005899999)",25888,0,N,09-349463
73836,107549,107549,Intersection,Cycles,0,,,0,,04/05/2010 12:00:00 AM +0000,4/5/2010 10:34:00 AM,0,29808,At Intersection (intersection related),Daylight,12TH AVE AND E BARCLAY CT,0,1,Y,2,2882168,Dry,51,PEDALCYCLIST STRUCK MOTOR VEHICLE FRONT END AT ANGLE,10095024,1530,0,1,Property Damage Only Collision,,45,Bicycle,Matched,N,1,Clear or Partly Cloudy,0,"(47.60683771200007, -122.31678028999994)",10648,0,N,10-110205
73871,105909,105909,Intersection,Cycles,0, ,,0,,10/06/2009 12:00:00 AM +0000,10/6/2009,0,33362,At Intersection (intersection related),Daylight,15TH AVE S AND S LUCILE ST,0,1,,2,3343891,Dry,18,"MOTOR VEHICLE STRUCK PEDALCYCLIST, FRONT END AT ANGLE",09279005,2169,0,1,Property Damage Only Collision,,45,Bicycle,Matched,0,1,Clear or Partly Cloudy,0,"(47.55344267600003, -122.31347288299997)",0,525165,N,09-352995
73930,106586,106586,Intersection,Cycles,0, ,,0,,12/10/2009 12:00:00 AM +0000,12/10/2009 2:14:00 PM,1,26710,At Intersection (intersection related),Daylight,9TH AVE NW AND NW 45TH ST,0,1,Y,2,3198286,Dry,18,"MOTOR VEHICLE STRUCK PEDALCYCLIST, FRONT END AT ANGLE",09344022,8563,0,2,Injury Collision,,45,Bicycle,Matched,0,1,Clear or Partly Cloudy,0,"(47.66146692900003, -122.36861555399997)",0,630875,N,09-425462
73972,107279,107279,Intersection,Cycles,0,,,0,,02/10/2010 12:00:00 AM +0000,2/10/2010 6:09:00 PM,1,28046,At Intersection (intersection related),Dark - Street Lights On,FLORENTIA ST AND NICKERSON ST,0,1,,4,3342212,Wet,18,"MOTOR VEHICLE STRUCK PEDALCYCLIST, FRONT END AT ANGLE",10041035,4416,0,2,Injury Collision,,45,Bicycle,Matched,N,1,Raining,0,"(47.64688457700004, -122.35135310999999)",12468,0,N,10-47303
74013,107833,107833,Block,Cycles,135.5,,,0,,12/06/2010 12:00:00 AM +0000,12/6/2010 7:26:00 PM,1,,Driveway Junction,Dark - Street Lights On,E PINE ST BETWEEN MELROSE AVE AND BELLEVUE AVE,0,1,,1,3559552,Dry,18,"MOTOR VEHICLE STRUCK PEDALCYCLIST, FRONT END AT ANGLE",10340024,14627,0,2,Injury Collision,,45,Bicycle,Matched,N,0,Clear or Partly Cloudy,0,"(47.61522832500003, -122.32735599299997)",10336,0,N,2010-420948
74016,107829,107829,Intersection,Cycles,0, ,,0,Y,11/26/2010 12:00:00 AM +0000,11/26/2010 4:48:00 PM,1,26448,At Intersection (but not related to intersection),Dark - Street Lights On,23RD AVE W AND GILMAN AVE W,0,1,,2,3560557,Wet,54,PEDALCYCLIST STRUCK MOTOR VEHICLE REAR END,10330017,10637,0,2,Injury Collision,,45,Bicycle,Matched,N,1,Raining,0,"(47.65549266000005, -122.38600012999996)",15419,0,N,10-409658
74025,109725,109725,Intersection,Cycles,0,,,0,,06/24/2010 12:00:00 AM +0000,6/24/2010 4:50:00 PM,1,24249,At Intersection (intersection related),Daylight,WINONA AVE N AND N 77TH ST,0,1,Y,2,3333472,Dry,51,PEDALCYCLIST STRUCK MOTOR VEHICLE FRONT END AT ANGLE,10175013,13628,0,2,Injury Collision,,45,Bicycle,Matched,N,1,Clear or Partly Cloudy,0,"(47.68475561300005, -122.33990346599995)",27883,0,N,2010-214722
74026,109724,109724,Intersection,Cycles,0,,,0,,06/21/2010 12:00:00 AM +0000,6/21/2010 10:02:00 AM,1,37814,At Intersection (intersection related),Daylight,45TH AVE NE AND NE 95TH ST,0,1,,2,3332747,Dry,51,PEDALCYCLIST STRUCK MOTOR VEHICLE FRONT END AT ANGLE,10172019,6814,0,2,Injury Collision,Y,45,Bicycle,Matched,N,1,Clear or Partly Cloudy,0,"(47.697377578000044, -122.28001774799998)",0,0,N,2010-210021
74057,108242,108242,Block,Cycles,213, ,,0,,09/03/2010 12:00:00 AM +0000,9/3/2010 4:19:00 PM,1,,Mid-Block (not related to intersection),Daylight,6TH AVE BETWEEN UNIVERSITY ST AND UNION ST,0,1,,5,3334754,Dry,55,PEDALCYCLIST STRUCK MOTOR VEHICLE RIGHT SIDE SIDESWIPE,10246021,7880,0,2,Injury Collision,,45,Bicycle,Matched,N,2,Clear or Partly Cloudy,0,"(47.609653871000035, -122.33309704899995)",36407,0,N,10-308853
74111,109727,109727,Block,Cycles,153,,,0,,06/25/2010 12:00:00 AM +0000,6/25/2010 2:30:00 PM,0,,Mid-Block (not related to intersection),Unknown,3RD AVE BETWEEN MARION ST AND MADISON ST,0,1,,2,3345333,Unknown,00,NOT ENOUGH INFORMATION / NOT APPLICABLE,10176031,4378,0,1,Property Damage Only Collision,Y,45,Bicycle,Matched,N,1,Unknown,0,"(47.60526605100006, -122.33369167599994)",0,0,N,2010-244775
74114,109594,109594,Intersection,Cycles,0, ,,0,,08/30/2010 12:00:00 AM +0000,8/30/2010 7:14:00 AM,1,37389,At Intersection (intersection related),Daylight,FREMONT AVE N AND N 103RD ST,0,1,Y,2,3559126,Dry,51,PEDALCYCLIST STRUCK MOTOR VEHICLE FRONT END AT ANGLE,10242030,10546,0,2,Injury Collision,,45,Bicycle,Matched,N,1,Clear or Partly Cloudy,0,"(47.703618764000055, -122.35005769599996)",0,0,N,10-303006
74140,108115,108115,Intersection,Cycles,0, ,,0,,08/28/2010 12:00:00 AM +0000,8/28/2010 3:50:00 PM,1,30474,At Intersection (intersection related),Daylight,DEARBORN ST OFF RP AND S DEARBORN ST,0,1,Y,2,3386576,Dry,18,"MOTOR VEHICLE STRUCK PEDALCYCLIST, FRONT END AT ANGLE",10240009,19832,0,2,Injury Collision,,45,Bicycle,Matched,0,1,Clear or Partly Cloudy,0,"(47.59582497800005, -122.31921544999994)",0,525652,N,100 301182
74156,109733,109733,Intersection,Cycles,0,NEI,"Not Enough Information, or Insufficient Location Information",0,,06/11/2010 12:00:00 AM +0000,6/11/2010 7:50:00 AM,1,26662,At Intersection (intersection related),Daylight,3RD AVE NW AND LEARY WAY NW,0,1,Y,2,3375130,Wet,00,NOT ENOUGH INFORMATION / NOT APPLICABLE,10162017,4435,0,2,Injury Collision,,45,Bicycle,Matched,N,1,Raining,0,"(47.654938093000055, -122.36083128799999)",17416,0,N,10-196532
74324,108669,108669,Block,Cycles,213, ,,0,,09/17/2010 12:00:00 AM +0000,9/17/2010 9:15:00 AM,1,,Mid-Block (not related to intersection),Daylight,3RD AVE W BETWEEN W HARRISON ST AND W REPUBLICAN ST,0,1,Y,3,3325940,Dry,18,"MOTOR VEHICLE STRUCK PEDALCYCLIST, FRONT END AT ANGLE",10260015,4542,0,2,Injury Collision,,45,Bicycle,Matched,N,1,Overcast,0,"(47.62270504800006, -122.36064255999997)",35340,0,N,10-325856
74328,108261,108261,Intersection,Cycles,0,,,0,Y,04/09/2010 12:00:00 AM +0000,4/9/2010 8:19:00 PM,1,29863,At Intersection (intersection related),Dark - Street Lights On,MELROSE AVE AND PINE ST,0,1,,2,3329732,Dry,51,PEDALCYCLIST STRUCK MOTOR VEHICLE FRONT END AT ANGLE,10099002,11745,0,2,Injury Collision,Y,45,Bicycle,Matched,N,1,Clear or Partly Cloudy,0,"(47.615238420000026, -122.32790375499997)",10336,0,N,2010-115547
74389,107717,107717,Intersection,Cycles,0,,,0,,07/14/2010 12:00:00 AM +0000,7/14/2010 2:10:00 PM,1,29744,At Intersection (intersection related),Daylight,HARVARD AVE AND E PIKE ST,0,1,,2,3332031,Dry,51,PEDALCYCLIST STRUCK MOTOR VEHICLE FRONT END AT ANGLE,10195021,10841,1,2b,Serious Injury Collision,,45,Bicycle,Matched,N,1,Clear or Partly Cloudy,0,"(47.61406619600007, -122.32211092499995)",36650,0,N,10-241864
74445,108137,108137,Block,Cycles,143.5,,,0,,04/26/2010 12:00:00 AM +0000,4/26/2010 7:30:00 PM,1,,Driveway Junction,Dusk,N 36TH ST BETWEEN PALATINE AVE N AND GREENWOOD AVE N,0,1,,1,3326384,Wet,69,PEDALCYCLIST OVERTURNED IN ROAD,10116028,15316,0,2,Injury Collision,,45,Bicycle,Matched,N,0,Raining,0,"(47.652599432000045, -122.356046962)",17472,0,N,2010-137791
74494,109619,109619,Block,Cycles,270,,,0,,04/29/2010 12:00:00 AM +0000,4/29/2010 7:40:00 PM,0,,Driveway Junction,Dusk,UNIVERSITY WAY NE BETWEEN NE 42ND ST AND NE 43RD ST,0,1,Y,2,3283672,Dry,18,"MOTOR VEHICLE STRUCK PEDALCYCLIST, FRONT END AT ANGLE",10119016,13220,0,1,Property Damage Only Collision,,45,Bicycle,Matched,N,1,Clear or Partly Cloudy,0,"(47.65905361700004, -122.313187788)",5663,0,N,2010-139755
74523,107587,107587,Block,Cycles,249.5,,,0,Y,06/22/2010 12:00:00 AM +0000,6/22/2010 9:47:00 PM,1,,Mid-Block (not related to intersection),Dark - No Street Lights,10TH AVE E BETWEEN E ROY W ST AND E ALOHA ST,0,1,,3,3332229,Dry,54,PEDALCYCLIST STRUCK MOTOR VEHICLE REAR END,10173018,1290,0,2,Injury Collision,,45,Bicycle,Matched,N,1,Clear or Partly Cloudy,0,"(47.62614319900007, -122.320223038)",6191,0,N,10-212295
74566,107869,107869,Intersection,Cycles,0,,,0,,05/15/2010 12:00:00 AM +0000,5/15/2010 1:49:00 PM,1,28375,At Intersection (intersection related),Daylight,24TH AVE E AND BOYER AVE E,0,1,Y,2,3329583,Dry,51,PEDALCYCLIST STRUCK MOTOR VEHICLE FRONT END AT ANGLE,10135003,3549,0,2,Injury Collision,,45,Bicycle,Matched,N,1,Clear or Partly Cloudy,0,"(47.63524417700006, -122.30156537499994)",22451,0,N,10-169385
74585,108689,108689,Block,Cycles,332.5,,,0,,09/29/2010 12:00:00 AM +0000,9/29/2010 3:46:00 PM,1,,Mid-Block (not related to intersection),Daylight,UNIVERSITY WAY NE BETWEEN NE 45TH ST AND NE 47TH ST,0,1,,3,3559005,Dry,18,"MOTOR VEHICLE STRUCK PEDALCYCLIST, FRONT END AT ANGLE",10272029,13222,0,2,Injury Collision,,45,Bicycle,Matched,N,1,Clear or Partly Cloudy,0,"(47.662179209000044, -122.31311572699997)",5645,0,N,10-340914
74601,108547,108547,Intersection,Cycles,0, ,,0,,06/19/2010 12:00:00 AM +0000,6/19/2010 1:30:00 PM,1,32933,At Intersection (intersection related),Daylight,DELRIDGE WAY SW AND SW HUDSON ST,0,1,,2,3331610,Dry,51,PEDALCYCLIST STRUCK MOTOR VEHICLE FRONT END AT ANGLE,10170015,9966,1,2b,Serious Injury Collision,Y,45,Bicycle,Matched,N,1,Overcast,0,"(47.557467184000075, -122.36291869699994)",0,0,N,2010-207823
74685,109629,109629,Intersection,Cycles,0,,,0,,05/04/2010 12:00:00 AM +0000,5/4/2010,1,24458,At Intersection (intersection related),Daylight,6TH AVE NE AND NE 70TH N ST,0,1,Y,2,3333440,Dry,18,"MOTOR VEHICLE STRUCK PEDALCYCLIST, FRONT END AT ANGLE",10124002,7916,1,2b,Serious Injury Collision,,45,Bicycle,Matched,0,1,Clear or Partly Cloudy,0,"(47.68021033300005, -122.32175754699995)",7443,0,N,10-144898
74705,108420,108420,Block,Cycles,167.5,,,0,,03/17/2010 12:00:00 AM +0000,3/17/2010 12:44:00 PM,1,,Mid-Block (not related to intersection),Daylight,NW 80TH ST BETWEEN 14TH AVE NW AND MARY AVE NW,0,1,Y,2,3198721,Wet,23,"MOTOR VEHICLE STRUCK PEDALCYCLIST, LEFT SIDE SIDESWIPE",10076003,18896,0,2,Injury Collision,,45,Bicycle,Matched,N,1,Overcast,0,"(47.68688894600007, -122.37477303199995)",27401,0,N,10-88023
74728,108699,108699,Block,Cycles,132,NEI,"Not Enough Information, or Insufficient Location Information",0,,06/11/2010 12:00:00 AM +0000,6/11/2010 8:10:00 AM,1,,Mid-Block (not related to intersection),Daylight,5TH AVE NE BETWEEN NE 52ND ST AND NE 53RD ST,0,1,Y,2,3377189,Dry,00,NOT ENOUGH INFORMATION / NOT APPLICABLE,10162006,7292,0,2,Injury Collision,,45,Bicycle,Matched,N,1,Overcast,0,"(47.66678009000003, -122.32285604599997)",0,0,N,10-198164
74762,109370,109370,Intersection,Cycles,0,,,0,,01/21/2010 12:00:00 AM +0000,1/21/2010 8:30:00 AM,0,29603,At Intersection (intersection related),Daylight,2ND AVE AND UNIVERSITY ST,0,1,,3,3325959,Dry,11,"MOTOR VEHICLE STRUCK MOTOR VEHICLE, FRONT END AT ANGLE",10021017,2756,0,1,Property Damage Only Collision,,45,Bicycle,Matched,N,2,Clear or Partly Cloudy,0,"(47.60729905800008, -122.33708679799997)",12162,0,N,10-232 97
74782,109634,109634,Block,Cycles,498,,,0,,12/30/2010 12:00:00 AM +0000,12/30/2010 2:52:00 PM,1,,Mid-Block (not related to intersection),Daylight,ROOSEVELT WAY NE BETWEEN NE 105TH ST AND NE 108TH ST,0,1,Y,2,3376915,Dry,21,"MOTOR VEHICLE STRUCK PEDALCYCLIST, REAR END",10364024,12651,0,2,Injury Collision,,45,Bicycle,Matched,N,1,Clear or Partly Cloudy,0,"(47.70628405800005, -122.31781934599996)",7826,0,N,10-447082
74808,107884,107884,Intersection,Cycles,0, ,,0,,06/18/2010 12:00:00 AM +0000,6/18/2010 8:30:00 AM,0,29763,At Intersection (intersection related),Unknown,14TH AVE AND E UNION ST,0,1,,2,3345283,Unknown,11,"MOTOR VEHICLE STRUCK MOTOR VEHICLE, FRONT END AT ANGLE",10169045,1850,0,1,Property Damage Only Collision,,45,Bicycle,Matched,N,1,Unknown,0,"(47.61291739700005, -122.31416739399998)",9297,0,N,2010-258927
74816,108290,108290,Intersection,Cycles,0,,,0,,06/18/2010 12:00:00 AM +0000,6/18/2010 5:28:00 PM,1,33877,At Intersection (intersection related),Daylight,48TH AVE SW AND BEACH DR SW,0,1,Y,2,3331301,Dry,51,PEDALCYCLIST STRUCK MOTOR VEHICLE FRONT END AT ANGLE,10169050,9110,0,2,Injury Collision,,45,Bicycle,Matched,N,1,Clear or Partly Cloudy,0,"(47.54070141600005, -122.39646048399999)",0,0,N,2010-206650
74846,108710,108710,Intersection,Cycles,0,,,0,,05/20/2010 12:00:00 AM +0000,5/20/2010 8:24:00 AM,1,32118,At Intersection (intersection related),Daylight,ADMIRAL AVALON RP AND SW ADMIRAL WAY,0,1,,2,3325807,Dry,51,PEDALCYCLIST STRUCK MOTOR VEHICLE FRONT END AT ANGLE,10140039,21690,0,2,Injury Collision,,45,Bicycle,Matched,0,1,Overcast,0,"(47.57147661600004, -122.371319917)",3037,0,N,10-165592
74876,108711,108711,Block,Cycles,338,,,0,,05/21/2010 12:00:00 AM +0000,5/21/2010 8:50:00 AM,1,,Mid-Block (not related to intersection),Daylight,15TH AVE NW BETWEEN NW 70TH ST AND NW 73RD ST,0,1,,2,3206054,Dry,18,"MOTOR VEHICLE STRUCK PEDALCYCLIST, FRONT END AT ANGLE",10141029,2114,0,2,Injury Collision,,45,Bicycle,Matched,N,1,Clear or Partly Cloudy,0,"(47.68045378700003, -122.37677179299999)",0,0,N,10-166889
74935,107893,107893,Block,Cycles,223.5, ,,0,Y,09/21/2010 12:00:00 AM +0000,9/21/2010 5:27:00 PM,1,,Mid-Block (not related to intersection),Daylight,8TH AVE BETWEEN OLIVE WAY AND STEWART ST,0,1,Y,2,3373648,Dry,18,"MOTOR VEHICLE STRUCK PEDALCYCLIST, FRONT END AT ANGLE",10264001,8282,0,2,Injury Collision,,45,Bicycle,Matched,N,1,Clear or Partly Cloudy,0,"(47.61450364700005, -122.33467655199996)",14013,0,N,10-331069
74946,107755,107755,Intersection,Cycles,0,,,0,,08/10/2010 12:00:00 AM +0000,8/10/2010 3:15:00 PM,1,30408,At Intersection (intersection related),Daylight,14TH AVE AND E YESLER WAY,0,1,,2,3332465,Dry,14,"MOTOR VEHICLE STRUCK MOTOR VEHICLE, REAR END",10222003,1840,0,2,Injury Collision,,45,Bicycle,Matched,N,1,Clear or Partly Cloudy,0,"(47.60168875700003, -122.31416192599994)",10011,0,N,10 278204
75088,108311,108311,Intersection,Cycles,0,,,0,,02/18/2010 12:00:00 AM +0000,2/18/2010 8:07:00 PM,1,30428,At Intersection (intersection related),Dark - Street Lights On,BOREN AVE S AND RAINIER AVE S,0,1,Y,2,3329509,Dry,18,"MOTOR VEHICLE STRUCK PEDALCYCLIST, FRONT END AT ANGLE",10049017,12340,0,2,Injury Collision,,45,Bicycle,Matched,N,1,Clear or Partly Cloudy,0,"(47.599210087000074, -122.31413725499999)",11014,0,N,10-56214
75145,108723,108723,Intersection,Cycles,0,,,0,Y,02/25/2010 12:00:00 AM +0000,2/25/2010 7:55:00 AM,1,28872,At Intersection (intersection related),Daylight,5TH AVE N AND ALOHA ST,0,1,,3,3326444,Wet,51,PEDALCYCLIST STRUCK MOTOR VEHICLE FRONT END AT ANGLE,10056001,7267,0,2,Injury Collision,,45,Bicycle,Matched,N,1,Raining,0,"(47.62715946700007, -122.34754993099995)",0,0,N,10-63430
75152,108587,108587,Block,Cycles,286,,,0,,02/10/2010 12:00:00 AM +0000,2/10/2010 6:30:00 PM,0,,Driveway Junction,Dark - Street Lights On,NW 100TH PL BETWEEN 7TH AVE NW AND NW 100TH ST,0,1,Y,2,2893068,Wet,51,PEDALCYCLIST STRUCK MOTOR VEHICLE FRONT END AT ANGLE,10041040,18114,0,1,Property Damage Only Collision,,45,Bicycle,Matched,N,1,Raining,0,"(47.702007698000045, -122.36474756099994)",3514,0,N,10-47891
75196,109270,109270,Block,Cycles,49, ,,0,,05/24/2010 12:00:00 AM +0000,5/24/2010 4:22:00 PM,2,,Mid-Block (but intersection related),Daylight,DELRIDGE WAY SW BETWEEN SW CHARLESTOWN ST AND DELRIDGE-W SEATTLE BR EB ON RP,0,1,Y,3,3288358,Dry,51,PEDALCYCLIST STRUCK MOTOR VEHICLE FRONT END AT ANGLE,10144037,270155,0,2,Injury Collision,,45,Bicycle,Matched,N,1,Clear or Partly Cloudy,0,"(47.57004013400007, -122.36210570199995)",0,0,N,2010-171582