OBJECTID,INCKEY,COLDETKEY,ADDRTYPE,COLLISIONTYPE,DISTANCE,EXCEPTRSNCODE,EXCEPTRSNDESC,FATALITIES,INATTENTIONIND,INCDATE,INCDTTM,INJURIES,INTKEY,JUNCTIONTYPE,LIGHTCOND,LOCATION,PEDCOUNT,PEDCYLCOUNT,PEDROWNOTGRNT,PERSONCOUNT,REPORTNO,ROADCOND,SDOT_COLCODE,SDOT_COLDESC,SDOTCOLNUM,SEGKEY,SERIOUSINJURIES,SEVERITYCODE,SEVERITYDESC,SPEEDING,ST_COLCODE,ST_COLDESC,STATUS,UNDERINFL,VEHCOUNT,WEATHER,WIDTH,Shape,SEGLANEKEY,CROSSWALKKEY,HITPARKEDCAR,SPDCASENO
75207,109144,109144,Intersection,Cycles,0,,,0,,03/23/2010 12:00:00 AM +0000,3/23/2010 10:44:00 AM,1,29872,At Intersection (intersection related),Daylight,BOREN AVE AND PINE ST,0,1,,2,3341803,Dry,51,PEDALCYCLIST STRUCK MOTOR VEHICLE FRONT END AT ANGLE,10082016,9320,0,2,Injury Collision,,45,Bicycle,Matched,N,1,Clear or Partly Cloudy,0,"(47.61445724200007, -122.32982243299995)",10320,0,N,10-95196
75222,108451,108451,Intersection,Cycles,0,,,0,,09/13/2010 12:00:00 AM +0000,9/13/2010 4:50:00 PM,1,37566,At Intersection (intersection related),Daylight,1ST AVE NE AND NE 105TH ST,0,1,,2,3377022,Dry,18,"MOTOR VEHICLE STRUCK PEDALCYCLIST, FRONT END AT ANGLE",10256006,1097,0,2,Injury Collision,,45,Bicycle,Matched,Y,1,Clear or Partly Cloudy,0,"(47.70499627100003, -122.32854959999997)",0,0,N,10-321307
75284,108594,108594,Block,Cycles,148,,,0,,08/24/2010 12:00:00 AM +0000,8/24/2010 5:07:00 PM,1,,Mid-Block (not related to intersection),Daylight,E MADISON ST BETWEEN 27TH N AVE E AND M L KING JR WAY E,0,1,Y,2,3332239,Dry,56,PEDALCYCLIST STRUCK MOTOR VEHICLE LEFT SIDE SIDESWIPE,10236014,14360,0,2,Injury Collision,,45,Bicycle,Matched,0,1,Clear or Partly Cloudy,0,"(47.62302952200008, -122.29685042599999)",34591,0,N,10-296205
75349,108326,108326,Intersection,Cycles,0,,,0,,08/11/2010 12:00:00 AM +0000,8/11/2010 6:22:00 PM,1,29860,At Intersection (intersection related),Daylight,SUMMIT AVE AND E PINE ST,0,1,Y,2,3332466,Dry,18,"MOTOR VEHICLE STRUCK PEDALCYCLIST, FRONT END AT ANGLE",10223007,12987,0,2,Injury Collision,,45,Bicycle,Matched,N,1,Clear or Partly Cloudy,0,"(47.615218748000075, -122.325528841)",10354,0,N,10 279729
75351,108325,108325,Intersection,Cycles,0,,,0,,08/09/2010 12:00:00 AM +0000,8/9/2010 11:58:00 AM,1,25392,At Intersection (intersection related),Daylight,14TH AVE NW AND NW 61ST ST,0,1,Y,2,3559211,Unknown,18,"MOTOR VEHICLE STRUCK PEDALCYCLIST, FRONT END AT ANGLE",10221041,1901,1,2b,Serious Injury Collision,,45,Bicycle,Matched,N,1,Unknown,0,"(47.67308658600007, -122.37357867699995)",0,0,N,10-284518
75400,108597,108597,Intersection,Cycles,0, ,,0,,03/24/2010 12:00:00 AM +0000,3/24/2010 8:15:00 AM,1,29949,At Intersection (intersection related),Daylight,4TH AVE AND SPRING ST,0,1,Y,2,3325929,Dry,18,"MOTOR VEHICLE STRUCK PEDALCYCLIST, FRONT END AT ANGLE",10083015,6127,0,2,Injury Collision,Y,45,Bicycle,Matched,N,1,Clear or Partly Cloudy,0,"(47.60680128700005, -122.33356204899997)",0,523605,N,10-96236
75403,108465,108465,Intersection,Cycles,0,,,0,,09/14/2010 12:00:00 AM +0000,9/14/2010 3:50:00 PM,0,36173,At Intersection (but not related to intersection),Unknown,35TH AVE NE AND ERICKSON PL NE,0,1,Y,2,3345650,Unknown,00,NOT ENOUGH INFORMATION / NOT APPLICABLE,10257029,5400,0,1,Property Damage Only Collision,,45,Bicycle,Matched,N,1,Unknown,0,"(47.72646363900003, -122.29090682999998)",3066,0,N,10-322568
75427,109417,109417,Intersection,Cycles,0,,,0,,05/11/2010 12:00:00 AM +0000,5/11/2010 10:16:00 AM,1,26002,At Intersection (intersection related),Daylight,20TH AVE NE AND NE 58TH ST,0,1,Y,3,3286947,Dry,51,PEDALCYCLIST STRUCK MOTOR VEHICLE FRONT END AT ANGLE,10131002,337138,0,2,Injury Collision,,45,Bicycle,Matched,N,1,Clear or Partly Cloudy,0,"(47.67070345800005, -122.30649833799998)",0,0,N,2010-153916
75429,109415,109415,Block,Cycles,116,,,0,,05/09/2010 12:00:00 AM +0000,5/9/2010 10:33:00 PM,1,,Mid-Block (not related to intersection),Dark - Street Lights On,12TH AVE BETWEEN E JEFFERSON ST AND E BARCLAY CT,0,1,,1,3282418,Dry,69,PEDALCYCLIST OVERTURNED IN ROAD,10129001,1529,1,2b,Serious Injury Collision,,45,Bicycle,Matched,N,0,Clear or Partly Cloudy,0,"(47.60651901700004, -122.31678037899997)",10636,0,N,10-152154
75484,107790,107790,Intersection,Cycles,0, ,,0,Y,01/13/2010 12:00:00 AM +0000,1/13/2010 10:33:00 AM,1,27109,At Intersection (intersection related),Daylight,BROOKLYN AVE NE AND NE 40TH ST,0,1,,2,3198718,Wet,18,"MOTOR VEHICLE STRUCK PEDALCYCLIST, FRONT END AT ANGLE",10013005,9476,1,2b,Serious Injury Collision,,45,Bicycle,Matched,N,1,Clear or Partly Cloudy,0,"(47.655367643000034, -122.31444113299995)",41120,0,N,10-13967
75554,108467,108467,Intersection,Cycles,0, ,,0,,09/24/2010 12:00:00 AM +0000,9/24/2010 5:12:00 PM,0,28918,At Intersection (intersection related),Unknown,MERCER ST AND WARREN AVE N,0,1,Y,2,3335139,Unknown,51,PEDALCYCLIST STRUCK MOTOR VEHICLE FRONT END AT ANGLE,10267014,11763,0,1,Property Damage Only Collision,,45,Bicycle,Matched,N,1,Clear or Partly Cloudy,0,"(47.624575520000064, -122.35409847999995)",0,622624,N,10-334738
75596,109420,109420,Intersection,Cycles,0,,,0,,10/01/2010 12:00:00 AM +0000,10/1/2010 12:54:00 PM,1,32788,At Intersection (intersection related),Daylight,CALIFORNIA AVE SW AND SW DAWSON S ST,0,1,,2,3342576,Dry,18,"MOTOR VEHICLE STRUCK PEDALCYCLIST, FRONT END AT ANGLE",10274037,9558,1,2b,Serious Injury Collision,,45,Bicycle,Matched,N,1,Clear or Partly Cloudy,0,"(47.55570116800004, -122.386935129)",0,0,N,2010-343337
75664,108622,108622,Block,Cycles,85.5,,,0,,09/16/2010 12:00:00 AM +0000,9/16/2010 3:00:00 PM,1,,Mid-Block (not related to intersection),Daylight,S SNOQUALMIE ST BETWEEN 15TH AVE S AND 16TH AVE S,0,1,Y,2,3374153,Unknown,55,PEDALCYCLIST STRUCK MOTOR VEHICLE RIGHT SIDE SIDESWIPE,10259052,21256,0,2,Injury Collision,,45,Bicycle,Matched,N,1,Unknown,0,"(47.56169778900005, -122.31313547099995)",0,0,N,2010-329252
75713,109696,109696,Intersection,Cycles,0,NEI,"Not Enough Information, or Insufficient Location Information",0,,06/08/2010 12:00:00 AM +0000,6/8/2010 1:00:00 PM,1,25663,At Intersection (intersection related),Daylight,PHINNEY WR AVE N AND N 50TH ST,0,1,Y,2,3288181,Dry,00,NOT ENOUGH INFORMATION / NOT APPLICABLE,10159004,15638,0,2,Injury Collision,,45,Bicycle,Matched,N,1,Clear or Partly Cloudy,0,"(47.66502100500003, -122.35443705299997)",3789,0,N,10-192631
75777,108079,108079,Block,Cycles,333,,,0,,02/04/2010 12:00:00 AM +0000,2/4/2010 3:20:00 PM,1,,Mid-Block (but intersection related),Daylight,35TH AVE NE BETWEEN NE 57TH ST AND NE 60TH ST,0,1,Y,2,3333092,Dry,51,PEDALCYCLIST STRUCK MOTOR VEHICLE FRONT END AT ANGLE,10035012,5356,0,2,Injury Collision,,45,Bicycle,Matched,N,1,Clear or Partly Cloudy,0,"(47.67123285400004, -122.29022335099995)",30278,0,N,10-40275
75780,108077,108077,Intersection,Cycles,0, ,,0,,02/02/2010 12:00:00 AM +0000,2/2/2010 8:43:00 AM,1,30427,At Intersection (intersection related),Daylight,12TH AVE S AND S JACKSON ST,0,1,Y,2,3329403,Wet,18,"MOTOR VEHICLE STRUCK PEDALCYCLIST, FRONT END AT ANGLE",10033021,1654,0,2,Injury Collision,,45,Bicycle,Matched,N,1,Overcast,0,"(47.59918906300004, -122.31722284699998)",11009,0,N,10-37403
75793,109043,109043,Intersection,Cycles,0,,,0,Y,02/09/2010 12:00:00 AM +0000,2/9/2010 4:19:00 PM,1,28027,At Intersection (intersection related),Daylight,DEXTER AVE N AND HAYES ST,0,1,,3,3328913,Dry,51,PEDALCYCLIST STRUCK MOTOR VEHICLE FRONT END AT ANGLE,10040023,10087,0,2,Injury Collision,,45,Bicycle,Matched,N,1,Clear or Partly Cloudy,0,"(47.63396882600006, -122.34228374299994)",12980,0,N,10-46092
75827,108484,108484,Block,Cycles,385,,,0,,10/01/2010 12:00:00 AM +0000,10/1/2010 3:00:00 PM,1,,Mid-Block (not related to intersection),Daylight,UNIVERSITY WAY NE BETWEEN NE 52ND ST AND NE 55TH ST,0,1,Y,2,3559062,Dry,18,"MOTOR VEHICLE STRUCK PEDALCYCLIST, FRONT END AT ANGLE",10274012,13225,0,2,Injury Collision,,45,Bicycle,Matched,N,1,Clear or Partly Cloudy,0,"(47.66749016400007, -122.31303423799994)",5599,0,N,10-343513
75889,108634,108634,Intersection,Cycles,0, ,,0,Y,09/05/2010 12:00:00 AM +0000,9/5/2010 6:26:00 PM,1,24229,At Intersection (intersection related),Daylight,GREEN LAKE DR N AND N 80TH ST,0,1,,3,2802350,Dry,18,"MOTOR VEHICLE STRUCK PEDALCYCLIST, FRONT END AT ANGLE",10248004,10682,0,2,Injury Collision,,45,Bicycle,Matched,N,1,Clear or Partly Cloudy,0,"(47.68692953900006, -122.34045581899994)",10150,0,N,10-311426
75899,107952,107952,Block,Cycles,153,,,0,,02/21/2010 12:00:00 AM +0000,2/21/2010 9:30:00 PM,1,,Mid-Block (not related to intersection),Dark - Street Lights On,TERRY AVE BETWEEN SPRUCE ST AND ALDER ST,0,1,,2,3329364,Dry,56,PEDALCYCLIST STRUCK MOTOR VEHICLE LEFT SIDE SIDESWIPE,10052015,13100,0,2,Injury Collision,,45,Bicycle,Matched,Y,1,Clear or Partly Cloudy,0,"(47.60351917100007, -122.32135805999997)",0,0,N,2010-59612
75958,109197,109197,Intersection,Cycles,0, ,,0,,10/06/2010 12:00:00 AM +0000,10/6/2010 12:47:00 PM,1,29560,At Intersection (intersection related),Daylight,1ST AVE AND LENORA ST,0,1,Y,2,3560154,Dry,18,"MOTOR VEHICLE STRUCK PEDALCYCLIST, FRONT END AT ANGLE",10279025,1013,0,2,Injury Collision,,45,Bicycle,Matched,N,1,Clear or Partly Cloudy,0,"(47.61183728800006, -122.34391211399998)",0,523313,N,10-349681
75975,109052,109052,Intersection,Cycles,0,,,0,,03/14/2010 12:00:00 AM +0000,3/14/2010 11:31:00 AM,0,29088,At Intersection (intersection related),Daylight,ALOHA ST AND FAIRVIEW AVE N,0,1,Y,2,3335354,Dry,18,"MOTOR VEHICLE STRUCK PEDALCYCLIST, FRONT END AT ANGLE",10073001,8817,0,1,Property Damage Only Collision,,45,Bicycle,Matched,N,1,Clear or Partly Cloudy,0,"(47.627221348000035, -122.33279903299996)",0,0,N,10-84265
75990,108098,108098,Intersection,Cycles,0, ,,1,,07/28/2010 12:00:00 AM +0000,7/28/2010 10:38:00 AM,0,29826,At Intersection (intersection related),Daylight,12TH AVE AND E ALDER ST,0,1,Y,2,3210889,Dry,18,"MOTOR VEHICLE STRUCK PEDALCYCLIST, FRONT END AT ANGLE",10209025,1526,0,3,Fatality Collision,,45,Bicycle,Matched,N,1,Clear or Partly Cloudy,0,"(47.604360385000064, -122.31678113299995)",10590,0,N,2010-260333
76007,109710,109710,Intersection,Cycles,0,,,0,,04/13/2010 12:00:00 AM +0000,4/13/2010 10:51:00 AM,1,31234,At Intersection (intersection related),Daylight,AIRPORT WAY S AND S MASSACHUSETTS ST,0,1,,2,3335249,Wet,51,PEDALCYCLIST STRUCK MOTOR VEHICLE FRONT END AT ANGLE,10103001,8658,0,2,Injury Collision,,45,Bicycle,Matched,N,1,Clear or Partly Cloudy,0,"(47.588224841000056, -122.32139126699997)",19466,0,N,2010-119769
76034,109717,109717,Intersection,Cycles,0,,,0,,01/03/2011 12:00:00 AM +0000,1/3/2011 5:30:00 PM,1,29224,At Intersection (intersection related),Dark - Street Lights On,28TH AVE E AND E ALOHA ST,0,1,,1,3568628,Ice,69,PEDALCYCLIST OVERTURNED IN ROAD,11003027,4104,1,2b,Serious Injury Collision,,45,Bicycle,Matched,N,0,Clear or Partly Cloudy,0,"(47.62664106300008, -122.29641418399996)",0,0,N,2011-3396
76096,111778,111778,Intersection,Cycles,0, ,,0,,02/08/2010 12:00:00 AM +0000,2/8/2010 3:46:00 PM,1,30430,At Intersection (intersection related),Daylight,12TH AVE S AND S KING ST,0,1,,2,3329355,Dry,18,"MOTOR VEHICLE STRUCK PEDALCYCLIST, FRONT END AT ANGLE",10039005,1655,0,2,Injury Collision,,45,Bicycle,Matched,N,1,Clear or Partly Cloudy,0,"(47.59833759300005, -122.317227979)",0,521161,N,10-44877
76131,110414,110414,Intersection,Cycles,0,,,0,,03/13/2010 12:00:00 AM +0000,3/13/2010 3:10:00 PM,1,25131,At Intersection (intersection related),Daylight,24TH AVE NW AND NW 59TH ST,0,1,Y,2,3327942,Dry,18,"MOTOR VEHICLE STRUCK PEDALCYCLIST, FRONT END AT ANGLE",10072004,3594,0,2,Injury Collision,,45,Bicycle,Matched,N,1,Clear or Partly Cloudy,0,"(47.67164521700005, -122.38758724499996)",2112,0,N,2010-83353
76171,110967,110967,Block,Cycles,132.5,,,0,,03/22/2010 12:00:00 AM +0000,3/22/2010 9:00:00 PM,1,,Mid-Block (not related to intersection),Dark - Street Lights On,N 45TH ST BETWEEN DENSMORE E AVE N AND WALLINGFORD AVE N,0,1,,3,3328123,Dry,18,"MOTOR VEHICLE STRUCK PEDALCYCLIST, FRONT END AT ANGLE",10081008,15547,0,2,Injury Collision,,45,Bicycle,Matched,N,1,Clear or Partly Cloudy,0,"(47.66138638400008, -122.33683478699999)",6483,0,N,10-94661
76235,111919,111919,Block,Cycles,57.5,,,0,,11/19/2010 12:00:00 AM +0000,11/19/2010 5:30:00 PM,1,,Mid-Block (but intersection related),Dark - Street Lights On,17TH AVE BETWEEN E PINE ST AND E MADISON ST,0,1,,2,3387181,Wet,51,PEDALCYCLIST STRUCK MOTOR VEHICLE FRONT END AT ANGLE,10323034,2365,0,2,Injury Collision,,45,Bicycle,Matched,N,1,Unknown,0,"(47.61543076000004, -122.31015223499998)",0,0,N,10-404066
76266,110147,110147,Block,Cycles,42.5,,,0,,10/28/2010 12:00:00 AM +0000,10/28/2010 11:38:00 AM,0,,Mid-Block (not related to intersection),Daylight,E MADISON ST BETWEEN 16TH AVE AND E PINE ST,0,1,,2,3199015,Wet,18,"MOTOR VEHICLE STRUCK PEDALCYCLIST, FRONT END AT ANGLE",10301023,14347,0,1,Property Damage Only Collision,,45,Bicycle,Matched,N,1,Raining,0,"(47.61510494300006, -122.31131462199994)",22973,0,N,2010-376440
76287,110003,110003,Intersection,Cycles,0,,,0,,10/30/2010 12:00:00 AM +0000,10/30/2010 5:38:00 PM,1,29068,At Intersection (intersection related),Dusk,BROADWAY AND E DENNY WAY,0,1,,4,3386908,Wet,51,PEDALCYCLIST STRUCK MOTOR VEHICLE FRONT END AT ANGLE,10303009,9451,0,2,Injury Collision,,45,Bicycle,Matched,N,1,Raining,0,"(47.61873954100008, -122.32085448299995)",6813,0,N,2010-379556
76313,110833,110833,Intersection,Cycles,0,,,0,,06/13/2010 12:00:00 AM +0000,6/13/2010 5:35:00 PM,1,30213,At Intersection (intersection related),Daylight,19TH AVE AND E SPRUCE ST,0,1,Y,2,3332085,Dry,51,PEDALCYCLIST STRUCK MOTOR VEHICLE FRONT END AT ANGLE,10164004,2642,0,2,Injury Collision,,45,Bicycle,Matched,N,1,Clear or Partly Cloudy,0,"(47.603514430000075, -122.30765932999998)",8651,0,N,10-199769
76323,111242,111242,Block,Cycles,489,,,0,,02/01/2010 12:00:00 AM +0000,2/1/2010 11:04:00 PM,1,,Mid-Block (not related to intersection),Dark - Street Lights On,N 143RD ST BETWEEN EVANSTON AVE N AND LINDEN AVE N,0,1,,2,3376154,Wet,18,"MOTOR VEHICLE STRUCK PEDALCYCLIST, FRONT END AT ANGLE",10032016,15238,0,2,Injury Collision,,45,Bicycle,Matched,N,1,Overcast,0,"(47.73231424100004, -122.34976845499995)",0,0,N,2010-37045
76353,111798,111798,Intersection,Cycles,0,,,0,,11/08/2010 12:00:00 AM +0000,11/8/2010 6:17:00 PM,1,28788,At Intersection (intersection related),Dark - Street Lights On,DEXTER AVE N AND THOMAS ST,0,1,,1,3373757,Dry,51,PEDALCYCLIST STRUCK MOTOR VEHICLE FRONT END AT ANGLE,10312015,10073,0,2,Injury Collision,,45,Bicycle,Matched,N,0,Clear or Partly Cloudy,0,"(47.620888395000065, -122.34238173099999)",12606,0,N,2010-390776
76362,111796,111796,Intersection,Cycles,0,,,0,,11/05/2010 12:00:00 AM +0000,11/5/2010 5:56:00 PM,1,30453,At Intersection (intersection related),Dark - Street Lights On,GOLF DR S AND S CHARLES ST,0,1,Y,3,3374162,Wet,18,"MOTOR VEHICLE STRUCK PEDALCYCLIST, FRONT END AT ANGLE",10309049,10668,0,2,Injury Collision,,45,Bicycle,Matched,N,1,Raining,0,"(47.594281684000066, -122.31657709199999)",14097,0,N,2010-387285
76367,111799,111799,Block,Cycles,161,,,0,,11/09/2010 12:00:00 AM +0000,11/9/2010 5:39:00 PM,1,,Mid-Block (not related to intersection),Dark - Street Lights On,S JACKSON ST BETWEEN 7TH AVE S AND 8TH AVE S,0,1,,1,3346387,Wet,69,PEDALCYCLIST OVERTURNED IN ROAD,10313021,20491,0,2,Injury Collision,,45,Bicycle,Matched,N,0,Raining,0,"(47.59918737100003, -122.32309939399994)",24453,0,N,10-391927
76469,111118,111118,Intersection,Cycles,0,,,0,,09/20/2010 12:00:00 AM +0000,9/20/2010 3:56:00 PM,1,24499,At Intersection (intersection related),Daylight,ROOSEVELT WAY NE AND NE 66TH ST,0,1,Y,2,3558932,Dry,51,PEDALCYCLIST STRUCK MOTOR VEHICLE FRONT END AT ANGLE,10263002,12616,1,2b,Serious Injury Collision,,45,Bicycle,Matched,N,1,Clear or Partly Cloudy,0,"(47.67655440100003, -122.31737321599996)",9394,0,N,10-329704
76543,109883,109883,Intersection,Cycles,0, ,,0,,04/13/2010 12:00:00 AM +0000,4/13/2010 4:00:00 PM,1,30801,At Intersection (but not related to intersection),Daylight,22ND AVE S AND S NORMAN ST,0,1,,2,3329419,Dry,18,"MOTOR VEHICLE STRUCK PEDALCYCLIST, FRONT END AT ANGLE",10103005,20948,0,2,Injury Collision,,45,Bicycle,Matched,N,1,Clear or Partly Cloudy,0,"(47.59305872500005, -122.30327338099994)",0,0,N,10-120267
76626,111532,111532,Intersection,Cycles,0,,,0,,06/14/2010 12:00:00 AM +0000,6/14/2010 4:39:00 PM,1,25792,,Daylight,BROOKLYN AVE NE AND NE 50TH ST,0,1,,2,3333542,Dry,00,NOT ENOUGH INFORMATION / NOT APPLICABLE,10165003,9484,0,2,Injury Collision,,45,Bicycle,Matched,N,1,Clear or Partly Cloudy,0,"(47.66490847500006, -122.31421009099995)",21421,0,N,10-201109
76643,110172,110172,Block,Cycles,148,,,0,,05/13/2010 12:00:00 AM +0000,5/13/2010 7:53:00 AM,1,,Driveway Junction,Daylight,2ND AVE BETWEEN PINE ST AND STEWART ST,0,1,Y,2,3346230,Dry,18,"MOTOR VEHICLE STRUCK PEDALCYCLIST, FRONT END AT ANGLE",10133004,2759,0,2,Injury Collision,,45,Bicycle,Matched,N,1,Clear or Partly Cloudy,0,"(47.61062229600003, -122.34012716999996)",12179,0,N,2010-156317
76650,110032,110032,Block,Cycles,124.5,,,0,,02/15/2010 12:00:00 AM +0000,2/15/2010 8:31:00 PM,1,,Driveway Junction,Dark - Street Lights On,NE 45TH ST BETWEEN 1ST AVE NE AND 2ND AVE NE,0,1,Y,2,3376663,Wet,51,PEDALCYCLIST STRUCK MOTOR VEHICLE FRONT END AT ANGLE,10046010,16838,0,2,Injury Collision,,45,Bicycle,Matched,N,1,Clear or Partly Cloudy,0,"(47.661357277000036, -122.32775751099996)",6532,0,N,10-52781
76682,110587,110587,Intersection,Cycles,0,,,0,,04/10/2010 12:00:00 AM +0000,4/10/2010 5:51:00 PM,1,28660,At Intersection (intersection related),Daylight,QUEEN ANNE AVE N AND THOMAS ST,0,1,,3,3328756,Dry,69,PEDALCYCLIST OVERTURNED IN ROAD,10100001,12296,0,2,Injury Collision,,45,Bicycle,Matched,N,1,Clear or Partly Cloudy,0,"(47.62094100500008, -122.35673850599994)",12319,0,N,10-116581
76701,110859,110859,Intersection,Cycles,0,,,0,,05/09/2010 12:00:00 AM +0000,5/9/2010 12:36:00 PM,1,36788,At Intersection (intersection related),Daylight,SAND POINT WAY NE AND NE 107TH ST,0,1,Y,2,3376977,Dry,51,PEDALCYCLIST STRUCK MOTOR VEHICLE FRONT END AT ANGLE,10129003,12741,0,2,Injury Collision,,45,Bicycle,Matched,N,1,Clear or Partly Cloudy,0,"(47.707026788000064, -122.27928012199999)",28194,0,N,10-151602
76722,111002,111002,Intersection,Cycles,0, ,,0,,01/22/2010 12:00:00 AM +0000,1/22/2010 1:00:00 PM,1,25960,At Intersection (intersection related),Dusk,25TH AVE NE AND NE 47TH ST,0,1,,2,3333876,Dry,18,"MOTOR VEHICLE STRUCK PEDALCYCLIST, FRONT END AT ANGLE",10022003,3721,0,2,Injury Collision,,45,Bicycle,Matched,N,1,Overcast,0,"(47.663266177000025, -122.30088691599997)",0,521603,N,2010-025098
76727,111403,111403,Block,Cycles,330,,,0,,10/07/2010 12:00:00 AM +0000,10/7/2010 5:04:00 PM,1,,Mid-Block (not related to intersection),Dusk,HARVARD AVE E BETWEEN E ALLISON ST AND EASTLAKE AVE E,0,1,,2,3386765,Dry,18,"MOTOR VEHICLE STRUCK PEDALCYCLIST, FRONT END AT ANGLE",10280030,10862,0,2,Injury Collision,,45,Bicycle,Matched,N,1,Overcast,0,"(47.64961353800004, -122.32209673599999)",6056,0,N,10-351 307
76845,110865,110865,Intersection,Cycles,0,,,0,,10/05/2010 12:00:00 AM +0000,10/5/2010 9:22:00 AM,1,29603,At Intersection (intersection related),Daylight,2ND AVE AND UNIVERSITY ST,0,1,Y,2,3326980,Dry,18,"MOTOR VEHICLE STRUCK PEDALCYCLIST, FRONT END AT ANGLE",10278025,2756,0,2,Injury Collision,,45,Bicycle,Matched,N,1,Clear or Partly Cloudy,0,"(47.60729905800008, -122.33708679799997)",12162,0,N,2010-348045
76849,110736,110736,Block,Cycles,153,,,0,,02/26/2010 12:00:00 AM +0000,2/26/2010 4:40:00 PM,1,,Mid-Block (but intersection related),Dusk,1ST AVE S BETWEEN S WASHINGTON ST AND S MAIN ST,0,1,,2,3334885,Wet,69,PEDALCYCLIST OVERTURNED IN ROAD,10057005,1186,0,2,Injury Collision,,45,Bicycle,Matched,N,1,Raining,0,"(47.60046507200008, -122.33418322799997)",36130,0,N,2010-65205
76912,109778,109778,Intersection,Cycles,0, ,,0,,11/10/2010 12:00:00 AM +0000,11/10/2010 4:31:00 PM,0,30579,At Intersection (intersection related),Dusk,M L KING JR WAY AND E YESLER WAY,0,1,Y,2,3386718,Dry,18,"MOTOR VEHICLE STRUCK PEDALCYCLIST, FRONT END AT ANGLE",10314042,11481,0,1,Property Damage Only Collision,,45,Bicycle,Matched,N,1,Clear or Partly Cloudy,0,"(47.60165615300008, -122.29676784199995)",0,523687,N,10 393098
76923,111829,111829,Intersection,Cycles,0,,,0,,02/08/2010 12:00:00 AM +0000,2/8/2010 4:11:00 PM,1,29877,At Intersection (intersection related),Daylight,MELROSE AVE AND PIKE ST,0,1,Y,3,3329411,Dry,18,"MOTOR VEHICLE STRUCK PEDALCYCLIST, FRONT END AT ANGLE",10039006,11744,0,2,Injury Collision,,45,Bicycle,Matched,N,1,Clear or Partly Cloudy,0,"(47.61393023000005, -122.32780457599995)",31114,0,N,2010-44906
76987,110878,110878,Block,Cycles,332,,,0,,02/16/2010 12:00:00 AM +0000,2/16/2010 1:44:00 PM,0,,Driveway Junction,Daylight,AURORA AVE N BETWEEN N 125TH ST AND N 127TH ST,0,1,,2,2905242,Dry,51,PEDALCYCLIST STRUCK MOTOR VEHICLE FRONT END AT ANGLE,10047001,8992,0,1,Property Damage Only Collision,,45,Bicycle,Matched,0,1,Raining,0,"(47.72048062700003, -122.34494681799998)",15043,0,N,2010-53508
77073,110882,110882,Intersection,Cycles,0,,,0,,05/13/2010 12:00:00 AM +0000,5/13/2010 7:55:00 PM,1,29747,At Intersection (intersection related),Dusk,11TH AVE AND E PIKE ST,0,1,Y,2,3329755,Dry,51,PEDALCYCLIST STRUCK MOTOR VEHICLE FRONT END AT ANGLE,10133003,1382,1,2b,Serious Injury Collision,,45,Bicycle,Matched,N,1,Clear or Partly Cloudy,0,"(47.61409443200006, -122.31814094999999)",31243,0,N,2010-157087
77085,110617,110617,Intersection,Cycles,0,NEI,"Not Enough Information, or Insufficient Location Information",0,,06/17/2010 12:00:00 AM +0000,6/17/2010 10:21:00 PM,1,29737,At Intersection (intersection related),Dark - Street Lights On,NAGLE PL AND E PINE ST,0,1,Y,2,3332086,Dry,00,NOT ENOUGH INFORMATION / NOT APPLICABLE,10168020,11942,0,2,Injury Collision,,45,Bicycle,Matched,N,1,Clear or Partly Cloudy,0,"(47.61524085500008, -122.32001617599997)",10408,0,N,10-205630
77086,110616,110616,Block,Cycles,281,,,0,,06/15/2010 12:00:00 AM +0000,6/15/2010 2:45:00 PM,1,,,Daylight,EAST MARGINAL WAY S BETWEEN S FRONT ST AND S MICHIGAN ST,0,1,,2,3335789,Dry,00,NOT ENOUGH INFORMATION / NOT APPLICABLE,10166020,14407,0,2,Injury Collision,,45,Bicycle,Matched,0,1,Clear or Partly Cloudy,0,"(47.545389037000064, -122.33216351499999)",0,0,N,2010-202322
77093,110610,110610,Intersection,Cycles,0, ,,0,,08/06/2010 12:00:00 AM +0000,8/6/2010 12:00:00 PM,1,29068,At Intersection (intersection related),Daylight,BROADWAY AND E DENNY WAY,0,1,Y,2,3332199,Dry,51,PEDALCYCLIST STRUCK MOTOR VEHICLE FRONT END AT ANGLE,10218028,9451,0,2,Injury Collision,,45,Bicycle,Matched,N,1,Overcast,0,"(47.61873954100008, -122.32085448299995)",0,523773,N,2010 272869
77103,111020,111020,Intersection,Cycles,0,,,0,,07/21/2010 12:00:00 AM +0000,7/21/2010 7:01:00 PM,1,29732,At Intersection (intersection related),Daylight,HARVARD AVE AND E OLIVE ST,1,1,,2,3329194,Dry,24,MOTOR VEHCILE STRUCK PEDESTRIAN,10202015,10843,0,2,Injury Collision,,45,Bicycle,Matched,N,0,Clear or Partly Cloudy,0,"(47.61639417100008, -122.32214881099998)",0,0,N,2010-251467