OBJECTID,INCKEY,COLDETKEY,ADDRTYPE,COLLISIONTYPE,DISTANCE,EXCEPTRSNCODE,EXCEPTRSNDESC,FATALITIES,INATTENTIONIND,INCDATE,INCDTTM,INJURIES,INTKEY,JUNCTIONTYPE,LIGHTCOND,LOCATION,PEDCOUNT,PEDCYLCOUNT,PEDROWNOTGRNT,PERSONCOUNT,REPORTNO,ROADCOND,SDOT_COLCODE,SDOT_COLDESC,SDOTCOLNUM,SEGKEY,SERIOUSINJURIES,SEVERITYCODE,SEVERITYDESC,SPEEDING,ST_COLCODE,ST_COLDESC,STATUS,UNDERINFL,VEHCOUNT,WEATHER,WIDTH,Shape,SEGLANEKEY,CROSSWALKKEY,HITPARKEDCAR,SPDCASENO
77178,111568,111568,Intersection,Cycles,0,,,0,,10/12/2010 12:00:00 AM +0000,10/12/2010 2:40:00 PM,1,33064,At Intersection (intersection related),Daylight,AIRPORT WAY S AND S EDMUNDS ST,0,1,,1,3374377,Dry,51,PEDALCYCLIST STRUCK MOTOR VEHICLE FRONT END AT ANGLE,10285012,8688,0,2,Injury Collision,,45,Bicycle,Matched,N,0,Clear or Partly Cloudy,0,"(47.55980818000006, -122.32326997399997)",17569,0,N,10-357187
77219,111163,111163,Block,Cycles,930.5,,,0,,06/05/2010 12:00:00 AM +0000,6/5/2010 5:38:00 PM,1,,Mid-Block (not related to intersection),Daylight,BALLARD BR BETWEEN 15TH AVE W AND POINT A,0,1,,9,3326341,Dry,23,"MOTOR VEHICLE STRUCK PEDALCYCLIST, LEFT SIDE SIDESWIPE",10156033,9047,1,2b,Serious Injury Collision,,45,Bicycle,Matched,N,1,Clear or Partly Cloudy,0,"(47.656987822000076, -122.37622256199995)",0,0,N,10-188759
77266,111571,111571,Block,Cycles,201,,,0,,10/15/2010 12:00:00 AM +0000,10/15/2010 8:04:00 AM,1,,Mid-Block (but intersection related),Daylight,E MCGRAW ST BETWEEN 15TH AVE E AND 16TH AVE E,0,1,Y,2,3386708,Wet,18,"MOTOR VEHICLE STRUCK PEDALCYCLIST, FRONT END AT ANGLE",10288009,14463,0,2,Injury Collision,,45,Bicycle,Matched,N,1,Clear or Partly Cloudy,0,"(47.64029575500007, -122.31153054299995)",6032,0,N,10-360693
77301,109941,109941,Intersection,Cycles,0,,,0,,10/19/2010 12:00:00 AM +0000,10/19/2010 4:39:00 PM,1,37425,At Intersection (intersection related),Daylight,FREMONT AVE N AND N 95TH ST,0,1,Y,2,3327738,Dry,51,PEDALCYCLIST STRUCK MOTOR VEHICLE FRONT END AT ANGLE,10292030,10539,0,2,Injury Collision,,45,Bicycle,Matched,N,1,Clear or Partly Cloudy,0,"(47.697823819000064, -122.34999793999998)",0,0,N,2010-365940
77324,111852,111852,Block,Cycles,124.5,,,0,,04/15/2010 12:00:00 AM +0000,4/15/2010 8:18:00 PM,1,,Driveway Junction,Dark - Street Lights On,NE 45TH ST BETWEEN 1ST AVE NE AND 2ND AVE NE,0,1,Y,2,3284671,Dry,51,PEDALCYCLIST STRUCK MOTOR VEHICLE FRONT END AT ANGLE,10105002,16838,0,2,Injury Collision,Y,45,Bicycle,Matched,N,1,Clear or Partly Cloudy,0,"(47.661357277000036, -122.32775751099996)",6532,0,N,10-122866
77394,111042,111042,Block,Cycles,993,,,0,Y,07/24/2010 12:00:00 AM +0000,7/24/2010 4:05:00 PM,1,,Mid-Block (not related to intersection),Daylight,N 115TH ST BETWEEN STONE AVE N AND MERIDIAN AVE N,0,1,,3,3377245,Dry,54,PEDALCYCLIST STRUCK MOTOR VEHICLE REAR END,10205028,15076,0,2,Injury Collision,,45,Bicycle,Matched,N,1,Clear or Partly Cloudy,0,"(47.71230180500004, -122.33809240799997)",32878,0,N,10-255341
77437,109950,109950,Block,Cycles,290.5,,,0,Y,10/04/2010 12:00:00 AM +0000,10/4/2010 9:21:00 AM,1,,Driveway Junction,Daylight,BARNES AVE NW BETWEEN 17TH AVE NW AND NW MARKET ST,0,1,,3,3374922,Dry,54,PEDALCYCLIST STRUCK MOTOR VEHICLE REAR END,10277028,9063,0,2,Injury Collision,,45,Bicycle,Matched,N,1,Clear or Partly Cloudy,0,"(47.66804977000004, -122.37961752399997)",0,0,N,10-346809
77439,111715,111715,Intersection,Cycles,0,,,0,,07/27/2010 12:00:00 AM +0000,7/27/2010 6:24:00 PM,1,27955,At Intersection (intersection related),Daylight,15TH AVE W AND W HOWE ST,0,1,Y,2,2796159,Dry,18,"MOTOR VEHICLE STRUCK PEDALCYCLIST, FRONT END AT ANGLE",10208025,2186,0,2,Injury Collision,,45,Bicycle,Matched,N,1,Clear or Partly Cloudy,0,"(47.63595304800003, -122.37613788399995)",19025,0,N,10-259470
77441,111585,111585,Block,Cycles,180,,,0,,09/22/2010 12:00:00 AM +0000,9/22/2010 5:10:00 PM,0,,Mid-Block (not related to intersection),Daylight,2ND AV ET S BETWEEN S WASHINGTON ST AND YESLER WAY,0,1,,2,3373659,Dry,18,"MOTOR VEHICLE STRUCK PEDALCYCLIST, FRONT END AT ANGLE",10265018,2926,0,1,Property Damage Only Collision,,45,Bicycle,Matched,N,1,Clear or Partly Cloudy,0,"(47.601297429000056, -122.33159812799994)",0,0,N,10 332359
77445,111582,111582,Intersection,Cycles,0, ,,0,,06/08/2010 12:00:00 AM +0000,6/8/2010 8:23:00 AM,1,28437,At Intersection (intersection related),Daylight,BOYER AVE E AND E LYNN ST,0,1,,2,3332176,Dry,00,NOT ENOUGH INFORMATION / NOT APPLICABLE,10159019,2245,0,2,Injury Collision,,45,Bicycle,Matched,N,1,Clear or Partly Cloudy,0,"(47.63956180000008, -122.31077139499996)",35868,0,N,10-192147
77464,110228,110228,Block,Cycles,249.5,,,0,,06/01/2010 12:00:00 AM +0000,6/1/2010 10:15:00 AM,1,,Mid-Block (not related to intersection),Daylight,10TH AVE E BETWEEN E ROY W ST AND E ALOHA ST,0,1,Y,2,3283168,Dry,51,PEDALCYCLIST STRUCK MOTOR VEHICLE FRONT END AT ANGLE,10152032,1290,0,2,Injury Collision,,45,Bicycle,Matched,N,1,Clear or Partly Cloudy,0,"(47.62614319900007, -122.320223038)",6193,0,N,2010-182337
77508,110773,110773,Block,Cycles,208.5, ,,0,,11/18/2010 12:00:00 AM +0000,11/18/2010 3:40:00 PM,1,,Mid-Block (but intersection related),Daylight,SW ORCHARD ST BETWEEN DELRIDGE WAY SW AND SYLVAN WAY SW,0,1,,2,3342432,Dry,18,"MOTOR VEHICLE STRUCK PEDALCYCLIST, FRONT END AT ANGLE",10322020,22645,0,2,Injury Collision,,45,Bicycle,Matched,N,1,Clear or Partly Cloudy,0,"(47.53775876200007, -122.36186725499999)",0,525434,N,10-402493
77533,111724,111724,Intersection,Cycles,0,,,0,,02/10/2010 12:00:00 AM +0000,2/10/2010 8:08:00 AM,1,30752,At Intersection (intersection related),Daylight,18TH AVE S AND S JACKSON ST,0,1,Y,2,3329477,Dry,18,"MOTOR VEHICLE STRUCK PEDALCYCLIST, FRONT END AT ANGLE",10041005,2592,0,2,Injury Collision,,45,Bicycle,Matched,N,1,Clear or Partly Cloudy,0,"(47.599238971000034, -122.308967844)",11040,0,N,2010-4678
77541,111587,111587,Intersection,Cycles,0,NEI,"Not Enough Information, or Insufficient Location Information",0,,05/08/2010 12:00:00 AM +0000,5/8/2010 12:22:00 PM,1,26726,At Intersection (intersection related),Unknown,13TH AVE W AND W NICKERSON ST,0,1,,2,3330272,Unknown,18,"MOTOR VEHICLE STRUCK PEDALCYCLIST, FRONT END AT ANGLE",10128032,1839,0,2,Injury Collision,,45,Bicycle,Matched,N,1,Unknown,0,"(47.65551366400007, -122.37361083699994)",12549,0,N,2010-155245
77544,111457,111457,Intersection,Cycles,0,,,0,,05/19/2010 12:00:00 AM +0000,5/19/2010 3:21:00 PM,1,30190,At Intersection (intersection related),Daylight,20TH AVE AND E JEFFERSON ST,0,1,Y,2,3332053,Wet,51,PEDALCYCLIST STRUCK MOTOR VEHICLE FRONT END AT ANGLE,10139027,2934,0,2,Injury Collision,,45,Bicycle,Matched,N,1,Raining,0,"(47.60616745200008, -122.30633165599994)",34934,0,N,10-164732
77546,111455,111455,Intersection,Cycles,0,,,0,,05/18/2010 12:00:00 AM +0000,5/18/2010 1:30:00 PM,1,29512,At Intersection (intersection related),Daylight,BELL ST AND DENNY WAY,0,1,Y,2,3326861,Dry,51,PEDALCYCLIST STRUCK MOTOR VEHICLE FRONT END AT ANGLE,10138007,8529,0,2,Injury Collision,,45,Bicycle,Matched,N,1,Clear or Partly Cloudy,0,"(47.61854012600003, -122.33983235199997)",23480,0,N,10-163211
77597,110508,110508,Intersection,Cycles,0,,,0,,12/15/2010 12:00:00 AM +0000,12/15/2010 7:31:00 AM,1,37659,At Intersection (intersection related),Daylight,27TH AVE NE AND NE 90TH ST,0,1,Y,2,3561680,Wet,18,"MOTOR VEHICLE STRUCK PEDALCYCLIST, FRONT END AT ANGLE",10349033,4023,0,2,Injury Collision,,45,Bicycle,Matched,N,1,Clear or Partly Cloudy,0,"(47.69388393000003, -122.29873112299998)",0,0,N,2010-430923
77615,110368,110368,Block,Cycles,132,,,0,,11/10/2010 12:00:00 AM +0000,11/10/2010 2:00:00 PM,1,,Mid-Block (not related to intersection),Unknown,GREENWOOD AVE N BETWEEN N 100TH ST AND N 101ST ST,0,1,Y,2,3206060,Unknown,18,"MOTOR VEHICLE STRUCK PEDALCYCLIST, FRONT END AT ANGLE",10314003,10760,0,2,Injury Collision,,45,Bicycle,Matched,N,1,Unknown,0,"(47.701821962000054, -122.35541864199996)",4755,0,N,10-396431
77640,111466,111466,Intersection,Cycles,0, ,,0,,08/08/2010 12:00:00 AM +0000,8/8/2010 9:36:00 AM,1,35969,At Intersection (intersection related),Daylight,1ST AVE NE AND NE 130TH ST,0,1,,2,3333661,Wet,51,PEDALCYCLIST STRUCK MOTOR VEHICLE FRONT END AT ANGLE,10220015,1106,1,2b,Serious Injury Collision,,45,Bicycle,Matched,N,1,Raining,0,"(47.72316551600005, -122.32891834799995)",0,524136,N,2010-275401
77694,109965,109965,Intersection,Cycles,0,,,0,,10/15/2010 12:00:00 AM +0000,10/15/2010 10:41:00 AM,1,30748,At Intersection (intersection related),Daylight,16TH AVE S AND S JACKSON ST,0,1,Y,2,3386621,Dry,18,"MOTOR VEHICLE STRUCK PEDALCYCLIST, FRONT END AT ANGLE",10288008,2282,0,2,Injury Collision,,45,Bicycle,Matched,N,1,Clear or Partly Cloudy,0,"(47.599224596000056, -122.31157742299996)",11025,0,N,2010-360835
77711,111602,111602,Intersection,Cycles,0,,,0,,06/18/2010 12:00:00 AM +0000,6/18/2010 10:49:00 PM,1,29603,At Intersection (intersection related),Dark - Street Lights On,2ND AVE AND UNIVERSITY ST,0,1,,2,2793748,Dry,51,PEDALCYCLIST STRUCK MOTOR VEHICLE FRONT END AT ANGLE,10169039,2756,0,2,Injury Collision,,45,Bicycle,Matched,N,1,Clear or Partly Cloudy,0,"(47.60729905800008, -122.33708679799997)",12166,0,N,10-208429
77721,111877,111877,Intersection,Cycles,0,,,0,,12/10/2010 12:00:00 AM +0000,12/10/2010 8:41:00 AM,1,24981,At Intersection (intersection related),Daylight,44TH AVE NE AND NE 65TH ST,0,1,Y,2,3562078,Dry,18,"MOTOR VEHICLE STRUCK PEDALCYCLIST, FRONT END AT ANGLE",10344004,6695,0,2,Injury Collision,,45,Bicycle,Matched,N,1,Clear or Partly Cloudy,0,"(47.67578869100004, -122.28087630899995)",0,0,N,10-425080
77760,110246,110246,Intersection,Cycles,0,,,0,,08/09/2010 12:00:00 AM +0000,8/9/2010 7:50:00 AM,1,27157,At Intersection (but not related to intersection),Daylight,EASTLAKE AVE E AND HARVARD AVE E,0,1,Y,2,3345375,Dry,23,"MOTOR VEHICLE STRUCK PEDALCYCLIST, LEFT SIDE SIDESWIPE",10221032,10184,0,2,Injury Collision,,45,Bicycle,Matched,N,1,Overcast,0,"(47.65051917300008, -122.32209446499996)",6060,0,N,2010-276481
77895,111213,111213,Block,Cycles,132,,,0,,07/29/2010 12:00:00 AM +0000,7/29/2010 3:58:00 PM,1,,Mid-Block (not related to intersection),Daylight,NE 45TH ST BETWEEN THACKERAY PL NE AND LATONA AVE NE,0,1,Y,3,2881318,Dry,51,PEDALCYCLIST STRUCK MOTOR VEHICLE FRONT END AT ANGLE,10210026,16840,0,2,Injury Collision,,45,Bicycle,Matched,N,1,Clear or Partly Cloudy,0,"(47.66134675500007, -122.32564536499996)",6540,0,N,2010-262077
77904,111077,111077,Intersection,Cycles,0,,,0,,12/21/2010 12:00:00 AM +0000,12/21/2010 2:15:00 PM,1,33118,At Intersection (intersection related),Daylight,AIRPORT WAY S AND S VALE ST,0,1,Y,2,3331708,Wet,18,"MOTOR VEHICLE STRUCK PEDALCYCLIST, FRONT END AT ANGLE",10355009,8696,0,2,Injury Collision,,45,Bicycle,Matched,N,1,Overcast,0,"(47.54924358000005, -122.31689513899994)",0,0,N,2010-438765
77948,111893,111893,Intersection,Cycles,0, ,,0,,08/04/2010 12:00:00 AM +0000,8/4/2010 6:47:00 PM,1,24265,At Intersection (intersection related),Dusk,DAYTON AVE N AND N 84TH ST,0,1,,4,3377015,Dry,51,PEDALCYCLIST STRUCK MOTOR VEHICLE FRONT END AT ANGLE,10216031,9926,0,2,Injury Collision,,45,Bicycle,Matched,N,1,Clear or Partly Cloudy,0,"(47.68983593300004, -122.35260226899999)",0,0,N,10-270540
77978,111481,111481,Block,Cycles,316.5,,,0,,01/06/2010 12:00:00 AM +0000,1/6/2010 6:08:00 PM,1,,Driveway Junction,Dark - Street Lights On,S MYRTLE ST BETWEEN 38TH AVE S AND M L KING JR WR WAY S,0,1,Y,2,3343969,Dry,18,"MOTOR VEHICLE STRUCK PEDALCYCLIST, FRONT END AT ANGLE",10006020,20914,0,2,Injury Collision,,45,Bicycle,Matched,N,1,Clear or Partly Cloudy,0,"(47.53888304000003, -122.28346561699999)",0,0,N,Oct-16
77981,111479,111479,Block,Cycles,166.5,,,0,,06/01/2010 12:00:00 AM +0000,6/1/2010 7:08:00 PM,0,,Mid-Block (not related to intersection),Dusk,2ND AV ET S BETWEEN S JACKSON ST AND S MAIN ST,0,1,Y,2,3346154,Wet,18,"MOTOR VEHICLE STRUCK PEDALCYCLIST, FRONT END AT ANGLE",10152031,2924,0,1,Property Damage Only Collision,,45,Bicycle,Matched,N,1,Overcast,0,"(47.59959343600008, -122.33000949799998)",35929,0,N,10-182985
77991,110399,110399,Intersection,Cycles,0, ,,0,,09/02/2010 12:00:00 AM +0000,9/2/2010 7:14:00 PM,1,30355,At Intersection (intersection related),Daylight,2ND AVE AND CHERRY ST,0,1,Y,2,3373655,Dry,18,"MOTOR VEHICLE STRUCK PEDALCYCLIST, FRONT END AT ANGLE",10245029,2750,0,2,Injury Collision,,45,Bicycle,Matched,N,1,Clear or Partly Cloudy,0,"(47.60301939300007, -122.33317224599995)",12029,0,N,10-307690
78011,110671,110671,Intersection,Cycles,0,,,0,,10/23/2010 12:00:00 AM +0000,10/23/2010 9:02:00 PM,1,29924,At Intersection (intersection related),Dark - Street Lights On,MADISON ST AND TERRY AVE,0,1,Y,2,3346116,Wet,51,PEDALCYCLIST STRUCK MOTOR VEHICLE FRONT END AT ANGLE,10296034,11591,0,2,Injury Collision,,45,Bicycle,Matched,N,1,Raining,0,"(47.608873380000034, -122.32624962899996)",22742,0,N,10-371178
78021,110118,110118,Block,Cycles,161,,,0,,06/25/2010 12:00:00 AM +0000,6/25/2010 5:36:00 PM,1,,Mid-Block (not related to intersection),Daylight,BELL ST BETWEEN 3RD AVE AND 4TH AVE,0,2,,3,3346086,Dry,51,PEDALCYCLIST STRUCK MOTOR VEHICLE FRONT END AT ANGLE,10176027,9200,0,2,Injury Collision,,45,Bicycle,Matched,Y,1,Overcast,0,"(47.61503572400005, -122.34436529899995)",14228,0,N,10-216139
78058,111352,111352,Intersection,Cycles,0,,,0,,09/16/2010 12:00:00 AM +0000,9/16/2010 6:21:00 PM,1,28916,At Intersection (intersection related),Daylight,3RD AVE N AND MERCER ST,0,1,Y,2,3208695,Wet,51,PEDALCYCLIST STRUCK MOTOR VEHICLE FRONT END AT ANGLE,10259004,4397,0,2,Injury Collision,,45,Bicycle,Matched,N,1,Raining,0,"(47.624569963000056, -122.35148741499995)",12365,0,N,10-325205
78088,109855,109855,Intersection,Cycles,0,,,0,,12/28/2010 12:00:00 AM +0000,12/28/2010 5:19:00 PM,1,26039,At Intersection (intersection related),Dark - Street Lights On,20TH AVE NE AND NE 54TH ST,0,1,Y,2,3561529,Wet,18,"MOTOR VEHICLE STRUCK PEDALCYCLIST, FRONT END AT ANGLE",10362011,2964,0,2,Injury Collision,,45,Bicycle,Matched,N,1,Overcast,0,"(47.66800627300006, -122.30648740199996)",7944,0,N,10-445137
78137,110813,110813,Intersection,Cycles,0,,,0,,04/20/2010 12:00:00 AM +0000,4/20/2010 1:43:00 PM,1,29862,At Intersection (intersection related),Daylight,BELLEVUE AVE AND E PINE ST,0,1,Y,2,3207750,Dry,51,PEDALCYCLIST STRUCK MOTOR VEHICLE FRONT END AT ANGLE,10110017,9213,0,2,Injury Collision,Y,45,Bicycle,Matched,N,1,Clear or Partly Cloudy,0,"(47.61521815300006, -122.32680418799998)",10342,0,N,2010-128641
78148,110544,110544,Intersection,Cycles,0, ,,0,,05/01/2010 12:00:00 AM +0000,5/1/2010 5:30:00 PM,1,36500,At Intersection (intersection related),Daylight,8TH AVE NE AND NE NORTHGATE WAY,0,1,,2,3376237,Dry,18,"MOTOR VEHICLE STRUCK PEDALCYCLIST, FRONT END AT ANGLE",10121001,8358,0,2,Injury Collision,,45,Bicycle,Matched,N,1,Clear or Partly Cloudy,0,"(47.70857741100008, -122.32056130299998)",0,521317,N,2010-142009
78197,110817,110817,Block,Cycles,221,,,0,,05/10/2010 12:00:00 AM +0000,5/10/2010 6:08:00 PM,1,,Mid-Block (but intersection related),Daylight,1ST AVE NE BETWEEN NE 43RD ST AND NE 44TH ST,0,1,,3,3333636,Dry,51,PEDALCYCLIST STRUCK MOTOR VEHICLE FRONT END AT ANGLE,10130005,1065,0,2,Injury Collision,,45,Bicycle,Matched,N,1,Clear or Partly Cloudy,0,"(47.65964495000003, -122.32828717399997)",0,0,N,10-153160
78261,112325,112325,Block,Cycles,153,,,0,,05/20/2010 12:00:00 AM +0000,5/20/2010 4:41:00 PM,1,,Mid-Block (but intersection related),Daylight,1ST AVE BETWEEN SPRING ST AND SENECA ST,0,1,,3,3346257,Dry,55,PEDALCYCLIST STRUCK MOTOR VEHICLE RIGHT SIDE SIDESWIPE,10140021,1005,0,2,Injury Collision,,45,Bicycle,Matched,N,1,Overcast,0,"(47.60576386300005, -122.33721651799999)",36752,0,N,2010-166087
78291,113014,113014,Intersection,Cycles,0, ,,0,,10/09/2010 12:00:00 AM +0000,10/9/2010 6:38:00 PM,0,30656,At Intersection (but not related to intersection),Daylight,28TH AVE S AND S CHARLES ST,0,1,,2,3332405,Dry,51,PEDALCYCLIST STRUCK MOTOR VEHICLE FRONT END AT ANGLE,10282001,4184,0,1,Property Damage Only Collision,,45,Bicycle,Matched,N,1,Clear or Partly Cloudy,0,"(47.59449258300003, -122.29657526899996)",0,0,N,10-235523
78306,113420,113420,Intersection,Cycles,0, ,,0,,04/01/2010 12:00:00 AM +0000,4/1/2010 3:20:00 PM,0,30538,At Intersection (intersection related),Daylight,4TH AVE S AND SEATTLE BLVD S,0,1,Y,2,3334929,Wet,18,"MOTOR VEHICLE STRUCK PEDALCYCLIST, FRONT END AT ANGLE",10091005,6232,0,1,Property Damage Only Collision,,45,Bicycle,Matched,N,1,Raining,0,"(47.59648601400005, -122.32904622099994)",0,522348,N,10-106143
78321,112873,112873,Intersection,Cycles,0,,,0,,10/01/2010 12:00:00 AM +0000,10/1/2010 1:35:00 PM,0,29631,At Intersection (intersection related),Daylight,ALASKAN WAY AND MADISON ST,0,1,,2,3345654,Dry,54,PEDALCYCLIST STRUCK MOTOR VEHICLE REAR END,10274041,8720,0,1,Property Damage Only Collision,,45,Bicycle,Matched,N,1,Clear or Partly Cloudy,0,"(47.60378134500007, -122.33842408999999)",38504,0,N,2010-343382
78328,113419,113419,Block,Cycles,322.5, ,,0,,03/31/2010 12:00:00 AM +0000,3/31/2010 5:45:00 PM,1,,Mid-Block (not related to intersection),Daylight,BROOKLYN AVE NE BETWEEN NE PACIFIC ST AND NE 40TH ST,0,1,,2,3376033,Dry,18,"MOTOR VEHICLE STRUCK PEDALCYCLIST, FRONT END AT ANGLE",10090006,9475,0,2,Injury Collision,,45,Bicycle,Matched,N,1,Clear or Partly Cloudy,0,"(47.65448187100003, -122.31446453699999)",0,525567,N,10-105069
78390,112468,112468,Intersection,Cycles,0,,,0,,11/20/2010 12:00:00 AM +0000,11/20/2010 7:51:00 AM,0,36527,At Intersection (intersection related),Daylight,ROOSEVELT WAY NE AND NE 105TH ST,0,1,Y,2,3376902,Wet,18,"MOTOR VEHICLE STRUCK PEDALCYCLIST, FRONT END AT ANGLE",10324007,12651,0,1,Property Damage Only Collision,,45,Bicycle,Matched,N,1,Overcast,0,"(47.70492007900003, -122.31779966899995)",7818,0,N,10-404429
78401,112055,112055,Intersection,Cycles,0,,,0,,05/27/2010 12:00:00 AM +0000,5/27/2010 9:48:00 PM,1,30427,At Intersection (intersection related),Dark - Street Lights On,12TH AVE S AND S JACKSON ST,0,1,Y,2,3331964,Dry,51,PEDALCYCLIST STRUCK MOTOR VEHICLE FRONT END AT ANGLE,10147027,1654,0,2,Injury Collision,,45,Bicycle,Matched,N,1,Overcast,0,"(47.59918906300004, -122.31722284699998)",34790,0,N,10-176408
78402,112334,112334,Intersection,Cycles,0, ,,0,,10/22/2010 12:00:00 AM +0000,10/22/2010 7:53:00 AM,1,30365,At Intersection (intersection related),Daylight,1ST AVE S AND S JACKSON ST,0,1,,2,3560301,Wet,51,PEDALCYCLIST STRUCK MOTOR VEHICLE FRONT END AT ANGLE,10295033,1188,0,2,Injury Collision,,45,Bicycle,Matched,N,1,Overcast,0,"(47.59920482900003, -122.33418803199999)",0,521022,N,10-369208
78455,113568,113568,Block,Cycles,336,,,0,Y,05/07/2010 12:00:00 AM +0000,5/7/2010 2:05:00 PM,1,,Mid-Block (not related to intersection),Daylight,S ANGELINE ST BETWEEN 39TH AVE S AND 42ND AVE S,0,1,,2,3344293,Dry,54,PEDALCYCLIST STRUCK MOTOR VEHICLE REAR END,10127005,19298,0,2,Injury Collision,,45,Bicycle,Matched,N,1,Clear or Partly Cloudy,0,"(47.55942995000004, -122.28211254299998)",0,0,N,2010-149158
78471,113017,113017,Block,Cycles,420,,,0,,12/30/2010 12:00:00 AM +0000,12/30/2010 4:30:00 PM,1,,Mid-Block (not related to intersection),Dusk,EASTLAKE AVE E BETWEEN E LYNN ST AND E LOUISA ST,0,1,,3,3335417,Dry,51,PEDALCYCLIST STRUCK MOTOR VEHICLE FRONT END AT ANGLE,10364006,10177,0,2,Injury Collision,,45,Bicycle,Matched,N,1,Clear or Partly Cloudy,0,"(47.64087739100006, -122.325889916)",54728,0,N,10-447174
78520,113704,113704,Block,Cycles,354,,,0,Y,02/22/2010 12:00:00 AM +0000,2/22/2010 4:27:00 PM,1,,Mid-Block (but intersection related),Daylight,15TH AV W SB ON RP BETWEEN 15TH AVE W AND W DRAVUS ST,0,1,Y,2,3335039,Dry,21,"MOTOR VEHICLE STRUCK PEDALCYCLIST, REAR END",10053019,2207,0,2,Injury Collision,,45,Bicycle,Matched,N,1,Clear or Partly Cloudy,0,"(47.647507173000065, -122.37663546499999)",19321,0,N,10-60495
78531,112622,112622,Intersection,Cycles,0,,,0,,10/14/2010 12:00:00 AM +0000,10/14/2010 11:35:00 AM,1,25463,At Intersection (intersection related),Daylight,LEARY WAY NW AND NW BALLARD WAY,0,1,Y,2,3565412,Dry,51,PEDALCYCLIST STRUCK MOTOR VEHICLE FRONT END AT ANGLE,10287037,8565,0,2,Injury Collision,,45,Bicycle,Matched,N,1,Clear or Partly Cloudy,0,"(47.66293721900007, -122.36860020099999)",17333,0,N,10 359621
78566,112205,112205,Block,Cycles,150,,,0,,08/13/2010 12:00:00 AM +0000,8/13/2010 1:25:00 PM,1,,Mid-Block (not related to intersection),Daylight,ROOSEVELT WAY NE BETWEEN NE 63RD ST AND NE 64TH ST,0,1,Y,4,2892785,Dry,51,PEDALCYCLIST STRUCK MOTOR VEHICLE FRONT END AT ANGLE,10225023,12613,0,2,Injury Collision,,45,Bicycle,Matched,N,2,Clear or Partly Cloudy,0,"(47.67456673300006, -122.31736324099995)",9207,0,N,2010 282057
78658,113854,113854,Block,Cycles,221,,,0,,07/13/2010 12:00:00 AM +0000,7/13/2010 12:00:00 PM,1,,Mid-Block (not related to intersection),Daylight,QUEEN ANNE AVE N BETWEEN CROCKETT ST AND BOSTON ST,0,1,Y,3,3346579,Dry,56,PEDALCYCLIST STRUCK MOTOR VEHICLE LEFT SIDE SIDESWIPE,10194016,12313,0,2,Injury Collision,,45,Bicycle,Matched,N,1,Clear or Partly Cloudy,0,"(47.637774722000074, -122.35693398499996)",10896,0,N,10-240374
78720,113719,113719,Block,Cycles,213,,,0,,12/05/2010 12:00:00 AM +0000,12/5/2010 1:29:00 PM,1,,Driveway Junction,Daylight,WESTERN AVE BETWEEN UNION ST AND PIKE ST,0,1,Y,2,3329872,Wet,18,"MOTOR VEHICLE STRUCK PEDALCYCLIST, FRONT END AT ANGLE",10339014,13503,0,2,Injury Collision,,45,Bicycle,Matched,N,1,Overcast,0,"(47.60785918400006, -122.34066884699996)",13036,0,N,10-419469
78825,113045,113045,Intersection,Cycles,0, ,,0,,09/25/2010 12:00:00 AM +0000,9/25/2010 12:40:00 AM,1,27027,At Intersection (intersection related),Dark - Street Lights On,FREMONT AVE N AND N 36TH ST,0,1,,5,3558779,Dry,51,PEDALCYCLIST STRUCK MOTOR VEHICLE FRONT END AT ANGLE,10268006,10487,0,2,Injury Collision,,45,Bicycle,Matched,N,1,Clear or Partly Cloudy,0,"(47.65134880900007, -122.34993445299995)",8360,0,N,10-335237
78835,112908,112908,Block,Cycles,160,,,0,,06/01/2010 12:00:00 AM +0000,6/1/2010 8:45:00 AM,1,,Mid-Block (not related to intersection),Daylight,DEXTER AVE N BETWEEN WARD ST AND PROSPECT ST,0,1,Y,2,2797565,Dry,51,PEDALCYCLIST STRUCK MOTOR VEHICLE FRONT END AT ANGLE,10152033,10080,0,2,Injury Collision,,45,Bicycle,Matched,N,1,Clear or Partly Cloudy,0,"(47.628445717000034, -122.34231499099997)",12788,0,N,10-182243
78887,114026,114026,Block,Cycles,233,,,0,,09/25/2010 12:00:00 AM +0000,9/25/2010 10:00:00 AM,1,,Mid-Block (not related to intersection),Daylight,CALIFORNIA AVE SW BETWEEN SW MASSACHUSETTS ST AND SW HOLGATE ST,0,1,Y,2,3331404,Dry,51,PEDALCYCLIST STRUCK MOTOR VEHICLE FRONT END AT ANGLE,10268022,9534,0,2,Injury Collision,,45,Bicycle,Matched,N,1,Clear or Partly Cloudy,0,"(47.58740836700008, -122.38629838799994)",32627,0,N,10-335623
78898,113877,113877,Intersection,Cycles,0,,,0,,05/06/2010 12:00:00 AM +0000,5/6/2010 1:25:00 PM,1,26926,At Intersection (intersection related),Daylight,FREMONT AVE N AND N ALLEN PL,0,1,,2,3376374,Dry,51,PEDALCYCLIST STRUCK MOTOR VEHICLE FRONT END AT ANGLE,10126002,10497,0,2,Injury Collision,,45,Bicycle,Matched,N,1,Clear or Partly Cloudy,0,"(47.660763286000076, -122.350032108)",8449,0,N,2010-147833