OBJECTID,INCKEY,COLDETKEY,ADDRTYPE,COLLISIONTYPE,DISTANCE,EXCEPTRSNCODE,EXCEPTRSNDESC,FATALITIES,INATTENTIONIND,INCDATE,INCDTTM,INJURIES,INTKEY,JUNCTIONTYPE,LIGHTCOND,LOCATION,PEDCOUNT,PEDCYLCOUNT,PEDROWNOTGRNT,PERSONCOUNT,REPORTNO,ROADCOND,SDOT_COLCODE,SDOT_COLDESC,SDOTCOLNUM,SEGKEY,SERIOUSINJURIES,SEVERITYCODE,SEVERITYDESC,SPEEDING,ST_COLCODE,ST_COLDESC,STATUS,UNDERINFL,VEHCOUNT,WEATHER,WIDTH,Shape,SEGLANEKEY,CROSSWALKKEY,HITPARKEDCAR,SPDCASENO
78904,113735,113735,Intersection,Cycles,0,,,0,,04/22/2010 12:00:00 AM +0000,4/22/2010 11:24:00 AM,0,31363,At Intersection (intersection related),Daylight,3RD AVE S AND S STACY ST,0,1,,2,3326247,Dry,18,"MOTOR VEHICLE STRUCK PEDALCYCLIST, FRONT END AT ANGLE",10112016,4521,0,1,Property Damage Only Collision,,45,Bicycle,Matched,N,1,Clear or Partly Cloudy,0,"(47.581893113000035, -122.32998835799998)",0,0,N,10-130951
78942,112085,112085,Intersection,Cycles,0, ,,0,,08/11/2010 12:00:00 AM +0000,8/11/2010 7:00:00 PM,1,287158,At Intersection (but not related to intersection),Daylight,BROOKLYN AVE NE AND BURKE GILMAN TRL,0,1,Y,2,3559303,Dry,51,PEDALCYCLIST STRUCK MOTOR VEHICLE FRONT END AT ANGLE,10223034,287256,0,2,Injury Collision,,45,Bicycle,Matched,N,1,Clear or Partly Cloudy,0,"(47.654209094000066, -122.31447179599996)",0,525567,N,10-279886
78998,113193,113193,Block,Cycles,218,,,0,,08/19/2010 12:00:00 AM +0000,8/19/2010 9:30:00 AM,1,,Mid-Block (not related to intersection),Daylight,EASTLAKE AVE E BETWEEN HARVARD AVE E AND FUHRMAN AVE E,0,1,,5,3332611,Dry,51,PEDALCYCLIST STRUCK MOTOR VEHICLE FRONT END AT ANGLE,10231008,10184,0,2,Injury Collision,,45,Bicycle,Matched,N,1,Overcast,0,"(47.65104751100006, -122.32168580199999)",6078,0,N,10-289471
79026,113881,113881,Intersection,Cycles,0, ,,0,,03/24/2010 12:00:00 AM +0000,3/24/2010 3:22:00 PM,1,25464,At Intersection (intersection related),Daylight,LEARY WAY NW AND NW 46TH ST,0,1,Y,2,3328124,Dry,21,"MOTOR VEHICLE STRUCK PEDALCYCLIST, REAR END",10083008,11347,0,2,Injury Collision,,45,Bicycle,Matched,N,1,Clear or Partly Cloudy,0,"(47.66219540600008, -122.36786512799995)",0,0,N,10-96715
79033,113738,113738,Intersection,Cycles,0,,,0,,05/03/2010 12:00:00 AM +0000,5/3/2010 4:19:00 PM,1,31379,At Intersection (intersection related),Daylight,1ST AVE S AND S HANFORD ST,0,1,Y,4,3211237,Dry,51,PEDALCYCLIST STRUCK MOTOR VEHICLE FRONT END AT ANGLE,10123007,1210,0,2,Injury Collision,,45,Bicycle,Matched,N,1,Clear or Partly Cloudy,0,"(47.57557557400003, -122.33420302499997)",5378,0,N,10-144139
79069,111967,111967,Block,Cycles,270,,,0,Y,12/19/2010 12:00:00 AM +0000,12/19/2010 8:33:00 PM,1,,Mid-Block (not related to intersection),Dark - Street Lights On,UNIVERSITY WAY NE BETWEEN NE 42ND ST AND NE 43RD ST,0,1,,4,3561776,Wet,00,NOT ENOUGH INFORMATION / NOT APPLICABLE,10353013,13220,0,2,Injury Collision,,45,Bicycle,Matched,N,1,Overcast,0,"(47.65905361700004, -122.313187788)",5663,0,N,2010-436421
79123,113201,113201,Block,Cycles,310.5,,,0,,07/27/2010 12:00:00 AM +0000,7/27/2010 6:11:00 AM,1,,Driveway Junction,Daylight,SW KLICKITAT SR WAY BETWEEN SW SPOKANE ST AND 11TH CR AVE SW,0,1,,2,3197892,Dry,51,PEDALCYCLIST STRUCK MOTOR VEHICLE FRONT END AT ANGLE,10208035,22520,0,2,Injury Collision,,45,Bicycle,Matched,N,1,Clear or Partly Cloudy,0,"(47.57109679900003, -122.34747999399997)",39178,0,N,10-258753
79143,114040,114040,Intersection,Cycles,0,,,0,,09/01/2010 12:00:00 AM +0000,9/1/2010 5:58:00 AM,1,27039,At Intersection (intersection related),Dark - Street Lights On,FREMONT AVE N AND N 34TH ST,0,1,Y,9,3559382,Wet,51,PEDALCYCLIST STRUCK MOTOR VEHICLE FRONT END AT ANGLE,10244030,10485,0,2,Injury Collision,,45,Bicycle,Matched,N,1,Overcast,0,"(47.64958972900007, -122.34974744899995)",8240,0,N,10 305540
79162,113747,113747,Intersection,Cycles,0,,,0,,10/20/2010 12:00:00 AM +0000,10/20/2010 7:05:00 AM,1,24419,At Intersection (intersection related),Dawn,5TH AVE NE AND NE 76TH ST,0,1,,2,3375264,Dry,51,PEDALCYCLIST STRUCK MOTOR VEHICLE FRONT END AT ANGLE,10293027,7310,0,2,Injury Collision,,45,Bicycle,Matched,N,1,Clear or Partly Cloudy,0,"(47.683537847000025, -122.32290725799999)",7480,0,N,10-366608
79238,113476,113476,Intersection,Cycles,0,,,0,,10/30/2010 12:00:00 AM +0000,10/30/2010 3:04:00 PM,1,29109,At Intersection (intersection related),Daylight,FAIRVIEW AVE N AND FAIRVIEW PL N,0,1,,2,3383543,Wet,51,PEDALCYCLIST STRUCK MOTOR VEHICLE FRONT END AT ANGLE,10303021,10354,0,2,Injury Collision,,45,Bicycle,Matched,N,1,Raining,0,"(47.626280877000056, -122.33400849299994)",0,0,N,2010-379433
79248,113339,113339,Block,Cycles,124.5,,,0,Y,12/11/2010 12:00:00 AM +0000,12/11/2010 10:13:00 PM,1,,Driveway Junction,Dark - Street Lights On,NE 45TH ST BETWEEN 1ST AVE NE AND 2ND AVE NE,0,1,Y,3,3562052,Wet,18,"MOTOR VEHICLE STRUCK PEDALCYCLIST, FRONT END AT ANGLE",10345030,16838,0,2,Injury Collision,,45,Bicycle,Matched,N,1,Raining,0,"(47.661357277000036, -122.32775751099996)",6532,0,N,10-426913
79307,111979,111979,Intersection,Cycles,0,,,0,Y,09/29/2010 12:00:00 AM +0000,9/29/2010 3:32:00 PM,1,29761,At Intersection (intersection related),Daylight,12TH AVE AND E MADISON ST,0,1,Y,2,3283340,Dry,18,"MOTOR VEHICLE STRUCK PEDALCYCLIST, FRONT END AT ANGLE",10272016,1536,0,2,Injury Collision,,45,Bicycle,Matched,N,1,Clear or Partly Cloudy,0,"(47.61288923600006, -122.31673339099996)",10773,0,N,2010-340894
79331,112113,112113,Intersection,Cycles,0,,,0,,08/25/2010 12:00:00 AM +0000,8/25/2010 6:13:00 PM,1,33624,At Intersection (intersection related),Daylight,32ND AVE S AND S ORCAS ST,0,1,Y,2,3211324,Dry,51,PEDALCYCLIST STRUCK MOTOR VEHICLE FRONT END AT ANGLE,10237022,5033,0,2,Injury Collision,,45,Bicycle,Matched,N,1,Overcast,0,"(47.55095458100004, -122.29155569599999)",37891,0,N,10-297563
79342,112392,112392,Intersection,Cycles,0, ,,0,,07/13/2010 12:00:00 AM +0000,7/13/2010 7:48:00 AM,1,32934,At Intersection (intersection related),Daylight,25TH AVE SW AND SW HUDSON ST,0,1,,2,3343106,Dry,51,PEDALCYCLIST STRUCK MOTOR VEHICLE FRONT END AT ANGLE,10194015,3803,0,2,Injury Collision,,45,Bicycle,Matched,N,1,Clear or Partly Cloudy,0,"(47.55747469100004, -122.36425503199996)",0,0,N,10-240764
79396,113483,113483,Intersection,Cycles,0,,,0,Y,09/03/2010 12:00:00 AM +0000,9/3/2010 12:42:00 PM,1,29738,At Intersection (intersection related),Daylight,10TH AVE AND E PINE ST,0,1,,4,3199011,Dry,11,"MOTOR VEHICLE STRUCK MOTOR VEHICLE, FRONT END AT ANGLE",10246020,14636,0,2,Injury Collision,,45,Bicycle,Matched,N,1,Clear or Partly Cloudy,0,"(47.615245137000045, -122.31946547599995)",10414,0,N,2010-308598
79411,113770,113770,Intersection,Cycles,0,,,0,,11/01/2010 12:00:00 AM +0000,11/1/2010 10:30:00 AM,1,25793,At Intersection (intersection related),Daylight,UNIVERSITY WAY NE AND NE 50TH ST,0,1,Y,2,3375267,Wet,51,PEDALCYCLIST STRUCK MOTOR VEHICLE FRONT END AT ANGLE,10305026,13224,0,2,Injury Collision,,45,Bicycle,Matched,N,1,Raining,0,"(47.66490072400006, -122.31307415999999)",21417,0,N,10-381382
79432,113913,113913,Intersection,Cycles,0,,,0,,08/25/2010 12:00:00 AM +0000,8/25/2010 9:00:00 AM,0,28242,At Intersection (intersection related),Daylight,10TH AVE E AND E BOSTON ST,0,1,Y,2,3559380,Dry,23,"MOTOR VEHICLE STRUCK PEDALCYCLIST, LEFT SIDE SIDESWIPE",10237024,1299,0,1,Property Damage Only Collision,,45,Bicycle,Matched,N,1,Clear or Partly Cloudy,0,"(47.63840322500005, -122.32007129499999)",6106,0,N,10-297032
79464,112124,112124,Intersection,Cycles,0,,,0,,05/15/2010 12:00:00 AM +0000,5/15/2010 2:08:00 AM,1,29577,At Intersection (intersection related),Dark - Street Lights On,5TH AVE AND PINE ST,0,1,,2,3346232,Dry,18,"MOTOR VEHICLE STRUCK PEDALCYCLIST, FRONT END AT ANGLE",10135006,7239,0,2,Injury Collision,,45,Bicycle,Matched,N,1,Clear or Partly Cloudy,0,"(47.61167201000006, -122.33648396599995)",21833,0,N,10-158883
79571,113635,113635,Block,Cycles,327.5,,,0,Y,08/01/2010 12:00:00 AM +0000,8/1/2010 9:04:00 PM,0,,Mid-Block (not related to intersection),Dark - Street Lights On,CALIFORNIA AVE SW BETWEEN FAUNTLEROY WAY SW AND SW HOLLY ST,0,1,,2,3288027,Dry,51,PEDALCYCLIST STRUCK MOTOR VEHICLE FRONT END AT ANGLE,10213023,9566,0,1,Property Damage Only Collision,,45,Bicycle,Matched,N,1,Clear or Partly Cloudy,0,"(47.54397624500007, -122.38722466799999)",0,0,N,10-266377
79598,112409,112409,Intersection,Cycles,0,,,0,,08/06/2010 12:00:00 AM +0000,8/6/2010 3:18:00 PM,0,29013,At Intersection (intersection related),Daylight,14TH AVE E AND E REPUBLICAN ST,0,1,,2,3332033,Dry,51,PEDALCYCLIST STRUCK MOTOR VEHICLE FRONT END AT ANGLE,10218027,1860,0,1,Property Damage Only Collision,,45,Bicycle,Matched,N,1,Clear or Partly Cloudy,0,"(47.623109801000055, -122.31465385899998)",0,0,N,10-273084
79602,112406,112406,Intersection,Cycles,0,,,0,,07/01/2010 12:00:00 AM +0000,7/1/2010 5:28:00 PM,1,30355,At Intersection (intersection related),Daylight,2ND AVE AND CHERRY ST,0,1,,2,2623325,Dry,11,"MOTOR VEHICLE STRUCK MOTOR VEHICLE, FRONT END AT ANGLE",10182028,2750,0,2,Injury Collision,,45,Bicycle,Matched,N,1,Clear or Partly Cloudy,0,"(47.60301939300007, -122.33317224599995)",12035,0,N,10-223982
79638,112685,112685,Intersection,Cycles,0,,,0,,01/12/2010 12:00:00 AM +0000,1/12/2010 1:45:00 PM,0,30737,At Intersection (intersection related),Daylight,18TH AVE S AND S WASHINGTON ST,0,1,Y,2,3199574,Wet,18,"MOTOR VEHICLE STRUCK PEDALCYCLIST, FRONT END AT ANGLE",10012007,2590,0,1,Property Damage Only Collision,,45,Bicycle,Matched,N,1,Raining,0,"(47.60083884200003, -122.30896284799996)",0,0,N,10-13258
79666,113366,113366,Block,Cycles,133.5,,,0,Y,01/26/2010 12:00:00 AM +0000,1/26/2010 9:44:00 PM,1,,Mid-Block (but intersection related),Dark - Street Lights On,NW 65TH ST BETWEEN 19TH AVE NW AND 20TH AVE NW,0,1,,2,3327810,Dry,21,"MOTOR VEHICLE STRUCK PEDALCYCLIST, REAR END",10026003,18624,0,2,Injury Collision,,45,Bicycle,Matched,N,1,Clear or Partly Cloudy,0,"(47.67598716400005, -122.38158360999995)",3710,0,N,10-29973
79676,113103,113103,Intersection,Cycles,0,,,0,,10/20/2010 12:00:00 AM +0000,10/20/2010 6:26:00 PM,1,29774,At Intersection (intersection related),Dark - Street Lights On,12TH AVE AND E SPRING ST,0,1,Y,2,3386779,Dry,51,PEDALCYCLIST STRUCK MOTOR VEHICLE FRONT END AT ANGLE,10293028,1535,0,2,Injury Collision,,45,Bicycle,Matched,N,1,Clear or Partly Cloudy,0,"(47.61156267600006, -122.31677888999997)",10730,0,N,2010-367354
79697,112007,112007,Block,Cycles,363.5,,,0,,06/24/2010 12:00:00 AM +0000,6/24/2010 5:15:00 PM,0,,Mid-Block (not related to intersection),Daylight,1ST WR AVE S BETWEEN S HINDS ST AND S SPOKANE NR ST,0,1,Y,2,3332235,Dry,51,PEDALCYCLIST STRUCK MOTOR VEHICLE FRONT END AT ANGLE,10175014,1212,0,1,Property Damage Only Collision,,45,Bicycle,Matched,N,1,Clear or Partly Cloudy,0,"(47.57273191500008, -122.33433870999994)",0,0,N,2010-214881
79717,113931,113931,Intersection,Cycles,0, ,,0,,07/21/2010 12:00:00 AM +0000,7/21/2010 5:52:00 PM,1,31304,At Intersection (intersection related),Daylight,15TH AVE S AND S MCCLELLAN ST,0,1,,3,3335532,Dry,51,PEDALCYCLIST STRUCK MOTOR VEHICLE FRONT END AT ANGLE,10202013,2145,0,2,Injury Collision,Y,45,Bicycle,Matched,N,1,Clear or Partly Cloudy,0,"(47.57863325400007, -122.31335343299997)",0,520973,N,2010-251392
79742,112555,112555,Intersection,Cycles,0, ,,0,,05/02/2010 12:00:00 AM +0000,5/2/2010 2:04:00 PM,1,29579,At Intersection (intersection related),Daylight,4TH AVE AND PINE ST,1,1,,2,3200692,Dry,64,PEDALCYCLIST STRUCK PEDESTRIAN,10122004,6133,0,2,Injury Collision,,45,Bicycle,Matched,N,0,Clear or Partly Cloudy,0,"(47.61120737300007, -122.33759198199999)",12761,521865,N,2010-142888
79757,112284,112284,Block,Cycles,143.5,,,0,,06/09/2010 12:00:00 AM +0000,6/9/2010 2:20:00 PM,1,,Mid-Block (not related to intersection),Daylight,E ALDER ST BETWEEN BOREN AVE AND 10TH AVE,0,1,,2,3332238,Wet,51,PEDALCYCLIST STRUCK MOTOR VEHICLE FRONT END AT ANGLE,10160040,13774,0,2,Injury Collision,,45,Bicycle,Matched,N,1,Raining,0,"(47.60436137100004, -122.31999365599995)",0,0,N,10-222290
79792,112971,112971,Intersection,Cycles,0,,,0,,09/12/2010 12:00:00 AM +0000,9/12/2010 5:40:00 PM,1,25468,At Intersection (intersection related),Daylight,15TH NB AVE NW AND NW LEARY WAY,0,1,,3,2892788,Dry,51,PEDALCYCLIST STRUCK MOTOR VEHICLE FRONT END AT ANGLE,10255013,2212,0,2,Injury Collision,,45,Bicycle,Matched,N,1,Clear or Partly Cloudy,0,"(47.66366435200007, -122.37612339299994)",18245,0,N,2010-320109
79805,113511,113511,Intersection,Cycles,0,,,0,,09/18/2010 12:00:00 AM +0000,9/18/2010 2:17:00 AM,1,28237,At Intersection (intersection related),Dark - Street Lights On,10TH AVE E AND E LYNN ST,0,1,Y,3,2796239,Wet,51,PEDALCYCLIST STRUCK MOTOR VEHICLE FRONT END AT ANGLE,10261001,1300,0,2,Injury Collision,,45,Bicycle,Matched,Y,1,Raining,0,"(47.63954711300005, -122.32006287099995)",6102,0,N,10-326917
79840,113242,113242,Intersection,Cycles,0, ,,0,,07/15/2010 12:00:00 AM +0000,7/15/2010 7:06:00 AM,1,32203,At Intersection (intersection related),Daylight,11TH AVE SW AND SW SPOKANE NR ST,0,1,,2,3197889,Dry,51,PEDALCYCLIST STRUCK MOTOR VEHICLE FRONT END AT ANGLE,10196011,22833,0,2,Injury Collision,,45,Bicycle,Matched,N,1,Clear or Partly Cloudy,0,"(47.57165394200007, -122.34924289499997)",0,525537,N,10-242885
79970,114091,114091,Intersection,Cycles,0,NEI,"Not Enough Information, or Insufficient Location Information",0,,06/10/2010 12:00:00 AM +0000,6/10/2010 4:11:00 PM,1,25716,At Intersection (intersection related),Daylight,ROOSEVELT WAY NE AND NE 62ND ST,0,1,,2,3376734,Dry,00,NOT ENOUGH INFORMATION / NOT APPLICABLE,10161013,12612,0,2,Injury Collision,,45,Bicycle,Matched,N,1,Clear or Partly Cloudy,0,"(47.67333477600005, -122.31736337499996)",9202,0,N,10-195617
79993,113803,113803,Intersection,Cycles,0,,,0,,10/10/2010 12:00:00 AM +0000,10/10/2010 4:14:00 PM,1,27183,At Intersection (intersection related),Daylight,1ST AVE NE AND NE 45TH ST,0,1,,6,3559307,Dry,18,"MOTOR VEHICLE STRUCK PEDALCYCLIST, FRONT END AT ANGLE",10283043,1067,0,2,Injury Collision,,45,Bicycle,Matched,N,1,Overcast,0,"(47.66135978400007, -122.32826075599996)",6528,0,N,10 354811
80018,112436,112436,Intersection,Cycles,0,,,0,,01/13/2010 12:00:00 AM +0000,1/13/2010 8:00:00 PM,1,24119,At Intersection (intersection related),Dark - No Street Lights,MARY AVE NW AND NW 83RD ST,0,1,Y,2,3327873,Wet,18,"MOTOR VEHICLE STRUCK PEDALCYCLIST, FRONT END AT ANGLE",10013044,11684,0,2,Injury Collision,,45,Bicycle,Matched,N,1,Raining,0,"(47.68872885700006, -122.37546004999996)",0,0,N,2010-16702
80043,113391,113391,Block,Cycles,631.5,,,0,,11/10/2010 12:00:00 AM +0000,11/10/2010 7:50:00 AM,0,,Mid-Block (not related to intersection),Unknown,LAKE WASHINGTON BLVD E BETWEEN ARBORETUM DR E AND E INTERLAKEN BLVD,0,1,,2,3383078,Unknown,51,PEDALCYCLIST STRUCK MOTOR VEHICLE FRONT END AT ANGLE,10314044,11210,0,1,Property Damage Only Collision,,45,Bicycle,Matched,N,1,Unknown,0,"(47.629166619000046, -122.29603606699999)",8939,0,N,2010-392555
80110,113533,113533,Intersection,Cycles,0,,,0,,06/27/2010 12:00:00 AM +0000,6/27/2010 4:20:00 PM,1,37812,At Intersection (intersection related),Daylight,SAND POINT WAY NE AND NE 95TH ST,0,1,Y,3,3377056,Dry,61,PEDALCYCLIST STRUCK PEDALCYCLIST REAR END,10178016,12735,0,2,Injury Collision,,45,Bicycle,Matched,N,1,Overcast,0,"(47.69735921200004, -122.27762238799994)",28117,0,N,10-218597
80257,113965,113965,Block,Cycles,240,,,0,,03/09/2010 12:00:00 AM +0000,3/9/2010,1,,Driveway Junction,Daylight,LAKE CITY WAY NE BETWEEN 27TH AVE NE AND NE 117TH ST,0,1,Y,2,3198645,Dry,18,"MOTOR VEHICLE STRUCK PEDALCYCLIST, FRONT END AT ANGLE",10068018,11177,0,2,Injury Collision,,45,Bicycle,Matched,0,1,Clear or Partly Cloudy,0,"(47.71359991400004, -122.29859196199999)",0,0,N,10-78582
80269,112042,112042,Intersection,Cycles,0,,,0,,12/31/2010 12:00:00 AM +0000,12/31/2010 3:18:00 PM,0,36480,At Intersection (intersection related),Daylight,ROOSEVELT WAY NE AND NE 115TH ST,0,1,Y,2,3375113,Dry,18,"MOTOR VEHICLE STRUCK PEDALCYCLIST, FRONT END AT ANGLE",10365027,12659,0,1,Property Damage Only Collision,,45,Bicycle,Matched,N,1,Clear or Partly Cloudy,0,"(47.71219944600006, -122.31790869199995)",33858,0,N,10-448130
80351,113002,113002,Block,Cycles,88.5,,,0,,09/09/2010 12:00:00 AM +0000,9/9/2010 5:30:00 PM,1,,Mid-Block (not related to intersection),Daylight,30TH AVE BETWEEN E CHERRY ST AND E ARLINGTON PL,0,1,,2,3345754,Dry,15,"MOTOR VEHICLE STRUCK MOTOR VEHICLE, RIGHT SIDE SIDESWIPE",10252021,4581,0,2,Injury Collision,,45,Bicycle,Matched,N,1,Clear or Partly Cloudy,0,"(47.60823329200008, -122.293652883)",0,0,N,2010-317257
80371,113967,113967,Intersection,Cycles,0,,,0,,11/07/2010 12:00:00 AM +0000,11/7/2010 5:50:00 PM,1,29509,At Intersection (intersection related),Dark - Street Lights On,BLANCHARD ST AND WESTLAKE AVE,0,1,,3,3560430,Dry,51,PEDALCYCLIST STRUCK MOTOR VEHICLE FRONT END AT ANGLE,10311023,617720,0,2,Injury Collision,,45,Bicycle,Matched,N,1,Clear or Partly Cloudy,0,"(47.61775184700008, -122.33834443499995)",37224,0,N,2010-389568
80436,114389,114389,Block,Cycles,325.5,,,0,,03/24/2010 12:00:00 AM +0000,3/24/2010 8:11:00 PM,1,,Mid-Block (not related to intersection),Dark - Street Lights On,AIRPORT WAY S BETWEEN S EDMUNDS ST AND AIRPORT WY S VI,0,1,Y,2,3343975,Dry,23,"MOTOR VEHICLE STRUCK PEDALCYCLIST, LEFT SIDE SIDESWIPE",10083012,8688,0,2,Injury Collision,,45,Bicycle,Matched,0,1,Clear or Partly Cloudy,0,"(47.55892134800007, -122.32317369199995)",21166,0,N,10-97037
80484,116033,116033,Intersection,Cycles,0,,,0,,07/06/2010 12:00:00 AM +0000,7/6/2010 9:02:00 PM,1,28375,At Intersection (intersection related),Daylight,24TH AVE E AND BOYER AVE E,0,1,Y,5,3332090,Dry,18,"MOTOR VEHICLE STRUCK PEDALCYCLIST, FRONT END AT ANGLE",10187029,3549,1,2b,Serious Injury Collision,,45,Bicycle,Matched,N,1,Clear or Partly Cloudy,0,"(47.63524417700006, -122.30156537499994)",22442,0,N,2010-2314405
80496,116180,116180,Block,Cycles,396.5,,,0,,04/21/2010 12:00:00 AM +0000,4/21/2010 11:12:00 AM,1,,Driveway Junction,Daylight,STONE WAY N BETWEEN N 36TH ST AND N 38TH ST,0,1,Y,2,3333147,Wet,18,"MOTOR VEHICLE STRUCK PEDALCYCLIST, FRONT END AT ANGLE",10111008,12957,0,2,Injury Collision,Y,45,Bicycle,Matched,N,1,Raining,0,"(47.651618651000035, -122.342626914)",6292,0,N,10-129768
80498,115897,115897,Intersection,Cycles,0, ,,0,,09/13/2010 12:00:00 AM +0000,9/13/2010 3:33:00 PM,1,32333,At Intersection (intersection related),Daylight,1ST AVE S AND S HORTON ST,0,1,Y,2,3387702,Dry,51,PEDALCYCLIST STRUCK MOTOR VEHICLE FRONT END AT ANGLE,10256004,1211,1,2b,Serious Injury Collision,,45,Bicycle,Matched,N,1,Clear or Partly Cloudy,0,"(47.57438557900008, -122.33420366099995)",0,525175,N,2010-321193
80519,116174,116174,Intersection,Cycles,0, ,,0,,11/11/2010 12:00:00 AM +0000,11/11/2010 4:50:00 PM,1,27149,At Intersection (intersection related),Dark - Street Lights On,15TH AVE NE AND NE PACIFIC ST,0,1,,2,3374737,Wet,00,NOT ENOUGH INFORMATION / NOT APPLICABLE,10315034,2028,0,2,Injury Collision,,45,Bicycle,Matched,N,1,Raining,0,"(47.65297596400006, -122.31246414499998)",0,520838,N,10-394346
80528,116036,116036,Block,Cycles,74.5,,,0,,07/09/2010 12:00:00 AM +0000,7/9/2010 2:20:00 AM,1,,Mid-Block (not related to intersection),Dark - Street Lights On,WESTLAKE AVE BETWEEN 9TH AVE AND DENNY WAY,0,1,,2,3288939,Dry,21,"MOTOR VEHICLE STRUCK PEDALCYCLIST, REAR END",10190009,13531,0,2,Injury Collision,,45,Bicycle,Matched,Y,1,Clear or Partly Cloudy,0,"(47.618327785000076, -122.33845125499994)",37291,0,N,10-234715
80567,114672,114672,Block,Cycles,127.5,,,0,Y,05/16/2010 12:00:00 AM +0000,5/16/2010 6:42:00 PM,1,,Mid-Block (not related to intersection),Daylight,NE 65TH ST BETWEEN LATONA E AVE NE AND 4TH AVE NE,0,1,,2,3377336,Dry,56,PEDALCYCLIST STRUCK MOTOR VEHICLE LEFT SIDE SIDESWIPE,10136003,17251,0,2,Injury Collision,,45,Bicycle,Matched,N,1,Clear or Partly Cloudy,0,"(47.675898483000026, -122.32492069599999)",6651,0,N,2010-160863
80592,115496,115496,Intersection,Cycles,0,,,0,,06/06/2010 12:00:00 AM +0000,6/6/2010 12:46:00 AM,1,29556,At Intersection (intersection related),Dark - Street Lights On,5TH AVE AND STEWART ST,0,1,,2,3208045,Dry,51,PEDALCYCLIST STRUCK MOTOR VEHICLE FRONT END AT ANGLE,10157006,7242,0,2,Injury Collision,,45,Bicycle,Matched,N,1,Clear or Partly Cloudy,0,"(47.61295826700007, -122.33787347699996)",36167,0,N,10-189329
80593,115076,115076,Intersection,Cycles,0,,,0,,02/27/2010 12:00:00 AM +0000,2/27/2010 1:53:00 PM,1,36061,At Intersection (intersection related),Daylight,28TH AVE NE AND NE 127TH ST,0,1,Y,2,3206545,Wet,51,PEDALCYCLIST STRUCK MOTOR VEHICLE FRONT END AT ANGLE,10058001,4127,0,2,Injury Collision,,45,Bicycle,Matched,N,1,Raining,0,"(47.72110162300004, -122.29772082)",0,0,N,10-66226
80608,116038,116038,Intersection,Cycles,0, ,,0,,07/11/2010 12:00:00 AM +0000,7/11/2010 2:41:00 PM,1,30385,At Intersection (intersection related),Daylight,ALASKAN WAY S AND S ATLANTIC ST,0,1,Y,2,3346273,Dry,51,PEDALCYCLIST STRUCK MOTOR VEHICLE FRONT END AT ANGLE,10192013,8742,0,2,Injury Collision,,45,Bicycle,Matched,N,1,Clear or Partly Cloudy,0,"(47.59073208500007, -122.33733580199998)",0,524988,N,2010-238048
80673,114272,114272,Intersection,Cycles,0, ,,0,,09/10/2010 12:00:00 AM +0000,9/10/2010 11:21:00 PM,1,29969,At Intersection (intersection related),Dark - Street Lights On,2ND AVE AND COLUMBIA ST,0,1,,4,3345680,Dry,51,PEDALCYCLIST STRUCK MOTOR VEHICLE FRONT END AT ANGLE,10253022,2751,0,2,Injury Collision,,45,Bicycle,Matched,N,1,Clear or Partly Cloudy,0,"(47.60373279300006, -122.33382457199997)",12041,0,N,10-318103
80695,115502,115502,Intersection,Cycles,0,,,0,,10/16/2010 12:00:00 AM +0000,10/16/2010 2:21:00 PM,1,32410,At Intersection (intersection related),Daylight,RAINIER AVE S AND S BYRON ST,0,1,,3,3387369,Dry,51,PEDALCYCLIST STRUCK MOTOR VEHICLE FRONT END AT ANGLE,10289033,12372,0,2,Injury Collision,,45,Bicycle,Matched,N,1,Clear or Partly Cloudy,0,"(47.57394302500006, -122.29478739999996)",0,0,N,10 362374
80764,115643,115643,Intersection,Cycles,0, ,,0,,04/30/2010 12:00:00 AM +0000,4/30/2010 10:17:00 AM,1,486565,At Intersection (intersection related),Daylight,M L KING JR ER WAY S AND S MYRTLE ST,0,1,,2,3383989,Dry,18,"MOTOR VEHICLE STRUCK PEDALCYCLIST, FRONT END AT ANGLE",10120003,20915,0,2,Injury Collision,,45,Bicycle,Matched,N,1,Overcast,0,"(47.53888841200006, -122.28198839999999)",0,525621,N,2010-140403
80825,114554,114554,Intersection,Cycles,0, ,,0,,08/19/2010 12:00:00 AM +0000,8/19/2010 5:13:00 PM,1,29563,At Intersection (intersection related),Daylight,3RD AVE AND VIRGINIA ST,0,1,Y,2,3373626,Dry,18,"MOTOR VEHICLE STRUCK PEDALCYCLIST, FRONT END AT ANGLE",10231010,4387,0,2,Injury Collision,,45,Bicycle,Matched,N,1,Clear or Partly Cloudy,0,"(47.61239802600005, -122.34089245499996)",34736,0,N,10-289985
80839,115370,115370,Block,Cycles,266,,,0,,08/30/2010 12:00:00 AM +0000,8/30/2010 5:55:00 AM,1,,Mid-Block (not related to intersection),Dawn,AIRPORT WAY S BETWEEN S INDUSTRIAL EB WAY AND S OREGON ST,0,1,Y,2,3373956,Dry,51,PEDALCYCLIST STRUCK MOTOR VEHICLE FRONT END AT ANGLE,10242026,8684,0,2,Injury Collision,,45,Bicycle,Matched,N,1,Clear or Partly Cloudy,0,"(47.563791965000064, -122.32286846799997)",17554,0,N,10 302976