OBJECTID,INCKEY,COLDETKEY,ADDRTYPE,COLLISIONTYPE,DISTANCE,EXCEPTRSNCODE,EXCEPTRSNDESC,FATALITIES,INATTENTIONIND,INCDATE,INCDTTM,INJURIES,INTKEY,JUNCTIONTYPE,LIGHTCOND,LOCATION,PEDCOUNT,PEDCYLCOUNT,PEDROWNOTGRNT,PERSONCOUNT,REPORTNO,ROADCOND,SDOT_COLCODE,SDOT_COLDESC,SDOTCOLNUM,SEGKEY,SERIOUSINJURIES,SEVERITYCODE,SEVERITYDESC,SPEEDING,ST_COLCODE,ST_COLDESC,STATUS,UNDERINFL,VEHCOUNT,WEATHER,WIDTH,Shape,SEGLANEKEY,CROSSWALKKEY,HITPARKEDCAR,SPDCASENO
80859,115649,115649,Intersection,Cycles,0, ,,0,,12/19/2010 12:00:00 AM +0000,12/19/2010 11:00:00 PM,1,27077,At Intersection (intersection related),Dark - Street Lights On,UNIVERSITY WAY NE AND NE 43RD ST,0,1,,2,3561777,Wet,18,"MOTOR VEHICLE STRUCK PEDALCYCLIST, FRONT END AT ANGLE",10353007,13221,0,2,Injury Collision,,45,Bicycle,Matched,N,1,Raining,0,"(47.65979512000007, -122.31316833599999)",0,524563,N,2010-436563
80888,115924,115924,Intersection,Cycles,0,,,0,,09/25/2010 12:00:00 AM +0000,9/25/2010 6:58:00 PM,1,35825,At Intersection (intersection related),Dusk,FREMONT AVE N AND N 130TH ST,0,1,Y,2,3375032,Dry,11,"MOTOR VEHICLE STRUCK MOTOR VEHICLE, FRONT END AT ANGLE",10268026,15160,0,2,Injury Collision,,45,Bicycle,Matched,N,1,Clear or Partly Cloudy,0,"(47.723222932000056, -122.35036146999994)",9611,0,N,10-336028
80934,114291,114291,Intersection,Cycles,0,,,0,,09/14/2010 12:00:00 AM +0000,9/14/2010 4:15:00 PM,1,24250,At Intersection (intersection related),Daylight,STONE AVE N AND N 77TH ST,0,1,,2,3374999,Dry,51,PEDALCYCLIST STRUCK MOTOR VEHICLE FRONT END AT ANGLE,10257001,12920,0,2,Injury Collision,,45,Bicycle,Matched,N,1,Clear or Partly Cloudy,0,"(47.684760760000074, -122.34179323199999)",0,0,N,10 32255 9
80965,115380,115380,Intersection,Cycles,0,,,0,,11/05/2010 12:00:00 AM +0000,11/5/2010 1:41:00 PM,1,25793,At Intersection (intersection related),Daylight,UNIVERSITY WAY NE AND NE 50TH ST,0,1,,3,3559010,Dry,51,PEDALCYCLIST STRUCK MOTOR VEHICLE FRONT END AT ANGLE,10309046,13224,0,2,Injury Collision,,45,Bicycle,Matched,N,1,Overcast,0,"(47.66490072400006, -122.31307415999999)",5631,0,N,2010-386970
81025,115929,115929,Block,Cycles,165,,,0,,05/14/2010 12:00:00 AM +0000,5/14/2010 8:25:00 PM,1,,Mid-Block (not related to intersection),Dusk,N 105TH ST BETWEEN WHITMAN AVE N AND AURORA AVE N,0,1,,1,3198535,Dry,69,PEDALCYCLIST OVERTURNED IN ROAD,10134005,15018,0,2,Injury Collision,,45,Bicycle,Matched,0,0,Clear or Partly Cloudy,0,"(47.70505326300008, -122.34536647199997)",18890,0,N,2010-158492
81046,115793,115793,Intersection,Cycles,0,,,0,,05/17/2010 12:00:00 AM +0000,5/17/2010 8:11:00 PM,1,29591,At Intersection (intersection related),Daylight,3RD AVE AND UNION ST,0,1,,2,3344868,Dry,18,"MOTOR VEHICLE STRUCK PEDALCYCLIST, FRONT END AT ANGLE",10137002,4383,0,2,Injury Collision,,45,Bicycle,Matched,N,1,Clear or Partly Cloudy,0,"(47.608756225000036, -122.33688460299999)",35825,0,N,10-162289
81067,114841,114841,Intersection,Cycles,0,,,0,,09/15/2010 12:00:00 AM +0000,9/15/2010 7:24:00 AM,1,29613,At Intersection (intersection related),Daylight,2ND AVE AND SPRING ST,0,1,,1,3373640,Dry,51,PEDALCYCLIST STRUCK MOTOR VEHICLE FRONT END AT ANGLE,10258025,2754,0,2,Injury Collision,,45,Bicycle,Matched,N,0,Clear or Partly Cloudy,0,"(47.605872617000045, -122.33578172399996)",12144,0,N,10-323319
81094,114568,114568,Block,Cycles,153,,,0,,08/21/2010 12:00:00 AM +0000,8/21/2010 2:50:00 PM,0,,Mid-Block (not related to intersection),Unknown,WESTERN AVE BETWEEN SPRING ST AND SENECA ST,0,1,Y,2,3330337,Unknown,00,NOT ENOUGH INFORMATION / NOT APPLICABLE,10233021,13500,0,1,Property Damage Only Collision,,45,Bicycle,Matched,N,1,Unknown,0,"(47.60529909600007, -122.33832642499999)",12910,0,N,10-294928
81156,115250,115250,Intersection,Cycles,0, ,,0,,01/03/2010 12:00:00 AM +0000,1/3/2010 8:23:00 PM,1,27062,At Intersection (intersection related),Dark - Street Lights On,UNIVERSITY WAY NE AND NE 45TH ST,0,1,,3,3344131,Wet,18,"MOTOR VEHICLE STRUCK PEDALCYCLIST, FRONT END AT ANGLE",10003022,13222,0,2,Injury Collision,,45,Bicycle,Matched,N,1,Raining,0,"(47.661269366000056, -122.31312965799998)",0,524692,N,2010-3104
81171,114164,114164,Intersection,Cycles,0, ,,0,,07/17/2010 12:00:00 AM +0000,7/17/2010 1:39:00 PM,1,30647,At Intersection (intersection related),Daylight,29TH AVE S AND S DEARBORN E ST,0,1,Y,2,3346381,Dry,51,PEDALCYCLIST STRUCK MOTOR VEHICLE FRONT END AT ANGLE,10198026,19851,0,2,Injury Collision,,45,Bicycle,Matched,0,1,Clear or Partly Cloudy,0,"(47.59578947800003, -122.29513435299998)",0,630890,N,10-248984
81206,114307,114307,Intersection,Cycles,0, ,,0,,05/12/2010 12:00:00 AM +0000,5/12/2010 8:39:00 PM,0,25949,At Intersection (intersection related),Daylight,25TH AVE NE AND NE BLAKELEY ST,0,1,Y,3,3377103,Dry,18,"MOTOR VEHICLE STRUCK PEDALCYCLIST, FRONT END AT ANGLE",10132005,3723,0,1,Property Damage Only Collision,,45,Bicycle,Matched,N,1,Overcast,0,"(47.66626671800003, -122.30060497999995)",0,521604,N,2010-155882
81215,114983,114983,Intersection,Cycles,0,,,0,,08/09/2010 12:00:00 AM +0000,8/9/2010 5:42:00 PM,1,30022,At Intersection (intersection related),Daylight,M L KING JR WAY AND E UNION ST,0,1,Y,2,3332381,Dry,51,PEDALCYCLIST STRUCK MOTOR VEHICLE FRONT END AT ANGLE,10221009,11490,0,2,Injury Collision,,45,Bicycle,Matched,N,1,Overcast,0,"(47.61294055900004, -122.29619919499999)",9486,0,N,10-277042
81247,115117,115117,Intersection,Cycles,0,,,0,,12/04/2010 12:00:00 AM +0000,12/4/2010 4:23:00 PM,1,26793,At Intersection (intersection related),Dusk,INTERLAKE AVE N AND N 45TH ST,0,1,Y,3,3559318,Dry,18,"MOTOR VEHICLE STRUCK PEDALCYCLIST, FRONT END AT ANGLE",10338029,11012,0,2,Injury Collision,,45,Bicycle,Matched,N,1,Clear or Partly Cloudy,0,"(47.661385583000026, -122.34066246399999)",6459,0,N,10-419493
81278,115814,115814,Block,Cycles,217,,,0,,02/10/2010 12:00:00 AM +0000,2/10/2010 8:18:00 AM,1,,Mid-Block (not related to intersection),Daylight,S JACKSON ST BETWEEN 20TH AVE S AND 20TH PL S,0,1,Y,3,3329413,Dry,18,"MOTOR VEHICLE STRUCK PEDALCYCLIST, FRONT END AT ANGLE",10041006,20500,0,2,Injury Collision,,45,Bicycle,Matched,N,1,Overcast,0,"(47.59925975700003, -122.30547961699995)",11048,0,N,10-46781
81344,114992,114992,Block,Cycles,933,,,0,,05/07/2010 12:00:00 AM +0000,5/7/2010 9:56:00 AM,1,,Mid-Block (not related to intersection),Daylight,LAKE WASHINGTON BLVD S BETWEEN S FRINK PL AND S DEARBORN ST,0,1,,2,3331951,Dry,18,"MOTOR VEHICLE STRUCK PEDALCYCLIST, FRONT END AT ANGLE",10127008,11221,0,2,Injury Collision,,45,Bicycle,Matched,N,1,Clear or Partly Cloudy,0,"(47.59811959600006, -122.290152595)",41006,0,N,10-148900
81346,114990,114990,Intersection,Cycles,0,,,0,,01/10/2010 12:00:00 AM +0000,1/10/2010 12:57:00 PM,1,28605,At Intersection (intersection related),Daylight,ALOHA ST AND QUEEN ANNE AVE N,0,1,Y,2,3345042,Dry,51,PEDALCYCLIST STRUCK MOTOR VEHICLE FRONT END AT ANGLE,10010019,8804,0,2,Injury Collision,,45,Bicycle,Matched,N,1,Clear or Partly Cloudy,0,"(47.62719238600005, -122.35668955499995)",30638,0,N,10-10714
81370,115131,115131,Block,Cycles,131.5,,,0,,03/06/2010 12:00:00 AM +0000,3/6/2010 8:37:00 AM,1,,Mid-Block (but intersection related),Daylight,NE 68TH ST BETWEEN 27TH AVE NE AND 28TH AVE NE,0,1,,2,3327816,Dry,54,PEDALCYCLIST STRUCK MOTOR VEHICLE REAR END,10065001,17345,0,2,Injury Collision,Y,45,Bicycle,Matched,N,1,Clear or Partly Cloudy,0,"(47.67759453800005, -122.29791616799997)",0,0,N,10-74681
81382,114456,114456,Block,Cycles,165.5,,,0,,06/26/2010 12:00:00 AM +0000,6/26/2010 5:55:00 PM,1,,Mid-Block (not related to intersection),Daylight,NW 80TH ST BETWEEN 31ST AVE NW AND 32ND AVE NW,0,1,,2,3333984,Dry,51,PEDALCYCLIST STRUCK MOTOR VEHICLE FRONT END AT ANGLE,10177034,18916,0,2,Injury Collision,,45,Bicycle,Matched,N,1,Clear or Partly Cloudy,0,"(47.68674506100007, -122.39763993699995)",0,0,N,10-217415
81455,114725,114725,Block,Cycles,269,,,0,Y,04/27/2010 12:00:00 AM +0000,4/27/2010 6:00:00 PM,1,,Mid-Block (not related to intersection),Daylight,UNIVERSITY WAY NE BETWEEN NE 43RD ST AND NE 45TH ST,0,1,,2,2893707,Dry,18,"MOTOR VEHICLE STRUCK PEDALCYCLIST, FRONT END AT ANGLE",10117004,13221,0,2,Injury Collision,,45,Bicycle,Matched,N,1,Clear or Partly Cloudy,0,"(47.66053087600005, -122.31314903299995)",5652,0,N,10-137190
81489,115142,115142,Block,Cycles,276,,,0,,05/04/2010 12:00:00 AM +0000,5/4/2010 2:30:00 PM,1,,Mid-Block (not related to intersection),Daylight,11TH AVE NE BETWEEN NE 50TH ST AND NE 52ND ST,0,1,,2,3333538,Dry,56,PEDALCYCLIST STRUCK MOTOR VEHICLE LEFT SIDE SIDESWIPE,10124004,1411,0,2,Injury Collision,,45,Bicycle,Matched,N,1,Overcast,0,"(47.665682841000034, -122.31632470199997)",9026,0,N,10-145345
81540,115421,115421,Intersection,Cycles,0, ,,0,,09/13/2010 12:00:00 AM +0000,9/13/2010 6:35:00 PM,1,36586,At Intersection (intersection related),Dusk,1ST AVE NE AND NE NORTHGATE WAY,0,1,,2,3377023,Dry,18,"MOTOR VEHICLE STRUCK PEDALCYCLIST, FRONT END AT ANGLE",10256005,1099,0,2,Injury Collision,,45,Bicycle,Matched,0,1,Clear or Partly Cloudy,0,"(47.708628720000036, -122.328634266)",0,630873,N,10-321410
81541,115689,115689,Intersection,Cycles,0,,,0,,09/13/2010 12:00:00 AM +0000,9/13/2010 10:46:00 AM,1,30447,At Intersection (intersection related),Daylight,8TH AVE S AND S DEARBORN ST,0,1,Y,2,3346022,Dry,51,PEDALCYCLIST STRUCK MOTOR VEHICLE FRONT END AT ANGLE,10256003,19830,0,2,Injury Collision,,45,Bicycle,Matched,N,1,Clear or Partly Cloudy,0,"(47.59583116700003, -122.32245866299996)",5851,0,N,10-320876
81597,114466,114466,Intersection,Cycles,0,,,0,,04/11/2010 12:00:00 AM +0000,4/11/2010 4:41:00 PM,1,30174,At Intersection (intersection related),Daylight,22ND AVE AND E CHERRY ST,0,1,,2,3329146,Dry,51,PEDALCYCLIST STRUCK MOTOR VEHICLE FRONT END AT ANGLE,10101001,3229,0,2,Injury Collision,,45,Bicycle,Matched,N,1,Clear or Partly Cloudy,0,"(47.60801107700007, -122.30372151999995)",9559,0,N,2010-117642
81621,115011,115011,Intersection,Cycles,0, ,,0,,10/26/2010 12:00:00 AM +0000,10/26/2010 7:23:00 PM,1,27244,At Intersection (intersection related),Dark - Street Lights On,LATONA AVE NE AND NE PACIFIC ST,0,1,Y,2,3565692,Wet,18,"MOTOR VEHICLE STRUCK PEDALCYCLIST, FRONT END AT ANGLE",10299011,11289,0,2,Injury Collision,,45,Bicycle,Matched,N,1,Overcast,0,"(47.65488891200005, -122.32570273399995)",0,576113,N,2010-374412
81645,115698,115698,Intersection,Cycles,0, ,,0,,04/05/2010 12:00:00 AM +0000,4/5/2010 10:19:00 AM,1,27149,At Intersection (intersection related),Daylight,15TH AVE NE AND NE PACIFIC ST,0,1,Y,2,3333208,Dry,18,"MOTOR VEHICLE STRUCK PEDALCYCLIST, FRONT END AT ANGLE",10095027,2028,0,2,Injury Collision,,45,Bicycle,Matched,N,1,Clear or Partly Cloudy,0,"(47.65297596400006, -122.31246414499998)",0,520838,N,10-110181
81689,115973,115973,Intersection,Cycles,0,,,0,,05/08/2010 12:00:00 AM +0000,5/8/2010 9:40:00 PM,1,30581,At Intersection (intersection related),Dark - Street Lights On,26TH AVE AND E YESLER WAY,0,1,Y,2,3199527,Dry,18,"MOTOR VEHICLE STRUCK PEDALCYCLIST, FRONT END AT ANGLE",10128003,3828,0,2,Injury Collision,,45,Bicycle,Matched,N,1,Clear or Partly Cloudy,0,"(47.60166062600007, -122.29891734099999)",10069,0,N,2010-150969
81725,114203,114203,Intersection,Cycles,0,,,0,,11/16/2010 12:00:00 AM +0000,11/16/2010 5:07:00 PM,1,29661,At Intersection (intersection related),Dark - Street Lights On,1ST AVE AND WARREN PL,0,1,Y,2,3346099,Dry,18,"MOTOR VEHICLE STRUCK PEDALCYCLIST, FRONT END AT ANGLE",10320027,1023,0,2,Injury Collision,,45,Bicycle,Matched,N,1,Overcast,0,"(47.61788948000003, -122.35415335399995)",14422,0,N,10-400040
81749,114880,114880,Block,Cycles,75.5, ,,0,,06/18/2010 12:00:00 AM +0000,6/18/2010 5:37:00 PM,1,,Mid-Block (not related to intersection),Daylight,5TH AVE NE BETWEEN NE 112TH S ST AND NE 112TH N ST,0,1,,3,3333749,Dry,54,PEDALCYCLIST STRUCK MOTOR VEHICLE REAR END,10169029,7257,0,2,Injury Collision,,45,Bicycle,Matched,N,1,Clear or Partly Cloudy,0,"(47.70978682000003, -122.32331016799998)",0,0,N,2010-206666
81763,115713,115713,Intersection,Cycles,0,NEI,"Not Enough Information, or Insufficient Location Information",0,,06/12/2010 12:00:00 AM +0000,6/12/2010 8:29:00 AM,1,29614,At Intersection (intersection related),Daylight,2ND AVE AND MADISON ST,0,1,Y,2,3326818,Dry,00,NOT ENOUGH INFORMATION / NOT APPLICABLE,10163020,2753,1,2b,Serious Injury Collision,,45,Bicycle,Matched,N,1,Clear or Partly Cloudy,0,"(47.60515932100003, -122.33512927299995)",12119,0,N,10-198127
81803,116259,116259,Block,Cycles,1311.5,,,0,,02/02/2010 12:00:00 AM +0000,2/2/2010,1,,Mid-Block (not related to intersection),Daylight,16TH AVE SW BETWEEN SW FINDLAY ST AND SW MORGAN ST,0,1,,2,2803738,Dry,54,PEDALCYCLIST STRUCK MOTOR VEHICLE REAR END,10033019,2332,0,2,Injury Collision,,45,Bicycle,Matched,0,1,Clear or Partly Cloudy,0,"(47.54832347300004, -122.35483730699997)",1550,0,N,2010-37840
81818,115979,115979,Block,Cycles,124.5,,,0,,10/22/2010 12:00:00 AM +0000,10/22/2010 8:25:00 PM,1,,Mid-Block (not related to intersection),Dark - Street Lights On,NE 45TH ST BETWEEN 1ST AVE NE AND 2ND AVE NE,0,1,Y,3,3374791,Dry,51,PEDALCYCLIST STRUCK MOTOR VEHICLE FRONT END AT ANGLE,10295035,16838,0,2,Injury Collision,,45,Bicycle,Matched,Y,1,Clear or Partly Cloudy,0,"(47.661357277000036, -122.32775751099996)",6532,0,N,2010-369961
81844,114482,114482,Intersection,Cycles,0, ,,0,,10/22/2010 12:00:00 AM +0000,10/22/2010 4:27:00 PM,0,30482,At Intersection (intersection related),Daylight,2ND AVE AND JAMES ST,0,1,,2,3329930,Dry,51,PEDALCYCLIST STRUCK MOTOR VEHICLE FRONT END AT ANGLE,10295034,2749,0,1,Property Damage Only Collision,,45,Bicycle,Matched,N,1,Overcast,0,"(47.60230560100007, -122.33251943999994)",0,523248,N,2010-369696
81856,114212,114212,Intersection,Cycles,0,,,0,,12/18/2010 12:00:00 AM +0000,12/18/2010 1:14:00 AM,1,29745,At Intersection (intersection related),Dark - Street Lights On,BROADWAY AND E PIKE ST,0,1,Y,3,3559503,Dry,18,"MOTOR VEHICLE STRUCK PEDALCYCLIST, FRONT END AT ANGLE",10352016,9447,1,2b,Serious Injury Collision,,45,Bicycle,Matched,N,1,Clear or Partly Cloudy,0,"(47.614075667000066, -122.32078036699994)",6859,0,N,10 434483
81874,115024,115024,Block,Cycles,319,,,0,Y,07/14/2010 12:00:00 AM +0000,7/14/2010 9:00:00 PM,1,,Mid-Block (not related to intersection),Dusk,EAST GREEN LAKE DR N BETWEEN LATONA AVE NE AND SUNNYSIDE AVE N,0,1,,2,3374805,Dry,56,PEDALCYCLIST STRUCK MOTOR VEHICLE LEFT SIDE SIDESWIPE,10195031,14060,1,2b,Serious Injury Collision,,45,Bicycle,Matched,N,1,Clear or Partly Cloudy,0,"(47.68225292200003, -122.32843386299999)",7304,0,N,10-243448
81892,114750,114750,Intersection,Cycles,0,,,0,,12/09/2010 12:00:00 AM +0000,12/9/2010 7:18:00 AM,1,28006,At Intersection (intersection related),Dawn,WESTLAKE EAST RDWY AVE N AND NEWELL ST,0,1,Y,2,3377776,Wet,18,"MOTOR VEHICLE STRUCK PEDALCYCLIST, FRONT END AT ANGLE",10343004,13557,0,2,Injury Collision,,45,Bicycle,Matched,N,1,Raining,0,"(47.64409158900003, -122.34468815199995)",0,0,N,10-423845
81946,115990,115990,Block,Cycles,481.5,,,0,Y,01/22/2010 12:00:00 AM +0000,1/22/2010 3:59:00 PM,1,,Mid-Block (but intersection related),Daylight,YESLER WAY BETWEEN 6TH AVE AND 8TH AVE,0,1,,2,3334804,Dry,54,PEDALCYCLIST STRUCK MOTOR VEHICLE REAR END,10022005,13767,0,2,Injury Collision,,45,Bicycle,Matched,N,1,Clear or Partly Cloudy,0,"(47.60170911700004, -122.32440089999994)",9977,0,N,10-25056
81952,115859,115859,Intersection,Cycles,0,,,0,,09/22/2010 12:00:00 AM +0000,9/22/2010 11:57:00 AM,1,25939,At Intersection (intersection related),Daylight,25TH AVE NE AND NE 55TH ST,0,1,Y,2,3296621,Dry,18,"MOTOR VEHICLE STRUCK PEDALCYCLIST, FRONT END AT ANGLE",10265019,3725,0,2,Injury Collision,,45,Bicycle,Matched,N,1,Clear or Partly Cloudy,0,"(47.668525748000036, -122.30061895399996)",18807,0,N,2010 331955
81966,114624,114624,Intersection,Cycles,0,,,0,,07/14/2010 12:00:00 AM +0000,7/14/2010 4:40:00 PM,1,29585,At Intersection (intersection related),Daylight,1ST AVE AND PINE ST,0,1,Y,2,3346533,Dry,51,PEDALCYCLIST STRUCK MOTOR VEHICLE FRONT END AT ANGLE,10195032,1010,0,2,Injury Collision,,45,Bicycle,Matched,N,1,Clear or Partly Cloudy,0,"(47.60981423000004, -122.34092204399997)",36650,0,N,10-243041
81978,114359,114359,Intersection,Cycles,0, ,,0,,06/03/2010 12:00:00 AM +0000,6/3/2010 11:40:00 AM,1,25482,At Intersection (intersection related),Daylight,KENWOOD PL N AND EAST GREEN LAKE WAY N,1,1,Y,2,2897154,Dry,24,MOTOR VEHCILE STRUCK PEDESTRIAN,10154027,14074,0,2,Injury Collision,,45,Bicycle,Matched,N,0,Clear or Partly Cloudy,0,"(47.672184092000066, -122.33762007199999)",0,524207,N,10-185469
82199,115740,115740,Intersection,Cycles,0,,,0,,10/06/2010 12:00:00 AM +0000,10/6/2010 7:04:00 PM,1,29970,At Intersection (intersection related),Dark - Street Lights On,3RD AVE AND COLUMBIA ST,0,1,Y,2,3383704,Dry,18,"MOTOR VEHICLE STRUCK PEDALCYCLIST, FRONT END AT ANGLE",10279031,4377,0,2,Injury Collision,,45,Bicycle,Matched,N,1,Clear or Partly Cloudy,0,"(47.60419712100003, -122.33271437899998)",35884,0,N,10-350118
82217,116141,116141,Intersection,Cycles,0,,,0,,04/16/2010 12:00:00 AM +0000,4/16/2010 4:41:00 PM,1,31361,At Intersection (intersection related),Daylight,6TH AVE S AND S STACY ST,0,1,Y,2,3336027,Dry,51,PEDALCYCLIST STRUCK MOTOR VEHICLE FRONT END AT ANGLE,10106001,7994,0,2,Injury Collision,,45,Bicycle,Matched,N,1,Clear or Partly Cloudy,0,"(47.581892552000056, -122.32597519399997)",19329,0,N,10-123875
82230,114233,114233,Block,Cycles,98,,,0,Y,12/17/2010 12:00:00 AM +0000,12/17/2010 8:23:00 AM,1,,Mid-Block (but intersection related),Daylight,N 50TH ST BETWEEN EASTERN AVE N AND 1ST AVE NE,0,1,,5,3565043,Dry,51,PEDALCYCLIST STRUCK MOTOR VEHICLE FRONT END AT ANGLE,10351037,15656,1,2b,Serious Injury Collision,,45,Bicycle,Matched,N,1,Clear or Partly Cloudy,0,"(47.66500561700008, -122.32866697099996)",21542,0,N,10433464
82273,114373,114373,Block,Cycles,329,,,0,,05/22/2010 12:00:00 AM +0000,5/22/2010 5:45:00 PM,1,,Driveway Junction,Unknown,DELRIDGE WAY SW BETWEEN SW BRANDON ST AND SW FINDLAY ST,0,1,,2,2796612,Unknown,18,"MOTOR VEHICLE STRUCK PEDALCYCLIST, FRONT END AT ANGLE",10142030,9968,0,2,Injury Collision,,45,Bicycle,Matched,N,1,Unknown,0,"(47.552821136000034, -122.36297547599997)",0,0,N,10-176431
82284,115327,115327,Intersection,Cycles,0, ,,0,,01/28/2010 12:00:00 AM +0000,1/28/2010 11:30:00 AM,1,25144,At Intersection (intersection related),Daylight,BALLARD AVE NW AND NW MARKET ST,0,1,Y,2,3345046,Unknown,18,"MOTOR VEHICLE STRUCK PEDALCYCLIST, FRONT END AT ANGLE",10028021,19235,0,2,Injury Collision,,45,Bicycle,Matched,N,1,Unknown,0,"(47.66867996800005, -122.38636797899994)",0,521840,N,10-39182
82345,116018,116018,Block,Cycles,293,,,0,,05/31/2010 12:00:00 AM +0000,5/31/2010 1:49:00 AM,1,,Mid-Block (not related to intersection),Dark - Street Lights On,M L KING JR WAY BETWEEN E MARION ST AND E SPRING ST,0,1,,1,3331930,Wet,69,PEDALCYCLIST OVERTURNED IN ROAD,10151031,11488,0,2,Injury Collision,,45,Bicycle,Matched,Y,0,Raining,0,"(47.610812785000064, -122.29622614599998)",10208,0,N,2010-180707
82353,115470,115470,Intersection,Cycles,0,,,0,Y,04/02/2010 12:00:00 AM +0000,4/2/2010 8:35:00 PM,1,24799,At Intersection (intersection related),Dark - Street Lights On,20TH AVE NE AND NE 65TH ST,0,1,,2,3206045,Wet,21,"MOTOR VEHICLE STRUCK PEDALCYCLIST, REAR END",10092002,2971,0,2,Injury Collision,,45,Bicycle,Matched,N,1,Raining,0,"(47.67577850100008, -122.30651871499998)",29713,0,N,2010-107586
82402,115201,115201,Intersection,Cycles,0,,,0,,02/10/2010 12:00:00 AM +0000,2/10/2010 11:57:00 AM,1,30793,At Intersection (intersection related),Daylight,HIAWATHA PL S AND S CHARLES ST,0,1,,2,2882724,Wet,18,"MOTOR VEHICLE STRUCK PEDALCYCLIST, FRONT END AT ANGLE",10041007,10876,0,2,Injury Collision,,45,Bicycle,Matched,N,1,Raining,0,"(47.594432151000035, -122.30912072499996)",11487,0,N,10-46949
82424,115057,115057,Intersection,Cycles,0,,,0,,08/11/2010 12:00:00 AM +0000,8/11/2010 9:11:00 AM,1,25452,At Intersection (intersection related),Daylight,8TH AVE NW AND NW 48TH ST,0,1,,1,3559157,Dry,69,PEDALCYCLIST OVERTURNED IN ROAD,10223029,8377,0,2,Injury Collision,,45,Bicycle,Matched,N,0,Clear or Partly Cloudy,0,"(47.66365140600004, -122.36619134499995)",2312,0,N,10-279176
82440,114524,114524,Intersection,Cycles,0,,,0,,10/20/2010 12:00:00 AM +0000,10/20/2010 3:30:00 PM,1,26193,At Intersection (but not related to intersection),Daylight,35TH AVE NE AND NE 60TH ST,0,1,,2,3565680,Dry,51,PEDALCYCLIST STRUCK MOTOR VEHICLE FRONT END AT ANGLE,10293025,5357,0,2,Injury Collision,,45,Bicycle,Matched,N,1,Clear or Partly Cloudy,0,"(47.672147530000075, -122.29023363899995)",30277,0,N,10-367129
82449,115888,115888,Block,Cycles,151.5,,,0,,03/27/2010 12:00:00 AM +0000,3/27/2010 8:06:00 AM,1,,Mid-Block (not related to intersection),Daylight,17TH AVE S BETWEEN S HOLGATE ST AND S PLUM ST,0,1,Y,2,3344048,Dry,18,"MOTOR VEHICLE STRUCK PEDALCYCLIST, FRONT END AT ANGLE",10086015,2470,0,2,Injury Collision,,45,Bicycle,Matched,N,1,Clear or Partly Cloudy,0,"(47.58593909000007, -122.31075678999997)",37600,0,N,2010-100167
82461,115751,115751,Intersection,Cycles,0,,,0,,10/26/2010 12:00:00 AM +0000,10/26/2010 9:50:00 AM,1,30453,At Intersection (intersection related),Daylight,GOLF DR S AND S CHARLES ST,0,1,Y,2,3386905,Dry,18,"MOTOR VEHICLE STRUCK PEDALCYCLIST, FRONT END AT ANGLE",10299035,10668,0,2,Injury Collision,,45,Bicycle,Matched,N,1,Overcast,0,"(47.594281684000066, -122.31657709199999)",14097,0,N,10-373843
82491,116159,116159,Block,Cycles,213,,,0,,12/02/2010 12:00:00 AM +0000,12/2/2010 1:24:00 PM,1,,Mid-Block (not related to intersection),Daylight,WESTERN AVE BETWEEN UNION ST AND PIKE ST,0,1,Y,2,3329960,Dry,51,PEDALCYCLIST STRUCK MOTOR VEHICLE FRONT END AT ANGLE,10336002,13503,0,2,Injury Collision,,45,Bicycle,Matched,N,1,Clear or Partly Cloudy,0,"(47.60785918400006, -122.34066884699996)",13038,0,N,10 416102
82525,116851,116851,Intersection,Cycles,0,,,0,,02/06/2010 12:00:00 AM +0000,2/6/2010 3:50:00 PM,1,27182,At Intersection (intersection related),Daylight,2ND AVE NE AND NE 45TH ST,0,1,Y,3,3286572,Dry,51,PEDALCYCLIST STRUCK MOTOR VEHICLE FRONT END AT ANGLE,10037002,2803,0,2,Injury Collision,,45,Bicycle,Matched,N,1,Clear or Partly Cloudy,0,"(47.661354747000075, -122.32725022499994)",6532,0,N,10-42821
82531,116718,116718,Intersection,Cycles,0,,,0,,01/20/2010 12:00:00 AM +0000,1/20/2010 5:49:00 AM,1,35748,At Intersection (intersection related),Dark - Street Lights On,AURORA AVE N AND N 137TH ST,0,1,Y,2,2905189,Dry,18,"MOTOR VEHICLE STRUCK PEDALCYCLIST, FRONT END AT ANGLE",10020022,8997,0,2,Injury Collision,,45,Bicycle,Matched,0,1,Clear or Partly Cloudy,0,"(47.72867768000003, -122.34503704399998)",14964,0,N,10-21943.
82603,118208,118208,Intersection,Cycles,0,,,0,,05/21/2010 12:00:00 AM +0000,5/21/2010 2:55:00 PM,1,28294,At Intersection (intersection related),Daylight,EASTLAKE AVE E AND E EDGAR ST,0,1,Y,2,3329585,Dry,51,PEDALCYCLIST STRUCK MOTOR VEHICLE FRONT END AT ANGLE,10141030,10180,0,2,Injury Collision,,45,Bicycle,Matched,N,1,Clear or Partly Cloudy,0,"(47.64449321800004, -122.32588269599995)",24709,0,N,10-167265