OBJECTID,INCKEY,COLDETKEY,ADDRTYPE,COLLISIONTYPE,DISTANCE,EXCEPTRSNCODE,EXCEPTRSNDESC,FATALITIES,INATTENTIONIND,INCDATE,INCDTTM,INJURIES,INTKEY,JUNCTIONTYPE,LIGHTCOND,LOCATION,PEDCOUNT,PEDCYLCOUNT,PEDROWNOTGRNT,PERSONCOUNT,REPORTNO,ROADCOND,SDOT_COLCODE,SDOT_COLDESC,SDOTCOLNUM,SEGKEY,SERIOUSINJURIES,SEVERITYCODE,SEVERITYDESC,SPEEDING,ST_COLCODE,ST_COLDESC,STATUS,UNDERINFL,VEHCOUNT,WEATHER,WIDTH,Shape,SEGLANEKEY,CROSSWALKKEY,HITPARKEDCAR,SPDCASENO
82657,116460,116460,Intersection,Cycles,0,,,0,,10/19/2010 12:00:00 AM +0000,10/19/2010 4:43:00 PM,1,31153,At Intersection (intersection related),Daylight,45TH AVE SW AND SW ADMIRAL WAY,0,1,,2,3331409,Dry,51,PEDALCYCLIST STRUCK MOTOR VEHICLE FRONT END AT ANGLE,10292029,6844,0,2,Injury Collision,,45,Bicycle,Matched,N,1,Clear or Partly Cloudy,0,"(47.58119150400006, -122.38923919099994)",0,0,N,10-365952
82682,116999,116999,Block,Cycles,242.5,,,0,,10/04/2010 12:00:00 AM +0000,10/4/2010 7:40:00 AM,1,,Mid-Block (not related to intersection),Daylight,9TH AVE N BETWEEN REPUBLICAN ST AND MERCER SR ST,0,1,,2,3328863,Dry,56,PEDALCYCLIST STRUCK MOTOR VEHICLE LEFT SIDE SIDESWIPE,10277029,8533,0,2,Injury Collision,,45,Bicycle,Matched,N,1,Clear or Partly Cloudy,0,"(47.62387774300004, -122.33974593999994)",15976,0,N,10-346731
82766,118084,118084,Block,Cycles,335,,,0,,08/17/2010 12:00:00 AM +0000,8/17/2010 2:02:00 PM,0,,Mid-Block (not related to intersection),Daylight,ROOSEVELT WAY NE BETWEEN NE 45TH ST AND NE 47TH ST,0,1,Y,2,3376785,Dry,51,PEDALCYCLIST STRUCK MOTOR VEHICLE FRONT END AT ANGLE,10229024,12599,0,1,Property Damage Only Collision,,45,Bicycle,Matched,N,1,Clear or Partly Cloudy,0,"(47.662198043000046, -122.31745114299997)",10833,0,N,10-287172
82770,118355,118355,Block,Cycles,161,,,0,,02/09/2010 12:00:00 AM +0000,2/9/2010,1,,Driveway Junction,Daylight,SENECA ST BETWEEN 8TH AVE AND 9TH AVE,0,1,,2,3325962,Dry,18,"MOTOR VEHICLE STRUCK PEDALCYCLIST, FRONT END AT ANGLE",10040022,12778,0,2,Injury Collision,,45,Bicycle,Matched,0,1,Clear or Partly Cloudy,0,"(47.60960331900003, -122.32922283399995)",9110,0,N,10-45614
82808,116467,116467,Intersection,Cycles,0,,,0,Y,08/25/2010 12:00:00 AM +0000,8/25/2010 12:42:00 PM,1,24499,At Intersection (intersection related),Daylight,ROOSEVELT WAY NE AND NE 66TH ST,0,1,Y,2,2892786,Dry,18,"MOTOR VEHICLE STRUCK PEDALCYCLIST, FRONT END AT ANGLE",10237004,12616,0,2,Injury Collision,,45,Bicycle,Matched,N,1,Clear or Partly Cloudy,0,"(47.67655440100003, -122.31737321599996)",9394,0,N,2010-297202
82827,117558,117558,Block,Cycles,287.5,,,0,,06/01/2010 12:00:00 AM +0000,6/1/2010,1,,Mid-Block (not related to intersection),Daylight,MONTLAKE BLVD NE BETWEEN 25TH AVE NE AND NE 44TH ST,0,1,,2,3287346,Wet,23,"MOTOR VEHICLE STRUCK PEDALCYCLIST, LEFT SIDE SIDESWIPE",10152034,11912,0,2,Injury Collision,,45,Bicycle,Matched,0,1,Raining,0,"(47.659704771000065, -122.30067935799997)",26658,0,N,2010-182994
82854,117279,117279,Block,Cycles,108,,,0,,05/17/2010 12:00:00 AM +0000,5/17/2010 8:54:00 AM,1,,Mid-Block (but intersection related),Daylight,29TH AVE S BETWEEN S WASHINGTON ST AND S MAIN ST,0,1,,3,3331959,Dry,23,"MOTOR VEHICLE STRUCK PEDALCYCLIST, LEFT SIDE SIDESWIPE",10137006,4305,0,2,Injury Collision,,45,Bicycle,Matched,N,1,Clear or Partly Cloudy,0,"(47.600568689000056, -122.29499472999998)",0,0,N,2010-161489
82860,117147,117147,Block,Cycles,154.5,,,0,,08/05/2010 12:00:00 AM +0000,8/5/2010 8:05:00 AM,0,,Mid-Block (not related to intersection),Unknown,ALASKAN WAY BETWEEN CLAY ST AND BROAD ST,0,1,,3,3345452,Unknown,56,PEDALCYCLIST STRUCK MOTOR VEHICLE LEFT SIDE SIDESWIPE,10217017,8733,0,1,Property Damage Only Collision,,45,Bicycle,Matched,N,1,Unknown,0,"(47.61471048400006, -122.35449693499999)",20766,0,N,2010-271253
82880,118095,118095,Intersection,Cycles,0, ,,0,,11/13/2010 12:00:00 AM +0000,11/13/2010 9:05:00 AM,1,24594,At Intersection (intersection related),Daylight,NE 68TH ST AND NE RAVENNA EB BV,0,1,,2,2905536,Wet,51,PEDALCYCLIST STRUCK MOTOR VEHICLE FRONT END AT ANGLE,10317013,17327,0,2,Injury Collision,,45,Bicycle,Matched,N,1,Overcast,0,"(47.67756433300008, -122.32391190499999)",0,0,N,2010-396368
82890,117970,117970,Intersection,Cycles,0, ,,0,,08/11/2010 12:00:00 AM +0000,8/11/2010 6:13:00 PM,1,29852,At Intersection (intersection related),Daylight,BOREN AVE AND HOWELL ST,0,1,,2,3200796,Dry,18,"MOTOR VEHICLE STRUCK PEDALCYCLIST, FRONT END AT ANGLE",10223003,9322,0,2,Injury Collision,,45,Bicycle,Matched,N,1,Clear or Partly Cloudy,0,"(47.61617112400006, -122.33141659899997)",0,522452,N,10-279717
82920,116741,116741,Block,Cycles,171.5,,,0,,07/10/2010 12:00:00 AM +0000,7/10/2010 11:36:00 AM,1,,Mid-Block (not related to intersection),Daylight,AIRPORT WAY S BETWEEN AIRPORT NB N WAY S AND S ROYAL BROUGHAM WAY,0,1,,2,3326894,Dry,56,PEDALCYCLIST STRUCK MOTOR VEHICLE LEFT SIDE SIDESWIPE,10191031,8655,0,2,Injury Collision,,45,Bicycle,Matched,N,1,Clear or Partly Cloudy,0,"(47.59285027200008, -122.32421991199999)",16287,0,N,10 236533
83016,117843,117843,Intersection,Cycles,0,,,0,,12/16/2010 12:00:00 AM +0000,12/16/2010 7:54:00 PM,1,29893,At Intersection (intersection related),Dark - Street Lights On,8TH AVE AND PIKE ST,0,2,,3,3560682,Dry,21,"MOTOR VEHICLE STRUCK PEDALCYCLIST, REAR END",10350005,8280,0,2,Injury Collision,,45,Bicycle,Matched,N,1,Overcast,0,"(47.61207057300004, -122.33224408399997)",21880,0,N,10-432925
83072,116752,116752,Intersection,Cycles,0,,,0,,06/27/2010 12:00:00 AM +0000,6/27/2010 8:50:00 AM,0,29809,At Intersection (intersection related),Daylight,12TH AVE AND E JEFFERSON ST,0,1,Y,2,3332327,Dry,51,PEDALCYCLIST STRUCK MOTOR VEHICLE FRONT END AT ANGLE,10178009,1529,0,1,Property Damage Only Collision,,45,Bicycle,Matched,N,1,Clear or Partly Cloudy,0,"(47.60620304500003, -122.31678046599995)",10458,0,N,10-218261
83109,117442,117442,Intersection,Cycles,0, ,,0,,05/07/2010 12:00:00 AM +0000,5/7/2010 7:35:00 AM,2,29566,At Intersection (intersection related),Daylight,4TH AVE AND OLIVE WAY,1,1,,2,3326062,Dry,64,PEDALCYCLIST STRUCK PEDESTRIAN,10127011,6135,0,2,Injury Collision,,45,Bicycle,Matched,N,0,Clear or Partly Cloudy,0,"(47.61218154000005, -122.33854264999997)",12774,523727,N,10-148811
83118,117436,117436,Block,Cycles,193.5,,,0,Y,09/12/2010 12:00:00 AM +0000,9/12/2010 1:25:00 PM,1,,Mid-Block (not related to intersection),Daylight,BEACON AVE S BETWEEN S HANFORD ST AND S HORTON ST,0,1,Y,2,3374105,Dry,51,PEDALCYCLIST STRUCK MOTOR VEHICLE FRONT END AT ANGLE,10255001,9123,0,2,Injury Collision,,45,Bicycle,Matched,N,1,Clear or Partly Cloudy,0,"(47.574568776000035, -122.309058059)",13391,0,N,2010-319898
83166,118109,118109,Block,Cycles,225,,,0,,01/23/2010 12:00:00 AM +0000,1/23/2010 1:53:00 PM,1,,Mid-Block (but intersection related),Daylight,DELRIDGE WAY SW BETWEEN SW HENDERSON ST AND 20TH AVE SW,0,1,Y,3,3288055,Dry,18,"MOTOR VEHICLE STRUCK PEDALCYCLIST, FRONT END AT ANGLE",10023002,9989,0,2,Injury Collision,,45,Bicycle,Matched,N,1,Overcast,0,"(47.52233539500003, -122.35962764799996)",0,0,N,2010-26209
83195,116350,116350,Block,Cycles,213,,,0,,11/02/2010 12:00:00 AM +0000,11/2/2010 5:00:00 PM,1,,Mid-Block (not related to intersection),Dark - Street Lights On,BOREN AVE BETWEEN UNION ST AND PIKE ST,0,1,,2,3383246,Dry,54,PEDALCYCLIST STRUCK MOTOR VEHICLE REAR END,10306036,9318,0,2,Injury Collision,Y,45,Bicycle,Matched,N,1,Clear or Partly Cloudy,0,"(47.61296790500006, -122.32845798099999)",25232,0,N,2010 416371
83209,118381,118381,Block,Cycles,161,,,0,,03/10/2010 12:00:00 AM +0000,3/10/2010 8:05:00 AM,1,,Mid-Block (but intersection related),Daylight,S JACKSON ST BETWEEN 6TH AVE S AND MAYNARD AVE S,0,1,Y,2,3325928,Dry,51,PEDALCYCLIST STRUCK MOTOR VEHICLE FRONT END AT ANGLE,10069028,20489,0,2,Injury Collision,,45,Bicycle,Matched,N,1,Clear or Partly Cloudy,0,"(47.59919176200003, -122.32570988699996)",24416,0,N,10 79244
83241,117448,117448,Intersection,Cycles,0, ,,0,,04/06/2010 12:00:00 AM +0000,4/6/2010 3:03:00 PM,1,27149,At Intersection (intersection related),Daylight,15TH AVE NE AND NE PACIFIC ST,0,1,Y,2,3333811,Wet,18,"MOTOR VEHICLE STRUCK PEDALCYCLIST, FRONT END AT ANGLE",10096012,2028,0,2,Injury Collision,,45,Bicycle,Matched,N,1,Overcast,0,"(47.65297596400006, -122.31246414499998)",0,520838,N,10-111673
83275,117722,117722,Intersection,Cycles,0,,,0,,05/03/2010 12:00:00 AM +0000,5/3/2010 5:22:00 PM,1,29599,At Intersection (intersection related),Daylight,1ST AVE AND UNION ST,0,1,Y,3,3200693,Dry,51,PEDALCYCLIST STRUCK MOTOR VEHICLE FRONT END AT ANGLE,10123005,1008,0,2,Injury Collision,,45,Bicycle,Matched,N,1,Clear or Partly Cloudy,0,"(47.60782816200003, -122.33910533499994)",36675,0,N,10-144209
83280,117718,117718,Intersection,Cycles,0,,,0,,04/27/2010 12:00:00 AM +0000,4/27/2010 3:30:00 PM,1,31062,At Intersection (intersection related),Daylight,39TH AVE SW AND SW ADMIRAL WAY,0,1,Y,2,3331901,Unknown,18,"MOTOR VEHICLE STRUCK PEDALCYCLIST, FRONT END AT ANGLE",10117003,6052,0,2,Injury Collision,,45,Bicycle,Matched,N,1,Unknown,0,"(47.58115869800008, -122.38115119499997)",0,0,N,2010-137123
83364,117047,117047,Block,Cycles,96.5, ,,0,,06/15/2010 12:00:00 AM +0000,6/15/2010 9:52:00 AM,2,,,Daylight,E PINE ST BETWEEN BROADWAY AND NAGLE PL,0,1,,2,3329188,Dry,00,NOT ENOUGH INFORMATION / NOT APPLICABLE,10166004,14634,0,2,Injury Collision,,45,Bicycle,Matched,N,1,Clear or Partly Cloudy,0,"(47.61523806900004, -122.32040943099997)",0,523986,N,2010-202004
83381,117452,117452,Block,Cycles,215,,,0,,06/07/2010 12:00:00 AM +0000,6/7/2010 6:10:00 PM,1,,Mid-Block (not related to intersection),Daylight,NE 55TH ST BETWEEN 45TH AVE NE AND NE TULANE PL,0,1,,2,3377123,Dry,56,PEDALCYCLIST STRUCK MOTOR VEHICLE LEFT SIDE SIDESWIPE,10158004,17058,0,2,Injury Collision,,45,Bicycle,Matched,N,1,Clear or Partly Cloudy,0,"(47.66915886800007, -122.27861440899994)",34183,0,N,10-191388
83470,116370,116370,Intersection,Cycles,0,,,0,,05/13/2010 12:00:00 AM +0000,5/13/2010 4:50:00 PM,1,31344,At Intersection (intersection related),Daylight,1ST AVE S AND S MASSACHUSETTS ST,0,1,Y,2,2906817,Dry,51,PEDALCYCLIST STRUCK MOTOR VEHICLE FRONT END AT ANGLE,10133001,1204,0,2,Injury Collision,,45,Bicycle,Matched,N,1,Clear or Partly Cloudy,0,"(47.58822858900004, -122.33419664299998)",5266,0,N,10-156853
83483,117184,117184,Intersection,Cycles,0, ,,0,Y,12/15/2010 12:00:00 AM +0000,12/15/2010 4:45:00 PM,1,25423,At Intersection (intersection related),Dark - Street Lights On,14TH AVE NW AND NW MARKET ST,0,1,Y,2,3377089,Wet,18,"MOTOR VEHICLE STRUCK PEDALCYCLIST, FRONT END AT ANGLE",10349032,1895,0,2,Injury Collision,,45,Bicycle,Matched,N,1,Raining,0,"(47.66866536800006, -122.37358850399994)",0,520756,N,10-432446
83578,118408,118408,Block,Cycles,158.5,,,0,,04/26/2010 12:00:00 AM +0000,4/26/2010 7:48:00 AM,1,,Driveway Junction,Daylight,SW ADMIRAL WAY BETWEEN 41ST AVE SW AND 42ND AVE SW,0,1,Y,3,3288207,Dry,18,"MOTOR VEHICLE STRUCK PEDALCYCLIST, FRONT END AT ANGLE",10116004,21702,0,2,Injury Collision,,45,Bicycle,Matched,N,1,Clear or Partly Cloudy,0,"(47.58118095700007, -122.38452860199999)",0,0,N,2010-135363
83582,116650,116650,Block,Cycles,161,,,0,,10/03/2010 12:00:00 AM +0000,10/3/2010 1:39:00 PM,1,,Mid-Block (not related to intersection),Daylight,BLANCHARD ST BETWEEN 7TH AVE AND 8TH AVE,0,1,,2,3383657,Dry,16,"MOTOR VEHICLE STRUCK MOTOR VEHICLE, LEFT SIDE SIDESWIPE",10276010,9297,0,2,Injury Collision,,45,Bicycle,Matched,N,1,Clear or Partly Cloudy,0,"(47.61692583200005, -122.33962645799994)",14212,0,N,10-345931
83641,117472,117472,Block,Cycles,213.5,,,0,,10/26/2010 12:00:00 AM +0000,10/26/2010 6:00:00 PM,1,,Mid-Block (not related to intersection),Dusk,WALLINGFORD AVE N BETWEEN N 38TH ST AND N 39TH ST,0,1,,2,3565539,Wet,23,"MOTOR VEHICLE STRUCK PEDALCYCLIST, LEFT SIDE SIDESWIPE",10299028,13366,0,2,Injury Collision,,45,Bicycle,Matched,N,1,Raining,0,"(47.65372998400005, -122.33628500599997)",6183,0,N,10-374343
83642,117059,117059,Block,Cycles,211.5,,,0,,06/02/2010 12:00:00 AM +0000,6/2/2010 4:56:00 PM,1,,Mid-Block (not related to intersection),Daylight,HARVARD AVE BETWEEN E PIKE ST AND E PINE ST,0,1,,2,3332076,Dry,56,PEDALCYCLIST STRUCK MOTOR VEHICLE LEFT SIDE SIDESWIPE,10153036,10841,0,2,Injury Collision,,45,Bicycle,Matched,N,1,Clear or Partly Cloudy,0,"(47.61464477000004, -122.32212039199999)",0,0,N,10-184335
83678,118410,118410,Intersection,Cycles,0,,,0,,05/03/2010 12:00:00 AM +0000,5/3/2010 7:30:00 AM,1,26939,At Intersection (intersection related),Daylight,FREMONT AVE N AND N 44TH ST,0,1,Y,2,3376372,Dry,69,PEDALCYCLIST OVERTURNED IN ROAD,10123026,10496,0,2,Injury Collision,,45,Bicycle,Matched,N,1,Clear or Partly Cloudy,0,"(47.66021511000008, -122.35002640299996)",8437,0,N,10-145628
83705,118144,118144,Block,Cycles,161,,,0,,04/29/2010 12:00:00 AM +0000,4/29/2010 5:55:00 PM,0,,Driveway Junction,Daylight,BELL ST BETWEEN WESTERN AVE AND 1ST AVE,0,1,Y,2,3276972,Dry,18,"MOTOR VEHICLE STRUCK PEDALCYCLIST, FRONT END AT ANGLE",10119017,9197,0,1,Property Damage Only Collision,,45,Bicycle,Matched,N,1,Clear or Partly Cloudy,0,"(47.613041751000026, -122.34694402799994)",0,0,N,10-139667
83839,118152,118152,Block,Cycles,147.5,,,0,,10/20/2010 12:00:00 AM +0000,10/20/2010 5:07:00 PM,0,,Mid-Block (not related to intersection),Daylight,E MADISON ST BETWEEN 10TH AVE AND E SENECA ST,0,1,,2,3386879,Dry,21,"MOTOR VEHICLE STRUCK PEDALCYCLIST, REAR END",10293026,14339,0,1,Property Damage Only Collision,,45,Bicycle,Matched,N,1,Clear or Partly Cloudy,0,"(47.611969455000064, -122.31884003299996)",22931,0,N,10-367257
83849,118425,118425,Block,Cycles,316.5,,,0,,12/30/2010 12:00:00 AM +0000,12/30/2010 12:15:00 PM,0,,Mid-Block (not related to intersection),Daylight,NW MARKET ST BETWEEN 24TH AVE NW AND 26TH AVE NW,0,1,Y,3,3565045,Dry,21,"MOTOR VEHICLE STRUCK PEDALCYCLIST, REAR END",10364016,19236,0,1,Property Damage Only Collision,,45,Bicycle,Matched,N,1,Clear or Partly Cloudy,0,"(47.66867356700004, -122.38885869099994)",25907,0,N,10-446944
83860,117216,117216,Intersection,Cycles,0,,,0,,04/03/2010 12:00:00 AM +0000,4/3/2010 9:33:00 PM,0,26673,At Intersection (intersection related),Dark - Street Lights On,LEARY WAY NW AND NW 39TH ST,0,1,,4,3276710,Wet,18,"MOTOR VEHICLE STRUCK PEDALCYCLIST, FRONT END AT ANGLE",10093003,11335,0,1,Property Damage Only Collision,,45,Bicycle,Matched,N,2,Raining,0,"(47.65414586400004, -122.36006316099997)",17451,0,N,10-108756
83865,117214,117214,Intersection,Cycles,0,,,0,Y,04/01/2010 12:00:00 AM +0000,4/1/2010 9:45:00 AM,1,28045,At Intersection (intersection related),Daylight,4TH AVE N AND FREMONT BR,0,1,,2,3335243,Dry,51,PEDALCYCLIST STRUCK MOTOR VEHICLE FRONT END AT ANGLE,10091007,10562,0,2,Injury Collision,,45,Bicycle,Matched,N,1,Clear or Partly Cloudy,0,"(47.64687975500004, -122.34975371399997)",17117,0,N,10-105745
83883,116802,116802,Intersection,Cycles,0,,,0,,01/12/2010 12:00:00 AM +0000,1/12/2010 6:00:00 PM,1,25543,At Intersection (intersection related),Dark - Street Lights On,STONE WAY N AND N 48TH ST,0,1,Y,2,3333711,Wet,51,PEDALCYCLIST STRUCK MOTOR VEHICLE FRONT END AT ANGLE,10012005,12972,0,2,Injury Collision,,45,Bicycle,Matched,N,1,Raining,0,"(47.663578519000055, -122.34117338099998)",6404,0,N,2010-13218
83914,118033,118033,Block,Cycles,154.5,,,0,,02/10/2010 12:00:00 AM +0000,2/10/2010 4:05:00 PM,0,,Mid-Block (not related to intersection),Daylight,ROY ST BETWEEN 9TH AVE N AND VALLEY ST,0,1,,2,3342095,Wet,21,"MOTOR VEHICLE STRUCK PEDALCYCLIST, REAR END",10041004,9423,0,1,Property Damage Only Collision,,45,Bicycle,Matched,N,1,Raining,0,"(47.625593828000035, -122.33918659699998)",0,0,N,10-47201
83977,118294,118294,Block,Cycles,427.5, ,,0,,03/24/2010 12:00:00 AM +0000,3/24/2010 8:20:00 AM,1,,Mid-Block (not related to intersection),Daylight,NE 65TH ST BETWEEN 58TH AVE NE AND SAND POINT WAY NE,0,1,Y,2,3332745,Dry,18,"MOTOR VEHICLE STRUCK PEDALCYCLIST, FRONT END AT ANGLE",10083009,17318,0,2,Injury Collision,,45,Bicycle,Matched,N,1,Clear or Partly Cloudy,0,"(47.67572936800008, -122.26528244199994)",0,524265,N,2010-96235
83988,116674,116674,Block,Cycles,461,,,0,,05/15/2010 12:00:00 AM +0000,5/15/2010 6:11:00 PM,1,,Mid-Block (but intersection related),Daylight,LAKE WASHINGTON BLVD E BETWEEN E MADISON ST AND ARBORETUM DR E,0,1,Y,2,3207996,Dry,18,"MOTOR VEHICLE STRUCK PEDALCYCLIST, FRONT END AT ANGLE",10135004,11209,0,2,Injury Collision,,45,Bicycle,Matched,N,1,Clear or Partly Cloudy,0,"(47.627191362000076, -122.29298983499996)",8944,0,N,10-159613
84027,117084,117084,Block,Cycles,140,,,0,,08/11/2010 12:00:00 AM +0000,8/11/2010 11:57:00 PM,1,,Mid-Block (not related to intersection),Dark - Street Lights On,NE 50TH ST BETWEEN 15TH AVE NE AND 16TH AVE NE,1,1,,2,2894845,Dry,64,PEDALCYCLIST STRUCK PEDESTRIAN,10223013,16935,0,2,Injury Collision,,45,Bicycle,Matched,N,0,Clear or Partly Cloudy,0,"(47.66488853800007, -122.31137174799994)",32460,0,N,10-280139
84028,117083,117083,Intersection,Cycles,0,,,0,,08/08/2010 12:00:00 AM +0000,8/8/2010 9:16:00 PM,1,27063,At Intersection (intersection related),Dark - Street Lights On,BROOKLYN AVE NE AND NE 45TH ST,0,1,Y,2,3375082,Dry,51,PEDALCYCLIST STRUCK MOTOR VEHICLE FRONT END AT ANGLE,10220002,9482,0,2,Injury Collision,,45,Bicycle,Matched,Y,1,Clear or Partly Cloudy,0,"(47.661276978000046, -122.314285816)",31442,0,N,10-275972
84058,117772,117772,Intersection,Cycles,0, ,,0,,08/05/2010 12:00:00 AM +0000,8/5/2010 7:05:00 PM,1,29702,At Intersection (intersection related),Daylight,2ND AVE AND BELL ST,0,1,,2,3208647,Dry,18,"MOTOR VEHICLE STRUCK PEDALCYCLIST, FRONT END AT ANGLE",10217032,2764,0,2,Injury Collision,,45,Bicycle,Matched,N,1,Clear or Partly Cloudy,0,"(47.61403982300004, -122.34565345699997)",0,521007,N,10 271955
84117,118040,118040,Block,Cycles,169.5,,,0,,07/29/2010 12:00:00 AM +0000,7/29/2010 2:05:00 PM,1,,Mid-Block (not related to intersection),Daylight,W DRAVUS ST BETWEEN 20TH AVE W AND 21ST AVE W,0,1,,4,3345930,Dry,51,PEDALCYCLIST STRUCK MOTOR VEHICLE FRONT END AT ANGLE,10210025,23223,1,2b,Serious Injury Collision,,45,Bicycle,Matched,0,1,Clear or Partly Cloudy,0,"(47.64845691800008, -122.38266772099996)",0,0,N,10-261952
84124,116817,116817,Intersection,Cycles,0,,,0,,02/03/2010 12:00:00 AM +0000,2/3/2010 6:00:00 PM,1,31178,At Intersection (intersection related),Dark - Street Lights On,45TH AVE SW AND SW STEVENS S ST,0,1,Y,2,3287953,Wet,51,PEDALCYCLIST STRUCK MOTOR VEHICLE FRONT END AT ANGLE,10034004,6847,0,2,Injury Collision,,45,Bicycle,Matched,N,1,Raining,0,"(47.57719437500003, -122.38938071999996)",0,0,N,2010-39273
84156,117233,117233,Block,Cycles,329,,,0,,09/19/2010 12:00:00 AM +0000,9/19/2010 4:05:00 PM,1,,Mid-Block (not related to intersection),Daylight,DELRIDGE WAY SW BETWEEN SW BRANDON ST AND SW FINDLAY ST,0,1,Y,3,3342841,Dry,51,PEDALCYCLIST STRUCK MOTOR VEHICLE FRONT END AT ANGLE,10262004,9968,1,2b,Serious Injury Collision,,45,Bicycle,Matched,N,1,Clear or Partly Cloudy,0,"(47.552821136000034, -122.36297547599997)",0,0,N,2010-328538
84177,116956,116956,Intersection,Cycles,0,,,0,,12/06/2010 12:00:00 AM +0000,12/6/2010 9:54:00 PM,1,36527,At Intersection (intersection related),Dark - Street Lights On,ROOSEVELT WAY NE AND NE 105TH ST,0,1,Y,2,3376912,Dry,18,"MOTOR VEHICLE STRUCK PEDALCYCLIST, FRONT END AT ANGLE",10340023,12651,0,2,Injury Collision,,45,Bicycle,Matched,N,1,Overcast,0,"(47.70492007900003, -122.31779966899995)",7573,0,N,2010-421095
84259,116553,116553,Intersection,Cycles,0,,,0,,02/18/2010 12:00:00 AM +0000,2/18/2010 12:59:00 PM,1,29462,At Intersection (intersection related),Daylight,36TH AVE E AND E HARRISON ST,0,1,Y,2,3329177,Dry,51,PEDALCYCLIST STRUCK MOTOR VEHICLE FRONT END AT ANGLE,10049013,14127,0,2,Injury Collision,,45,Bicycle,Matched,N,1,Clear or Partly Cloudy,0,"(47.62252025300006, -122.28714692899996)",0,0,N,10-55777
84269,118452,118452,Block,Cycles,318.5,,,0,,09/18/2010 12:00:00 AM +0000,9/18/2010 10:00:00 AM,0,,Mid-Block (not related to intersection),Unknown,SEWARD PARK AVE S BETWEEN S KENYON ST AND S BUDD CT,0,1,Y,2,3345853,Unknown,23,"MOTOR VEHICLE STRUCK PEDALCYCLIST, LEFT SIDE SIDESWIPE",10261023,12808,0,1,Property Damage Only Collision,,45,Bicycle,Matched,N,1,Unknown,0,"(47.53071788800003, -122.266326204)",37675,0,N,2010-329967
84276,117237,117237,Intersection,Cycles,0,,,0,,12/29/2010 12:00:00 AM +0000,12/29/2010 4:38:00 PM,1,25294,At Intersection (intersection related),Dusk,3RD AVE NW AND NW 56TH ST,0,1,Y,2,3376405,Dry,18,"MOTOR VEHICLE STRUCK PEDALCYCLIST, FRONT END AT ANGLE",10363011,4457,1,2b,Serious Injury Collision,,45,Bicycle,Matched,N,1,Clear or Partly Cloudy,0,"(47.66942785900005, -122.36080130299996)",33517,0,N,10-446155
84400,118318,118318,Block,Cycles,138.5,,,0,,08/25/2010 12:00:00 AM +0000,8/25/2010 3:16:00 PM,1,,Mid-Block (not related to intersection),Daylight,S MCCLELLAN ST BETWEEN 26TH AVE S AND RAINIER AVE S,0,1,,2,3387287,Dry,18,"MOTOR VEHICLE STRUCK PEDALCYCLIST, FRONT END AT ANGLE",10237002,20812,0,2,Injury Collision,,45,Bicycle,Matched,N,1,Clear or Partly Cloudy,0,"(47.57835019200007, -122.29871442499996)",0,0,N,2010-297369
84427,116840,116840,Block,Cycles,187.5,,,0,,07/12/2010 12:00:00 AM +0000,7/12/2010 5:57:00 PM,1,,Mid-Block (not related to intersection),Daylight,ALOHA ST BETWEEN MINOR AVE N AND YALE AVE N,0,1,Y,2,3329863,Dry,51,PEDALCYCLIST STRUCK MOTOR VEHICLE FRONT END AT ANGLE,10193016,8818,0,2,Injury Collision,,45,Bicycle,Matched,N,1,Overcast,0,"(47.62685927800004, -122.33161008799999)",0,0,N,2010-239511
84465,117386,117386,Intersection,Cycles,0,,,0,,08/28/2010 12:00:00 AM +0000,8/28/2010 5:09:00 PM,1,26737,At Intersection (intersection related),Daylight,15TH NB AVE NW AND NW 45TH ST,0,1,Y,2,3333045,Dry,51,PEDALCYCLIST STRUCK MOTOR VEHICLE FRONT END AT ANGLE,10240016,2209,0,2,Injury Collision,,45,Bicycle,Matched,N,1,Clear or Partly Cloudy,0,"(47.661532915000066, -122.37610393899996)",41891,0,N,10-301254
84531,116444,116444,Intersection,Cycles,0,,,0,,03/03/2010 12:00:00 AM +0000,3/3/2010 6:28:00 PM,1,34956,At Intersection (intersection related),Dark - Street Lights On,34TH AVE SW AND SW ROXBURY ST,0,1,,2,3288256,Dry,51,PEDALCYCLIST STRUCK MOTOR VEHICLE FRONT END AT ANGLE,10062014,5306,0,2,Injury Collision,,45,Bicycle,Matched,N,1,Clear or Partly Cloudy,0,"(47.51747232000008, -122.37551294299999)",0,0,N,10-71456
84570,116709,116709,Block,Cycles,76,,,0,,08/17/2010 12:00:00 AM +0000,8/17/2010 3:19:00 PM,1,,Mid-Block (not related to intersection),Daylight,E PINE ST BETWEEN BELLEVUE AVE AND CRAWFORD PL,0,1,Y,4,3332484,Dry,51,PEDALCYCLIST STRUCK MOTOR VEHICLE FRONT END AT ANGLE,10229023,14628,0,2,Injury Collision,,45,Bicycle,Matched,N,1,Clear or Partly Cloudy,0,"(47.61521616700003, -122.32649732799996)",10342,0,N,10-287252
84589,117670,117670,Intersection,Cycles,0,,,0,,03/09/2010 12:00:00 AM +0000,3/9/2010 8:12:00 PM,1,29734,At Intersection (intersection related),Dark - Street Lights On,BOYLSTON AVE AND E PINE ST,0,1,,2,3207737,Dry,18,"MOTOR VEHICLE STRUCK PEDALCYCLIST, FRONT END AT ANGLE",10068016,9375,0,2,Injury Collision,,45,Bicycle,Matched,N,1,Clear or Partly Cloudy,0,"(47.61523114200003, -122.32341547099998)",10374,0,N,10-78796