OBJECTID,INCKEY,COLDETKEY,ADDRTYPE,COLLISIONTYPE,DISTANCE,EXCEPTRSNCODE,EXCEPTRSNDESC,FATALITIES,INATTENTIONIND,INCDATE,INCDTTM,INJURIES,INTKEY,JUNCTIONTYPE,LIGHTCOND,LOCATION,PEDCOUNT,PEDCYLCOUNT,PEDROWNOTGRNT,PERSONCOUNT,REPORTNO,ROADCOND,SDOT_COLCODE,SDOT_COLDESC,SDOTCOLNUM,SEGKEY,SERIOUSINJURIES,SEVERITYCODE,SEVERITYDESC,SPEEDING,ST_COLCODE,ST_COLDESC,STATUS,UNDERINFL,VEHCOUNT,WEATHER,WIDTH,Shape,SEGLANEKEY,CROSSWALKKEY,HITPARKEDCAR,SPDCASENO
84603,117532,117532,Intersection,Cycles,0, ,,0,,05/19/2010 12:00:00 AM +0000,5/19/2010 12:58:00 PM,1,37475,At Intersection (intersection related),Daylight,5TH AVE NE AND NE 103RD ST,0,1,Y,2,3377234,Ice,18,"MOTOR VEHICLE STRUCK PEDALCYCLIST, FRONT END AT ANGLE",10139002,7333,0,2,Injury Collision,,45,Bicycle,Matched,N,1,Clear or Partly Cloudy,0,"(47.703140321000035, -122.32314837099995)",0,525674,N,10-164555
84606,120709,120709,Block,Cycles,153,,,0,,03/08/2011 12:00:00 AM +0000,3/8/2011 5:37:00 PM,1,,Driveway Junction,Dusk,ELLIOTT AVE BETWEEN BATTERY ST AND WALL ST,0,1,,2,3560439,Dry,51,PEDALCYCLIST STRUCK MOTOR VEHICLE FRONT END AT ANGLE,11067035,10204,0,2,Injury Collision,,45,Bicycle,Matched,N,1,Clear or Partly Cloudy,0,"(47.613089966000075, -122.34999750199995)",0,0,N,2011-77721
84634,120712,120712,Intersection,Cycles,0, ,,0,,03/11/2011 12:00:00 AM +0000,3/11/2011 5:57:00 PM,1,287169,At Intersection (intersection related),Dusk,40TH AVE NE AND BURKE GILMAN TRL,0,1,Y,2,3565371,Dry,18,"MOTOR VEHICLE STRUCK PEDALCYCLIST, FRONT END AT ANGLE",11070016,287213,0,2,Injury Collision,,45,Bicycle,Matched,N,1,Clear or Partly Cloudy,0,"(47.66730844400007, -122.28480764299997)",0,521972,N,11-81317
84636,117809,117809,Block,Cycles,116,,,0,,03/05/2010 12:00:00 AM +0000,3/5/2010 8:15:00 PM,1,,Mid-Block (not related to intersection),Dark - Street Lights On,12TH AVE BETWEEN E REMINGTON CT AND E JEFFERSON ST,0,1,,2,3329578,Dry,18,"MOTOR VEHICLE STRUCK PEDALCYCLIST, FRONT END AT ANGLE",10064015,1528,0,2,Injury Collision,,45,Bicycle,Matched,N,1,Clear or Partly Cloudy,0,"(47.60588380000007, -122.31678057699997)",10614,0,N,10-74000
84694,119877,119877,Block,Cycles,182.5,,,0,,01/05/2011 12:00:00 AM +0000,1/5/2011 8:50:00 AM,1,,Mid-Block (not related to intersection),Daylight,N 97TH ST BETWEEN WALLINGFORD AVE N AND COLLEGE WAY N,0,1,,2,3565330,Wet,21,"MOTOR VEHICLE STRUCK PEDALCYCLIST, REAR END",11005026,16076,0,2,Injury Collision,,45,Bicycle,Matched,N,1,Overcast,0,"(47.69958868800006, -122.33580637999995)",0,0,N,1183326
84737,120295,120295,Block,Cycles,270, ,,0,,05/04/2011 12:00:00 AM +0000,5/4/2011 1:35:00 PM,1,,,Daylight,EASTLAKE AVE E BETWEEN E BOSTON ST AND E LYNN ST,0,1,,3,3383195,Dry,56,PEDALCYCLIST STRUCK MOTOR VEHICLE LEFT SIDE SIDESWIPE,11124019,10176,0,2,Injury Collision,,45,Bicycle,Matched,N,1,Clear or Partly Cloudy,0,"(47.638985674000025, -122.32589341199997)",24751,0,N,2011-142033
84769,118760,118760,Block,Cycles,213,,,0,,12/03/2011 12:00:00 AM +0000,12/3/2011 4:00:00 PM,1,,Mid-Block (not related to intersection),Dusk,1ST AVE BETWEEN UNION ST AND PIKE ST,0,1,,2,3546342,Dry,18,"MOTOR VEHICLE STRUCK PEDALCYCLIST, FRONT END AT ANGLE",11337022,1008,1,2b,Serious Injury Collision,,45,Bicycle,Matched,N,1,Clear or Partly Cloudy,0,"(47.60832339900003, -122.33955831299994)",36675,0,N,11-394 307
84815,119043,119043,Block,Cycles,166,,,0,,09/18/2011 12:00:00 AM +0000,9/18/2011 1:40:00 PM,2,,Driveway Junction,Daylight,SW TRENTON ST BETWEEN 30TH AVE SW AND 31ST AVE SW,0,1,,3,2619567,Wet,18,"MOTOR VEHICLE STRUCK PEDALCYCLIST, FRONT END AT ANGLE",11261034,22929,0,2,Injury Collision,,45,Bicycle,Matched,0,1,Overcast,0,"(47.52466461500006, -122.37192757499997)",0,0,N,2011-308443
84851,120163,120163,Block,Cycles,154.5, ,,0,,06/17/2011 12:00:00 AM +0000,6/17/2011 8:26:00 AM,1,,Mid-Block (not related to intersection),Daylight,ALASKAN WAY BETWEEN CLAY ST AND BROAD ST,0,1,,2,3377734,Dry,51,PEDALCYCLIST STRUCK MOTOR VEHICLE FRONT END AT ANGLE,11168003,8733,0,2,Injury Collision,,45,Bicycle,Matched,N,1,Clear or Partly Cloudy,0,"(47.61471048400006, -122.35449693499999)",20766,0,N,2011-19405
84882,120597,120597,Block,Cycles,256,,,0,,06/03/2011 12:00:00 AM +0000,6/3/2011 6:25:00 PM,0,,Mid-Block (not related to intersection),Daylight,23RD AVE S BETWEEN S JACKSON ST AND S KING ST,0,1,,2,3566023,Dry,51,PEDALCYCLIST STRUCK MOTOR VEHICLE FRONT END AT ANGLE,11154023,3444,0,1,Property Damage Only Collision,,45,Bicycle,Matched,N,1,Clear or Partly Cloudy,0,"(47.59858070800004, -122.30223147699996)",24612,0,N,11-177382
84916,118773,118773,Intersection,Cycles,0,,,0,,05/08/2011 12:00:00 AM +0000,5/8/2011 4:01:00 PM,1,27213,At Intersection (intersection related),Daylight,EASTERN AVE N AND N 42ND ST,0,1,,2,3565250,Dry,18,"MOTOR VEHICLE STRUCK PEDALCYCLIST, FRONT END AT ANGLE",11128021,10156,0,2,Injury Collision,,45,Bicycle,Matched,N,1,Clear or Partly Cloudy,0,"(47.657940084000074, -122.32901726699998)",0,0,N,11-146883
84937,119604,119604,Intersection,Cycles,0, ,,0,,10/04/2011 12:00:00 AM +0000,10/4/2011 9:46:00 AM,1,29971,At Intersection (intersection related),Daylight,4TH AVE AND CHERRY ST,1,1,Y,2,3562233,Dry,64,PEDALCYCLIST STRUCK PEDESTRIAN,11277002,6123,0,2,Injury Collision,,45,Bicycle,Matched,N,0,Clear or Partly Cloudy,0,"(47.60394844000007, -122.33095206299998)",13337,522725,N,2011-325884
85007,119748,119748,Block,Cycles,132,,,0,,10/20/2011 12:00:00 AM +0000,10/20/2011 7:38:00 PM,1,,Mid-Block (not related to intersection),Dark - Street Lights On,AURORA AVE N BETWEEN N 89TH ST AND N 90TH ST,0,1,,2,3552510,Wet,51,PEDALCYCLIST STRUCK MOTOR VEHICLE FRONT END AT ANGLE,11293016,8968,1,2b,Serious Injury Collision,,45,Bicycle,Matched,0,1,Overcast,0,"(47.69382203500004, -122.34456064799997)",16388,0,N,2011-343177
85061,119060,119060,Intersection,Cycles,0,,,0,,06/05/2011 12:00:00 AM +0000,6/5/2011 5:29:00 PM,1,30135,At Intersection (intersection related),Daylight,15TH AVE AND E PINE ST,0,1,,2,3559795,Dry,18,"MOTOR VEHICLE STRUCK PEDALCYCLIST, FRONT END AT ANGLE",11156003,1998,0,2,Injury Collision,,45,Bicycle,Matched,N,1,Clear or Partly Cloudy,0,"(47.61528703600004, -122.31276624799995)",8604,0,N,2011-179972
85076,119337,119337,Intersection,Cycles,0,,,0,,04/06/2011 12:00:00 AM +0000,4/6/2011,1,37612,At Intersection (intersection related),Daylight,24TH AVE NE AND LAKE CITY WAY NE,0,1,Y,2,3210739,Wet,11,"MOTOR VEHICLE STRUCK MOTOR VEHICLE, FRONT END AT ANGLE",11096002,3577,1,2b,Serious Injury Collision,,45,Bicycle,Matched,0,1,Raining,0,"(47.70454438000007, -122.30161582599999)",17941,0,N,2011-110252
85116,119612,119612,Block,Cycles,106.5,,,0,,11/16/2011 12:00:00 AM +0000,11/16/2011 7:15:00 PM,1,,Mid-Block (not related to intersection),Dark - Street Lights On,VIRGINIA ST BETWEEN 6TH AVE AND WESTLAKE AVE,0,1,,2,3561046,Wet,18,"MOTOR VEHICLE STRUCK PEDALCYCLIST, FRONT END AT ANGLE",11320033,13315,0,2,Injury Collision,,45,Bicycle,Matched,N,1,Raining,0,"(47.61461060500005, -122.33803078799997)",14281,0,N,11-372305
85123,119894,119894,Intersection,Cycles,0,,,0,,06/20/2011 12:00:00 AM +0000,6/20/2011 7:45:00 PM,0,28744,At Intersection (intersection related),Unknown,BROAD ST AND VALLEY ST,0,1,Y,2,3550530,Unknown,24,MOTOR VEHCILE STRUCK PEDESTRIAN,11171001,13265,0,1,Property Damage Only Collision,,45,Bicycle,Matched,N,1,Unknown,0,"(47.625795769000035, -122.33863455)",0,0,N,11-198156
85140,118515,118515,Intersection,Cycles,0,,,0,,06/04/2010 12:00:00 AM +0000,6/4/2010 4:10:00 PM,1,26647,At Intersection (intersection related),Daylight,6TH AVE NW AND NW 40TH ST,0,1,,2,3375233,Dry,51,PEDALCYCLIST STRUCK MOTOR VEHICLE FRONT END AT ANGLE,10155045,7922,0,2,Injury Collision,,45,Bicycle,Matched,N,1,Overcast,0,"(47.656056086000035, -122.36358535)",0,0,N,10-187250
85207,118926,118926,Intersection,Cycles,0,,,0,,05/14/2011 12:00:00 AM +0000,5/14/2011 8:39:00 PM,1,29738,At Intersection (intersection related),Dark - Street Lights On,10TH AVE AND E PINE ST,0,1,Y,2,2905994,Wet,18,"MOTOR VEHICLE STRUCK PEDALCYCLIST, FRONT END AT ANGLE",11134012,14636,0,2,Injury Collision,,45,Bicycle,Matched,0,1,Raining,0,"(47.615245137000045, -122.31946547599995)",10405,0,N,2011-154046
85243,119487,119487,Intersection,Cycles,0,,,0,,07/01/2011 12:00:00 AM +0000,7/1/2011 8:21:00 PM,1,32923,At Intersection (intersection related),Daylight,CALIFORNIA AVE SW AND SW GRAHAM ST,0,1,,2,2825323,Dry,51,PEDALCYCLIST STRUCK MOTOR VEHICLE FRONT END AT ANGLE,11182005,9563,0,2,Injury Collision,,45,Bicycle,Matched,N,1,Clear or Partly Cloudy,0,"(47.54668273900006, -122.38719538199996)",32478,0,N,11-211868
85246,120187,120187,Intersection,Cycles,0,,,0,,03/15/2011 12:00:00 AM +0000,3/15/2011 9:33:00 PM,1,31377,At Intersection (intersection related),Dark - Street Lights On,6TH AVE S AND S FOREST ST,0,1,Y,2,3566482,Wet,21,"MOTOR VEHICLE STRUCK PEDALCYCLIST, REAR END",11074008,7997,1,2b,Serious Injury Collision,,45,Bicycle,Matched,N,1,Raining,0,"(47.57772508700003, -122.32597792399997)",19404,0,N,2011-085836
85265,119769,119769,Intersection,Cycles,0,,,0,,05/03/2011 12:00:00 AM +0000,5/3/2011 6:11:00 PM,1,26691,At Intersection (intersection related),Daylight,NICKERSON ST AND QUEEN ANNE AVE N,0,1,,2,3560637,Dry,18,"MOTOR VEHICLE STRUCK PEDALCYCLIST, FRONT END AT ANGLE",11123023,12324,0,2,Injury Collision,,45,Bicycle,Matched,N,1,Clear or Partly Cloudy,0,"(47.64977427100007, -122.35767846599998)",12480,0,N,11-141095
85288,120467,120467,Block,Cycles,208,,,0,,05/13/2011 12:00:00 AM +0000,5/13/2011 1:50:00 PM,1,,Mid-Block (not related to intersection),Daylight,BROADWAY E BETWEEN E HARRISON ST AND E REPUBLICAN ST,0,1,,2,3565911,Dry,56,PEDALCYCLIST STRUCK MOTOR VEHICLE LEFT SIDE SIDESWIPE,11133017,9454,0,2,Injury Collision,,45,Bicycle,Matched,N,1,Clear or Partly Cloudy,0,"(47.62255712900003, -122.32091519699998)",6261,0,N,11-152463
85300,118519,118519,Block,Cycles,330,,,0,,09/10/2010 12:00:00 AM +0000,9/10/2010 7:00:00 PM,1,,Mid-Block (not related to intersection),Daylight,35TH AVE NE BETWEEN NE 110TH ST AND NE 113TH ST,0,1,,1,3559027,Dry,51,PEDALCYCLIST STRUCK MOTOR VEHICLE FRONT END AT ANGLE,10253032,5389,0,2,Injury Collision,,45,Bicycle,Matched,N,0,Overcast,0,"(47.709274942000036, -122.29073417199999)",3389,0,N,10-317960
85339,119212,119212,Intersection,Cycles,0,,,0,,08/01/2011 12:00:00 AM +0000,8/1/2011,1,29370,At Intersection (intersection related),Daylight,16TH AVE E AND E THOMAS ST,0,1,,2,3565981,Dry,18,"MOTOR VEHICLE STRUCK PEDALCYCLIST, FRONT END AT ANGLE",11213003,2235,0,2,Injury Collision,,45,Bicycle,Matched,0,1,Clear or Partly Cloudy,0,"(47.62049930300003, -122.31138365999999)",0,0,N,11-250271
85408,119633,119633,Intersection,Cycles,0,,,0,,08/07/2011 12:00:00 AM +0000,8/7/2011,1,29541,At Intersection (intersection related),Daylight,VIRGINIA ST AND WESTLAKE AVE,0,1,,2,3561304,Dry,51,PEDALCYCLIST STRUCK MOTOR VEHICLE FRONT END AT ANGLE,11219025,13316,0,2,Injury Collision,,45,Bicycle,Matched,0,1,Clear or Partly Cloudy,0,"(47.61483186400005, -122.33774456799995)",14298,0,N,2011-257959
85444,120477,120477,Intersection,Cycles,0,,,0,,09/03/2011 12:00:00 AM +0000,9/3/2011,2,24306,At Intersection (intersection related),Daylight,GREENWOOD AVE N AND N 75TH ST,0,2,,4,3552969,Dry,18,"MOTOR VEHICLE STRUCK PEDALCYCLIST, FRONT END AT ANGLE",11246042,10742,0,2,Injury Collision,,45,Bicycle,Matched,0,1,Clear or Partly Cloudy,0,"(47.68328869800007, -122.35529729299998)",0,0,N,11-290931
85580,118817,118817,Intersection,Cycles,0,,,0,,05/17/2011 12:00:00 AM +0000,5/17/2011 3:41:00 PM,1,29446,At Intersection (intersection related),Daylight,32ND AVE E AND LAKE WASHINGTON BLVD E,0,1,Y,3,3283123,Dry,18,"MOTOR VEHICLE STRUCK PEDALCYCLIST, FRONT END AT ANGLE",11137001,4939,0,2,Injury Collision,,45,Bicycle,Matched,N,1,Clear or Partly Cloudy,0,"(47.624951432000046, -122.29105074699999)",8960,0,N,2011-157036
85628,119795,119795,Intersection,Cycles,0,,,0,,11/18/2011 12:00:00 AM +0000,11/18/2011 7:40:00 AM,0,30488,At Intersection (intersection related),Daylight,2ND AVE AND YESLER WAY,0,1,,2,3562928,Wet,18,"MOTOR VEHICLE STRUCK PEDALCYCLIST, FRONT END AT ANGLE",11322003,2748,0,1,Property Damage Only Collision,,45,Bicycle,Matched,N,1,Overcast,0,"(47.601718704000064, -122.33198350499998)",9964,0,N,2011-373672
85649,119647,119647,Block,Cycles,135,,,0,,03/18/2011 12:00:00 AM +0000,3/18/2011 2:06:00 PM,1,,Mid-Block (not related to intersection),Daylight,8TH AVE NW BETWEEN NW 54TH ST AND NW MARKET ST,0,1,,2,3564908,Dry,51,PEDALCYCLIST STRUCK MOTOR VEHICLE FRONT END AT ANGLE,11077011,8383,1,2b,Serious Injury Collision,,45,Bicycle,Matched,N,1,Overcast,0,"(47.66828157500004, -122.36617893099998)",2413,0,N,2011-88840
85662,119506,119506,Intersection,Cycles,0,,,0,,10/24/2011 12:00:00 AM +0000,10/24/2011 7:18:00 AM,0,26042,At Intersection (intersection related),Dawn,24TH AVE NE AND RAVENNA PL NE,0,1,Y,2,3545166,Sand/Mud/Dirt,18,"MOTOR VEHICLE STRUCK PEDALCYCLIST, FRONT END AT ANGLE",11297031,3565,0,1,Property Damage Only Collision,,45,Bicycle,Matched,0,1,Raining,0,"(47.66706955400008, -122.30194580399996)",11728,0,N,11-346656
85680,120360,120360,Intersection,Cycles,0,,,0,,08/26/2011 12:00:00 AM +0000,8/26/2011 2:55:00 PM,1,27758,At Intersection (intersection related),Daylight,FLORENTIA ST AND QUEEN ANNE E AVE N,0,1,,2,3562805,Dry,51,PEDALCYCLIST STRUCK MOTOR VEHICLE FRONT END AT ANGLE,11238011,10456,0,2,Injury Collision,,45,Bicycle,Matched,0,1,Clear or Partly Cloudy,0,"(47.646891442000026, -122.35686606399997)",34771,0,N,2011-280911
85716,118682,118682,Intersection,Cycles,0,,,0,,04/01/2011 12:00:00 AM +0000,4/1/2011 12:46:00 PM,1,26679,At Intersection (intersection related),Daylight,1ST AVE NW AND NW 36TH ST,0,1,,2,3564601,Wet,18,"MOTOR VEHICLE STRUCK PEDALCYCLIST, FRONT END AT ANGLE",11091009,1115,0,2,Injury Collision,,45,Bicycle,Matched,N,1,Raining,0,"(47.65296538800004, -122.35766174699995)",0,0,N,11-104912
85719,118547,118547,Intersection,Cycles,0, ,,0,,09/24/2011 12:00:00 AM +0000,9/24/2011 4:00:00 PM,1,486567,At Intersection (intersection related),Daylight,M L KING JR ER WAY S AND S OTHELLO ST,0,1,,2,3545586,Dry,18,"MOTOR VEHICLE STRUCK PEDALCYCLIST, FRONT END AT ANGLE",11267004,11561,0,2,Injury Collision,,45,Bicycle,Matched,0,1,Clear or Partly Cloudy,0,"(47.537051587000065, -122.28110415099997)",0,545762,N,11-315483
85723,118543,118543,Intersection,Cycles,0,,,0,,09/07/2011 12:00:00 AM +0000,9/7/2011,1,30355,At Intersection (intersection related),Daylight,2ND AVE AND CHERRY ST,0,1,,2,3562260,Dry,18,"MOTOR VEHICLE STRUCK PEDALCYCLIST, FRONT END AT ANGLE",11250002,2750,0,2,Injury Collision,,45,Bicycle,Matched,0,1,Clear or Partly Cloudy,0,"(47.60301939300007, -122.33317224599995)",12035,0,N,11-295102
85725,118541,118541,Intersection,Cycles,0,,,0,,09/04/2011 12:00:00 AM +0000,9/4/2011,1,29794,At Intersection (intersection related),Daylight,13TH AVE AND E CHERRY ST,0,1,,2,3559540,Dry,51,PEDALCYCLIST STRUCK MOTOR VEHICLE FRONT END AT ANGLE,11247004,1733,0,2,Injury Collision,,45,Bicycle,Matched,0,1,Clear or Partly Cloudy,0,"(47.60805331100005, -122.31545756699995)",0,0,N,11-291994
85742,118821,118821,Intersection,Cycles,0,,,0,,08/27/2011 12:00:00 AM +0000,8/27/2011 11:11:00 AM,1,24804,At Intersection (intersection related),Daylight,23RD AVE NE AND NE 65TH ST,0,1,,2,3466659,Dry,18,"MOTOR VEHICLE STRUCK PEDALCYCLIST, FRONT END AT ANGLE",11239019,3387,0,2,Injury Collision,,45,Bicycle,Matched,0,1,Clear or Partly Cloudy,0,"(47.67577533000008, -122.30274202499999)",0,0,N,11-282004
85775,118967,118967,Block,Cycles,213,,,0,,01/27/2011 12:00:00 AM +0000,1/27/2011 1:00:00 AM,1,,Mid-Block (not related to intersection),Dark - Street Lights On,5TH AVE BETWEEN BLANCHARD ST AND BELL ST,0,1,,2,3377826,Dry,21,"MOTOR VEHICLE STRUCK PEDALCYCLIST, REAR END",11027001,7245,0,2,Injury Collision,,45,Bicycle,Matched,N,1,Clear or Partly Cloudy,0,"(47.61564806400003, -122.342423398)",36118,0,N,11-31403
85790,119799,119799,Intersection,Cycles,0, ,,0,,11/03/2011 12:00:00 AM +0000,11/3/2011 7:02:00 PM,1,29580,At Intersection (intersection related),Dark - Street Lights On,3RD AVE AND PINE ST,0,1,,3,3562389,Dry,18,"MOTOR VEHICLE STRUCK PEDALCYCLIST, FRONT END AT ANGLE",11307026,4385,0,2,Injury Collision,,45,Bicycle,Matched,N,1,Clear or Partly Cloudy,0,"(47.61074295100008, -122.33870150899997)",35766,0,N,11-358579
85792,119797,119797,Block,Cycles,160,,,0,,07/16/2011 12:00:00 AM +0000,7/16/2011 12:36:00 AM,1,,Mid-Block (not related to intersection),Dark - Street Lights On,11TH AVE NE BETWEEN EASTLAKE AVE NE AND NE 42ND ST,0,1,,2,3552653,Dry,11,"MOTOR VEHICLE STRUCK MOTOR VEHICLE, FRONT END AT ANGLE",11197030,1406,0,2,Injury Collision,,45,Bicycle,Matched,Y,1,Clear or Partly Cloudy,0,"(47.65791543200004, -122.31666521799997)",0,0,N,11-229905
85805,120084,120084,Block,Cycles,348.5,,,0,,04/04/2011 12:00:00 AM +0000,4/4/2011 5:02:00 PM,1,,Mid-Block (not related to intersection),Daylight,NW 45TH ST BETWEEN 11TH AVE NW AND 14TH AVE NW,0,1,,1,3559325,Wet,69,PEDALCYCLIST OVERTURNED IN ROAD,11094019,18337,0,2,Injury Collision,,45,Bicycle,Matched,N,0,Raining,0,"(47.66147103000003, -122.37218152999998)",41861,0,N,11-108015
85815,119656,119656,Intersection,Cycles,0,,,0,,03/26/2011 12:00:00 AM +0000,3/26/2011 2:13:00 AM,1,31066,At Intersection (intersection related),Dark - Street Lights On,CALIFORNIA AVE SW AND SW ADMIRAL WAY,0,1,,2,3342858,Dry,51,PEDALCYCLIST STRUCK MOTOR VEHICLE FRONT END AT ANGLE,11085025,9540,0,2,Injury Collision,,45,Bicycle,Matched,Y,1,Clear or Partly Cloudy,0,"(47.58119534200006, -122.38654575499999)",32697,0,N,2011-97382
85823,119520,119520,Intersection,Cycles,0,,,0,,06/08/2011 12:00:00 AM +0000,6/8/2011 3:03:00 PM,1,31372,At Intersection (intersection related),Daylight,1ST AVE S AND S LANDER ST,0,1,Y,2,3372608,Dry,18,"MOTOR VEHICLE STRUCK PEDALCYCLIST, FRONT END AT ANGLE",11159001,1208,0,2,Injury Collision,,45,Bicycle,Matched,N,1,Overcast,0,"(47.579811138000025, -122.33420081399998)",5329,0,N,2011-183383
85877,119391,119391,Intersection,Cycles,0,,,0,,01/24/2011 12:00:00 AM +0000,1/24/2011 3:37:00 PM,0,30516,At Intersection (intersection related),Daylight,6TH AVE S AND S KING ST,0,1,,3,3346574,Dry,51,PEDALCYCLIST STRUCK MOTOR VEHICLE FRONT END AT ANGLE,11024027,7984,0,1,Property Damage Only Collision,Y,45,Bicycle,Matched,N,1,Overcast,0,"(47.59835381900007, -122.32636388399999)",5761,0,N,11-28275
85887,119255,119255,Intersection,Cycles,0,,,0,,08/10/2011 12:00:00 AM +0000,8/10/2011 6:10:00 PM,1,28209,At Intersection (intersection related),Daylight,BOYLSTON AVE E AND E LOUISA ST,0,1,,2,2828090,Dry,21,"MOTOR VEHICLE STRUCK PEDALCYCLIST, REAR END",11222002,9393,0,2,Injury Collision,,45,Bicycle,Matched,0,1,Clear or Partly Cloudy,0,"(47.642029525000055, -122.32345760899995)",37326,0,N,2011-261996
85917,118974,118974,Block,Cycles,152.5,,,0,,05/24/2011 12:00:00 AM +0000,5/24/2011 6:55:00 PM,0,,Driveway Junction,Daylight,MELROSE AVE E BETWEEN E MERCER ST AND E ROY ST,0,1,Y,2,3565732,Dry,51,PEDALCYCLIST STRUCK MOTOR VEHICLE FRONT END AT ANGLE,11144013,11760,0,1,Property Damage Only Collision,,45,Bicycle,Matched,N,1,Clear or Partly Cloudy,0,"(47.62469930200007, -122.32788367599994)",11539,0,N,11-165686
85936,119951,119951,Block,Cycles,362.5,,,0,,02/01/2011 12:00:00 AM +0000,2/1/2011 9:01:00 AM,1,,Mid-Block (not related to intersection),Daylight,EASTLAKE AVE E BETWEEN E HAMLIN ST AND E SHELBY ST,0,1,,2,3329387,Dry,18,"MOTOR VEHICLE STRUCK PEDALCYCLIST, FRONT END AT ANGLE",11032004,10181,0,2,Injury Collision,,45,Bicycle,Matched,N,1,Clear or Partly Cloudy,0,"(47.646503048000056, -122.32519936799997)",24681,0,N,11-37681
85993,120664,120664,Intersection,Cycles,0,,,0,,07/15/2011 12:00:00 AM +0000,7/15/2011 1:35:00 AM,1,30794,At Intersection (intersection related),Dark - Street Lights On,RAINIER AVE S AND S CHARLES S ST,0,1,,2,3566408,Dry,51,PEDALCYCLIST STRUCK MOTOR VEHICLE FRONT END AT ANGLE,11196008,12347,0,2,Injury Collision,,45,Bicycle,Matched,N,1,Overcast,0,"(47.59407194400006, -122.31015032299996)",0,0,N,110228658
86001,120092,120092,Intersection,Cycles,0,,,0,,07/15/2011 12:00:00 AM +0000,7/15/2011 5:30:00 PM,1,28775,At Intersection (intersection related),Unknown,DEXTER AVE N AND REPUBLICAN ST,0,1,Y,2,3552811,Unknown,51,PEDALCYCLIST STRUCK MOTOR VEHICLE FRONT END AT ANGLE,11196030,10075,0,2,Injury Collision,,45,Bicycle,Matched,N,1,Unknown,0,"(47.62322375000008, -122.34236126699994)",12628,0,N,11-230290
86018,118844,118844,Intersection,Cycles,0,,,0,,09/20/2011 12:00:00 AM +0000,9/20/2011 5:16:00 PM,1,28303,At Intersection (intersection related),Daylight,EASTLAKE AVE E AND E LOUISA ST,0,1,Y,2,3287649,Dry,51,PEDALCYCLIST STRUCK MOTOR VEHICLE FRONT END AT ANGLE,11263029,10178,0,2,Injury Collision,,45,Bicycle,Matched,N,1,Clear or Partly Cloudy,0,"(47.64203050000003, -122.32588836999997)",24739,0,N,11-310772
86037,118701,118701,Block,Cycles,665.5,,,0,,05/17/2011 12:00:00 AM +0000,5/17/2011 7:11:00 AM,1,,Driveway Junction,Daylight,AURORA AVE N BETWEEN N 130TH ST AND N 135TH ST,0,1,,2,3568725,Dry,51,PEDALCYCLIST STRUCK MOTOR VEHICLE FRONT END AT ANGLE,11137013,8995,0,2,Injury Collision,,45,Bicycle,Matched,0,1,Clear or Partly Cloudy,0,"(47.72503418300005, -122.34499681899996)",14992,0,N,2011-156496
86043,119680,119680,Intersection,Cycles,0,,,0,,10/12/2011 12:00:00 AM +0000,10/12/2011 3:33:00 PM,1,30132,At Intersection (intersection related),Daylight,17TH AVE AND E MADISON ST,0,1,Y,3,3567231,Dry,51,PEDALCYCLIST STRUCK MOTOR VEHICLE FRONT END AT ANGLE,11285008,2366,0,2,Injury Collision,,45,Bicycle,Matched,0,1,Overcast,0,"(47.615589863000025, -122.31015123599997)",0,0,N,110334847
86059,119531,119531,Intersection,Cycles,0,,,0,,06/09/2011 12:00:00 AM +0000,6/9/2011 8:53:00 PM,1,30506,At Intersection (intersection related),Dusk,2ND AVE S AND S JACKSON ST,0,1,Y,2,3383372,Dry,51,PEDALCYCLIST STRUCK MOTOR VEHICLE FRONT END AT ANGLE,11160011,2871,0,2,Injury Collision,,45,Bicycle,Matched,N,1,Clear or Partly Cloudy,0,"(47.59920078500005, -122.33157768599995)",4848,0,N,2011-184988
86081,119259,119259,Intersection,Cycles,0,,,0,,04/22/2011 12:00:00 AM +0000,4/22/2011 8:43:00 AM,1,37392,At Intersection (intersection related),Daylight,FREMONT AVE N AND N 102ND ST,0,1,,2,3558837,Dry,18,"MOTOR VEHICLE STRUCK PEDALCYCLIST, FRONT END AT ANGLE",11112012,10545,0,2,Injury Collision,,45,Bicycle,Matched,N,1,Clear or Partly Cloudy,0,"(47.702894392000076, -122.35004982299995)",0,0,N,2011-127941
86089,120379,120379,Block,Cycles,198,,,0,,09/21/2011 12:00:00 AM +0000,9/21/2011 8:39:00 AM,1,,Mid-Block (not related to intersection),Daylight,ROOSEVELT WAY NE BETWEEN NE 42ND N ST AND NE 43RD S ST,0,1,Y,2,3544932,Dry,51,PEDALCYCLIST STRUCK MOTOR VEHICLE FRONT END AT ANGLE,11264009,12596,0,2,Injury Collision,,45,Bicycle,Matched,N,1,Clear or Partly Cloudy,0,"(47.65891124900003, -122.31776594999997)",8990,0,N,2011-311354
86131,119961,119961,Intersection,Cycles,0, ,,0,,02/07/2011 12:00:00 AM +0000,2/7/2011 2:40:00 PM,1,27065,At Intersection (intersection related),Daylight,11TH AVE NE AND NE 45TH ST,0,1,,2,3568953,Wet,51,PEDALCYCLIST STRUCK MOTOR VEHICLE FRONT END AT ANGLE,11038001,1409,0,2,Injury Collision,Y,45,Bicycle,Matched,N,1,Raining,0,"(47.66129196000003, -122.31657893399995)",0,520889,N,2011-45230