OBJECTID,INCKEY,COLDETKEY,ADDRTYPE,COLLISIONTYPE,DISTANCE,EXCEPTRSNCODE,EXCEPTRSNDESC,FATALITIES,INATTENTIONIND,INCDATE,INCDTTM,INJURIES,INTKEY,JUNCTIONTYPE,LIGHTCOND,LOCATION,PEDCOUNT,PEDCYLCOUNT,PEDROWNOTGRNT,PERSONCOUNT,REPORTNO,ROADCOND,SDOT_COLCODE,SDOT_COLDESC,SDOTCOLNUM,SEGKEY,SERIOUSINJURIES,SEVERITYCODE,SEVERITYDESC,SPEEDING,ST_COLCODE,ST_COLDESC,STATUS,UNDERINFL,VEHCOUNT,WEATHER,WIDTH,Shape,SEGLANEKEY,CROSSWALKKEY,HITPARKEDCAR,SPDCASENO
86135,120384,120384,Intersection,Cycles,0,,,0,,06/09/2011 12:00:00 AM +0000,6/9/2011 6:55:00 PM,0,28775,At Intersection (intersection related),Daylight,DEXTER AVE N AND REPUBLICAN ST,0,1,,2,3341788,Dry,18,"MOTOR VEHICLE STRUCK PEDALCYCLIST, FRONT END AT ANGLE",11160010,10075,0,1,Property Damage Only Collision,,45,Bicycle,Matched,N,1,Clear or Partly Cloudy,0,"(47.62322375000008, -122.34236126699994)",12643,0,N,11-184887
86181,118988,118988,Block,Cycles,230,,,0,Y,10/09/2011 12:00:00 AM +0000,10/9/2011,1,,Mid-Block (not related to intersection),Dark - Street Lights On,NE NORTHGATE WAY BETWEEN 19TH AVE NE AND 20TH AVE NE,0,1,,2,3376193,Wet,21,"MOTOR VEHICLE STRUCK PEDALCYCLIST, REAR END",11282013,18021,0,2,Injury Collision,,45,Bicycle,Matched,1,1,Raining,0,"(47.70847888700007, -122.30717276299998)",14639,0,N,11-331445
86187,118574,118574,Intersection,Cycles,0,,,0,,06/04/2011 12:00:00 AM +0000,6/4/2011 3:10:00 PM,0,27975,At Intersection (intersection related),Daylight,W GARFIELD ST AND DEAD END 1,0,1,,2,2670129,Dry,51,PEDALCYCLIST STRUCK MOTOR VEHICLE FRONT END AT ANGLE,11155039,,0,1,Property Damage Only Collision,,45,Bicycle,Matched,N,1,Clear or Partly Cloudy,0,,0,0,N,11-01247
86200,119690,119690,Block,Cycles,73,,,0,,10/27/2011 12:00:00 AM +0000,10/27/2011 3:58:00 PM,1,,Driveway Junction,Daylight,S GRAHAM ST BETWEEN M L KING JR ER WAY S AND 38TH AVE S,0,1,Y,4,3548329,Dry,18,"MOTOR VEHICLE STRUCK PEDALCYCLIST, FRONT END AT ANGLE",11300017,20124,0,2,Injury Collision,,45,Bicycle,Matched,0,1,Clear or Partly Cloudy,0,"(47.546050723000064, -122.28515961699998)",0,0,N,11-350546
86292,119416,119416,Intersection,Cycles,0,,,0,,02/08/2011 12:00:00 AM +0000,2/8/2011 5:30:00 PM,1,26028,At Intersection (intersection related),Dusk,20TH AVE NE AND NE RAVENNA WB BV,0,1,,2,3559014,Dry,51,PEDALCYCLIST STRUCK MOTOR VEHICLE FRONT END AT ANGLE,11039023,2967,0,2,Injury Collision,,45,Bicycle,Matched,N,1,Clear or Partly Cloudy,0,"(47.66933890800004, -122.30649516799997)",32742,0,N,11-46569
86309,118861,118861,Intersection,Cycles,0,,,0,,08/14/2011 12:00:00 AM +0000,8/14/2011 10:46:00 AM,1,29994,At Intersection (intersection related),Daylight,M L KING JR WAY AND E OLIVE ST,0,1,,2,3283073,Dry,51,PEDALCYCLIST STRUCK MOTOR VEHICLE FRONT END AT ANGLE,11226003,11493,0,2,Injury Collision,,45,Bicycle,Matched,0,1,Clear or Partly Cloudy,0,"(47.61645464000003, -122.29615557099999)",35400,0,N,2011-266395
86324,118720,118720,Block,Cycles,107,,,0,,08/31/2011 12:00:00 AM +0000,8/31/2011 8:14:00 AM,1,,Driveway Junction,Daylight,12TH AVE S BETWEEN BOREN AVE S AND 12TH AVE S TURN RD,0,1,,3,3559534,Dry,18,"MOTOR VEHICLE STRUCK PEDALCYCLIST, FRONT END AT ANGLE",11243032,1652,0,2,Injury Collision,,45,Bicycle,Matched,0,1,Clear or Partly Cloudy,0,"(47.600574910000034, -122.31709598599997)",0,0,N,11-286548
86363,119981,119981,Intersection,Cycles,0,,,0,,10/08/2011 12:00:00 AM +0000,10/8/2011 10:43:00 PM,1,28667,At Intersection (intersection related),Dark - Street Lights On,DENNY WAY AND QUEEN ANNE AVE N,0,1,,3,3562585,Wet,51,PEDALCYCLIST STRUCK MOTOR VEHICLE FRONT END AT ANGLE,11281002,9997,0,2,Injury Collision,,45,Bicycle,Matched,Y,1,Raining,0,"(47.618607061000034, -122.35675629499997)",41826,0,N,11-331160
86371,119555,119555,Intersection,Cycles,0,,,0,,09/27/2011 12:00:00 AM +0000,9/27/2011 9:48:00 AM,1,24297,At Intersection (intersection related),Daylight,AURORA AVE N AND N 77TH ST,0,1,,2,3552864,Dry,18,"MOTOR VEHICLE STRUCK PEDALCYCLIST, FRONT END AT ANGLE",11270005,8955,0,2,Injury Collision,,45,Bicycle,Matched,0,1,Clear or Partly Cloudy,0,"(47.684767703000034, -122.34449200399996)",0,0,N,2011-318297
86373,119841,119841,Block,Cycles,466.5, ,,0,,05/31/2011 12:00:00 AM +0000,5/31/2011 6:30:00 PM,1,,Mid-Block (not related to intersection),Daylight,49TH AVE S BETWEEN S BARTON ST AND S FLETCHER ST,0,1,,2,3567031,Dry,51,PEDALCYCLIST STRUCK MOTOR VEHICLE FRONT END AT ANGLE,11151002,7191,0,2,Injury Collision,,45,Bicycle,Matched,N,1,Clear or Partly Cloudy,0,"(47.52007615800005, -122.273382003)",0,0,N,11-173911
86409,118730,118730,Intersection,Cycles,0, ,,0,,04/27/2011 12:00:00 AM +0000,4/27/2011 5:30:00 PM,1,29603,At Intersection (intersection related),Daylight,2ND AVE AND UNIVERSITY ST,0,1,Y,2,3567942,Wet,18,"MOTOR VEHICLE STRUCK PEDALCYCLIST, FRONT END AT ANGLE",11117014,2756,0,2,Injury Collision,,45,Bicycle,Matched,N,1,Raining,0,"(47.60729905800008, -122.33708679799997)",0,520994,N,11-134050
86412,120541,120541,Intersection,Cycles,0,,,0,,12/12/2011 12:00:00 AM +0000,12/12/2011 4:20:00 PM,1,28736,At Intersection (intersection related),Dusk,DEXTER AVE N AND VALLEY ST,0,1,Y,2,3561170,Dry,51,PEDALCYCLIST STRUCK MOTOR VEHICLE FRONT END AT ANGLE,11346007,10079,0,2,Injury Collision,,45,Bicycle,Matched,N,1,Clear or Partly Cloudy,0,"(47.626261483000064, -122.34233438599995)",12719,0,N,11 398541
86437,120265,120265,Block,Cycles,402.5,,,0,,01/07/2011 12:00:00 AM +0000,1/7/2011 6:35:00 PM,2,,,Dark - Street Lights On,SW ADMIRAL WAY BETWEEN 57TH AVE SW AND 59TH AVE SW,0,1,,2,3331417,Wet,00,NOT ENOUGH INFORMATION / NOT APPLICABLE,11007029,21725,0,2,Injury Collision,,45,Bicycle,Matched,N,1,Raining,0,"(47.576626635000025, -122.40679142799996)",28799,0,N,2368539
86532,118603,118603,Block,Cycles,161,,,0,,09/28/2011 12:00:00 AM +0000,9/28/2011 8:25:00 AM,1,,Mid-Block (not related to intersection),Daylight,UNIVERSITY ST BETWEEN 4TH AVE AND 5TH AVE,0,1,,2,3568205,Unknown,56,PEDALCYCLIST STRUCK MOTOR VEHICLE LEFT SIDE SIDESWIPE,11271019,13203,0,2,Injury Collision,,45,Bicycle,Matched,N,1,Unknown,0,"(47.60845954200005, -122.33431329999996)",36420,0,N,11-320429
86546,118879,118879,Block,Cycles,114,,,0,,03/25/2011 12:00:00 AM +0000,3/25/2011 10:08:00 AM,1,,Driveway Junction,Daylight,ROOSEVELT WAY NE BETWEEN NE 41ST ST AND NE 42ND S ST,0,1,,2,3559331,Dry,51,PEDALCYCLIST STRUCK MOTOR VEHICLE FRONT END AT ANGLE,11084018,12594,0,2,Injury Collision,,45,Bicycle,Matched,N,1,Clear or Partly Cloudy,0,"(47.65720040000008, -122.31781061599997)",8974,0,N,11-96292
86550,120696,120696,Block,Cycles,187.5, ,,0,,07/23/2011 12:00:00 AM +0000,7/23/2011 8:47:00 AM,1,,Mid-Block (not related to intersection),Daylight,M L KING JR WAY S BETWEEN S IRVING ST AND MOUNTAINS TO SOUND TRL,0,1,Y,2,3545533,Dry,18,"MOTOR VEHICLE STRUCK PEDALCYCLIST, FRONT END AT ANGLE",11204033,11509,0,2,Injury Collision,,45,Bicycle,Matched,N,1,Clear or Partly Cloudy,0,"(47.59077554800007, -122.29743780199999)",0,630872,N,2011-238760
86592,119993,119993,Intersection,Cycles,0,,,0,,06/23/2011 12:00:00 AM +0000,6/23/2011 3:26:00 PM,1,27182,At Intersection (intersection related),Daylight,2ND AVE NE AND NE 45TH ST,0,1,Y,2,3466327,Dry,18,"MOTOR VEHICLE STRUCK PEDALCYCLIST, FRONT END AT ANGLE",11174010,2803,0,2,Injury Collision,,45,Bicycle,Matched,N,1,Clear or Partly Cloudy,0,"(47.661354747000075, -122.32725022499994)",6532,0,N,2011-201793
86617,119999,119999,Intersection,Cycles,0,,,0,,06/28/2011 12:00:00 AM +0000,6/28/2011 5:05:00 PM,0,27179,At Intersection (intersection related),Daylight,4TH AVE NE AND NE 45TH ST,0,1,Y,2,3565099,Dry,18,"MOTOR VEHICLE STRUCK PEDALCYCLIST, FRONT END AT ANGLE",11179006,6177,0,1,Property Damage Only Collision,,45,Bicycle,Matched,N,1,Clear or Partly Cloudy,0,"(47.66133870400006, -122.32403639299997)",6559,0,N,11-208023
86626,119713,119713,Intersection,Cycles,0,,,0,,04/13/2011 12:00:00 AM +0000,4/13/2011 7:45:00 AM,1,24156,At Intersection (intersection related),Daylight,11TH AVE NW AND NW 75TH ST,0,1,,2,3564836,Wet,18,"MOTOR VEHICLE STRUCK PEDALCYCLIST, FRONT END AT ANGLE",11103003,1451,0,2,Injury Collision,,45,Bicycle,Matched,N,1,Raining,0,"(47.68325497300003, -122.37039170699995)",0,0,N,11-117607
86642,120001,120001,Block,Cycles,304.5,,,0,,06/30/2011 12:00:00 AM +0000,6/30/2011 6:18:00 AM,1,,Mid-Block (not related to intersection),Daylight,FREMONT AVE N BETWEEN FREMONT BR AND N 34TH ST,0,1,,2,2904916,Dry,18,"MOTOR VEHICLE STRUCK PEDALCYCLIST, FRONT END AT ANGLE",11181008,10484,0,2,Injury Collision,,45,Bicycle,Matched,N,1,Clear or Partly Cloudy,0,"(47.64875309200005, -122.34974894699997)",8235,0,N,11-209832
86664,120555,120555,Intersection,Cycles,0,,,0,,10/10/2011 12:00:00 AM +0000,10/10/2011 12:44:00 PM,0,30355,At Intersection (intersection related),Daylight,2ND AVE AND CHERRY ST,0,1,,2,3560906,Wet,54,PEDALCYCLIST STRUCK MOTOR VEHICLE REAR END,11283025,2750,0,1,Property Damage Only Collision,,45,Bicycle,Matched,0,1,Raining,0,"(47.60301939300007, -122.33317224599995)",12035,0,N,11-332584
86669,120421,120421,Block,Cycles,134,,,0,,11/22/2011 12:00:00 AM +0000,11/22/2011 4:00:00 PM,1,,Mid-Block (not related to intersection),Dark - Street Lights On,GREENWOOD AVE N BETWEEN N 74TH ST AND N 75TH ST,0,1,,2,3328068,Wet,56,PEDALCYCLIST STRUCK MOTOR VEHICLE LEFT SIDE SIDESWIPE,11326026,10741,0,2,Injury Collision,,45,Bicycle,Matched,N,1,Raining,0,"(47.682919869000045, -122.35529886599994)",4467,0,N,11-378114
86688,118607,118607,Intersection,Cycles,0, ,,0,,06/15/2011 12:00:00 AM +0000,6/15/2011 8:46:00 AM,1,27035,At Intersection (intersection related),Daylight,FREMONT AVE N AND FREMONT PL N,0,1,,2,3466952,Wet,18,"MOTOR VEHICLE STRUCK PEDALCYCLIST, FRONT END AT ANGLE",11166015,10486,0,2,Injury Collision,,45,Bicycle,Matched,N,1,Overcast,0,"(47.65043101700007, -122.34983490399998)",0,522545,N,2011-191535
86720,119158,119158,Intersection,Cycles,0,,,0,,11/13/2011 12:00:00 AM +0000,11/13/2011 5:37:00 PM,1,29632,At Intersection (intersection related),Dark - Street Lights On,ALASKAN WAY AND SPRING ST,0,1,,1,3505533,Dry,69,PEDALCYCLIST OVERTURNED IN ROAD,11317030,8721,0,2,Injury Collision,,45,Bicycle,Matched,N,0,Clear or Partly Cloudy,0,"(47.60448768400005, -122.33909095699994)",0,0,N,11-369064
86729,119021,119021,Block,Cycles,153,,,0,,06/05/2011 12:00:00 AM +0000,6/5/2011 10:11:00 AM,1,,Mid-Block (not related to intersection),Daylight,1ST AVE BETWEEN SPRING ST AND SENECA ST,0,1,Y,2,3373665,Dry,51,PEDALCYCLIST STRUCK MOTOR VEHICLE FRONT END AT ANGLE,11156009,1005,0,2,Injury Collision,,45,Bicycle,Matched,N,1,Clear or Partly Cloudy,0,"(47.60576386300005, -122.33721651799999)",36752,0,N,11-179567
86756,119863,119863,Block,Cycles,246,,,0,,12/15/2011 12:00:00 AM +0000,12/15/2011 8:06:00 PM,0,,Mid-Block (not related to intersection),Dark - No Street Lights,WESTLAKE EAST RDWY AVE N BETWEEN HIGHLAND DR AND COMSTOCK ST,0,1,Y,3,3562839,Wet,51,PEDALCYCLIST STRUCK MOTOR VEHICLE FRONT END AT ANGLE,11349036,13550,0,1,Property Damage Only Collision,,45,Bicycle,Matched,N,1,Raining,0,"(47.630262952000066, -122.34074680299994)",0,0,N,2011-402025
86759,119860,119860,Intersection,Cycles,0,,,0,,04/02/2011 12:00:00 AM +0000,4/2/2011 10:34:00 PM,1,29734,At Intersection (intersection related),Dark - Street Lights On,BOYLSTON AVE AND E PINE ST,0,1,,2,3560052,Dry,51,PEDALCYCLIST STRUCK MOTOR VEHICLE FRONT END AT ANGLE,11092009,9375,0,2,Injury Collision,,45,Bicycle,Matched,Y,1,Overcast,0,"(47.61523114200003, -122.32341547099998)",10373,0,N,11-106217
86784,120424,120424,Intersection,Cycles,0,,,0,,05/17/2011 12:00:00 AM +0000,5/17/2011 11:55:00 PM,1,28642,At Intersection (intersection related),Dark - Street Lights On,QUEEN ANNE AVE N AND REPUBLICAN ST,0,1,Y,2,3375632,Dry,18,"MOTOR VEHICLE STRUCK PEDALCYCLIST, FRONT END AT ANGLE",11137005,12298,0,2,Injury Collision,,45,Bicycle,Matched,N,1,Clear or Partly Cloudy,0,"(47.623276813000075, -122.35671986099999)",0,0,N,11-157537
86788,120291,120291,Block,Cycles,268.5,,,0,Y,01/26/2011 12:00:00 AM +0000,1/26/2011 12:48:00 PM,1,,Mid-Block (not related to intersection),Daylight,SHILSHOLE AVE NW BETWEEN 15TH SB AVE NW AND NW 46TH ST,0,1,Y,3,3568607,Dry,18,"MOTOR VEHICLE STRUCK PEDALCYCLIST, FRONT END AT ANGLE",11026005,12826,0,2,Injury Collision,,45,Bicycle,Matched,N,1,Clear or Partly Cloudy,0,"(47.661900983000066, -122.37731009999999)",41891,0,N,11-30690
86823,122780,122780,Block,Cycles,328,,,0,,08/02/2011 12:00:00 AM +0000,8/2/2011,1,,Driveway Junction,Daylight,GREENWOOD AVE N BETWEEN N 87TH ST AND N 90TH ST,0,1,,3,3375045,Dry,18,"MOTOR VEHICLE STRUCK PEDALCYCLIST, FRONT END AT ANGLE",11214018,10754,0,2,Injury Collision,,45,Bicycle,Matched,0,1,Clear or Partly Cloudy,0,"(47.69331628200007, -122.35533015699997)",4677,0,N,11-251572
86928,122789,122789,Intersection,Cycles,0, ,,0,,05/01/2011 12:00:00 AM +0000,5/1/2011 2:01:00 PM,1,28764,At Intersection (intersection related),Daylight,MERCER SR ST AND WESTLAKE AVE N,0,1,Y,2,3383194,Dry,18,"MOTOR VEHICLE STRUCK PEDALCYCLIST, FRONT END AT ANGLE",11121003,11773,0,2,Injury Collision,,45,Bicycle,Matched,N,1,Clear or Partly Cloudy,0,"(47.62455236000005, -122.33843539399999)",24588,0,N,2011-138412
87011,121405,121405,Intersection,Cycles,0, ,,0,,09/15/2011 12:00:00 AM +0000,9/15/2011 9:23:00 AM,0,27167,At Intersection (intersection related),Daylight,UNIVERSITY WAY NE AND NE PACIFIC ST,0,1,,2,2614645,Dry,18,"MOTOR VEHICLE STRUCK PEDALCYCLIST, FRONT END AT ANGLE",11258001,13215,0,1,Property Damage Only Collision,,45,Bicycle,Matched,0,1,Clear or Partly Cloudy,0,"(47.65339944100003, -122.31333457599999)",0,522415,N,2011-304894
87013,121275,121275,Block,Cycles,124.5, ,,0,,07/23/2011 12:00:00 AM +0000,7/23/2011 5:56:00 PM,1,,Mid-Block (not related to intersection),Daylight,NE 45TH ST BETWEEN 1ST AVE NE AND 2ND AVE NE,0,1,Y,2,3466330,Dry,18,"MOTOR VEHICLE STRUCK PEDALCYCLIST, FRONT END AT ANGLE",11204015,16838,0,2,Injury Collision,,45,Bicycle,Matched,N,1,Clear or Partly Cloudy,0,"(47.661357277000036, -122.32775751099996)",6532,0,N,2011-239230
87024,122233,122233,Intersection,Cycles,0, ,,0,Y,11/06/2011 12:00:00 AM +0000,11/6/2011 8:50:00 PM,1,29172,At Intersection (intersection related),Dark - Street Lights On,MINOR AVE AND STEWART ST,0,1,Y,2,3562340,Dry,51,PEDALCYCLIST STRUCK MOTOR VEHICLE FRONT END AT ANGLE,11310006,11880,0,2,Injury Collision,,45,Bicycle,Matched,N,1,Clear or Partly Cloudy,0,"(47.61760953300006, -122.33185855999994)",0,630805,N,2011-361880
87064,122644,122644,Block,Cycles,77,,,0,,07/21/2011 12:00:00 AM +0000,7/21/2011 5:00:00 PM,1,,Mid-Block (not related to intersection),Daylight,15TH AVE S BETWEEN S BAYVIEW ST AND BEACON AVE S,0,1,Y,2,3545568,Dry,18,"MOTOR VEHICLE STRUCK PEDALCYCLIST, FRONT END AT ANGLE",11202032,2142,0,2,Injury Collision,,45,Bicycle,Matched,N,1,Clear or Partly Cloudy,0,"(47.58080546800005, -122.31341045799996)",15861,0,N,2011-236567
87065,122643,122643,Intersection,Cycles,0,,,0,,07/21/2011 12:00:00 AM +0000,7/21/2011 12:27:00 PM,1,29785,At Intersection (intersection related),Daylight,BOYLSTON AVE AND MARION ST,0,1,,2,3373702,Wet,26,MOTOR VEHICLE STRUCK OBJECT IN ROAD,11202004,9369,0,2,Injury Collision,,45,Bicycle,Matched,N,1,Overcast,0,"(47.61001650700007, -122.32115834099994)",0,0,N,11-236285
87095,121005,121005,Intersection,Cycles,0,,,0,,09/05/2011 12:00:00 AM +0000,9/5/2011,1,24245,At Intersection (intersection related),Daylight,STROUD AVE N AND EAST GREEN LAKE DR N,0,1,,2,3332722,Dry,18,"MOTOR VEHICLE STRUCK PEDALCYCLIST, FRONT END AT ANGLE",11248005,12974,0,2,Injury Collision,,45,Bicycle,Matched,0,1,Clear or Partly Cloudy,0,"(47.68542320600005, -122.336230194)",7361,0,N,11-293078
87212,122655,122655,Block,Cycles,291.5,,,0,,09/30/2011 12:00:00 AM +0000,9/30/2011 11:29:00 AM,1,,Driveway Junction,Daylight,E JAMES WAY BETWEEN BROADWAY AND E CHERRY ST,0,1,,2,3567303,Dry,54,PEDALCYCLIST STRUCK MOTOR VEHICLE REAR END,11273019,14215,0,2,Injury Collision,,45,Bicycle,Matched,0,1,Clear or Partly Cloudy,0,"(47.60764439900004, -122.31975523999995)",31015,0,N,11-321747
87244,122803,122803,Block,Cycles,329,,,0,,03/04/2011 12:00:00 AM +0000,3/4/2011 5:00:00 PM,1,,Mid-Block (not related to intersection),Daylight,CALIFORNIA AVE SW BETWEEN SW OREGON ST AND SW ALASKA ST,0,1,,2,3380282,Wet,56,PEDALCYCLIST STRUCK MOTOR VEHICLE LEFT SIDE SIDESWIPE,11063003,9553,0,2,Injury Collision,,45,Bicycle,Matched,N,1,Raining,0,"(47.56201041600008, -122.38677671199997)",2684,0,N,11-73180
87295,121977,121977,Block,Cycles,89,,,0,Y,08/24/2011 12:00:00 AM +0000,8/24/2011 11:29:00 AM,1,,Mid-Block (not related to intersection),Daylight,7TH AVE NE BETWEEN NE 45TH ST AND NE 45TH ST ON RP,0,1,,2,3466713,Dry,22,"MOTOR VEHICLE STRUCK PEDALCYCLIST, RIGHT SIDE SIDESWIPE",11236004,8174,1,2b,Serious Injury Collision,,45,Bicycle,Matched,0,1,Clear or Partly Cloudy,0,"(47.661561146000054, -122.32072623299996)",15369,0,N,2011 278172
87309,121834,121834,Block,Cycles,231.5,,,0,Y,01/17/2011 12:00:00 AM +0000,1/17/2011 11:39:00 AM,1,,Mid-Block (not related to intersection),Daylight,ELLIOTT AVE BETWEEN LENORA ST AND BLANCHARD ST,0,1,,2,3560777,Dry,18,"MOTOR VEHICLE STRUCK PEDALCYCLIST, FRONT END AT ANGLE",11017002,10200,0,2,Injury Collision,,45,Bicycle,Matched,N,1,Overcast,0,"(47.61140322500006, -122.34564345499996)",29765,0,N,11-19398
87330,122816,122816,Block,Cycles,163,,,0,,06/30/2011 12:00:00 AM +0000,6/30/2011 12:57:00 PM,1,,Mid-Block (not related to intersection),Daylight,UNIVERSITY WAY NE BETWEEN NE 55TH ST AND NE 56TH ST,0,1,,2,3559194,Dry,21,"MOTOR VEHICLE STRUCK PEDALCYCLIST, REAR END",11181013,13226,0,2,Injury Collision,,45,Bicycle,Matched,N,1,Overcast,0,"(47.668993304000026, -122.31302081299998)",5582,0,N,11-210148
87355,122527,122527,Intersection,Cycles,0,,,0,,06/02/2011 12:00:00 AM +0000,6/2/2011,1,29508,,Daylight,DENNY WAY AND TERRY AVE,0,1,,2,3329632,Unknown,00,NOT ENOUGH INFORMATION / NOT APPLICABLE,11153027,10016,0,2,Injury Collision,,45,Bicycle,Matched,0,1,Clear or Partly Cloudy,0,"(47.61852939200003, -122.33728173199995)",23507,0,N,11-176119
87381,121027,121027,Intersection,Cycles,0,,,0,,09/08/2011 12:00:00 AM +0000,9/8/2011,1,29293,At Intersection (intersection related),Daylight,27TH AVE E AND E MADISON S ST,0,1,,3,3566353,Dry,51,PEDALCYCLIST STRUCK MOTOR VEHICLE FRONT END AT ANGLE,11251014,14359,0,2,Injury Collision,,45,Bicycle,Matched,0,1,Clear or Partly Cloudy,0,"(47.62258860700007, -122.29750233599998)",34580,0,N,2011-296616
87394,120742,120742,Intersection,Cycles,0,,,0,,08/01/2011 12:00:00 AM +0000,8/1/2011,1,29757,At Intersection (intersection related),Daylight,BROADWAY AND E UNION ST,0,1,,2,3287431,Dry,51,PEDALCYCLIST STRUCK MOTOR VEHICLE FRONT END AT ANGLE,11213012,9446,0,2,Injury Collision,,45,Bicycle,Matched,0,1,Clear or Partly Cloudy,0,"(47.61296336300006, -122.32076237799998)",9234,0,N,11-250064
87480,122828,122828,Block,Cycles,104.5, ,,0,,04/30/2011 12:00:00 AM +0000,4/30/2011 4:55:00 PM,2,,Mid-Block (not related to intersection),Daylight,11TH AV SW ACCESS RD BETWEEN 13TH AVE SW AND KLICKITAT ER AVE SW,0,1,,2,3380426,Dry,51,PEDALCYCLIST STRUCK MOTOR VEHICLE FRONT END AT ANGLE,11120035,503982,2,2b,Serious Injury Collision,,45,Bicycle,Matched,N,1,Clear or Partly Cloudy,0,"(47.57286929400004, -122.35263643799999)",0,525537,N,2011-137442
87488,122820,122820,Intersection,Cycles,0,,,0,,04/27/2011 12:00:00 AM +0000,4/27/2011 1:36:00 PM,1,29817,At Intersection (intersection related),Daylight,BOREN AVE AND JEFFERSON ST,0,1,,2,3332045,Wet,51,PEDALCYCLIST STRUCK MOTOR VEHICLE FRONT END AT ANGLE,11117005,9309,0,2,Injury Collision,,45,Bicycle,Matched,N,1,Overcast,0,"(47.60576976800007, -122.32187715399999)",10442,0,N,11-133761
87528,121036,121036,Intersection,Cycles,0,,,0,,06/27/2011 12:00:00 AM +0000,6/27/2011 12:26:00 PM,1,30426,At Intersection (intersection related),Daylight,10TH AVE S AND S JACKSON ST,0,1,,2,3566226,Dry,18,"MOTOR VEHICLE STRUCK PEDALCYCLIST, FRONT END AT ANGLE",11178005,1324,0,2,Injury Collision,,45,Bicycle,Matched,N,1,Overcast,0,"(47.59918404800004, -122.31963858299997)",24474,0,N,11-206 432
87554,121719,121719,Intersection,Cycles,0,,,0,Y,06/11/2011 12:00:00 AM +0000,6/11/2011 6:50:00 PM,1,24499,At Intersection (intersection related),Daylight,ROOSEVELT WAY NE AND NE 66TH ST,0,1,Y,2,3565095,Dry,51,PEDALCYCLIST STRUCK MOTOR VEHICLE FRONT END AT ANGLE,11162025,12616,0,2,Injury Collision,,45,Bicycle,Matched,N,1,Clear or Partly Cloudy,0,"(47.67655440100003, -122.31737321599996)",9394,0,N,11-187364
87665,121584,121584,Block,Cycles,133,,,0,,07/05/2011 12:00:00 AM +0000,7/5/2011 8:44:00 AM,1,,Mid-Block (but intersection related),Daylight,8TH AVE NW BETWEEN NW 56TH ST AND NW 57TH ST,0,1,Y,2,3466986,Dry,54,PEDALCYCLIST STRUCK MOTOR VEHICLE REAR END,11186023,8385,0,2,Injury Collision,,45,Bicycle,Matched,N,1,Clear or Partly Cloudy,0,"(47.669793983000034, -122.36617636099999)",2426,0,N,2011-216803
87670,121452,121452,Block,Cycles,161,,,0,,12/27/2011 12:00:00 AM +0000,12/27/2011 2:49:00 PM,1,,Driveway Junction,Daylight,CHERRY ST BETWEEN 1ST AVE AND 2ND AVE,0,1,,2,3377709,Wet,51,PEDALCYCLIST STRUCK MOTOR VEHICLE FRONT END AT ANGLE,11361002,9659,0,2,Injury Collision,,45,Bicycle,Matched,N,1,Raining,0,"(47.60278664400005, -122.333728383)",13300,0,N,11-413014
87703,122142,122142,Intersection,Cycles,0, ,,0,,06/27/2011 12:00:00 AM +0000,6/27/2011 9:39:00 AM,1,24323,At Intersection (intersection related),Daylight,FREMONT AVE N AND N 73RD ST,0,1,,2,3569074,Dry,51,PEDALCYCLIST STRUCK MOTOR VEHICLE FRONT END AT ANGLE,11178004,10516,1,2b,Serious Injury Collision,,45,Bicycle,Matched,N,1,Clear or Partly Cloudy,0,"(47.68180341500005, -122.34989069199997)",0,0,N,11-206282
87716,122002,122002,Intersection,Cycles,0,,,0,,05/11/2011 12:00:00 AM +0000,5/11/2011 10:01:00 AM,1,27179,At Intersection (intersection related),Daylight,4TH AVE NE AND NE 45TH ST,0,1,Y,2,3569069,Dry,51,PEDALCYCLIST STRUCK MOTOR VEHICLE FRONT END AT ANGLE,11131027,6177,0,2,Injury Collision,,45,Bicycle,Matched,N,1,Clear or Partly Cloudy,0,"(47.66133870400006, -122.32403639299997)",6552,0,N,11-149977
87769,121051,121051,Intersection,Cycles,0, ,,0,,09/10/2011 12:00:00 AM +0000,9/10/2011 5:46:00 PM,1,35094,At Intersection (intersection related),Daylight,8TH AVE S AND S CLOVERDALE ST,0,1,Y,2,2825325,Dry,51,PEDALCYCLIST STRUCK MOTOR VEHICLE FRONT END AT ANGLE,11253007,8464,0,2,Injury Collision,,45,Bicycle,Matched,N,1,Clear or Partly Cloudy,0,"(47.52646547400008, -122.32291561299996)",0,521995,N,11-299622
87852,122286,122286,Block,Cycles,165.5,,,0,,07/31/2011 12:00:00 AM +0000,7/31/2011 10:08:00 AM,0,,Mid-Block (not related to intersection),Daylight,W GARFIELD ST BETWEEN 1ST AVE W AND 2ND AVE W,0,1,,3,3373249,Dry,18,"MOTOR VEHICLE STRUCK PEDALCYCLIST, FRONT END AT ANGLE",11212020,23363,0,1,Property Damage Only Collision,,45,Bicycle,Matched,0,1,Overcast,0,"(47.63352957800004, -122.35899387599994)",0,0,N,2011-248735