OBJECTID,INCKEY,COLDETKEY,ADDRTYPE,COLLISIONTYPE,DISTANCE,EXCEPTRSNCODE,EXCEPTRSNDESC,FATALITIES,INATTENTIONIND,INCDATE,INCDTTM,INJURIES,INTKEY,JUNCTIONTYPE,LIGHTCOND,LOCATION,PEDCOUNT,PEDCYLCOUNT,PEDROWNOTGRNT,PERSONCOUNT,REPORTNO,ROADCOND,SDOT_COLCODE,SDOT_COLDESC,SDOTCOLNUM,SEGKEY,SERIOUSINJURIES,SEVERITYCODE,SEVERITYDESC,SPEEDING,ST_COLCODE,ST_COLDESC,STATUS,UNDERINFL,VEHCOUNT,WEATHER,WIDTH,Shape,SEGLANEKEY,CROSSWALKKEY,HITPARKEDCAR,SPDCASENO
87877,122005,122005,Block,Cycles,105,,,0,,08/22/2011 12:00:00 AM +0000,8/22/2011 4:28:00 PM,1,,Driveway Junction,Daylight,N 45TH ST BETWEEN N MIDVALE PL AND STONE WAY N,0,1,,2,3376808,Dry,51,PEDALCYCLIST STRUCK MOTOR VEHICLE FRONT END AT ANGLE,11234032,15541,0,2,Injury Collision,,45,Bicycle,Matched,N,1,Clear or Partly Cloudy,0,"(47.66138521000005, -122.34257407399997)",28177,0,N,11-276047
87894,122852,122852,Block,Cycles,551,,,0,,07/17/2011 12:00:00 AM +0000,7/17/2011 12:24:00 PM,1,,Mid-Block (not related to intersection),Daylight,M L KING JR WAY S BETWEEN S BAYVIEW S ST AND S MCCLELLAN ST,0,1,,3,3335742,Wet,18,"MOTOR VEHICLE STRUCK PEDALCYCLIST, FRONT END AT ANGLE",11198022,11518,0,2,Injury Collision,,45,Bicycle,Matched,N,1,Raining,0,"(47.57985835000005, -122.29622234899995)",6643,0,N,2011-231544
87908,122694,122694,Intersection,Cycles,0, ,,0,,05/06/2011 12:00:00 AM +0000,5/6/2011 9:44:00 PM,0,30542,At Intersection (intersection related),Dark - Street Lights On,6TH AVE S AND S DEARBORN ST,0,1,Y,2,3375978,Wet,51,PEDALCYCLIST STRUCK MOTOR VEHICLE FRONT END AT ANGLE,11126011,7987,0,1,Property Damage Only Collision,,45,Bicycle,Matched,N,1,Raining,0,"(47.59583727300003, -122.32637379799996)",0,522031,N,2011-145113
87960,122151,122151,Block,Cycles,150.5,,,0,,06/04/2011 12:00:00 AM +0000,6/4/2011 5:06:00 PM,1,,Mid-Block (not related to intersection),Daylight,EAST GREEN LAKE DR N BETWEEN ORIN CT N AND N 77TH ST,0,1,,3,3564981,Dry,21,"MOTOR VEHICLE STRUCK PEDALCYCLIST, REAR END",11155022,14065,0,2,Injury Collision,,45,Bicycle,Matched,N,1,Clear or Partly Cloudy,0,"(47.68405545100006, -122.334665514)",7347,0,N,11-178635
88021,122296,122296,Block,Cycles,152,,,0,,08/11/2011 12:00:00 AM +0000,8/11/2011 11:34:00 AM,1,,Mid-Block (not related to intersection),Daylight,ALASKAN WAY BETWEEN COLUMBIA ST AND MARION ST,0,1,,2,3562385,Dry,18,"MOTOR VEHICLE STRUCK PEDALCYCLIST, FRONT END AT ANGLE",11223010,8718,0,2,Injury Collision,,45,Bicycle,Matched,0,1,Clear or Partly Cloudy,0,"(47.60270291300003, -122.33746652099995)",38501,0,N,11-262815
88085,121612,121612,Intersection,Cycles,0, ,,0,,07/20/2011 12:00:00 AM +0000,7/20/2011 5:51:00 PM,0,31345,At Intersection (intersection related),Daylight,1ST AVE S AND S HOLGATE ST,0,1,Y,2,3373261,Dry,18,"MOTOR VEHICLE STRUCK PEDALCYCLIST, FRONT END AT ANGLE",11201006,1205,0,1,Property Damage Only Collision,,45,Bicycle,Matched,N,1,Clear or Partly Cloudy,0,"(47.586103768000044, -122.33419784399996)",0,0,N,11-235348
88104,121886,121886,Intersection,Cycles,0, ,,0,,10/12/2011 12:00:00 AM +0000,10/12/2011 8:40:00 AM,1,36585,At Intersection (intersection related),Daylight,CORLISS AVE N AND N NORTHGATE WAY,0,1,Y,2,3545201,Dry,18,"MOTOR VEHICLE STRUCK PEDALCYCLIST, FRONT END AT ANGLE",11285004,16120,0,2,Injury Collision,,45,Bicycle,Matched,0,1,Overcast,0,"(47.70864592500004, -122.33131365399998)",0,525659,N,2011-334464
88189,121072,121072,Block,Cycles,330,,,0,,10/20/2011 12:00:00 AM +0000,10/20/2011 11:37:00 AM,1,,Mid-Block (not related to intersection),Daylight,CALIFORNIA AVE SW BETWEEN SW GENESEE ST AND SW OREGON ST,0,1,,2,3288339,Dry,56,PEDALCYCLIST STRUCK MOTOR VEHICLE LEFT SIDE SIDESWIPE,11293027,9552,0,2,Injury Collision,,45,Bicycle,Matched,N,1,Clear or Partly Cloudy,0,"(47.56381733100005, -122.38677345999997)",2674,0,N,2011-342691
88192,120940,120940,Block,Cycles,161,,,0,,01/13/2011 12:00:00 AM +0000,1/13/2011 7:48:00 PM,1,,Mid-Block (but intersection related),Dark - Street Lights On,HOWELL ST BETWEEN MINOR AVE AND YALE AVE,0,1,Y,2,3377752,Wet,21,"MOTOR VEHICLE STRUCK PEDALCYCLIST, REAR END",11013007,10964,0,2,Injury Collision,,45,Bicycle,Matched,0,1,Raining,0,"(47.61717154400003, -122.33013020399994)",14399,0,N,11 15211
88285,122874,122874,Intersection,Cycles,0,,,0,,08/26/2011 12:00:00 AM +0000,8/26/2011 5:21:00 PM,1,28741,At Intersection (intersection related),Daylight,DEXTER AVE N AND ROY ST,0,1,,2,3383699,Dry,51,PEDALCYCLIST STRUCK MOTOR VEHICLE FRONT END AT ANGLE,11238010,10078,0,2,Injury Collision,,45,Bicycle,Matched,0,1,Clear or Partly Cloudy,0,"(47.62540330500008, -122.34234200999998)",12712,0,N,2011-281077
88358,120808,120808,Intersection,Cycles,0,,,0,,08/11/2011 12:00:00 AM +0000,8/11/2011 11:02:00 PM,0,29510,At Intersection (intersection related),Dark - Street Lights On,DENNY WAY AND WESTLAKE AVE,0,1,,4,3562915,Dry,18,"MOTOR VEHICLE STRUCK PEDALCYCLIST, FRONT END AT ANGLE",11223023,10015,0,1,Property Damage Only Collision,,45,Bicycle,Matched,0,2,Clear or Partly Cloudy,0,"(47.618534269000065, -122.33848456799996)",37291,0,N,2011-263542
88410,120815,120815,Block,Cycles,182.5,,,0,,04/25/2011 12:00:00 AM +0000,4/25/2011 6:15:00 AM,1,,Mid-Block (not related to intersection),Daylight,2ND AVE W BETWEEN W ROY ST AND W OLYMPIC PL,0,1,Y,2,3383574,Wet,18,"MOTOR VEHICLE STRUCK PEDALCYCLIST, FRONT END AT ANGLE",11115026,2904,1,2b,Serious Injury Collision,,45,Bicycle,Matched,N,1,Raining,0,"(47.62622348100007, -122.35930971699997)",30580,0,N,11-131376
88451,122592,122592,Intersection,Cycles,0,,,0,Y,09/26/2011 12:00:00 AM +0000,9/26/2011 1:30:00 PM,0,35767,At Intersection (intersection related),Unknown,STONE AVE N AND N 125TH ST,0,1,Y,2,3552836,Wet,51,PEDALCYCLIST STRUCK MOTOR VEHICLE FRONT END AT ANGLE,11269033,12946,0,1,Property Damage Only Collision,,45,Bicycle,Matched,0,1,Raining,0,"(47.71957175000006, -122.342248026)",5605,0,N,11-317444
88461,121501,121501,Block,Cycles,122, ,,0,,05/20/2011 12:00:00 AM +0000,5/20/2011 6:15:00 PM,0,,Mid-Block (not related to intersection),Daylight,ROOSEVELT WAY NE BETWEEN NE 52ND ST AND NE 53RD ST,0,1,,2,3559485,Dry,51,PEDALCYCLIST STRUCK MOTOR VEHICLE FRONT END AT ANGLE,11140022,12602,0,1,Property Damage Only Collision,,45,Bicycle,Matched,N,1,Clear or Partly Cloudy,0,"(47.66677002800003, -122.31738361199996)",9132,0,N,11-161719
88468,120954,120954,Block,Cycles,341.5,,,0,Y,05/20/2011 12:00:00 AM +0000,5/20/2011 9:30:00 AM,2,,Mid-Block (not related to intersection),Daylight,15TH AVE NE BETWEEN COWEN PL NE AND NE 62ND ST,0,1,,3,2802591,Dry,55,PEDALCYCLIST STRUCK MOTOR VEHICLE RIGHT SIDE SIDESWIPE,11140023,2045,0,2,Injury Collision,,45,Bicycle,Matched,N,1,Clear or Partly Cloudy,0,"(47.67304060600003, -122.31191149199998)",29052,0,N,11-161697
88472,121365,121365,Block,Cycles,99.5,,,0,,08/25/2011 12:00:00 AM +0000,8/25/2011 1:16:00 PM,1,,Mid-Block (not related to intersection),Daylight,STONE WAY N BETWEEN N 40TH ST AND N LUCAS PL,0,1,,2,3466507,Dry,55,PEDALCYCLIST STRUCK MOTOR VEHICLE RIGHT SIDE SIDESWIPE,11237012,12961,0,2,Injury Collision,,45,Bicycle,Matched,0,1,Clear or Partly Cloudy,0,"(47.65565365200007, -122.34242594099999)",6319,0,N,11-279490
88522,121912,121912,Intersection,Cycles,0, ,,0,,06/03/2011 12:00:00 AM +0000,6/3/2011 2:00:00 PM,1,29047,At Intersection (intersection related),Daylight,HARVARD AVE E AND E THOMAS ST,0,1,Y,2,3283230,Dry,18,"MOTOR VEHICLE STRUCK PEDALCYCLIST, FRONT END AT ANGLE",11154008,10847,0,2,Injury Collision,,45,Bicycle,Matched,N,1,Clear or Partly Cloudy,0,"(47.62106633700006, -122.32222485499994)",0,0,N,11-177097
88540,122603,122603,Intersection,Cycles,0,,,0,,07/22/2011 12:00:00 AM +0000,7/22/2011 4:33:00 PM,0,28303,At Intersection (intersection related),Daylight,EASTLAKE AVE E AND E LOUISA ST,0,1,,2,3565980,Dry,51,PEDALCYCLIST STRUCK MOTOR VEHICLE FRONT END AT ANGLE,11203007,10178,0,1,Property Damage Only Collision,,45,Bicycle,Matched,N,1,Clear or Partly Cloudy,0,"(47.64203050000003, -122.32588836999997)",24739,0,N,11-237853
88547,122466,122466,Intersection,Cycles,0,,,0,,02/13/2011 12:00:00 AM +0000,2/13/2011 10:09:00 PM,1,29809,At Intersection (intersection related),Dark - Street Lights On,12TH AVE AND E JEFFERSON ST,0,1,,2,3559806,Wet,51,PEDALCYCLIST STRUCK MOTOR VEHICLE FRONT END AT ANGLE,11044006,1529,0,2,Injury Collision,,45,Bicycle,Matched,N,1,Raining,0,"(47.60620304500003, -122.31678046599995)",10636,0,N,11-52891
88596,120825,120825,Intersection,Cycles,0,,,0,,03/08/2011 12:00:00 AM +0000,3/8/2011 9:18:00 AM,0,29761,At Intersection (intersection related),Daylight,12TH AVE AND E MADISON ST,0,1,,2,3283030,Wet,69,PEDALCYCLIST OVERTURNED IN ROAD,11067036,1536,0,1,Property Damage Only Collision,,45,Bicycle,Matched,N,1,Raining,0,"(47.61288923600006, -122.31673339099996)",9272,0,N,11-77180
88622,121511,121511,Block,Cycles,133,,,0,,01/18/2011 12:00:00 AM +0000,1/18/2011 6:00:00 PM,1,,Mid-Block (not related to intersection),Dark - Street Lights On,24TH AVE NW BETWEEN NW 61ST ST AND NW 62ND ST,0,1,Y,2,3375041,Dry,51,PEDALCYCLIST STRUCK MOTOR VEHICLE FRONT END AT ANGLE,11018025,3596,0,2,Injury Collision,,45,Bicycle,Matched,N,1,Clear or Partly Cloudy,0,"(47.67346571500008, -122.38758610899998)",2126,0,N,11-21079
88698,121925,121925,Intersection,Cycles,0,,,0,,09/01/2011 12:00:00 AM +0000,9/1/2011,1,28300,At Intersection (intersection related),Daylight,EASTLAKE AVE E AND E ROANOKE ST,0,1,,2,3283075,Dry,51,PEDALCYCLIST STRUCK MOTOR VEHICLE FRONT END AT ANGLE,11244003,10179,0,2,Injury Collision,,45,Bicycle,Matched,0,1,Clear or Partly Cloudy,0,"(47.643190643000025, -122.32588681199996)",24724,0,N,2011-287752
88726,122902,122902,Block,Cycles,166.5,,,0,,04/20/2011 12:00:00 AM +0000,4/20/2011 6:39:00 PM,1,,Mid-Block (not related to intersection),Daylight,2ND AV ET S BETWEEN S JACKSON ST AND S MAIN ST,0,1,,2,3375787,Dry,51,PEDALCYCLIST STRUCK MOTOR VEHICLE FRONT END AT ANGLE,11110023,2924,0,2,Injury Collision,,45,Bicycle,Matched,N,1,Clear or Partly Cloudy,0,"(47.59959343600008, -122.33000949799998)",35951,0,N,11-126352
88751,121248,121248,Intersection,Cycles,0,,,0,,10/17/2011 12:00:00 AM +0000,10/17/2011 2:16:00 PM,1,26897,At Intersection (intersection related),Daylight,STONE WAY N AND N 35TH ST,0,1,Y,2,3466517,Dry,51,PEDALCYCLIST STRUCK MOTOR VEHICLE FRONT END AT ANGLE,11290004,12956,0,2,Injury Collision,,45,Bicycle,Matched,0,1,Clear or Partly Cloudy,0,"(47.64941986700006, -122.34273258699994)",6280,0,N,11-339782
88755,122611,122611,Intersection,Cycles,0, ,,0,,07/14/2011 12:00:00 AM +0000,7/14/2011 6:08:00 AM,1,30363,At Intersection (intersection related),Dawn,ALASKAN WAY S AND S MAIN ST,0,1,Y,2,2805035,Dry,18,"MOTOR VEHICLE STRUCK PEDALCYCLIST, FRONT END AT ANGLE",11195005,8737,0,2,Injury Collision,,45,Bicycle,Matched,N,1,Overcast,0,"(47.60004611100004, -122.335910765)",0,524754,N,11-227646
88770,121789,121789,Block,Cycles,153,,,0,Y,11/12/2011 12:00:00 AM +0000,11/12/2011 3:16:00 PM,0,,Mid-Block (but intersection related),Daylight,4TH AVE BETWEEN SENECA ST AND UNIVERSITY ST,0,1,,2,3560539,Wet,21,"MOTOR VEHICLE STRUCK PEDALCYCLIST, REAR END",11316014,6128,0,1,Property Damage Only Collision,,45,Bicycle,Matched,N,1,Raining,0,"(47.60787026700007, -122.33453890899995)",12735,0,N,11-367992
88816,122484,122484,Intersection,Cycles,0,,,0,,09/11/2011 12:00:00 AM +0000,9/11/2011 8:07:00 PM,1,29689,At Intersection (intersection related),Dusk,3RD AVE AND BELL ST,0,1,,2,3560851,Dry,18,"MOTOR VEHICLE STRUCK PEDALCYCLIST, FRONT END AT ANGLE",11254001,4390,0,2,Injury Collision,,45,Bicycle,Matched,0,1,Clear or Partly Cloudy,0,"(47.61470458600007, -122.34479351999994)",35672,0,N,11-300972
88907,121393,121393,Intersection,Cycles,0,,,0,,08/03/2011 12:00:00 AM +0000,8/3/2011,1,352611,At Intersection (intersection related),Daylight,M L KING JR WR WAY S AND S CHARLESTOWN ST,0,1,,2,3374046,Dry,00,NOT ENOUGH INFORMATION / NOT APPLICABLE,11215002,11529,0,2,Injury Collision,,45,Bicycle,Matched,0,1,Clear or Partly Cloudy,0,"(47.57015285600005, -122.29696826199995)",0,0,N,2011-252428
88957,121533,121533,Intersection,Cycles,0,,,0,,02/08/2011 12:00:00 AM +0000,2/8/2011 6:54:00 AM,1,24493,At Intersection (intersection related),Dawn,NE 65TH ST AND NE RAVENNA EB BV,0,1,Y,2,3287274,Dry,51,PEDALCYCLIST STRUCK MOTOR VEHICLE FRONT END AT ANGLE,11039001,17256,0,2,Injury Collision,,45,Bicycle,Matched,N,1,Clear or Partly Cloudy,0,"(47.675872018000064, -122.32233079999997)",0,0,N,11-45967
89008,122356,122356,Block,Cycles,161,,,0,,08/13/2011 12:00:00 AM +0000,8/13/2011 12:36:00 AM,1,,Mid-Block (not related to intersection),Dark - Street Lights On,S JACKSON ST BETWEEN 1ST AVE S AND OCCIDENTAL AVE S,0,1,,2,3208407,Dry,11,"MOTOR VEHICLE STRUCK MOTOR VEHICLE, FRONT END AT ANGLE",11225007,20482,0,2,Injury Collision,,45,Bicycle,Matched,0,1,Clear or Partly Cloudy,0,"(47.599203860000046, -122.33353724299997)",4844,0,N,11-264912
89036,123341,123341,Intersection,Cycles,0,,,0,,09/01/2011 12:00:00 AM +0000,9/1/2011,1,29535,At Intersection (intersection related),Daylight,6TH AVE AND BLANCHARD ST,0,1,,5,3561216,Dry,51,PEDALCYCLIST STRUCK MOTOR VEHICLE FRONT END AT ANGLE,11244013,7891,0,2,Injury Collision,,45,Bicycle,Matched,0,1,Clear or Partly Cloudy,0,"(47.61592967000007, -122.34091505199996)",14205,0,N,11-288427
89038,123339,123339,Intersection,Cycles,0, ,,0,,04/24/2011 12:00:00 AM +0000,4/24/2011 12:11:00 AM,1,36501,At Intersection (intersection related),Dark - Street Lights On,ROOSEVELT WAY NE AND NE NORTHGATE WAY,0,1,,3,3374638,Dry,51,PEDALCYCLIST STRUCK MOTOR VEHICLE FRONT END AT ANGLE,11114004,12653,0,2,Injury Collision,,45,Bicycle,Matched,Y,1,Clear or Partly Cloudy,0,"(47.708560987000055, -122.31785220899997)",7757,0,N,11-130063
89055,123622,123622,Intersection,Cycles,0,,,0,,06/01/2011 12:00:00 AM +0000,6/1/2011,1,30355,At Intersection (intersection related),Daylight,2ND AVE AND CHERRY ST,0,1,Y,3,3383719,Dry,18,"MOTOR VEHICLE STRUCK PEDALCYCLIST, FRONT END AT ANGLE",11152012,2750,0,2,Injury Collision,,45,Bicycle,Matched,0,1,Overcast,0,"(47.60301939300007, -122.33317224599995)",12035,0,N,11-174869
89128,125154,125154,Intersection,Cycles,0,,,0,,07/02/2011 12:00:00 AM +0000,7/2/2011 1:33:00 PM,1,29740,At Intersection (intersection related),Daylight,12TH AVE AND E PINE ST,0,1,Y,2,3329695,Dry,21,"MOTOR VEHICLE STRUCK PEDALCYCLIST, REAR END",11183019,1547,0,2,Injury Collision,,45,Bicycle,Matched,N,1,Clear or Partly Cloudy,0,"(47.61526393300005, -122.31685416899995)",10420,0,N,11-212725
89179,123490,123490,Block,Cycles,183,,,0,,08/27/2011 12:00:00 AM +0000,8/27/2011 2:48:00 AM,1,,,Dark - Street Lights On,24TH AVE E BETWEEN E PROSPECT ST AND E HIGHLAND DR,0,1,,1,3566422,Dry,00,NOT ENOUGH INFORMATION / NOT APPLICABLE,11239022,3543,1,2b,Serious Injury Collision,,45,Bicycle,Matched,1,0,Clear or Partly Cloudy,0,"(47.629767859000026, -122.30165716599998)",22525,0,N,11-281730
89217,124326,124326,Intersection,Cycles,0, ,,0,,10/28/2011 12:00:00 AM +0000,10/28/2011 3:10:00 AM,1,29535,At Intersection (intersection related),Dark - Street Lights On,6TH AVE AND BLANCHARD ST,0,2,,2,3546578,Dry,51,PEDALCYCLIST STRUCK MOTOR VEHICLE FRONT END AT ANGLE,11301038,7891,0,2,Injury Collision,,45,Bicycle,Matched,0,0,Clear or Partly Cloudy,0,"(47.61592967000007, -122.34091505199996)",14204,0,N,11-351136
89311,124049,124049,Block,Cycles,124.5,,,0,Y,09/10/2011 12:00:00 AM +0000,9/10/2011 4:45:00 PM,1,,Mid-Block (not related to intersection),Daylight,NE 45TH ST BETWEEN 1ST AVE NE AND 2ND AVE NE,0,1,,3,3564992,Dry,51,PEDALCYCLIST STRUCK MOTOR VEHICLE FRONT END AT ANGLE,11253023,16838,0,2,Injury Collision,,45,Bicycle,Matched,N,1,Clear or Partly Cloudy,0,"(47.661357277000036, -122.32775751099996)",6532,0,N,2011-299567
89436,122949,122949,Intersection,Cycles,0,,,0,,01/14/2011 12:00:00 AM +0000,1/14/2011 8:30:00 AM,0,37389,At Intersection (intersection related),Unknown,FREMONT AVE N AND N 103RD ST,0,1,,2,3378083,Wet,18,"MOTOR VEHICLE STRUCK PEDALCYCLIST, FRONT END AT ANGLE",11014014,10546,0,1,Property Damage Only Collision,,45,Bicycle,Matched,N,1,Raining,0,"(47.703618764000055, -122.35005769599996)",0,0,N,11-15810
89502,123928,123928,Intersection,Cycles,0,,,0,,08/19/2011 12:00:00 AM +0000,8/19/2011 6:32:00 PM,1,30175,At Intersection (intersection related),Daylight,21ST AVE AND E CHERRY ST,0,1,,3,3566420,Dry,51,PEDALCYCLIST STRUCK MOTOR VEHICLE FRONT END AT ANGLE,11231006,3103,0,2,Injury Collision,,45,Bicycle,Matched,0,1,Clear or Partly Cloudy,0,"(47.60801396200003, -122.30502495999997)",9550,0,N,11-272671
89522,124614,124614,Intersection,Cycles,0,,,0,,09/15/2011 12:00:00 AM +0000,9/15/2011 8:50:00 AM,1,29414,At Intersection (intersection related),Daylight,37TH AVE E AND E MADISON ST,0,1,,2,3566384,Dry,51,PEDALCYCLIST STRUCK MOTOR VEHICLE FRONT END AT ANGLE,11258004,5690,0,2,Injury Collision,,45,Bicycle,Matched,0,1,Clear or Partly Cloudy,0,"(47.63074651300008, -122.28546357999994)",0,0,N,11-304860
89527,124761,124761,Intersection,Cycles,0,,,0,,09/20/2011 12:00:00 AM +0000,9/20/2011 6:00:00 PM,1,30511,At Intersection (intersection related),Daylight,6TH AVE S AND S JACKSON ST,0,1,,2,3560903,Dry,51,PEDALCYCLIST STRUCK MOTOR VEHICLE FRONT END AT ANGLE,11263031,7983,0,2,Injury Collision,,45,Bicycle,Matched,0,1,Clear or Partly Cloudy,0,"(47.599192756000036, -122.326360524)",24407,0,N,11-310807
89546,123098,123098,Intersection,Cycles,0, ,,0,,07/11/2011 12:00:00 AM +0000,7/11/2011 12:16:00 PM,0,37185,At Intersection (intersection related),Daylight,1ST AVE NW AND NW 85TH ST,0,1,Y,2,3552787,Dry,18,"MOTOR VEHICLE STRUCK PEDALCYCLIST, FRONT END AT ANGLE",11192003,1157,0,1,Property Damage Only Collision,,45,Bicycle,Matched,N,1,Clear or Partly Cloudy,0,"(47.69061033100007, -122.35798194999995)",0,521017,N,11-224390
89561,124903,124903,Intersection,Cycles,0,,,0,,09/05/2011 12:00:00 AM +0000,9/5/2011,1,36325,At Intersection (intersection related),Dusk,DENSMORE AVE N AND N 122ND ST,0,1,,3,3564593,Dry,18,"MOTOR VEHICLE STRUCK PEDALCYCLIST, FRONT END AT ANGLE",11248024,10054,0,2,Injury Collision,,45,Bicycle,Matched,0,1,Clear or Partly Cloudy,0,"(47.71711499400004, -122.33729387399995)",5656,0,N,2011-293134
89630,124484,124484,Intersection,Cycles,0,,,0,,09/19/2011 12:00:00 AM +0000,9/19/2011 3:30:00 PM,1,30125,At Intersection (intersection related),Daylight,19TH AVE AND E MADISON ST,0,1,,2,3559644,Dry,18,"MOTOR VEHICLE STRUCK PEDALCYCLIST, FRONT END AT ANGLE",11262004,2651,0,2,Injury Collision,,45,Bicycle,Matched,0,1,Clear or Partly Cloudy,0,"(47.61673275900006, -122.30740915799998)",8688,0,N,11-309554
89695,123524,123524,Block,Cycles,334.5,,,0,,01/06/2011 12:00:00 AM +0000,1/6/2011 7:35:00 AM,1,,Mid-Block (not related to intersection),Daylight,S COLUMBIAN WAY BETWEEN S SPOKANE ST AND 15TH AVS TURN RD,0,1,Y,2,3387315,Wet,23,"MOTOR VEHICLE STRUCK PEDALCYCLIST, LEFT SIDE SIDESWIPE",11006042,19691,0,2,Injury Collision,,45,Bicycle,Matched,N,1,Overcast,0,"(47.570746394000025, -122.314147419)",24534,0,N,2011-6425
89706,123241,123241,Intersection,Cycles,0, ,,0,,10/05/2011 12:00:00 AM +0000,10/5/2011,1,27299,At Intersection (intersection related),Daylight,MONTLAKE BLVD NE AND NE PACIFIC ST,0,1,Y,2,3466718,Wet,18,"MOTOR VEHICLE STRUCK PEDALCYCLIST, FRONT END AT ANGLE",11278008,11910,0,2,Injury Collision,,45,Bicycle,Matched,0,1,Raining,0,"(47.648997404000056, -122.30459125899995)",0,524625,N,2011-327318
89752,123662,123662,Block,Cycles,155.5,,,0,,07/04/2011 12:00:00 AM +0000,7/4/2011 10:37:00 PM,1,,Mid-Block (not related to intersection),Dark - Street Lights On,N MOTOR PL BETWEEN LINDEN AVE N AND AURORA AVE N,0,1,,2,3568580,Dry,00,NOT ENOUGH INFORMATION / NOT APPLICABLE,11185006,16107,0,2,Injury Collision,,45,Bicycle,Matched,N,1,Clear or Partly Cloudy,0,"(47.65865142500007, -122.34796270299995)",16854,0,N,2011-216050
89859,123955,123955,Intersection,Cycles,0, ,,0,,08/19/2011 12:00:00 AM +0000,8/19/2011 4:50:00 PM,1,29658,At Intersection (intersection related),Daylight,3RD AVE AND BROAD ST,0,1,,2,3561129,Dry,18,"MOTOR VEHICLE STRUCK PEDALCYCLIST, FRONT END AT ANGLE",11231031,4396,0,2,Injury Collision,,45,Bicycle,Matched,0,1,Clear or Partly Cloudy,0,"(47.61824782800005, -122.35078725599999)",0,521617,N,11-272609
89899,124369,124369,Intersection,Cycles,0,,,0,,10/11/2011 12:00:00 AM +0000,10/11/2011 8:29:00 AM,1,24276,At Intersection (intersection related),Daylight,AURORA AVE N AND GREEN LAKE DR N,0,1,,2,3564741,Wet,18,"MOTOR VEHICLE STRUCK PEDALCYCLIST, FRONT END AT ANGLE",11284013,8961,0,2,Injury Collision,,45,Bicycle,Matched,0,1,Overcast,0,"(47.68911276600005, -122.34451443499995)",0,0,N,11 333379
89905,124364,124364,Block,Cycles,316.5, ,,0,,08/13/2011 12:00:00 AM +0000,8/13/2011 7:04:00 PM,1,,Mid-Block (not related to intersection),Daylight,DELRIDGE WAY SW BETWEEN 17TH AVE SW AND SW ROXBURY ST,0,1,,2,3342641,Dry,24,MOTOR VEHCILE STRUCK PEDESTRIAN,11225017,9994,0,2,Injury Collision,,45,Bicycle,Matched,0,1,Clear or Partly Cloudy,0,"(47.518102713000076, -122.35583053499994)",0,522696,N,11-265614
89933,124926,124926,Intersection,Cycles,0,,,0,,09/10/2011 12:00:00 AM +0000,9/10/2011 12:16:00 PM,1,28376,At Intersection (intersection related),Daylight,24TH AVE E AND E INTERLAKEN BLVD,0,1,Y,2,3329698,Dry,51,PEDALCYCLIST STRUCK MOTOR VEHICLE FRONT END AT ANGLE,11253008,3548,0,2,Injury Collision,,45,Bicycle,Matched,N,1,Clear or Partly Cloudy,0,"(47.634573061000026, -122.30157617799995)",22465,0,N,11-299311
89941,124786,124786,Intersection,Cycles,0,,,0,,06/18/2011 12:00:00 AM +0000,6/18/2011 10:20:00 AM,1,26651,At Intersection (intersection related),Daylight,3RD AVE NW AND NW 41ST N ST,0,1,,1,3569073,Dry,18,"MOTOR VEHICLE STRUCK PEDALCYCLIST, FRONT END AT ANGLE",11169052,4448,0,2,Injury Collision,,45,Bicycle,Matched,N,0,Clear or Partly Cloudy,0,"(47.65694412200003, -122.36081648699997)",27064,0,N,11-195566
89942,124785,124785,Intersection,Cycles,0, ,,0,,06/18/2011 12:00:00 AM +0000,6/18/2011 1:07:00 PM,1,26629,At Intersection (intersection related),Daylight,8TH AVE NW AND NW 43RD N ST,0,1,,3,3552457,Wet,18,"MOTOR VEHICLE STRUCK PEDALCYCLIST, FRONT END AT ANGLE",11169036,8370,0,2,Injury Collision,,45,Bicycle,Matched,N,1,Raining,0,"(47.65926930000006, -122.36612505699998)",0,523915,N,11-195682
89995,123822,123822,Block,Cycles,76,,,0,,04/01/2011 12:00:00 AM +0000,4/1/2011 12:33:00 AM,1,,Mid-Block (but intersection related),Dark - Street Lights On,E PINE ST BETWEEN BELLEVUE AVE AND CRAWFORD PL,0,1,,3,3560008,Dry,55,PEDALCYCLIST STRUCK MOTOR VEHICLE RIGHT SIDE SIDESWIPE,11091001,14628,0,2,Injury Collision,,45,Bicycle,Matched,Y,1,Clear or Partly Cloudy,0,"(47.61521616700003, -122.32649732799996)",10342,0,N,2011-103975
89999,123684,123684,Intersection,Cycles,0, ,,0,,06/13/2011 12:00:00 AM +0000,6/13/2011 5:55:00 PM,1,30379,At Intersection (intersection related),Daylight,ALASKAN WAY AND MARION ST,0,1,Y,3,3562628,Dry,18,"MOTOR VEHICLE STRUCK PEDALCYCLIST, FRONT END AT ANGLE",11164002,8719,0,2,Injury Collision,,45,Bicycle,Matched,N,1,Clear or Partly Cloudy,0,"(47.60306058300006, -122.33778754599996)",0,523341,N,11-189671