OBJECTID,INCKEY,COLDETKEY,ADDRTYPE,COLLISIONTYPE,DISTANCE,EXCEPTRSNCODE,EXCEPTRSNDESC,FATALITIES,INATTENTIONIND,INCDATE,INCDTTM,INJURIES,INTKEY,JUNCTIONTYPE,LIGHTCOND,LOCATION,PEDCOUNT,PEDCYLCOUNT,PEDROWNOTGRNT,PERSONCOUNT,REPORTNO,ROADCOND,SDOT_COLCODE,SDOT_COLDESC,SDOTCOLNUM,SEGKEY,SERIOUSINJURIES,SEVERITYCODE,SEVERITYDESC,SPEEDING,ST_COLCODE,ST_COLDESC,STATUS,UNDERINFL,VEHCOUNT,WEATHER,WIDTH,Shape,SEGLANEKEY,CROSSWALKKEY,HITPARKEDCAR,SPDCASENO
90003,124094,124094,Intersection,Cycles,0,,,0,,10/13/2011 12:00:00 AM +0000,10/13/2011 12:00:00 PM,1,27043,At Intersection (intersection related),Daylight,TROLL AVE N AND N 34TH ST,0,1,,2,3200497,Dry,18,"MOTOR VEHICLE STRUCK PEDALCYCLIST, FRONT END AT ANGLE",11286001,9002,0,2,Injury Collision,,45,Bicycle,Matched,N,1,Clear or Partly Cloudy,0,"(47.64924012200004, -122.34741874299999)",8824,0,N,2011-337296
90058,124099,124099,Intersection,Cycles,0,,,1,,09/10/2011 12:00:00 AM +0000,9/10/2011 6:15:00 PM,0,27143,At Intersection (intersection related),Daylight,UNIVERSITY WAY NE AND NE CAMPUS WB PY,0,1,Y,3,3466714,Dry,51,PEDALCYCLIST STRUCK MOTOR VEHICLE FRONT END AT ANGLE,11253001,13218,0,3,Fatality Collision,,45,Bicycle,Matched,N,1,Clear or Partly Cloudy,0,"(47.656215399000075, -122.31326223999997)",5673,0,N,2011-299656
90122,122989,122989,Intersection,Cycles,0, ,,0,,05/18/2011 12:00:00 AM +0000,5/18/2011 10:57:00 AM,0,29894,At Intersection (intersection related),Daylight,6TH AVE AND PIKE ST,0,1,Y,2,3567944,Dry,18,"MOTOR VEHICLE STRUCK PEDALCYCLIST, FRONT END AT ANGLE",11138004,7883,0,1,Property Damage Only Collision,,45,Bicycle,Matched,N,1,Clear or Partly Cloudy,0,"(47.61114239800003, -122.33446376999996)",0,521716,N,11-158002
90139,123832,123832,Block,Cycles,325,,,0,,08/04/2011 12:00:00 AM +0000,8/4/2011 8:05:00 PM,1,,Driveway Junction,Daylight,SYCAMORE AVE NW BETWEEN NW 65TH ST AND NW 67TH ST,0,1,,2,3552604,Dry,18,"MOTOR VEHICLE STRUCK PEDALCYCLIST, FRONT END AT ANGLE",11216013,13052,0,2,Injury Collision,,45,Bicycle,Matched,N,1,Clear or Partly Cloudy,0,"(47.676887590000035, -122.35845020399995)",0,0,N,2011-254913
90143,123696,123696,Block,Cycles,161,,,0,,10/31/2011 12:00:00 AM +0000,10/31/2011 10:55:00 PM,1,,Driveway Junction,Dark - Street Lights On,E PIKE ST BETWEEN 10TH AVE AND 11TH AVE,0,1,Y,2,3567476,Dry,51,PEDALCYCLIST STRUCK MOTOR VEHICLE FRONT END AT ANGLE,11304017,14601,0,2,Injury Collision,,45,Bicycle,Matched,N,1,Clear or Partly Cloudy,0,"(47.61408978500003, -122.31879588799995)",31245,0,N,11-355439
90174,124518,124518,Intersection,Cycles,0,,,0,,01/11/2011 12:00:00 AM +0000,1/11/2011 5:24:00 PM,1,30428,At Intersection (intersection related),Dark - Street Lights On,BOREN AVE S AND RAINIER AVE S,0,1,Y,2,3559633,Dry,18,"MOTOR VEHICLE STRUCK PEDALCYCLIST, FRONT END AT ANGLE",11011023,12340,0,2,Injury Collision,,45,Bicycle,Matched,N,1,Clear or Partly Cloudy,0,"(47.599210087000074, -122.31413725499999)",11002,0,N,2011 12719
90198,124107,124107,Block,Cycles,330,,,0,,12/13/2011 12:00:00 AM +0000,12/13/2011 8:06:00 PM,1,,Mid-Block (not related to intersection),Dark - Street Lights On,NE NORTHGATE WAY BETWEEN 3RD AVE NE AND 5TH AVE NE,0,1,Y,2,3559283,Dry,23,"MOTOR VEHICLE STRUCK PEDALCYCLIST, LEFT SIDE SIDESWIPE",11347013,18012,0,2,Injury Collision,,45,Bicycle,Matched,N,1,Clear or Partly Cloudy,0,"(47.70860281500006, -122.32461717999996)",14503,0,N,11-399872
90205,122998,122998,Intersection,Cycles,0,,,0,,09/01/2011 12:00:00 AM +0000,9/1/2011 1:41:00 PM,1,26870,At Intersection (intersection related),Daylight,STONE WAY N AND N 38TH ST,0,1,,2,3466334,Dry,51,PEDALCYCLIST STRUCK MOTOR VEHICLE FRONT END AT ANGLE,11244001,12958,0,2,Injury Collision,,45,Bicycle,Matched,N,1,Clear or Partly Cloudy,0,"(47.652706515000034, -122.34257533499999)",0,0,N,2011 288070
90247,123421,123421,Intersection,Cycles,0, ,,0,,05/17/2011 12:00:00 AM +0000,5/17/2011 9:35:00 AM,1,287164,At Intersection (intersection related),Daylight,30TH AVE NE AND BURKE GILMAN TRL,0,1,,2,3332750,Dry,18,"MOTOR VEHICLE STRUCK PEDALCYCLIST, FRONT END AT ANGLE",11137003,287208,0,2,Injury Collision,,45,Bicycle,Matched,N,1,Clear or Partly Cloudy,0,"(47.66444733600008, -122.29561786299996)",0,525568,N,2011-156618
90278,124114,124114,Block,Cycles,304, ,,0,,07/01/2011 12:00:00 AM +0000,7/1/2011 1:27:00 PM,1,,Mid-Block (not related to intersection),Daylight,ALASKAN WAY BETWEEN VINE ST AND CLAY ST,0,1,,2,3562859,Dry,51,PEDALCYCLIST STRUCK MOTOR VEHICLE FRONT END AT ANGLE,11182027,8732,0,2,Injury Collision,,45,Bicycle,Matched,N,1,Clear or Partly Cloudy,0,"(47.61388302300003, -122.35309719799994)",20776,0,N,2011-211452
90280,124112,124112,Block,Cycles,189.5,,,0,,06/29/2011 12:00:00 AM +0000,6/29/2011 4:12:00 PM,1,,Driveway Junction,Daylight,LAKE CITY WAY NE BETWEEN NE 98TH ST AND NE 100TH ST,0,1,,2,3376220,Dry,51,PEDALCYCLIST STRUCK MOTOR VEHICLE FRONT END AT ANGLE,11180011,11160,0,2,Injury Collision,,45,Bicycle,Matched,0,1,Clear or Partly Cloudy,0,"(47.70072032200005, -122.30293610299998)",17974,0,N,11-20920
90335,124255,124255,Block,Cycles,195.5, ,,0,Y,08/04/2011 12:00:00 AM +0000,8/4/2011 9:32:00 AM,1,,Mid-Block (but intersection related),Daylight,30TH AVE NE BETWEEN NE 143RD PL AND NE 145TH ST,0,1,,4,3374649,Dry,51,PEDALCYCLIST STRUCK MOTOR VEHICLE FRONT END AT ANGLE,11216009,4641,0,2,Injury Collision,,45,Bicycle,Matched,N,1,Clear or Partly Cloudy,0,"(47.73324858500007, -122.29652581199997)",17666,0,N,2011-253677
90439,123714,123714,Intersection,Cycles,0,,,0,,07/22/2011 12:00:00 AM +0000,7/22/2011 4:23:00 PM,1,32673,At Intersection (intersection related),Daylight,33RD AVE S AND RAINIER AVE S,0,1,Y,2,3545903,Dry,51,PEDALCYCLIST STRUCK MOTOR VEHICLE FRONT END AT ANGLE,11203006,12376,0,2,Injury Collision,,45,Bicycle,Matched,N,1,Clear or Partly Cloudy,0,"(47.56993792700007, -122.29102293899996)",0,0,N,11-237841
90519,124818,124818,Block,Cycles,366,,,0,,03/14/2011 12:00:00 AM +0000,3/14/2011 3:16:00 PM,1,,Mid-Block (not related to intersection),Daylight,EAST MARGINAL WAY S BETWEEN S HINDS ST AND S SPOKANE NR ST,0,1,Y,2,3563205,Dry,23,"MOTOR VEHICLE STRUCK PEDALCYCLIST, LEFT SIDE SIDESWIPE",11073025,14387,0,2,Injury Collision,,45,Bicycle,Matched,N,1,Overcast,0,"(47.57270499800006, -122.33969154099998)",39455,0,N,2011 84370
90540,123298,123298,Intersection,Cycles,0, ,,0,,11/18/2011 12:00:00 AM +0000,11/18/2011 5:38:00 PM,1,287172,At Intersection (intersection related),Dark - Street Lights On,BURKE GILMAN TRL AND NE 70TH ST,0,1,,2,3553046,Wet,51,PEDALCYCLIST STRUCK MOTOR VEHICLE FRONT END AT ANGLE,11322014,287216,0,2,Injury Collision,,45,Bicycle,Matched,N,1,Raining,0,"(47.679372199000056, -122.26531461999997)",0,524581,N,11-374205
90541,123721,123721,Intersection,Cycles,0,,,0,,07/13/2011 12:00:00 AM +0000,7/13/2011 4:50:00 PM,1,24458,At Intersection (intersection related),Daylight,6TH AVE NE AND NE 70TH N ST,0,1,Y,2,3564419,Dry,18,"MOTOR VEHICLE STRUCK PEDALCYCLIST, FRONT END AT ANGLE",11194010,7916,0,2,Injury Collision,,45,Bicycle,Matched,N,1,Clear or Partly Cloudy,0,"(47.68021033300005, -122.32175754699995)",7443,0,N,2011-227091
90547,123719,123719,Intersection,Cycles,0, ,,0,,11/03/2011 12:00:00 AM +0000,11/3/2011 7:03:00 AM,1,28732,At Intersection (intersection related),Daylight,8TH AVE N AND ALOHA ST,0,1,Y,2,3560953,Dry,18,"MOTOR VEHICLE STRUCK PEDALCYCLIST, FRONT END AT ANGLE",11307006,8294,0,2,Injury Collision,,45,Bicycle,Matched,N,1,Clear or Partly Cloudy,0,"(47.62713378400008, -122.34101985599995)",0,0,N,11-357893
90576,124409,124409,Intersection,Cycles,0,,,0,,11/02/2011 12:00:00 AM +0000,11/2/2011 5:59:00 PM,1,29874,At Intersection (intersection related),Dark - Street Lights On,CRAWFORD PL AND E PIKE ST,0,1,Y,2,3567458,Wet,18,"MOTOR VEHICLE STRUCK PEDALCYCLIST, FRONT END AT ANGLE",11306010,9852,0,2,Injury Collision,Y,45,Bicycle,Matched,N,1,Raining,0,"(47.61408494700004, -122.32618770199997)",0,0,N,2011-357461
90614,124688,124688,Intersection,Cycles,0, ,,0,,04/21/2011 12:00:00 AM +0000,4/21/2011 3:20:00 PM,1,30541,At Intersection (intersection related),Daylight,6TH AVE S AND SEATTLE W BLVD S,0,1,Y,2,3375517,Dry,18,"MOTOR VEHICLE STRUCK PEDALCYCLIST, FRONT END AT ANGLE",11111022,8652,0,2,Injury Collision,,45,Bicycle,Matched,N,1,Clear or Partly Cloudy,0,"(47.59513063900005, -122.32637666299996)",0,522974,N,11-127201
90780,124978,124978,Block,Cycles,151,,,0,,10/21/2011 12:00:00 AM +0000,10/21/2011 3:26:00 PM,1,,Mid-Block (not related to intersection),Daylight,35TH AVE NE BETWEEN NE 94TH ST AND NE 95TH ST,0,1,,2,3466935,Wet,21,"MOTOR VEHICLE STRUCK PEDALCYCLIST, REAR END",11294020,5380,0,2,Injury Collision,,45,Bicycle,Matched,N,1,Overcast,0,"(47.697043646000054, -122.29054415299998)",4178,0,N,11-344027
90826,123452,123452,Block,Cycles,176,,,0,,08/13/2011 12:00:00 AM +0000,8/13/2011 11:02:00 AM,0,,Mid-Block (not related to intersection),Daylight,SEWARD PARK AVE S BETWEEN S ORCHARD ST AND S OTHELLO ST,0,1,,2,3545923,Dry,23,"MOTOR VEHICLE STRUCK PEDALCYCLIST, LEFT SIDE SIDESWIPE",11225006,12805,0,1,Property Damage Only Collision,,45,Bicycle,Matched,0,1,Clear or Partly Cloudy,0,"(47.53746089200007, -122.26726801599995)",37635,0,N,11-265270
90840,123313,123313,Block,Cycles,298,,,0,,05/18/2011 12:00:00 AM +0000,5/18/2011 1:59:00 PM,1,,Mid-Block (not related to intersection),Daylight,S JACKSON ST BETWEEN 10TH AVE S AND 12TH AVE S,0,1,,2,2617169,Dry,56,PEDALCYCLIST STRUCK MOTOR VEHICLE LEFT SIDE SIDESWIPE,11138012,20493,0,2,Injury Collision,,45,Bicycle,Matched,0,1,Clear or Partly Cloudy,0,"(47.59918655700005, -122.31843273799996)",24470,0,N,11-158202
90975,123322,123322,Block,Cycles,213.5,,,0,,04/11/2011 12:00:00 AM +0000,4/11/2011 5:46:00 PM,1,,Mid-Block (not related to intersection),Daylight,DEXTER AVE N BETWEEN DENNY WAY AND JOHN ST,0,1,,2,3375410,Dry,23,"MOTOR VEHICLE STRUCK PEDALCYCLIST, LEFT SIDE SIDESWIPE",11101015,10071,0,2,Injury Collision,,45,Bicycle,Matched,N,1,Clear or Partly Cloudy,0,"(47.61913352200003, -122.34239679399997)",12559,0,N,11 115838
91034,125139,125139,Intersection,Cycles,0,,,0,,09/17/2011 12:00:00 AM +0000,9/17/2011 10:00:00 PM,0,30367,,Dark - Street Lights On,ALASKAN WAY S AND S KING ST,0,1,,2,3477400,Dry,00,NOT ENOUGH INFORMATION / NOT APPLICABLE,11260036,8739,0,1,Property Damage Only Collision,,45,Bicycle,Matched,N,1,Overcast,0,"(47.59829223200006, -122.33590723199995)",41782,0,N,11-309209
91113,123334,123334,Intersection,Cycles,0,,,0,,04/20/2011 12:00:00 AM +0000,4/20/2011 6:45:00 PM,1,30355,At Intersection (intersection related),Daylight,2ND AVE AND CHERRY ST,0,1,,2,3375515,Dry,18,"MOTOR VEHICLE STRUCK PEDALCYCLIST, FRONT END AT ANGLE",11110006,2750,1,2b,Serious Injury Collision,,45,Bicycle,Matched,N,1,Clear or Partly Cloudy,0,"(47.60301939300007, -122.33317224599995)",12039,0,N,11-126356
91120,124445,124445,Intersection,Cycles,0,,,0,,07/27/2011 12:00:00 AM +0000,7/27/2011 8:27:00 AM,1,25787,At Intersection (intersection related),Daylight,8TH AVE NE AND NE 50TH ST,0,1,,2,3466578,Dry,18,"MOTOR VEHICLE STRUCK PEDALCYCLIST, FRONT END AT ANGLE",11208003,8310,0,2,Injury Collision,,45,Bicycle,Matched,0,1,Clear or Partly Cloudy,0,"(47.66495045700003, -122.31954187199995)",0,0,N,11-243450
91131,124309,124309,Intersection,Cycles,0, ,,0,,10/10/2011 12:00:00 AM +0000,10/10/2011 9:40:00 PM,1,25792,At Intersection (intersection related),Dark - Street Lights On,BROOKLYN AVE NE AND NE 50TH ST,0,1,,2,3545082,Wet,18,"MOTOR VEHICLE STRUCK PEDALCYCLIST, FRONT END AT ANGLE",11283005,9484,0,2,Injury Collision,,45,Bicycle,Matched,0,1,Raining,0,"(47.66490847500006, -122.31421009099995)",0,522488,N,2011-3545082
91137,124305,124305,Intersection,Cycles,0,,,0,,02/18/2011 12:00:00 AM +0000,2/18/2011 10:55:00 AM,1,29852,At Intersection (intersection related),Daylight,BOREN AVE AND HOWELL ST,0,1,,2,3375444,Dry,18,"MOTOR VEHICLE STRUCK PEDALCYCLIST, FRONT END AT ANGLE",11049001,9322,0,2,Injury Collision,,45,Bicycle,Matched,N,1,Clear or Partly Cloudy,0,"(47.61617112400006, -122.33141659899997)",24955,0,N,2011-57936
91203,124862,124862,Intersection,Cycles,0,,,0,,04/11/2011 12:00:00 AM +0000,4/11/2011 7:32:00 PM,0,32203,At Intersection (intersection related),Daylight,11TH AVE SW AND SW SPOKANE NR ST,0,1,,2,3380335,Dry,51,PEDALCYCLIST STRUCK MOTOR VEHICLE FRONT END AT ANGLE,11101007,22833,0,1,Property Damage Only Collision,,45,Bicycle,Matched,N,1,Clear or Partly Cloudy,0,"(47.57165394200007, -122.34924289499997)",42051,0,N,2011-115918
91268,125982,125982,Intersection,Cycles,0,,,0,,01/20/2011 12:00:00 AM +0000,1/20/2011 5:00:00 PM,1,32203,At Intersection (intersection related),Dark - Street Lights On,11TH AVE SW AND SW SPOKANE NR ST,0,1,,2,3331420,Wet,51,PEDALCYCLIST STRUCK MOTOR VEHICLE FRONT END AT ANGLE,11020015,22833,0,2,Injury Collision,,45,Bicycle,Matched,N,1,Raining,0,"(47.57165394200007, -122.34924289499997)",0,0,N,11-23687
91300,126945,126945,Block,Cycles,1142,,,0,,03/29/2011 12:00:00 AM +0000,3/29/2011 6:28:00 PM,1,,Mid-Block (not related to intersection),Daylight,EAST MARGINAL WAY S BETWEEN S STACY ST AND S HANFORD ST,0,1,,2,3331947,Wet,51,PEDALCYCLIST STRUCK MOTOR VEHICLE FRONT END AT ANGLE,11088016,14384,0,2,Injury Collision,,45,Bicycle,Matched,N,1,Raining,0,"(47.57871214800008, -122.33998271099995)",0,0,N,11-101187
91306,126942,126942,Block,Cycles,133,,,0,,08/25/2011 12:00:00 AM +0000,8/25/2011 8:33:00 PM,0,,Mid-Block (not related to intersection),Daylight,17TH AVE NW BETWEEN NW 56TH ST AND NW 57TH ST,0,1,,2,3284739,Dry,55,PEDALCYCLIST STRUCK MOTOR VEHICLE RIGHT SIDE SIDESWIPE,11237011,2441,0,1,Property Damage Only Collision,,45,Bicycle,Matched,0,1,Clear or Partly Cloudy,0,"(47.66980899200007, -122.37888342299999)",0,0,N,11-279885
91374,125573,125573,Intersection,Cycles,0,,,0,,06/22/2011 12:00:00 AM +0000,6/22/2011 3:28:00 PM,1,26077,At Intersection (intersection related),Daylight,18TH AVE NE AND NE 45TH ST,0,1,,2,3568970,Dry,51,PEDALCYCLIST STRUCK MOTOR VEHICLE FRONT END AT ANGLE,11173013,2561,0,2,Injury Collision,,45,Bicycle,Matched,N,1,Overcast,0,"(47.661258786000076, -122.30838142199997)",0,0,N,2011-200480
91384,125708,125708,Intersection,Cycles,0, ,,0,,04/21/2011 12:00:00 AM +0000,4/21/2011 4:57:00 PM,1,27065,At Intersection (intersection related),Daylight,11TH AVE NE AND NE 45TH ST,0,1,,2,2802588,Dry,18,"MOTOR VEHICLE STRUCK PEDALCYCLIST, FRONT END AT ANGLE",11111011,1409,0,2,Injury Collision,,45,Bicycle,Matched,N,1,Clear or Partly Cloudy,0,"(47.66129196000003, -122.31657893399995)",0,520889,N,11-127300
91387,126406,126406,Intersection,Cycles,0,,,0,,09/11/2011 12:00:00 AM +0000,9/11/2011 1:53:00 AM,1,25789,At Intersection (intersection related),Dark - Street Lights On,ROOSEVELT WAY NE AND NE 50TH ST,0,1,,2,3377316,Dry,51,PEDALCYCLIST STRUCK MOTOR VEHICLE FRONT END AT ANGLE,11254004,12601,0,2,Injury Collision,,45,Bicycle,Matched,0,1,Clear or Partly Cloudy,0,"(47.664937344000066, -122.31740379099995)",21441,0,N,11-300181
91400,126131,126131,Intersection,Cycles,0, ,,0,,07/12/2011 12:00:00 AM +0000,7/12/2011 6:48:00 PM,1,287164,At Intersection (intersection related),Daylight,30TH AVE NE AND BURKE GILMAN TRL,0,1,,3,3466991,Dry,18,"MOTOR VEHICLE STRUCK PEDALCYCLIST, FRONT END AT ANGLE",11193003,287208,0,2,Injury Collision,,45,Bicycle,Matched,N,1,Clear or Partly Cloudy,0,"(47.66444733600008, -122.29561786299996)",0,525568,N,11-225992
91417,126544,126544,Block,Cycles,160.5,,,0,,05/20/2011 12:00:00 AM +0000,5/20/2011 10:46:00 AM,1,,Mid-Block (not related to intersection),Daylight,S JACKSON ST BETWEEN 2ND AVE S AND 3RD AVE S,0,1,,3,3375633,Dry,23,"MOTOR VEHICLE STRUCK PEDALCYCLIST, LEFT SIDE SIDESWIPE",11140032,20484,0,2,Injury Collision,,45,Bicycle,Matched,N,1,Clear or Partly Cloudy,0,"(47.59919974400003, -122.33092876799998)",4851,0,N,2011-160421
91550,125859,125859,Block,Cycles,306.5,,,0,,08/05/2011 12:00:00 AM +0000,8/5/2011 1:51:00 AM,1,,Mid-Block (not related to intersection),Dark - Street Lights On,EAST MARGINAL WAY S BETWEEN S DAWSON ST AND S BRANDON ST,0,1,,2,3372809,Dry,21,"MOTOR VEHICLE STRUCK PEDALCYCLIST, REAR END",11217023,14398,0,2,Injury Collision,,45,Bicycle,Matched,N,1,Clear or Partly Cloudy,0,"(47.554977234000035, -122.33783000099999)",20500,0,N,11 254768
91573,126699,126699,Intersection,Cycles,0, ,,0,,10/25/2011 12:00:00 AM +0000,10/25/2011 2:38:00 PM,1,31203,At Intersection (intersection related),Daylight,ALASKAN WAY S AND S MASSACHUSETTS ST,0,1,,2,3373268,Dry,18,"MOTOR VEHICLE STRUCK PEDALCYCLIST, FRONT END AT ANGLE",11298005,8743,0,2,Injury Collision,,45,Bicycle,Matched,0,1,Clear or Partly Cloudy,0,"(47.58831040300004, -122.33844063699996)",0,630867,N,11-348123
91598,126960,126960,Block,Cycles,467,,,0,,08/18/2011 12:00:00 AM +0000,8/18/2011 10:20:00 AM,1,,Mid-Block (not related to intersection),Daylight,E MADISON ST BETWEEN 29TH E AVE E AND LAKE WASHINGTON BLVD E,0,1,,2,3566417,Dry,54,PEDALCYCLIST STRUCK MOTOR VEHICLE REAR END,11230010,14364,0,2,Injury Collision,,45,Bicycle,Matched,0,1,Clear or Partly Cloudy,0,"(47.62511058800004, -122.29377870599996)",34631,0,N,11-270968
91604,125318,125318,Intersection,Cycles,0,,,0,,08/10/2011 12:00:00 AM +0000,8/10/2011 9:39:00 PM,1,29662,At Intersection (intersection related),Dark - Street Lights On,DENNY WAY AND WARREN AVE N,0,1,,3,2616644,Dry,64,PEDALCYCLIST STRUCK PEDESTRIAN,11222026,9999,0,2,Injury Collision,,45,Bicycle,Matched,1,1,Clear or Partly Cloudy,0,"(47.618597022000074, -122.35414746599997)",20136,0,N,2011-262183
91624,125172,125172,Intersection,Cycles,0, ,,0,,10/24/2011 12:00:00 AM +0000,10/24/2011 7:02:00 AM,1,25423,At Intersection (intersection related),Dark - Street Lights On,14TH AVE NW AND NW MARKET ST,0,1,Y,2,3545165,Wet,18,"MOTOR VEHICLE STRUCK PEDALCYCLIST, FRONT END AT ANGLE",11297005,1895,0,2,Injury Collision,,45,Bicycle,Matched,0,1,Raining,0,"(47.66866536800006, -122.37358850399994)",0,525119,N,2011-346647
91636,127222,127222,Intersection,Cycles,0,,,0,,07/17/2011 12:00:00 AM +0000,7/17/2011 9:45:00 AM,1,26659,At Intersection (intersection related),Daylight,LEARY WAY NW AND NW BOWDOIN N PL,0,1,,2,3466995,Dry,18,"MOTOR VEHICLE STRUCK PEDALCYCLIST, FRONT END AT ANGLE",11198011,11337,0,2,Injury Collision,,45,Bicycle,Matched,N,1,Clear or Partly Cloudy,0,"(47.655188431000056, -122.36107153899997)",17436,0,N,11-231VV8
91692,126148,126148,Intersection,Cycles,0,,,0,,07/22/2011 12:00:00 AM +0000,7/22/2011 4:31:00 PM,1,36986,At Intersection (intersection related),Daylight,17TH AVE NW AND NW 85TH ST,0,1,,2,3561927,Dry,51,PEDALCYCLIST STRUCK MOTOR VEHICLE FRONT END AT ANGLE,11203002,2458,0,2,Injury Collision,,45,Bicycle,Matched,N,1,Clear or Partly Cloudy,0,"(47.69060246500004, -122.37895652499998)",0,0,N,11-237852
91747,125325,125325,Intersection,Cycles,0,,,0,,04/25/2011 12:00:00 AM +0000,4/25/2011 12:11:00 PM,1,29859,At Intersection (intersection related),Daylight,BELMONT AVE AND E PINE ST,0,1,Y,2,3386846,Wet,18,"MOTOR VEHICLE STRUCK PEDALCYCLIST, FRONT END AT ANGLE",11115007,9234,0,2,Injury Collision,,45,Bicycle,Matched,N,1,Raining,0,"(47.61522500500007, -122.32447263599994)",10368,0,N,11-131468
91770,125592,125592,Intersection,Cycles,0, ,,0,,10/13/2011 12:00:00 AM +0000,10/13/2011 11:24:00 AM,1,27062,At Intersection (intersection related),Daylight,UNIVERSITY WAY NE AND NE 45TH ST,0,1,Y,2,3477248,Dry,18,"MOTOR VEHICLE STRUCK PEDALCYCLIST, FRONT END AT ANGLE",11286018,13222,0,2,Injury Collision,,45,Bicycle,Matched,0,1,Overcast,0,"(47.661269366000056, -122.31312965799998)",0,522429,N,11-335905
91865,126571,126571,Block,Cycles,160,,,0,,05/18/2011 12:00:00 AM +0000,5/18/2011 8:00:00 PM,1,,Mid-Block (not related to intersection),Daylight,N 34TH ST BETWEEN WOODLAND PARK AVE N AND STONE WAY N,0,1,,2,3552679,Dry,21,"MOTOR VEHICLE STRUCK PEDALCYCLIST, REAR END",11138022,15289,1,2b,Serious Injury Collision,,45,Bicycle,Matched,Y,1,Clear or Partly Cloudy,0,"(47.64863709600007, -122.34341043199998)",8850,0,N,11-158800
91904,125606,125606,Block,Cycles,71.5,,,0,,09/20/2011 12:00:00 AM +0000,9/20/2011 11:08:00 AM,1,,Mid-Block (not related to intersection),Daylight,E OLIVE WAY BETWEEN BELMONT AVE E AND BOYLSTON W AVE E,0,1,,1,3287698,Dry,69,PEDALCYCLIST OVERTURNED IN ROAD,11263011,14588,0,2,Injury Collision,,45,Bicycle,Matched,0,0,Clear or Partly Cloudy,0,"(47.61974514500008, -122.32374795099997)",23250,0,N,2011-310383
91907,127243,127243,Block,Cycles,248.5,,,0,,04/12/2011 12:00:00 AM +0000,4/12/2011 10:19:00 AM,1,,Mid-Block (but intersection related),Daylight,23RD AVE S BETWEEN E YESLER WAY AND S MAIN ST,0,1,,2,3344139,Dry,18,"MOTOR VEHICLE STRUCK PEDALCYCLIST, FRONT END AT ANGLE",11102016,3442,0,2,Injury Collision,,45,Bicycle,Matched,N,1,Clear or Partly Cloudy,0,"(47.601003467000055, -122.30223582899998)",24583,0,N,2011-116524
91917,125470,125470,Intersection,Cycles,0, ,,0,,08/30/2011 12:00:00 AM +0000,8/30/2011 5:16:00 PM,1,30444,At Intersection (intersection related),Daylight,DEARBORN OFF RP AND S DEARBORN ST,0,1,,2,3559532,Dry,51,PEDALCYCLIST STRUCK MOTOR VEHICLE FRONT END AT ANGLE,11242002,19831,0,2,Injury Collision,,45,Bicycle,Matched,0,1,Clear or Partly Cloudy,0,"(47.595831547000046, -122.321370995)",0,525652,N,11 285904
91959,126306,126306,Intersection,Cycles,0, ,,0,,03/18/2011 12:00:00 AM +0000,3/18/2011 3:05:00 PM,1,27244,At Intersection (intersection related),Daylight,LATONA AVE NE AND NE PACIFIC ST,0,1,,1,3564909,Dry,11,"MOTOR VEHICLE STRUCK MOTOR VEHICLE, FRONT END AT ANGLE",11077012,11289,0,2,Injury Collision,,45,Bicycle,Matched,N,0,Clear or Partly Cloudy,0,"(47.65488891200005, -122.32570273399995)",0,576113,N,11-88904
92022,127111,127111,Intersection,Cycles,0,,,0,,05/30/2011 12:00:00 AM +0000,5/30/2011 9:50:00 PM,1,27090,At Intersection (intersection related),Dark - Street Lights On,UNIVERSITY WAY NE AND NE 42ND ST,0,1,,3,3377310,Dry,69,PEDALCYCLIST OVERTURNED IN ROAD,11150001,13220,0,2,Injury Collision,Y,45,Bicycle,Matched,Y,2,Clear or Partly Cloudy,0,"(47.65831484900008, -122.31320716799996)",5663,0,N,11-172770
92024,126988,126988,Block,Cycles,140,,,0,Y,11/22/2011 12:00:00 AM +0000,11/22/2011 5:08:00 PM,1,,Mid-Block (not related to intersection),Dark - Street Lights On,STONE WAY N BETWEEN N 47TH ST AND N 48TH ST,0,1,,2,3466873,Wet,21,"MOTOR VEHICLE STRUCK PEDALCYCLIST, REAR END",11326024,12971,0,2,Injury Collision,,45,Bicycle,Matched,N,1,Raining,0,"(47.663220756000044, -122.34138543199998)",6404,0,N,11-378184
92055,125344,125344,Intersection,Cycles,0, ,,0,,08/17/2011 12:00:00 AM +0000,8/17/2011 9:17:00 PM,1,29761,At Intersection (intersection related),Dark - Street Lights On,12TH AVE AND E MADISON ST,0,1,,2,2617173,Dry,11,"MOTOR VEHICLE STRUCK MOTOR VEHICLE, FRONT END AT ANGLE",11229003,1536,0,2,Injury Collision,,45,Bicycle,Matched,0,1,Clear or Partly Cloudy,0,"(47.61288923600006, -122.31673339099996)",22954,0,N,2011-270478
92171,127126,127126,Block,Cycles,266,,,0,,06/03/2011 12:00:00 AM +0000,6/3/2011 9:28:00 AM,1,,Mid-Block (not related to intersection),Daylight,ROOSEVELT WAY NE BETWEEN NE 43RD N ST AND NE 45TH ST,0,1,Y,2,3559146,Dry,51,PEDALCYCLIST STRUCK MOTOR VEHICLE FRONT END AT ANGLE,11154022,12598,0,2,Injury Collision,,45,Bicycle,Matched,N,1,Clear or Partly Cloudy,0,"(47.660577379000074, -122.31772271499995)",9002,0,N,11-176809