OBJECTID,INCKEY,COLDETKEY,ADDRTYPE,COLLISIONTYPE,DISTANCE,EXCEPTRSNCODE,EXCEPTRSNDESC,FATALITIES,INATTENTIONIND,INCDATE,INCDTTM,INJURIES,INTKEY,JUNCTIONTYPE,LIGHTCOND,LOCATION,PEDCOUNT,PEDCYLCOUNT,PEDROWNOTGRNT,PERSONCOUNT,REPORTNO,ROADCOND,SDOT_COLCODE,SDOT_COLDESC,SDOTCOLNUM,SEGKEY,SERIOUSINJURIES,SEVERITYCODE,SEVERITYDESC,SPEEDING,ST_COLCODE,ST_COLDESC,STATUS,UNDERINFL,VEHCOUNT,WEATHER,WIDTH,Shape,SEGLANEKEY,CROSSWALKKEY,HITPARKEDCAR,SPDCASENO
92184,125765,125765,Block,Cycles,155.5,,,0,Y,01/25/2011 12:00:00 AM +0000,1/25/2011 3:20:00 PM,2,,Mid-Block (not related to intersection),Daylight,ALASKAN WAY BETWEEN SENECA ST AND UNIVERSITY ST,1,1,,2,3334778,Dry,18,"MOTOR VEHICLE STRUCK PEDALCYCLIST, FRONT END AT ANGLE",11025001,8722,0,2,Injury Collision,,45,Bicycle,Matched,N,0,Overcast,0,"(47.60554374800006, -122.34009165099997)",0,0,N,2011-29549
92195,125623,125623,Block,Cycles,258,,,0,,12/17/2011 12:00:00 AM +0000,12/17/2011 1:49:00 PM,0,,Driveway Junction,Daylight,STONE WAY N BETWEEN N 38TH ST AND N 39TH ST,0,1,Y,2,3564362,Dry,18,"MOTOR VEHICLE STRUCK PEDALCYCLIST, FRONT END AT ANGLE",11351017,12958,0,1,Property Damage Only Collision,,45,Bicycle,Matched,N,1,Clear or Partly Cloudy,0,"(47.653411937000044, -122.34253836899995)",6298,0,N,11-403885
92205,125481,125481,Intersection,Cycles,0,,,0,,01/15/2011 12:00:00 AM +0000,1/15/2011 3:55:00 PM,0,25520,At Intersection (intersection related),Dark - Street Lights On,GREEN LAKE WAY N AND N 52ND ST,0,1,,2,3561689,Wet,51,PEDALCYCLIST STRUCK MOTOR VEHICLE FRONT END AT ANGLE,11015003,10695,0,1,Property Damage Only Collision,,45,Bicycle,Matched,N,1,Raining,0,"(47.66640717400003, -122.340090525)",40752,0,N,11-17440
92231,126176,126176,Block,Cycles,181,,,0,Y,04/27/2011 12:00:00 AM +0000,4/27/2011 12:10:00 PM,1,,Mid-Block (not related to intersection),Daylight,12TH AVE BETWEEN E YESLER WAY AND E FIR ST,0,1,,2,3559814,Wet,18,"MOTOR VEHICLE STRUCK PEDALCYCLIST, FRONT END AT ANGLE",11117007,1523,0,2,Injury Collision,,45,Bicycle,Matched,N,1,Overcast,0,"(47.602188270000056, -122.316781849)",10556,0,N,11-133685
92232,126050,126050,Intersection,Cycles,0, ,,0,,02/02/2011 12:00:00 AM +0000,2/2/2011 11:58:00 AM,1,28994,At Intersection (intersection related),Daylight,BROADWAY E AND E MERCER ST,0,1,,2,3387007,Dry,51,PEDALCYCLIST STRUCK MOTOR VEHICLE FRONT END AT ANGLE,11033006,9456,0,2,Injury Collision,,45,Bicycle,Matched,N,1,Clear or Partly Cloudy,0,"(47.624269036000044, -122.32094238999997)",0,522273,N,2011-39097
92233,126049,126049,Block,Cycles,133,,,0,Y,01/31/2011 12:00:00 AM +0000,1/31/2011 5:39:00 PM,1,,Mid-Block (not related to intersection),Dark - Street Lights On,24TH AVE NW BETWEEN NW 56TH ST AND NW 57TH ST,0,1,,2,3565587,Dry,51,PEDALCYCLIST STRUCK MOTOR VEHICLE FRONT END AT ANGLE,11031011,3591,0,2,Injury Collision,,45,Bicycle,Matched,0,1,Overcast,0,"(47.66982111300007, -122.38758729899996)",1873,0,N,11-37016
92364,125915,125915,Intersection,Cycles,0,,,0,,08/31/2011 12:00:00 AM +0000,8/31/2011 4:18:00 PM,1,28294,At Intersection (intersection related),Daylight,EASTLAKE AVE E AND E EDGAR ST,0,1,,2,3329697,Dry,51,PEDALCYCLIST STRUCK MOTOR VEHICLE FRONT END AT ANGLE,11243002,10180,0,2,Injury Collision,,45,Bicycle,Matched,0,1,Clear or Partly Cloudy,0,"(47.64449321800004, -122.32588269599995)",24696,0,N,11-287027
92374,125772,125772,Intersection,Cycles,0,,,0,,02/10/2011 12:00:00 AM +0000,2/10/2011 5:56:00 PM,1,31402,At Intersection (intersection related),Dark - Street Lights On,M L KING JR WAY S AND S MASSACHUSETTS ST,0,1,Y,2,3372587,Dry,51,PEDALCYCLIST STRUCK MOTOR VEHICLE FRONT END AT ANGLE,11041005,11511,0,2,Injury Collision,,45,Bicycle,Matched,N,1,Clear or Partly Cloudy,0,"(47.588311832000045, -122.29805065199997)",37744,0,N,11-49090
92411,127278,127278,Intersection,Cycles,0, ,,0,,08/01/2011 12:00:00 AM +0000,8/1/2011,1,28797,At Intersection (intersection related),Dark - Street Lights On,DEXTER AVE N AND JOHN ST,0,1,,2,3341793,Dry,18,"MOTOR VEHICLE STRUCK PEDALCYCLIST, FRONT END AT ANGLE",11213011,10072,0,2,Injury Collision,,45,Bicycle,Matched,0,1,Clear or Partly Cloudy,0,"(47.61971961300003, -122.342391712)",12606,0,N,11-250598
92438,126879,126879,Intersection,Cycles,0,,,0,,08/11/2011 12:00:00 AM +0000,8/11/2011 1:18:00 PM,1,37278,At Intersection (intersection related),Daylight,INTERLAKE AVE N AND N NORTHGATE WAY,0,1,,2,3466427,Dry,18,"MOTOR VEHICLE STRUCK PEDALCYCLIST, FRONT END AT ANGLE",11223004,11024,0,2,Injury Collision,,45,Bicycle,Matched,0,1,Clear or Partly Cloudy,0,"(47.70504576500008, -122.34064840199994)",18936,0,N,2011-262924
92583,126887,126887,Intersection,Cycles,0,,,0,Y,03/04/2011 12:00:00 AM +0000,3/4/2011 6:48:00 AM,1,30145,At Intersection (intersection related),Daylight,19TH AVE AND E UNION ST,0,1,,1,3332116,Wet,69,PEDALCYCLIST OVERTURNED IN ROAD,11063002,2649,0,2,Injury Collision,,45,Bicycle,Matched,N,0,Overcast,0,"(47.61289826800004, -122.30750481599995)",9335,0,N,2011-72579
92624,126210,126210,Intersection,Cycles,0,,,0,,09/06/2011 12:00:00 AM +0000,9/6/2011,1,23860,At Intersection (intersection related),Daylight,15TH AVE NW AND NW 83RD ST,0,1,,2,3466335,Dry,51,PEDALCYCLIST STRUCK MOTOR VEHICLE FRONT END AT ANGLE,11249009,2119,0,2,Injury Collision,,45,Bicycle,Matched,0,1,Clear or Partly Cloudy,0,"(47.68872436500004, -122.37679944799999)",0,0,N,2011-294400
92644,125929,125929,Block,Cycles,165.5,,,0,,05/25/2011 12:00:00 AM +0000,5/25/2011 3:22:00 PM,1,,Driveway Junction,Daylight,SW BARTON ST BETWEEN 35TH AVE SW AND 36TH AVE SW,0,1,Y,4,3380254,Wet,51,PEDALCYCLIST STRUCK MOTOR VEHICLE FRONT END AT ANGLE,11145011,21852,0,2,Injury Collision,,45,Bicycle,Matched,0,1,Raining,0,"(47.52107441800007, -122.37742891299996)",29410,0,N,2011-166705
92677,126488,126488,Intersection,Cycles,0,,,0,,05/07/2011 12:00:00 AM +0000,5/7/2011 1:30:00 PM,1,31755,At Intersection (intersection related),Daylight,BEACH DR SW AND SW GENESEE ST,0,1,,2,3295916,Unknown,18,"MOTOR VEHICLE STRUCK PEDALCYCLIST, FRONT END AT ANGLE",11127023,9098,0,2,Injury Collision,,45,Bicycle,Matched,N,1,Unknown,0,"(47.564926135000064, -122.40707645099997)",4019,0,N,11-15621
92683,126627,126627,Block,Cycles,161,,,0,,09/09/2011 12:00:00 AM +0000,9/9/2011 12:10:00 PM,2,,Mid-Block (not related to intersection),Daylight,STEWART ST BETWEEN 8TH AVE AND 9TH AVE,1,1,Y,2,3561078,Dry,64,PEDALCYCLIST STRUCK PEDESTRIAN,11252017,12905,0,2,Injury Collision,,45,Bicycle,Matched,N,0,Clear or Partly Cloudy,0,"(47.615283472000044, -122.33486718099999)",13684,0,N,2011-297902
92726,125936,125936,Block,Cycles,581.5,,,0,,09/07/2011 12:00:00 AM +0000,9/7/2011,1,,Driveway Junction,Dark - Street Lights On,SW AVALON WAY BETWEEN 30TH AVE SW AND SW GENESEE ST,0,1,,2,2896748,Dry,51,PEDALCYCLIST STRUCK MOTOR VEHICLE FRONT END AT ANGLE,11250031,21819,0,2,Injury Collision,,45,Bicycle,Matched,0,1,Clear or Partly Cloudy,0,"(47.56613850800005, -122.37167070799995)",3490,0,N,11-295861
92750,125517,125517,Block,Cycles,212,,,0,,08/31/2011 12:00:00 AM +0000,8/31/2011 6:10:00 PM,1,,Mid-Block (not related to intersection),Daylight,WESTERN AVE W BETWEEN 1ST AVE W AND 2ND AVE W,0,1,,3,3373882,Dry,56,PEDALCYCLIST STRUCK MOTOR VEHICLE LEFT SIDE SIDESWIPE,11243013,13520,0,2,Injury Collision,,45,Bicycle,Matched,N,2,Clear or Partly Cloudy,0,"(47.61940404000006, -122.35870600099997)",19121,0,N,2011-287139
92765,126359,126359,Intersection,Cycles,0,,,0,,01/13/2011 12:00:00 AM +0000,1/13/2011 7:08:00 AM,1,34850,At Intersection (intersection related),Dark - Street Lights On,DELRIDGE WAY SW AND SW CLOVERDALE ST,0,1,,2,3287931,Wet,18,"MOTOR VEHICLE STRUCK PEDALCYCLIST, FRONT END AT ANGLE",11013005,9986,1,2b,Serious Injury Collision,,45,Bicycle,Matched,N,1,Raining,0,"(47.526488474000075, -122.36046956599995)",0,0,N,11-14447
92768,126356,126356,Intersection,Cycles,0,,,0,,11/26/2011 12:00:00 AM +0000,11/26/2011 3:58:00 AM,0,29599,At Intersection (intersection related),Dark - Street Lights On,1ST AVE AND UNION ST,0,1,,2,3561391,Dry,51,PEDALCYCLIST STRUCK MOTOR VEHICLE FRONT END AT ANGLE,11330003,1008,0,1,Property Damage Only Collision,,45,Bicycle,Matched,N,1,Clear or Partly Cloudy,0,"(47.60782816200003, -122.33910533499994)",36670,0,N,11 381263
92786,126076,126076,Intersection,Cycles,0,,,0,Y,09/15/2011 12:00:00 AM +0000,9/15/2011 5:07:00 PM,1,28027,At Intersection (intersection related),Daylight,DEXTER AVE N AND HAYES ST,0,1,,2,3560859,Dry,51,PEDALCYCLIST STRUCK MOTOR VEHICLE FRONT END AT ANGLE,11258031,10087,1,2b,Serious Injury Collision,,45,Bicycle,Matched,N,1,Clear or Partly Cloudy,0,"(47.63396882600006, -122.34228374299994)",12989,0,N,2011-305344
92901,126224,126224,Block,Cycles,329.5, ,,0,,11/06/2011 12:00:00 AM +0000,11/6/2011 3:55:00 PM,0,,Mid-Block (not related to intersection),Daylight,FAUNTLEROY WAY SW BETWEEN SW MONROE ST AND SW ROSE ST,0,1,,2,3553276,Dry,14,"MOTOR VEHICLE STRUCK MOTOR VEHICLE, REAR END",11310015,10415,0,1,Property Damage Only Collision,,45,Bicycle,Matched,N,1,Clear or Partly Cloudy,0,"(47.53065875900006, -122.39270799599996)",3014,0,N,2011-361672
92946,126644,126644,Block,Cycles,121.5,,,0,,06/28/2011 12:00:00 AM +0000,6/28/2011 5:58:00 PM,1,,Mid-Block (not related to intersection),Daylight,18TH AVE E BETWEEN E GLEN ST AND E JOHN ST,0,1,,6,3207710,Dry,51,PEDALCYCLIST STRUCK MOTOR VEHICLE FRONT END AT ANGLE,11179016,2547,0,2,Injury Collision,,45,Bicycle,Matched,N,2,Overcast,0,"(47.61933430300007, -122.30877376499996)",0,0,N,2011-208069
93013,126098,126098,Intersection,Cycles,0,,,0,,06/07/2011 12:00:00 AM +0000,6/7/2011,1,24276,At Intersection (intersection related),Daylight,AURORA AVE N AND GREEN LAKE DR N,0,1,,3,3553011,Wet,18,"MOTOR VEHICLE STRUCK PEDALCYCLIST, FRONT END AT ANGLE",11158001,8961,0,2,Injury Collision,,45,Bicycle,Matched,0,1,Overcast,0,"(47.68911276600005, -122.34451443499995)",10506,0,N,11 182439
93046,126375,126375,Intersection,Cycles,0,,,0,,01/20/2011 12:00:00 AM +0000,1/20/2011 2:44:00 PM,1,30118,At Intersection (intersection related),Daylight,16TH AVE AND E HOWELL ST,0,1,,2,3559430,Dry,18,"MOTOR VEHICLE STRUCK PEDALCYCLIST, FRONT END AT ANGLE",11020014,2232,0,2,Injury Collision,,45,Bicycle,Matched,N,1,Overcast,0,"(47.617613522000056, -122.31144474899997)",0,0,N,11-23519
93075,127178,127178,Intersection,Cycles,0,,,0,,09/20/2011 12:00:00 AM +0000,9/20/2011 6:45:00 AM,1,24202,,Daylight,9TH AVE NW AND NW 67TH ST,0,1,Y,2,3552795,Dry,00,NOT ENOUGH INFORMATION / NOT APPLICABLE,11263039,8584,1,2b,Serious Injury Collision,,45,Bicycle,Matched,0,1,Clear or Partly Cloudy,0,"(47.67778076600007, -122.36872089599996)",0,0,N,11-311709
93100,127321,127321,Block,Cycles,104.5,,,0,,05/07/2011 12:00:00 AM +0000,5/7/2011 4:02:00 PM,1,,Mid-Block (not related to intersection),Daylight,DENNY WAY BETWEEN PONTIUS AVE N AND YALE AVE,0,1,,3,3375522,Dry,54,PEDALCYCLIST STRUCK MOTOR VEHICLE REAR END,11127018,10021,0,2,Injury Collision,Y,45,Bicycle,Matched,N,1,Overcast,0,"(47.61850928500007, -122.33182090399998)",23543,0,N,11-145865
93143,125272,125272,Block,Cycles,93.5,,,0,,02/26/2011 12:00:00 AM +0000,2/26/2011 1:54:00 PM,1,,Mid-Block (not related to intersection),Daylight,BALLARD AVE NW BETWEEN NW IONE PL AND 20TH AVE NW,0,1,,2,3276850,Dry,18,"MOTOR VEHICLE STRUCK PEDALCYCLIST, FRONT END AT ANGLE",11057004,9043,0,2,Injury Collision,,45,Bicycle,Matched,N,1,Overcast,0,"(47.66530412000003, -122.38189667699999)",26305,0,N,11-66551
93179,125961,125961,Intersection,Cycles,0,,,0,,12/16/2011 12:00:00 AM +0000,12/16/2011 9:45:00 PM,1,30643,At Intersection (intersection related),Dark - Street Lights On,M L KING JR WAY S AND S DEARBORN ST,0,1,Y,2,3559710,Dry,18,"MOTOR VEHICLE STRUCK PEDALCYCLIST, FRONT END AT ANGLE",11350004,11505,0,2,Injury Collision,,45,Bicycle,Matched,N,1,Overcast,0,"(47.595526791000054, -122.29757109099995)",10254,0,N,2011-403262
93186,126936,126936,Intersection,Cycles,0,,,0,,08/20/2011 12:00:00 AM +0000,8/20/2011 3:25:00 PM,1,24499,At Intersection (intersection related),Daylight,ROOSEVELT WAY NE AND NE 66TH ST,0,1,,2,3569196,Dry,51,PEDALCYCLIST STRUCK MOTOR VEHICLE FRONT END AT ANGLE,11232013,12616,0,2,Injury Collision,,45,Bicycle,Matched,0,1,Clear or Partly Cloudy,0,"(47.67655440100003, -122.31737321599996)",9394,0,N,11-273684
93187,126935,126935,Intersection,Cycles,0,,,0,,08/20/2011 12:00:00 AM +0000,8/20/2011 9:00:00 PM,1,27093,At Intersection (intersection related),Dark - Street Lights On,ROOSEVELT WAY NE AND NE 42ND S ST,0,1,Y,5,3466756,Dry,51,PEDALCYCLIST STRUCK MOTOR VEHICLE FRONT END AT ANGLE,11232011,12595,0,2,Injury Collision,,45,Bicycle,Matched,Y,1,Clear or Partly Cloudy,0,"(47.65751422500006, -122.31780212899997)",8985,0,N,2011-274003
93190,126932,126932,Block,Cycles,214,,,0,,08/11/2011 12:00:00 AM +0000,8/11/2011 11:49:00 AM,1,,Mid-Block (not related to intersection),Daylight,WESTERN AVE BETWEEN PIKE ST AND PINE ST,0,1,Y,2,3325687,Dry,18,"MOTOR VEHICLE STRUCK PEDALCYCLIST, FRONT END AT ANGLE",11223026,13504,0,2,Injury Collision,,45,Bicycle,Matched,N,1,Clear or Partly Cloudy,0,"(47.608854335000046, -122.34157917699997)",13043,0,N,2011-262828
93208,127064,127064,Intersection,Cycles,0, ,,0,,01/25/2011 12:00:00 AM +0000,1/25/2011 12:51:00 PM,1,36342,At Intersection (intersection related),Daylight,AURORA AVE N AND N 115TH ST,0,1,Y,2,3328037,Dry,18,"MOTOR VEHICLE STRUCK PEDALCYCLIST, FRONT END AT ANGLE",11025008,8990,0,2,Injury Collision,,45,Bicycle,Matched,0,1,Overcast,0,"(47.712319223000065, -122.34481366499995)",0,523138,N,11-29364
93354,127752,127752,Intersection,Cycles,0, ,,0,,11/02/2011 12:00:00 AM +0000,11/2/2011 7:22:00 AM,1,27009,At Intersection (intersection related),Dawn,FREMONT AVE N AND FREMONT WAY N,0,1,Y,2,3564744,Dry,51,PEDALCYCLIST STRUCK MOTOR VEHICLE FRONT END AT ANGLE,11306005,10489,1,2b,Serious Injury Collision,,45,Bicycle,Matched,N,1,Clear or Partly Cloudy,0,"(47.654140263000045, -122.34990535199995)",0,522550,N,11-356853
93443,129145,129145,Intersection,Cycles,0,,,0,,02/14/2011 12:00:00 AM +0000,2/14/2011 5:38:00 PM,1,31203,At Intersection (intersection related),Dark - Street Lights On,ALASKAN WAY S AND S MASSACHUSETTS ST,0,1,Y,2,3375355,Wet,51,PEDALCYCLIST STRUCK MOTOR VEHICLE FRONT END AT ANGLE,11045005,8743,0,2,Injury Collision,,45,Bicycle,Matched,N,1,Raining,0,"(47.58831040300004, -122.33844063699996)",4797,0,N,2011-53773
93496,129434,129434,Block,Cycles,213, ,,0,,04/11/2011 12:00:00 AM +0000,4/11/2011 6:50:00 PM,1,,Mid-Block (not related to intersection),Daylight,1ST AVE BETWEEN BLANCHARD ST AND BELL ST,0,1,Y,2,3375502,Dry,21,"MOTOR VEHICLE STRUCK PEDALCYCLIST, REAR END",11101023,1014,1,2b,Serious Injury Collision,,45,Bicycle,Matched,N,1,Clear or Partly Cloudy,0,"(47.61298991400008, -122.34586158799999)",13233,0,N,11-115885
93508,129285,129285,Block,Cycles,160.5,,,0,,07/19/2011 12:00:00 AM +0000,7/19/2011 1:30:00 PM,1,,Mid-Block (not related to intersection),Daylight,DENNY WAY BETWEEN QUEEN ANNE AVE N AND 1ST AVE,0,1,Y,2,3329069,Dry,22,"MOTOR VEHICLE STRUCK PEDALCYCLIST, RIGHT SIDE SIDESWIPE",11200005,9997,0,2,Injury Collision,,45,Bicycle,Matched,N,1,Overcast,0,"(47.61860457300003, -122.35610674199995)",20122,0,N,11-233869
93530,127905,127905,Block,Cycles,482.5,,,0,,08/26/2011 12:00:00 AM +0000,8/26/2011 6:14:00 PM,1,,Mid-Block (not related to intersection),Daylight,BOYER AVE E BETWEEN EVERETT AVE E AND BOYER UPPER AVE E,0,1,,2,3329696,Dry,54,PEDALCYCLIST STRUCK MOTOR VEHICLE REAR END,11238036,9363,0,2,Injury Collision,,45,Bicycle,Matched,0,1,Clear or Partly Cloudy,0,"(47.642607111000075, -122.31573812299996)",6021,0,N,11-281131
93586,128458,128458,Intersection,Cycles,0,,,0,,08/11/2011 12:00:00 AM +0000,8/11/2011 12:17:00 PM,1,28917,At Intersection (intersection related),Daylight,2ND AVE N AND MERCER ST,0,1,,2,3562784,Dry,18,"MOTOR VEHICLE STRUCK PEDALCYCLIST, FRONT END AT ANGLE",11223019,2775,0,2,Injury Collision,,45,Bicycle,Matched,0,1,Clear or Partly Cloudy,0,"(47.624572741000065, -122.35279216099997)",0,0,N,11-262858
93590,128740,128740,Block,Cycles,194.5,,,0,Y,07/21/2011 12:00:00 AM +0000,7/21/2011 5:11:00 PM,1,,Mid-Block (but intersection related),Daylight,2ND AV ET S BETWEEN S MAIN ST AND S WASHINGTON ST,0,1,,2,3335214,Dry,21,"MOTOR VEHICLE STRUCK PEDALCYCLIST, REAR END",11202037,2925,0,2,Injury Collision,,45,Bicycle,Matched,N,1,Clear or Partly Cloudy,0,"(47.60043376600004, -122.33077753399999)",12007,0,N,11-236578
93593,128738,128738,Intersection,Cycles,0,,,0,,11/10/2011 12:00:00 AM +0000,11/10/2011 11:12:00 AM,1,27077,At Intersection (intersection related),Daylight,UNIVERSITY WAY NE AND NE 43RD ST,0,1,Y,2,3558998,Dry,51,PEDALCYCLIST STRUCK MOTOR VEHICLE FRONT END AT ANGLE,11314009,13221,0,2,Injury Collision,,45,Bicycle,Matched,N,1,Clear or Partly Cloudy,0,"(47.65979512000007, -122.31316833599999)",31578,0,N,11-365627
93705,129024,129024,Intersection,Cycles,0,,,0,Y,03/28/2011 12:00:00 AM +0000,3/28/2011 5:06:00 PM,1,37279,At Intersection (intersection related),Daylight,STONE AVE N AND N NORTHGATE WAY,0,1,Y,2,3564833,Dry,18,"MOTOR VEHICLE STRUCK PEDALCYCLIST, FRONT END AT ANGLE",11087005,12942,0,2,Injury Collision,,45,Bicycle,Matched,N,1,Overcast,0,"(47.70504760700004, -122.34200301499999)",0,0,N,2011-100028
93738,129306,129306,Block,Cycles,213,,,0,,09/22/2011 12:00:00 AM +0000,9/22/2011 8:25:00 AM,1,,Mid-Block (not related to intersection),Daylight,2ND AVE BETWEEN UNIVERSITY ST AND UNION ST,0,1,,2,3546304,Dry,18,"MOTOR VEHICLE STRUCK PEDALCYCLIST, FRONT END AT ANGLE",11265024,2756,0,2,Injury Collision,,45,Bicycle,Matched,0,1,Overcast,0,"(47.60779445000003, -122.33754000999994)",12162,0,N,2011-312453
93740,129305,129305,Intersection,Cycles,0,,,0,,09/20/2011 12:00:00 AM +0000,9/20/2011 5:19:00 PM,1,29809,At Intersection (intersection related),Daylight,12TH AVE AND E JEFFERSON ST,0,1,,2,3287699,Dry,51,PEDALCYCLIST STRUCK MOTOR VEHICLE FRONT END AT ANGLE,11263003,1529,1,2b,Serious Injury Collision,,45,Bicycle,Matched,0,1,Clear or Partly Cloudy,0,"(47.60620304500003, -122.31678046599995)",10458,0,N,2011-310774
93780,127780,127780,Intersection,Cycles,0, ,,0,,12/10/2011 12:00:00 AM +0000,12/10/2011 5:20:00 PM,1,25785,At Intersection (intersection related),Dark - Street Lights On,5TH AVE NE AND NE 50TH ST,0,1,Y,2,3544988,Dry,18,"MOTOR VEHICLE STRUCK PEDALCYCLIST, FRONT END AT ANGLE",11344012,7290,0,2,Injury Collision,,45,Bicycle,Matched,N,1,Overcast,0,"(47.66497536500003, -122.32286255999998)",0,521819,N,11 396812
93790,127777,127777,Intersection,Cycles,0,,,0,,09/13/2011 12:00:00 AM +0000,9/13/2011 5:25:00 PM,1,27130,At Intersection (intersection related),Daylight,ROOSEVELT WAY NE AND NE 40TH ALLEY ST,0,1,,2,3559200,Dry,51,PEDALCYCLIST STRUCK MOTOR VEHICLE FRONT END AT ANGLE,11256029,12593,0,2,Injury Collision,,45,Bicycle,Matched,0,1,Overcast,0,"(47.656301849000045, -122.31783423699994)",11662,0,N,11-303009
93839,128758,128758,Block,Cycles,252.5,,,0,,07/30/2011 12:00:00 AM +0000,7/30/2011 5:35:00 PM,1,,Mid-Block (not related to intersection),Daylight,LEARY AVE NW BETWEEN NW IONE PL AND 20TH AVE NW,0,1,,3,3552813,Dry,51,PEDALCYCLIST STRUCK MOTOR VEHICLE FRONT END AT ANGLE,11211019,11331,0,2,Injury Collision,,45,Bicycle,Matched,0,1,Clear or Partly Cloudy,0,"(47.66613264700004, -122.38149337199997)",23658,0,N,11-247868
93849,128618,128618,Intersection,Cycles,0,,,0,,06/24/2011 12:00:00 AM +0000,6/24/2011 6:01:00 AM,1,30181,At Intersection (intersection related),Daylight,15TH AVE AND E CHERRY ST,0,1,,1,3559958,Wet,69,PEDALCYCLIST OVERTURNED IN ROAD,11175013,1991,0,2,Injury Collision,,45,Bicycle,Matched,N,0,Raining,0,"(47.60804262600004, -122.31284738099998)",9527,0,N,2011-202564
93850,128617,128617,Intersection,Cycles,0,,,0,,06/24/2011 12:00:00 AM +0000,6/24/2011 5:13:00 PM,1,36635,At Intersection (intersection related),Daylight,LAKE CITY WAY NE AND NE 117TH ST,0,1,,2,3553081,Dry,51,PEDALCYCLIST STRUCK MOTOR VEHICLE FRONT END AT ANGLE,11175004,11178,0,2,Injury Collision,,45,Bicycle,Matched,0,1,Overcast,0,"(47.71421240700005, -122.29822972699998)",17898,0,N,2011-203227
93858,128611,128611,Intersection,Cycles,0, ,,0,,06/26/2011 12:00:00 AM +0000,6/26/2011 4:02:00 PM,1,26629,At Intersection (intersection related),Daylight,8TH AVE NW AND NW 43RD N ST,0,1,,3,3568867,Dry,51,PEDALCYCLIST STRUCK MOTOR VEHICLE FRONT END AT ANGLE,11177003,8370,0,2,Injury Collision,,45,Bicycle,Matched,N,1,Clear or Partly Cloudy,0,"(47.65926930000006, -122.36612505699998)",0,523915,N,11-205507
93871,127375,127375,Intersection,Cycles,0,,,0,,07/07/2011 12:00:00 AM +0000,7/7/2011 12:16:00 PM,1,30508,At Intersection (intersection related),Daylight,2ND AV ET S AND S JACKSON ST,0,1,Y,2,3373317,Dry,51,PEDALCYCLIST STRUCK MOTOR VEHICLE FRONT END AT ANGLE,11188016,2924,0,2,Injury Collision,,45,Bicycle,Matched,N,1,Overcast,0,"(47.59919793100005, -122.32967854199995)",4859,0,N,11-219762
93878,129461,129461,Intersection,Cycles,0,,,0,,08/06/2011 12:00:00 AM +0000,8/6/2011,1,27153,At Intersection (intersection related),Daylight,EASTLAKE AVE E AND FUHRMAN AVE E,0,1,,2,3566028,Dry,18,"MOTOR VEHICLE STRUCK PEDALCYCLIST, FRONT END AT ANGLE",11218008,10579,0,2,Injury Collision,,45,Bicycle,Matched,0,1,Clear or Partly Cloudy,0,"(47.65157827200005, -122.32127525699997)",6078,0,N,11-256828
93929,127784,127784,Block,Cycles,209.5,,,0,,06/04/2011 12:00:00 AM +0000,6/4/2011 1:58:00 PM,1,,Mid-Block (not related to intersection),Daylight,LAKE WASHINGTON BLVD S BETWEEN LAKE WASHINGTON LOWER BLVD S AND S IRVING ST,0,1,,2,3565862,Dry,53,PEDALCYCLIST STRUCK MOTOR VEHICLE LEFT SIDE AT ANGLE,11155028,11224,0,2,Injury Collision,,45,Bicycle,Matched,N,1,Clear or Partly Cloudy,0,"(47.59171093900005, -122.28916826299997)",40996,0,N,2011-178447
93944,127930,127930,Intersection,Cycles,0,,,0,,08/03/2011 12:00:00 AM +0000,8/3/2011,1,28258,At Intersection (intersection related),Daylight,10TH AVE E AND E NEWTON ST,0,1,,2,3283393,Dry,51,PEDALCYCLIST STRUCK MOTOR VEHICLE FRONT END AT ANGLE,11215017,1298,0,2,Injury Collision,,45,Bicycle,Matched,0,1,Clear or Partly Cloudy,0,"(47.63725179700003, -122.32007982299996)",6111,0,N,2011-252835
93979,128762,128762,Block,Cycles,213, ,,0,,08/02/2011 12:00:00 AM +0000,8/2/2011,1,,Mid-Block (not related to intersection),Daylight,12TH AVE BETWEEN E MARION ST AND E SPRING ST,0,1,,2,2805996,Dry,14,"MOTOR VEHICLE STRUCK MOTOR VEHICLE, REAR END",11214017,1534,0,2,Injury Collision,,45,Bicycle,Matched,0,1,Clear or Partly Cloudy,0,"(47.61097747700006, -122.31677912199996)",10730,0,N,2011-251445
93985,128339,128339,Intersection,Cycles,0,,,0,,06/18/2011 12:00:00 AM +0000,6/18/2011 1:39:00 AM,1,29869,At Intersection (intersection related),Dark - Street Lights On,HOWELL ST AND OLIVE WAY,0,1,,3,3373917,Dry,18,"MOTOR VEHICLE STRUCK PEDALCYCLIST, FRONT END AT ANGLE",11169023,8282,0,2,Injury Collision,,45,Bicycle,Matched,N,1,Clear or Partly Cloudy,0,"(47.61405656100004, -122.33406083199998)",14009,0,N,2011-195236
93995,129321,129321,Block,Cycles,385, ,,0,,06/12/2011 12:00:00 AM +0000,6/12/2011 8:37:00 PM,0,,Mid-Block (not related to intersection),Dusk,UNIVERSITY WAY NE BETWEEN NE 52ND ST AND NE 55TH ST,0,1,,2,3375095,Dry,53,PEDALCYCLIST STRUCK MOTOR VEHICLE LEFT SIDE AT ANGLE,11163011,13225,0,1,Property Damage Only Collision,,45,Bicycle,Matched,N,1,Overcast,0,"(47.66749016400007, -122.31303423799994)",5597,0,N,11-188669