OBJECTID,INCKEY,COLDETKEY,ADDRTYPE,COLLISIONTYPE,DISTANCE,EXCEPTRSNCODE,EXCEPTRSNDESC,FATALITIES,INATTENTIONIND,INCDATE,INCDTTM,INJURIES,INTKEY,JUNCTIONTYPE,LIGHTCOND,LOCATION,PEDCOUNT,PEDCYLCOUNT,PEDROWNOTGRNT,PERSONCOUNT,REPORTNO,ROADCOND,SDOT_COLCODE,SDOT_COLDESC,SDOTCOLNUM,SEGKEY,SERIOUSINJURIES,SEVERITYCODE,SEVERITYDESC,SPEEDING,ST_COLCODE,ST_COLDESC,STATUS,UNDERINFL,VEHCOUNT,WEATHER,WIDTH,Shape,SEGLANEKEY,CROSSWALKKEY,HITPARKEDCAR,SPDCASENO
94018,127383,127383,Intersection,Cycles,0,,,0,,07/14/2011 12:00:00 AM +0000,7/14/2011 5:48:00 PM,1,35987,At Intersection (intersection related),Daylight,LAKE CITY WAY NE AND NE 145TH ST,0,1,Y,6,3561976,Dry,00,NOT ENOUGH INFORMATION / NOT APPLICABLE,11195012,16699,0,2,Injury Collision,,45,Bicycle,Matched,N,1,Clear or Partly Cloudy,0,"(47.733752809000066, -122.29243345199995)",0,0,N,11-228246
94020,129041,129041,Intersection,Cycles,0, ,,0,,04/08/2011 12:00:00 AM +0000,4/8/2011 5:25:00 PM,1,26465,At Intersection (intersection related),Daylight,20TH AVE W AND GILMAN AVE W,0,1,,2,3345948,Dry,51,PEDALCYCLIST STRUCK MOTOR VEHICLE FRONT END AT ANGLE,11098003,10634,0,2,Injury Collision,,45,Bicycle,Matched,N,1,Clear or Partly Cloudy,0,"(47.650331892000054, -122.38198969899997)",15402,0,N,11-112526
94047,127937,127937,Block,Cycles,161.5,,,0,,05/20/2011 12:00:00 AM +0000,5/20/2011 5:45:00 PM,1,,Mid-Block (not related to intersection),Daylight,HOWELL ST BETWEEN BOREN AVE AND MINOR AVE,0,1,Y,2,2616655,Dry,22,"MOTOR VEHICLE STRUCK PEDALCYCLIST, RIGHT SIDE SIDESWIPE",11140043,10963,0,2,Injury Collision,,45,Bicycle,Matched,0,1,Clear or Partly Cloudy,0,"(47.61650595100008, -122.330991617)",14396,0,N,11-163746
94136,129333,129333,Intersection,Cycles,0,,,0,,06/21/2011 12:00:00 AM +0000,6/21/2011 7:00:00 PM,1,28800,At Intersection (intersection related),Unknown,JOHN ST AND WESTLAKE AVE N,0,1,Y,2,3550738,Unknown,18,"MOTOR VEHICLE STRUCK PEDALCYCLIST, FRONT END AT ANGLE",11172001,11079,0,2,Injury Collision,,45,Bicycle,Matched,N,1,Unknown,0,"(47.619705476000036, -122.33847540899995)",24577,0,N,2011-200144
94150,129187,129187,Block,Cycles,213,,,0,,06/11/2011 12:00:00 AM +0000,6/11/2011 2:19:00 PM,1,,Mid-Block (not related to intersection),Daylight,6TH AVE BETWEEN PIKE ST AND PINE ST,0,1,,2,3377790,Dry,51,PEDALCYCLIST STRUCK MOTOR VEHICLE FRONT END AT ANGLE,11162023,7883,0,2,Injury Collision,,45,Bicycle,Matched,N,1,Clear or Partly Cloudy,0,"(47.61163826500007, -122.334917384)",25502,0,N,11-187133
94212,127945,127945,Intersection,Cycles,0,,,0,,01/24/2011 12:00:00 AM +0000,1/24/2011 12:57:00 PM,0,33119,At Intersection (intersection related),Daylight,AIRPORT WAY S AND S NEBRASKA ST,0,1,,2,3285499,Wet,18,"MOTOR VEHICLE STRUCK PEDALCYCLIST, FRONT END AT ANGLE",11024005,8695,0,1,Property Damage Only Collision,,45,Bicycle,Matched,N,1,Raining,0,"(47.549556100000075, -122.31720776899999)",0,0,N,11-28124
94257,128222,128222,Block,Cycles,216.5,,,0,,06/23/2011 12:00:00 AM +0000,6/23/2011 4:25:00 PM,1,,Mid-Block (not related to intersection),Daylight,NE 130TH ST BETWEEN 30TH AVE NE AND 31ST AVE NE,0,1,,2,3565293,Dry,18,"MOTOR VEHICLE STRUCK PEDALCYCLIST, FRONT END AT ANGLE",11174028,16552,0,2,Injury Collision,,45,Bicycle,Matched,N,1,Overcast,0,"(47.72289977100007, -122.29548048099997)",0,0,N,11-201859
94264,128219,128219,Block,Cycles,178,,,0,,06/21/2011 12:00:00 AM +0000,6/21/2011 12:40:00 PM,1,,Mid-Block (but intersection related),Daylight,W EMERSON PL BETWEEN 21ST AVE W AND 22ND AVE W,0,1,Y,2,3561736,Dry,54,PEDALCYCLIST STRUCK MOTOR VEHICLE REAR END,11172008,23272,0,2,Injury Collision,,45,Bicycle,Matched,N,1,Clear or Partly Cloudy,0,"(47.655834121000055, -122.384039858)",29634,0,N,2011-198933
94327,127677,127677,Intersection,Cycles,0,,,0,,10/26/2011 12:00:00 AM +0000,10/26/2011 9:06:00 AM,1,28400,At Intersection (intersection related),Daylight,20TH AVE E AND E LOUISA ST,0,1,Y,5,3387021,Dry,51,PEDALCYCLIST STRUCK MOTOR VEHICLE FRONT END AT ANGLE,11299029,2959,0,2,Injury Collision,Y,45,Bicycle,Matched,0,3,Overcast,0,"(47.642460578000055, -122.30551182299996)",0,0,N,11349017
94346,127955,127955,Block,Cycles,140.5,,,0,,09/03/2011 12:00:00 AM +0000,9/3/2011,1,,Mid-Block (not related to intersection),Daylight,ALKI AVE SW BETWEEN 57TH AVE SW AND 58TH AVE SW,0,1,,3,3295760,Dry,56,PEDALCYCLIST STRUCK MOTOR VEHICLE LEFT SIDE SIDESWIPE,11246034,8793,0,2,Injury Collision,,45,Bicycle,Matched,0,2,Clear or Partly Cloudy,0,"(47.58106997300007, -122.40567760799996)",3625,0,N,11-290877
94360,128646,128646,Intersection,Cycles,0,,,0,,12/09/2011 12:00:00 AM +0000,12/9/2011 5:03:00 PM,1,29807,At Intersection (intersection related),Dark - Street Lights On,13TH AVE AND E JEFFERSON ST,0,1,Y,2,3566139,Dry,51,PEDALCYCLIST STRUCK MOTOR VEHICLE FRONT END AT ANGLE,11343015,1730,1,2b,Serious Injury Collision,,45,Bicycle,Matched,N,1,Clear or Partly Cloudy,0,"(47.60619746400005, -122.31547073999997)",10463,0,N,11-395796
94364,128512,128512,Block,Cycles,266,,,0,Y,03/29/2011 12:00:00 AM +0000,3/29/2011 7:13:00 AM,1,,Mid-Block (not related to intersection),Daylight,ROOSEVELT WAY NE BETWEEN NE 43RD N ST AND NE 45TH ST,0,1,Y,2,3376934,Dry,18,"MOTOR VEHICLE STRUCK PEDALCYCLIST, FRONT END AT ANGLE",11088021,12598,0,2,Injury Collision,,45,Bicycle,Matched,N,1,Clear or Partly Cloudy,0,"(47.660577379000074, -122.31772271499995)",9001,0,N,11-10059
94385,128367,128367,Intersection,Cycles,0,,,0,,03/22/2011 12:00:00 AM +0000,3/22/2011 9:23:00 AM,1,28744,At Intersection (intersection related),Daylight,BROAD ST AND VALLEY ST,0,1,Y,2,3567839,Dry,51,PEDALCYCLIST STRUCK MOTOR VEHICLE FRONT END AT ANGLE,11081002,13265,1,2b,Serious Injury Collision,,45,Bicycle,Matched,N,1,Clear or Partly Cloudy,0,"(47.625795769000035, -122.33863455)",31158,0,N,11-92826
94416,129499,129499,Intersection,Cycles,0,,,0,,08/18/2011 12:00:00 AM +0000,8/18/2011 1:15:00 PM,1,35167,At Intersection (intersection related),Daylight,5TH AVE S AND S TRENTON S ST,0,1,,2,3380244,Dry,51,PEDALCYCLIST STRUCK MOTOR VEHICLE FRONT END AT ANGLE,11230016,7386,0,2,Injury Collision,,45,Bicycle,Matched,0,1,Clear or Partly Cloudy,0,"(47.524628654000026, -122.32822898199998)",0,0,N,11-271130
94467,127959,127959,Intersection,Cycles,0,,,0,,12/03/2011 12:00:00 AM +0000,12/3/2011 1:57:00 AM,1,27063,At Intersection (intersection related),Dark - Street Lights On,BROOKLYN AVE NE AND NE 45TH ST,0,1,,3,2501942,Dry,18,"MOTOR VEHICLE STRUCK PEDALCYCLIST, FRONT END AT ANGLE",11337034,9482,0,2,Injury Collision,,45,Bicycle,Matched,Y,1,Overcast,0,"(47.661276978000046, -122.314285816)",6974,0,N,11-002375
94520,128793,128793,Intersection,Cycles,0,,,1,,07/28/2011 12:00:00 AM +0000,7/28/2011 3:44:00 PM,0,28788,At Intersection (intersection related),Daylight,DEXTER AVE N AND THOMAS ST,0,1,Y,2,3562160,Dry,18,"MOTOR VEHICLE STRUCK PEDALCYCLIST, FRONT END AT ANGLE",11209006,10073,0,3,Fatality Collision,,45,Bicycle,Matched,N,1,Clear or Partly Cloudy,0,"(47.620888395000065, -122.34238173099999)",12606,0,N,2011-245264
94551,128378,128378,Block,Cycles,139.5,,,0,,04/20/2011 12:00:00 AM +0000,4/20/2011 6:27:00 AM,1,,Mid-Block (not related to intersection),Daylight,DEXTER AVE N BETWEEN MCGRAW ST AND 6TH AVE N,0,1,,1,3375531,Dry,69,PEDALCYCLIST OVERTURNED IN ROAD,11110001,10091,0,2,Injury Collision,,45,Bicycle,Matched,N,0,Overcast,0,"(47.63994985000005, -122.34427418799999)",13332,0,N,11-125666
94561,129507,129507,Block,Cycles,248,,,0,,09/13/2011 12:00:00 AM +0000,9/13/2011 5:25:00 PM,1,,Mid-Block (not related to intersection),Daylight,7TH AVE S BETWEEN S PLUMMER ST AND AIRPORT NB WAY S,0,1,,3,3373265,Dry,51,PEDALCYCLIST STRUCK MOTOR VEHICLE FRONT END AT ANGLE,11256015,8213,0,2,Injury Collision,,45,Bicycle,Matched,N,1,Clear or Partly Cloudy,0,"(47.59347648700003, -122.32377278299998)",16261,0,N,11-303007
94570,127689,127689,Block,Cycles,230.5,,,0,Y,10/31/2011 12:00:00 AM +0000,10/31/2011 7:52:00 PM,1,,Driveway Junction,Dark - Street Lights On,GILMAN AVE W BETWEEN 25TH AVE W AND 26TH AVE W,0,1,Y,3,3334733,Dry,51,PEDALCYCLIST STRUCK MOTOR VEHICLE FRONT END AT ANGLE,11304016,10640,0,2,Injury Collision,,45,Bicycle,Matched,N,1,Overcast,0,"(47.65813371200005, -122.38931511299995)",15458,0,N,11-355247
94614,128106,128106,Intersection,Cycles,0, ,,0,,02/08/2011 12:00:00 AM +0000,2/8/2011 8:38:00 AM,1,26026,At Intersection (but not related to intersection),Daylight,17TH AVE NE AND NE RAVENNA WB BV,0,1,,2,3287275,Dry,18,"MOTOR VEHICLE STRUCK PEDALCYCLIST, FRONT END AT ANGLE",11039002,2381,0,2,Injury Collision,,45,Bicycle,Matched,N,1,Clear or Partly Cloudy,0,"(47.670114839000064, -122.30962051299997)",32688,0,N,11-46044
94617,127972,127972,Block,Cycles,107,,,0,,08/21/2011 12:00:00 AM +0000,8/21/2011 12:02:00 PM,1,,Mid-Block (not related to intersection),Daylight,DENNY WAY BETWEEN FAIRVIEW AVE AND MINOR AVE,0,1,,3,3383696,Dry,54,PEDALCYCLIST STRUCK MOTOR VEHICLE REAR END,11233007,10019,0,2,Injury Collision,,45,Bicycle,Matched,0,1,Clear or Partly Cloudy,0,"(47.61851590800006, -122.33382329299997)",23526,0,N,2011-274692
94664,128807,128807,Intersection,Cycles,0,,,0,,03/23/2011 12:00:00 AM +0000,3/23/2011 7:44:00 PM,1,30174,At Intersection (intersection related),Dark - Street Lights On,22ND AVE AND E CHERRY ST,0,1,Y,3,3559890,Dry,18,"MOTOR VEHICLE STRUCK PEDALCYCLIST, FRONT END AT ANGLE",11082033,3229,0,2,Injury Collision,,45,Bicycle,Matched,N,1,Clear or Partly Cloudy,0,"(47.60801107700007, -122.30372151999995)",9559,0,N,11-94546
94720,127699,127699,Block,Cycles,380.5,,,0,,11/05/2011 12:00:00 AM +0000,11/5/2011 5:11:00 PM,1,,Mid-Block (not related to intersection),Dusk,S JACKSON ST BETWEEN 12TH AVE S AND 14TH AVE S,0,1,,2,3287437,Dry,56,PEDALCYCLIST STRUCK MOTOR VEHICLE LEFT SIDE SIDESWIPE,11309027,20494,0,2,Injury Collision,,45,Bicycle,Matched,N,1,Clear or Partly Cloudy,0,"(47.59919951900008, -122.31568207499998)",11001,0,N,11-359577
94732,127428,127428,Intersection,Cycles,0,,,0,,06/28/2011 12:00:00 AM +0000,6/28/2011 8:15:00 AM,1,36351,At Intersection (intersection related),Daylight,AURORA AVE N AND N 107TH N ST,0,1,Y,2,3565338,Dry,18,"MOTOR VEHICLE STRUCK PEDALCYCLIST, FRONT END AT ANGLE",11179003,8987,0,2,Injury Collision,,45,Bicycle,Matched,N,1,Clear or Partly Cloudy,0,"(47.70686821900006, -122.34472400799996)",0,0,N,11-207464
94738,127422,127422,Block,Cycles,95.5,,,0,,06/23/2011 12:00:00 AM +0000,6/23/2011 7:40:00 AM,1,,Driveway Junction,Daylight,FAUNTLEROY WAY SW BETWEEN 37TH AVE SW AND SW OREGON ST,0,1,Y,2,3562830,Unknown,51,PEDALCYCLIST STRUCK MOTOR VEHICLE FRONT END AT ANGLE,11174027,10384,0,2,Injury Collision,,45,Bicycle,Matched,N,1,Unknown,0,"(47.563069047000056, -122.37902694899998)",19809,0,N,2011-206755
94748,128256,128256,Intersection,Cycles,0, ,,0,Y,07/08/2011 12:00:00 AM +0000,7/8/2011 2:40:00 PM,2,27244,At Intersection (intersection related),Daylight,LATONA AVE NE AND NE PACIFIC ST,0,1,,3,3569193,Dry,18,"MOTOR VEHICLE STRUCK PEDALCYCLIST, FRONT END AT ANGLE",11189009,11289,0,2,Injury Collision,,45,Bicycle,Matched,N,1,Clear or Partly Cloudy,0,"(47.65488891200005, -122.32570273399995)",0,576113,N,11-221085
94897,127850,127850,Intersection,Cycles,0,,,0,,03/10/2011 12:00:00 AM +0000,3/10/2011 8:03:00 AM,0,29877,At Intersection (intersection related),Daylight,MELROSE AVE AND PIKE ST,0,1,Y,2,3375731,Wet,18,"MOTOR VEHICLE STRUCK PEDALCYCLIST, FRONT END AT ANGLE",11069007,11744,0,1,Property Damage Only Collision,,45,Bicycle,Matched,N,1,Raining,0,"(47.61393023000005, -122.32780457599995)",31114,0,N,11-79493
94979,127448,127448,Block,Cycles,314,,,0,,05/04/2011 12:00:00 AM +0000,5/4/2011 8:00:00 AM,1,,Mid-Block (not related to intersection),Daylight,5TH AVE S BETWEEN S WELLER ST AND S DEARBORN ST,0,1,,2,2898009,Unknown,56,PEDALCYCLIST STRUCK MOTOR VEHICLE LEFT SIDE SIDESWIPE,11124011,7361,0,2,Injury Collision,,45,Bicycle,Matched,N,1,Unknown,0,"(47.596656745000075, -122.32768064899994)",31131,0,N,2011-141743
95073,129110,129110,Block,Cycles,132,,,0,,11/27/2011 12:00:00 AM +0000,11/27/2011 3:00:00 PM,1,,Driveway Junction,Daylight,AURORA AVE N BETWEEN N 100TH ST AND N 101ST ST,0,1,Y,2,3545027,Dry,24,MOTOR VEHCILE STRUCK PEDESTRIAN,11331031,8979,0,2,Injury Collision,,45,Bicycle,Matched,N,1,Clear or Partly Cloudy,0,"(47.70179073800006, -122.34465536399995)",0,0,N,2011-382718
95082,128970,128970,Intersection,Cycles,0, ,,0,,07/26/2011 12:00:00 AM +0000,7/26/2011 12:04:00 AM,1,29860,At Intersection (intersection related),Dark - Street Lights On,SUMMIT AVE AND E PINE ST,0,1,,2,2805987,Wet,18,"MOTOR VEHICLE STRUCK PEDALCYCLIST, FRONT END AT ANGLE",11207002,12987,0,2,Injury Collision,,45,Bicycle,Matched,0,1,Overcast,0,"(47.615218748000075, -122.325528841)",10354,0,N,11-241870
95106,129543,129543,Block,Cycles,610.5,,,0,,06/29/2011 12:00:00 AM +0000,6/29/2011 6:06:00 PM,1,,Driveway Junction,Daylight,HARBOR AVE SW BETWEEN CALIFORNIA WAY SW AND FAIRMOUNT AVE SW,0,1,,3,3380451,Dry,18,"MOTOR VEHICLE STRUCK PEDALCYCLIST, FRONT END AT ANGLE",11180009,10815,0,2,Injury Collision,,45,Bicycle,Matched,N,1,Clear or Partly Cloudy,0,"(47.588294606000034, -122.37982308899996)",4167,0,N,11-209315
95113,129398,129398,Intersection,Cycles,0,,,0,,07/25/2011 12:00:00 AM +0000,7/25/2011 8:12:00 PM,1,35254,At Intersection (intersection related),Daylight,44TH AVE S AND S CLOVERDALE ST,0,1,,3,3545913,Dry,21,"MOTOR VEHICLE STRUCK PEDALCYCLIST, REAR END",11206011,6727,0,2,Injury Collision,,45,Bicycle,Matched,0,1,Clear or Partly Cloudy,0,"(47.52611940700007, -122.27805754799999)",0,0,N,2011-241708
95137,127451,127451,Intersection,Cycles,0,,,0,,08/16/2011 12:00:00 AM +0000,8/16/2011 9:40:00 AM,1,27153,At Intersection (intersection related),Daylight,EASTLAKE AVE E AND FUHRMAN AVE E,0,1,Y,2,3283074,Dry,18,"MOTOR VEHICLE STRUCK PEDALCYCLIST, FRONT END AT ANGLE",11228004,10579,0,2,Injury Collision,,45,Bicycle,Matched,N,1,Clear or Partly Cloudy,0,"(47.65157827200005, -122.32127525699997)",6078,0,N,2011-268550
95146,127591,127591,Block,Cycles,140,,,0,,08/27/2011 12:00:00 AM +0000,8/27/2011 8:06:00 AM,1,,Mid-Block (not related to intersection),Daylight,NE 45TH ST BETWEEN 15TH AVE NE AND 16TH AVE NE,0,1,,2,3564382,Dry,18,"MOTOR VEHICLE STRUCK PEDALCYCLIST, FRONT END AT ANGLE",11239007,16853,0,2,Injury Collision,,45,Bicycle,Matched,0,1,Clear or Partly Cloudy,0,"(47.661261471000046, -122.31142720799994)",6944,0,N,2011-281882
95156,127864,127864,Block,Cycles,153, ,,0,,03/11/2011 12:00:00 AM +0000,3/11/2011 5:32:00 PM,2,,Mid-Block (not related to intersection),Dusk,ALASKAN WAY S BETWEEN S MAIN ST AND S JACKSON ST,0,1,,4,3335206,Dry,54,PEDALCYCLIST STRUCK MOTOR VEHICLE REAR END,11070030,8737,0,2,Injury Collision,,45,Bicycle,Matched,0,2,Clear or Partly Cloudy,0,"(47.599628291000045, -122.33590981799995)",0,0,N,2011-81291
95254,129546,129546,Intersection,Cycles,0,,,0,,07/05/2011 12:00:00 AM +0000,7/5/2011 8:09:00 AM,1,29734,At Intersection (intersection related),Daylight,BOYLSTON AVE AND E PINE ST,0,1,Y,5,3566235,Dry,51,PEDALCYCLIST STRUCK MOTOR VEHICLE FRONT END AT ANGLE,11186007,9375,0,2,Injury Collision,,45,Bicycle,Matched,N,1,Clear or Partly Cloudy,0,"(47.61523114200003, -122.32341547099998)",10374,0,N,11-216765
95314,128435,128435,Intersection,Cycles,0,,,0,,04/22/2011 12:00:00 AM +0000,4/22/2011 11:32:00 AM,1,25184,At Intersection (intersection related),Daylight,SHILSHOLE AVE NW AND NW 46TH ST,0,1,,3,3568847,Dry,18,"MOTOR VEHICLE STRUCK PEDALCYCLIST, FRONT END AT ANGLE",11112013,12827,0,2,Injury Collision,,45,Bicycle,Matched,N,1,Clear or Partly Cloudy,0,"(47.66220710200008, -122.37830241899997)",41180,0,N,11-128057
95315,128434,128434,Intersection,Cycles,0,,,0,,04/22/2011 12:00:00 AM +0000,4/22/2011 8:52:00 PM,1,27108,At Intersection (intersection related),Dark - Street Lights On,UNIVERSITY WAY NE AND NE 40TH ST,0,1,Y,2,3332812,Dry,51,PEDALCYCLIST STRUCK MOTOR VEHICLE FRONT END AT ANGLE,11112008,13216,1,2b,Serious Injury Collision,,45,Bicycle,Matched,N,1,Clear or Partly Cloudy,0,"(47.65535371000004, -122.31328484099998)",5695,0,N,11-12841
95339,127877,127877,Block,Cycles,727.5, ,,0,,07/21/2011 12:00:00 AM +0000,7/21/2011 9:28:00 AM,1,,Driveway Junction,Daylight,26TH AVE E BETWEEN BOYER AVE E AND E NEWTON ST,0,1,,2,3329572,Wet,18,"MOTOR VEHICLE STRUCK PEDALCYCLIST, FRONT END AT ANGLE",11202035,3855,0,2,Injury Collision,,45,Bicycle,Matched,N,1,Raining,0,"(47.635908906000054, -122.29947268399997)",0,0,N,2011-236103
95350,128992,128992,Block,Cycles,159.5,,,0,,09/03/2011 12:00:00 AM +0000,9/3/2011,1,,Mid-Block (not related to intersection),Daylight,E CHERRY ST BETWEEN 23RD AVE AND 24TH AVE,0,1,,2,3559539,Dry,54,PEDALCYCLIST STRUCK MOTOR VEHICLE REAR END,11246025,13892,0,2,Injury Collision,,45,Bicycle,Matched,1,1,Clear or Partly Cloudy,0,"(47.60800752400007, -122.30212529999994)",9571,0,N,11-290746
95400,129412,129412,Block,Cycles,213,,,0,,11/14/2011 12:00:00 AM +0000,11/14/2011 7:08:00 AM,1,,Driveway Junction,Dawn,2ND AVE BETWEEN UNION ST AND PIKE ST,0,1,,2,3200500,Dry,18,"MOTOR VEHICLE STRUCK PEDALCYCLIST, FRONT END AT ANGLE",11318016,2757,0,2,Injury Collision,Y,45,Bicycle,Matched,N,1,Clear or Partly Cloudy,0,"(47.60878749200003, -122.33844845799996)",12168,0,N,11-369513
95497,128442,128442,Intersection,Cycles,0, ,,0,,03/09/2011 12:00:00 AM +0000,3/9/2011 9:07:00 AM,1,28914,At Intersection (intersection related),Daylight,5TH AVE N AND MERCER ST,0,1,Y,2,3375712,Wet,18,"MOTOR VEHICLE STRUCK PEDALCYCLIST, FRONT END AT ANGLE",11068008,7264,0,2,Injury Collision,,45,Bicycle,Matched,N,1,Overcast,0,"(47.62456147800003, -122.34757101999998)",0,521786,N,11-78387
95508,128717,128717,Block,Cycles,239.5,,,0,Y,10/31/2011 12:00:00 AM +0000,10/31/2011 3:32:00 PM,1,,Driveway Junction,Daylight,NE 125TH ST BETWEEN 33RD AVE NE AND 35TH AVE NE,0,1,,2,3466682,Wet,18,"MOTOR VEHICLE STRUCK PEDALCYCLIST, FRONT END AT ANGLE",11304033,16503,0,2,Injury Collision,,45,Bicycle,Matched,N,1,Overcast,0,"(47.71925900000008, -122.29175893899998)",0,0,N,11-354956
95535,129417,129417,Block,Cycles,332.5,,,0,,04/17/2011 12:00:00 AM +0000,4/17/2011 9:50:00 AM,1,,Mid-Block (not related to intersection),Daylight,15TH AVE NE BETWEEN NE 45TH ST AND NE 47TH ST,0,1,,3,3333669,Dry,55,PEDALCYCLIST STRUCK MOTOR VEHICLE RIGHT SIDE SIDESWIPE,11107016,2035,0,2,Injury Collision,,45,Bicycle,Matched,N,1,Clear or Partly Cloudy,0,"(47.662171433000026, -122.31197952299999)",21387,0,N,2011-122415
95563,131812,131812,Intersection,Cycles,0, ,,0,,08/07/2012 12:00:00 AM +0000,8/7/2012 9:48:00 AM,0,29738,At Intersection (intersection related),Daylight,10TH AVE AND E PINE ST,0,1,Y,2,3593461,Dry,00,NOT ENOUGH INFORMATION / NOT APPLICABLE,12220004,14636,0,1,Property Damage Only Collision,,45,Bicycle,Matched,N,1,Clear or Partly Cloudy,0,"(47.615245137000045, -122.31946547599995)",0,523987,N,12 259467
95574,131673,131673,Block,Cycles,237.5,,,0,,06/01/2012 12:00:00 AM +0000,6/1/2012 6:52:00 PM,1,,Mid-Block (not related to intersection),Daylight,EASTLAKE AVE E BETWEEN E ROANOKE ST AND E EDGAR ST,0,1,,2,3386946,Dry,56,PEDALCYCLIST STRUCK MOTOR VEHICLE LEFT SIDE SIDESWIPE,12153030,10179,1,2b,Serious Injury Collision,,45,Bicycle,Matched,N,1,Overcast,0,"(47.64384056200004, -122.32588475799997)",24704,0,N,12-169952
95613,130401,130401,Intersection,Cycles,0,,,0,,07/01/2011 12:00:00 AM +0000,7/1/2011 8:26:00 AM,1,27090,At Intersection (intersection related),Daylight,UNIVERSITY WAY NE AND NE 42ND ST,0,1,,3,3466802,Dry,51,PEDALCYCLIST STRUCK MOTOR VEHICLE FRONT END AT ANGLE,11182011,13220,0,2,Injury Collision,,45,Bicycle,Matched,N,1,Clear or Partly Cloudy,0,"(47.65831484900008, -122.31320716799996)",5663,0,N,2011-211142
95616,130263,130263,Intersection,Cycles,0,,,0,,09/28/2011 12:00:00 AM +0000,9/28/2011 8:47:00 AM,1,25803,At Intersection (intersection related),Daylight,BROOKLYN AVE NE AND NE 47TH ST,0,1,Y,3,3545006,Dry,18,"MOTOR VEHICLE STRUCK PEDALCYCLIST, FRONT END AT ANGLE",11271001,9483,0,2,Injury Collision,,45,Bicycle,Matched,N,1,Clear or Partly Cloudy,0,"(47.663099646000035, -122.31423801699998)",32429,0,N,2011-319300
95617,130675,130675,Intersection,Cycles,0,,,0,,05/24/2011 12:00:00 AM +0000,5/24/2011 8:00:00 PM,1,29920,At Intersection (intersection related),Daylight,BOREN AVE AND MADISON ST,0,1,,3,3562461,Dry,51,PEDALCYCLIST STRUCK MOTOR VEHICLE FRONT END AT ANGLE,11144003,9314,0,2,Injury Collision,,45,Bicycle,Matched,N,1,Clear or Partly Cloudy,0,"(47.60933797200005, -122.32513907699996)",25201,0,N,2011-165745
95660,131820,131820,Intersection,Cycles,0, ,,0,,06/06/2012 12:00:00 AM +0000,6/6/2012 7:25:00 PM,1,29592,At Intersection (intersection related),Daylight,2ND AVE AND PIKE ST,0,1,,2,3503675,Dry,51,PEDALCYCLIST STRUCK MOTOR VEHICLE FRONT END AT ANGLE,12158002,2758,0,2,Injury Collision,,45,Bicycle,Matched,N,1,Clear or Partly Cloudy,0,"(47.60928514300008, -122.33890369399995)",36905,0,N,2012-176368
95722,129855,129855,Block,Cycles,335,,,0,Y,11/15/2011 12:00:00 AM +0000,11/15/2011 3:35:00 PM,1,,Mid-Block (not related to intersection),Dusk,ROOSEVELT WAY NE BETWEEN NE 45TH ST AND NE 47TH ST,0,1,,2,3554504,Dry,51,PEDALCYCLIST STRUCK MOTOR VEHICLE FRONT END AT ANGLE,11319020,12599,0,2,Injury Collision,,45,Bicycle,Matched,N,1,Clear or Partly Cloudy,0,"(47.662198043000046, -122.31745114299997)",10833,0,N,2011-371019
95724,129853,129853,Intersection,Cycles,0,,,0,,11/13/2011 12:00:00 AM +0000,11/13/2011 5:37:00 PM,1,29632,At Intersection (intersection related),Dark - Street Lights On,ALASKAN WAY AND SPRING ST,0,1,,1,3546477,Dry,51,PEDALCYCLIST STRUCK MOTOR VEHICLE FRONT END AT ANGLE,11317002,8721,0,2,Injury Collision,,45,Bicycle,Matched,N,0,Clear or Partly Cloudy,0,"(47.60448768400005, -122.33909095699994)",0,0,N,11-369064
95754,130684,130684,Block,Cycles,185,,,0,,01/31/2011 12:00:00 AM +0000,1/31/2011 10:30:00 AM,1,,Mid-Block (not related to intersection),Daylight,15TH AVE NE BETWEEN NE 63RD ST AND NE 65TH ST,0,1,,2,3288408,Dry,51,PEDALCYCLIST STRUCK MOTOR VEHICLE FRONT END AT ANGLE,11031028,2047,1,2b,Serious Injury Collision,,45,Bicycle,Matched,N,1,Clear or Partly Cloudy,0,"(47.67527439700007, -122.31192628099996)",29067,0,N,2011-37592
95762,130551,130551,Block,Cycles,95,,,0,,04/20/2011 12:00:00 AM +0000,4/20/2011 6:00:00 AM,1,,Driveway Junction,Dawn,S LANDER ST BETWEEN 5TH PL S AND 6TH AVE S,0,1,,2,3374582,Dry,18,"MOTOR VEHICLE STRUCK PEDALCYCLIST, FRONT END AT ANGLE",11110015,20628,0,2,Injury Collision,,45,Bicycle,Matched,N,1,Clear or Partly Cloudy,0,"(47.57980934600005, -122.32636353999999)",5550,0,N,11 125648
95794,131255,131255,Block,Cycles,124.5,,,0,,10/16/2012 12:00:00 AM +0000,10/16/2012 5:10:00 PM,1,,Driveway Junction,Daylight,NE 45TH ST BETWEEN 1ST AVE NE AND 2ND AVE NE,0,1,Y,2,3551607,Dry,18,"MOTOR VEHICLE STRUCK PEDALCYCLIST, FRONT END AT ANGLE",12290030,16838,0,2,Injury Collision,,45,Bicycle,Matched,N,1,Overcast,0,"(47.661357277000036, -122.32775751099996)",6532,0,N,2012 354952