OBJECTID,INCKEY,COLDETKEY,ADDRTYPE,COLLISIONTYPE,DISTANCE,EXCEPTRSNCODE,EXCEPTRSNDESC,FATALITIES,INATTENTIONIND,INCDATE,INCDTTM,INJURIES,INTKEY,JUNCTIONTYPE,LIGHTCOND,LOCATION,PEDCOUNT,PEDCYLCOUNT,PEDROWNOTGRNT,PERSONCOUNT,REPORTNO,ROADCOND,SDOT_COLCODE,SDOT_COLDESC,SDOTCOLNUM,SEGKEY,SERIOUSINJURIES,SEVERITYCODE,SEVERITYDESC,SPEEDING,ST_COLCODE,ST_COLDESC,STATUS,UNDERINFL,VEHCOUNT,WEATHER,WIDTH,Shape,SEGLANEKEY,CROSSWALKKEY,HITPARKEDCAR,SPDCASENO
95796,131254,131254,Block,Cycles,196,,,0,,10/15/2012 12:00:00 AM +0000,10/15/2012 10:56:00 AM,1,,Mid-Block (not related to intersection),Daylight,1ST AVE S BETWEEN S ANDOVER ST AND S DAKOTA ST,0,1,,2,3548847,Dry,21,"MOTOR VEHICLE STRUCK PEDALCYCLIST, REAR END",12289039,337633,0,2,Injury Collision,,45,Bicycle,Matched,N,1,Clear or Partly Cloudy,0,"(47.56784880300006, -122.33420643999995)",5420,0,N,12-353285
95805,130966,130966,Intersection,Cycles,0,,,0,,08/22/2012 12:00:00 AM +0000,8/22/2012 1:49:00 AM,1,30356,At Intersection (intersection related),Dark - Street Lights On,JAMES ST AND YESLER WAY,0,1,Y,2,3599357,Dry,18,"MOTOR VEHICLE STRUCK PEDALCYCLIST, FRONT END AT ANGLE",12235007,11049,0,2,Injury Collision,,45,Bicycle,Matched,N,1,Clear or Partly Cloudy,0,"(47.60172188000007, -122.33389883199999)",9939,0,N,12-279601
95997,129594,129594,Block,Cycles,143, ,,0,,08/24/2011 12:00:00 AM +0000,8/24/2011 5:37:00 PM,1,,Mid-Block (not related to intersection),Daylight,BROADWAY E BETWEEN E MERCER ST AND E ROY E ST,0,1,,2,3387171,Dry,18,"MOTOR VEHICLE STRUCK PEDALCYCLIST, FRONT END AT ANGLE",11236019,9456,0,2,Injury Collision,,45,Bicycle,Matched,0,1,Clear or Partly Cloudy,0,"(47.624660325000036, -122.32093668799996)",6215,0,N,11-278230
96020,130843,130843,Intersection,Cycles,0,,,0,,01/26/2012 12:00:00 AM +0000,1/26/2012 7:09:00 AM,1,30447,At Intersection (intersection related),Dark - Street Lights On,8TH AVE S AND S DEARBORN ST,0,1,Y,2,3503902,Wet,18,"MOTOR VEHICLE STRUCK PEDALCYCLIST, FRONT END AT ANGLE",12026007,19830,0,2,Injury Collision,,45,Bicycle,Matched,N,1,Raining,0,"(47.59583116700003, -122.32245866299996)",5851,0,N,12-24294
96041,130150,130150,Block,Cycles,332.5,,,0,Y,09/10/2011 12:00:00 AM +0000,9/10/2011 11:32:00 AM,1,,Mid-Block (not related to intersection),Daylight,GREENWOOD AVE N BETWEEN N 85TH ST AND N 87TH ST,0,1,,2,3564714,Dry,56,PEDALCYCLIST STRUCK MOTOR VEHICLE LEFT SIDE SIDESWIPE,11253020,10752,0,2,Injury Collision,,45,Bicycle,Matched,N,1,Clear or Partly Cloudy,0,"(47.69150543500007, -122.35530634599996)",4623,0,N,11-299249
96051,131129,131129,Intersection,Cycles,0,,,0,,08/12/2012 12:00:00 AM +0000,8/12/2012 2:21:00 AM,1,29748,At Intersection (intersection related),Dark - Street Lights On,12TH AVE AND E PIKE ST,0,1,,1,3593662,Dry,14,"MOTOR VEHICLE STRUCK MOTOR VEHICLE, REAR END",12225013,1546,0,2,Injury Collision,,45,Bicycle,Matched,N,0,Clear or Partly Cloudy,0,"(47.61410376900005, -122.31683584899997)",10802,0,N,12 266174
96114,131707,131707,Intersection,Cycles,0,,,0,,11/02/2012 12:00:00 AM +0000,11/2/2012 8:06:00 AM,1,35033,At Intersection (intersection related),Daylight,16TH AVE SW AND SW HENDERSON ST,0,1,Y,2,3553720,Dry,18,"MOTOR VEHICLE STRUCK PEDALCYCLIST, FRONT END AT ANGLE",12307016,2348,0,2,Injury Collision,,45,Bicycle,Matched,N,1,Clear or Partly Cloudy,0,"(47.52287008800005, -122.35510445399996)",29740,0,N,12-375806
96190,130717,130717,Intersection,Cycles,0,,,0,,06/04/2011 12:00:00 AM +0000,6/4/2011 11:11:00 PM,1,29734,At Intersection (intersection related),Dark - Street Lights On,BOYLSTON AVE AND E PINE ST,0,1,,1,3565864,Dry,69,PEDALCYCLIST OVERTURNED IN ROAD,11155014,9375,0,2,Injury Collision,Y,45,Bicycle,Matched,N,0,Clear or Partly Cloudy,0,"(47.61523114200003, -122.32341547099998)",10373,0,N,2011-179087
96226,131714,131714,Intersection,Cycles,0,,,0,,04/22/2012 12:00:00 AM +0000,4/22/2012 9:35:00 AM,1,26454,At Intersection (intersection related),Daylight,GILMAN AVE W AND W EMERSON ST,0,1,Y,2,3561090,Dry,51,PEDALCYCLIST STRUCK MOTOR VEHICLE FRONT END AT ANGLE,12113006,10636,0,2,Injury Collision,,45,Bicycle,Matched,N,1,Clear or Partly Cloudy,0,"(47.65397898100008, -122.38461607899995)",15423,0,N,2012-122682
96252,129885,129885,Intersection,Cycles,0,,,0,,03/09/2011 12:00:00 AM +0000,3/9/2011 8:56:00 PM,1,36551,At Intersection (intersection related),Dark - No Street Lights,1ST AVE NE AND NE 120TH ST,0,1,Y,2,3565007,Wet,51,PEDALCYCLIST STRUCK MOTOR VEHICLE FRONT END AT ANGLE,11068009,1102,0,2,Injury Collision,,45,Bicycle,Matched,N,1,Raining,0,"(47.71589366100005, -122.32880161399999)",5676,0,N,2011-79110
96303,131007,131007,Intersection,Cycles,0, ,,0,,08/23/2012 12:00:00 AM +0000,8/23/2012 8:34:00 AM,1,29660,At Intersection (intersection related),Daylight,2ND AVE AND DENNY WAY,0,1,Y,2,3599313,Dry,18,"MOTOR VEHICLE STRUCK PEDALCYCLIST, FRONT END AT ANGLE",12236002,2772,0,2,Injury Collision,,45,Bicycle,Matched,N,1,Clear or Partly Cloudy,0,"(47.61859203600005, -122.35283935099994)",0,521014,N,12-281194
96431,130873,130873,Block,Cycles,683,,,0,,05/08/2012 12:00:00 AM +0000,5/8/2012 7:00:00 PM,1,,Mid-Block (not related to intersection),Daylight,LAKE WASHINGTON BLVD S BETWEEN S FERDINAND ST AND S DAWSON ST,0,1,,3,3617381,Dry,23,"MOTOR VEHICLE STRUCK PEDALCYCLIST, LEFT SIDE SIDESWIPE",12129010,11244,0,2,Injury Collision,Y,45,Bicycle,Matched,N,1,Clear or Partly Cloudy,0,"(47.556549837000034, -122.262244066)",38097,0,N,12-141952
96521,129627,129627,Intersection,Cycles,0,,,0,,11/24/2011 12:00:00 AM +0000,11/24/2011 1:55:00 AM,1,25800,At Intersection (intersection related),Dark - Street Lights On,ROOSEVELT WAY NE AND NE 47TH ST,0,1,Y,2,3344542,Wet,51,PEDALCYCLIST STRUCK MOTOR VEHICLE FRONT END AT ANGLE,11328004,12600,0,2,Injury Collision,,45,Bicycle,Matched,N,1,Clear or Partly Cloudy,0,"(47.66311774400003, -122.31742343199994)",0,0,N,11-379612
96578,130466,130466,Intersection,Cycles,0,,,0,,10/08/2011 12:00:00 AM +0000,10/8/2011,0,29576,At Intersection (intersection related),Dark - Street Lights On,5TH AVE AND PIKE ST,0,1,,2,3546608,Unknown,18,"MOTOR VEHICLE STRUCK PEDALCYCLIST, FRONT END AT ANGLE",11281005,7237,0,1,Property Damage Only Collision,,45,Bicycle,Matched,0,1,Unknown,0,"(47.61067790300007, -122.33557402499997)",21852,0,N,2011-330675
96613,131304,131304,Intersection,Cycles,0,,,0,,11/03/2012 12:00:00 AM +0000,11/3/2012 10:58:00 PM,1,29050,At Intersection (intersection related),Dark - Street Lights On,BOYLSTON AVE E AND E OLIVE E WAY,0,1,Y,2,3476353,Wet,18,"MOTOR VEHICLE STRUCK PEDALCYCLIST, FRONT END AT ANGLE",12308001,9380,0,2,Injury Collision,,45,Bicycle,Matched,N,1,Raining,0,"(47.61986882600007, -122.32307185199994)",23232,0,N,12-378042
96618,131301,131301,Intersection,Cycles,0,,,0,,07/03/2012 12:00:00 AM +0000,7/3/2012 5:12:00 PM,1,30421,At Intersection (intersection related),Daylight,14TH AVE S AND S MAIN ST,0,1,Y,3,3593477,Dry,18,"MOTOR VEHICLE STRUCK PEDALCYCLIST, FRONT END AT ANGLE",12185005,1922,0,2,Injury Collision,,45,Bicycle,Matched,N,1,Clear or Partly Cloudy,0,"(47.60001091400005, -122.314133003)",10972,0,N,12-210879
96630,131164,131164,Intersection,Cycles,0, ,,0,,12/10/2012 12:00:00 AM +0000,12/10/2012 6:32:00 PM,1,28425,At Intersection (intersection related),Dark - Street Lights On,MONTLAKE BLVD E AND MONTLAKE BV EB ON RP,0,1,,2,3565850,Dry,18,"MOTOR VEHICLE STRUCK PEDALCYCLIST, FRONT END AT ANGLE",12345026,11905,0,2,Injury Collision,,45,Bicycle,Matched,N,1,Overcast,0,"(47.644543670000076, -122.30444951699997)",0,525577,N,12-421976
96633,130876,130876,Intersection,Cycles,0,,,0,,05/25/2012 12:00:00 AM +0000,5/25/2012 3:50:00 PM,1,25466,At Intersection (intersection related),Daylight,8TH AVE NW AND NW 47TH ST,0,1,,2,3564850,Dry,18,"MOTOR VEHICLE STRUCK PEDALCYCLIST, FRONT END AT ANGLE",12146014,8376,0,2,Injury Collision,,45,Bicycle,Matched,N,1,Clear or Partly Cloudy,0,"(47.66292215200008, -122.36619335799998)",26366,0,N,12 161442
96656,130052,130052,Block,Cycles,232,,,0,,04/02/2011 12:00:00 AM +0000,4/2/2011,1,,Mid-Block (not related to intersection),Daylight,AURORA AVE N BETWEEN N 141ST ST AND N 143RD ST,0,1,,2,3564858,Wet,53,PEDALCYCLIST STRUCK MOTOR VEHICLE LEFT SIDE AT ANGLE,11092019,8999,0,2,Injury Collision,,45,Bicycle,Matched,0,1,Raining,0,"(47.73167278300008, -122.34507003299996)",14937,0,N,2011-105759
96729,131316,131316,Block,Cycles,212.5,,,0,,03/08/2012 12:00:00 AM +0000,3/8/2012 8:20:00 AM,1,,Mid-Block (not related to intersection),Daylight,MERIDIAN AVE N BETWEEN N NORTHLAKE WAY AND N 34TH ST,0,1,Y,3,3544760,Dry,18,"MOTOR VEHICLE STRUCK PEDALCYCLIST, FRONT END AT ANGLE",12068020,11780,0,2,Injury Collision,,45,Bicycle,Matched,N,1,Overcast,0,"(47.64744824100006, -122.33392032899997)",0,0,N,12-7096-2
96739,131309,131309,Block,Cycles,472,,,0,,11/08/2012 12:00:00 AM +0000,11/8/2012 7:17:00 AM,1,,Mid-Block (not related to intersection),Daylight,N CANAL ST BETWEEN 1ST AVE NW AND PHINNEY AVE N,0,1,,2,3544960,Dry,18,"MOTOR VEHICLE STRUCK PEDALCYCLIST, FRONT END AT ANGLE",12313013,16095,0,2,Injury Collision,,45,Bicycle,Matched,N,1,Clear or Partly Cloudy,0,"(47.65129497400005, -122.35628468099998)",0,0,N,12-383220
96740,130886,130886,Intersection,Cycles,0,,,0,,03/15/2012 12:00:00 AM +0000,3/15/2012 6:40:00 AM,1,27074,At Intersection (intersection related),Dark - Street Lights On,11TH AVE NE AND NE 43RD ST,0,1,Y,2,3466594,Wet,18,"MOTOR VEHICLE STRUCK PEDALCYCLIST, FRONT END AT ANGLE",12075022,1408,0,2,Injury Collision,,45,Bicycle,Matched,N,1,Raining,0,"(47.65983651400006, -122.31661695399998)",31541,0,N,12-78595
96777,129783,129783,Intersection,Cycles,0,,,0,,10/27/2011 12:00:00 AM +0000,10/27/2011 5:26:00 PM,1,29863,At Intersection (intersection related),Daylight,MELROSE AVE AND PINE ST,0,1,,2,3387023,Dry,18,"MOTOR VEHICLE STRUCK PEDALCYCLIST, FRONT END AT ANGLE",11300006,11745,0,2,Injury Collision,,45,Bicycle,Matched,0,1,Clear or Partly Cloudy,0,"(47.615238420000026, -122.32790375499997)",11517,0,N,11-350643
96808,130482,130482,Block,Cycles,165.5,,,0,,07/03/2011 12:00:00 AM +0000,7/3/2011 6:56:00 PM,1,,Mid-Block (not related to intersection),Dusk,3RD AVE NE BETWEEN NE 115TH ST AND NE 116TH ST,0,1,,5,3564815,Dry,18,"MOTOR VEHICLE STRUCK PEDALCYCLIST, FRONT END AT ANGLE",11184017,4421,0,2,Injury Collision,,45,Bicycle,Matched,N,1,Clear or Partly Cloudy,0,"(47.71269928400005, -122.32606199199995)",0,0,N,11-214181
96869,131038,131038,Intersection,Cycles,0,,,0,,10/02/2012 12:00:00 AM +0000,10/2/2012 6:15:00 PM,1,27130,At Intersection (intersection related),Daylight,ROOSEVELT WAY NE AND NE 40TH ALLEY ST,0,1,Y,2,3597175,Dry,18,"MOTOR VEHICLE STRUCK PEDALCYCLIST, FRONT END AT ANGLE",12276001,12593,0,2,Injury Collision,,45,Bicycle,Matched,N,1,Clear or Partly Cloudy,0,"(47.656301849000045, -122.31783423699994)",11662,0,N,12-336898
96893,130755,130755,Block,Cycles,161,,,0,,07/09/2011 12:00:00 AM +0000,7/9/2011 5:49:00 PM,1,,Mid-Block (not related to intersection),Daylight,HARVARD AVE E BETWEEN E GWINN PL AND E ALLISON ST,0,1,Y,2,2617480,Dry,54,PEDALCYCLIST STRUCK MOTOR VEHICLE REAR END,11190008,10861,0,2,Injury Collision,,45,Bicycle,Matched,N,1,Clear or Partly Cloudy,0,"(47.64826733800004, -122.32209994099998)",6051,0,N,11-222426
96894,130754,130754,Intersection,Cycles,0,,,0,,09/29/2011 12:00:00 AM +0000,9/29/2011 5:47:00 AM,0,28681,At Intersection (intersection related),Dawn,ELLIOTT AVE W AND W GALER ST FLYOVER,0,1,Y,2,3544908,Dry,18,"MOTOR VEHICLE STRUCK PEDALCYCLIST, FRONT END AT ANGLE",11272006,10222,0,1,Property Damage Only Collision,,45,Bicycle,Matched,N,1,Clear or Partly Cloudy,0,"(47.63147291800004, -122.37466289599996)",19264,0,N,2011-320354
96938,129657,129657,Intersection,Cycles,0,,,0,,01/20/2011 12:00:00 AM +0000,1/20/2011 11:48:00 PM,0,29177,At Intersection (intersection related),Unknown,E HOWELL ST AND E OLIVE WAY,0,1,Y,2,3329274,Wet,18,"MOTOR VEHICLE STRUCK PEDALCYCLIST, FRONT END AT ANGLE",11020016,14170,0,1,Property Damage Only Collision,,45,Bicycle,Matched,N,1,Raining,0,"(47.61773646800003, -122.32625385499995)",23270,0,N,11-24080
96948,130207,130207,Intersection,Cycles,0,,,0,,12/13/2011 12:00:00 AM +0000,12/13/2011 5:16:00 PM,0,37407,At Intersection (intersection related),Dark - Street Lights On,FREMONT AVE N AND N 100TH ST,0,1,,2,3554549,Wet,18,"MOTOR VEHICLE STRUCK PEDALCYCLIST, FRONT END AT ANGLE",11347032,10543,0,1,Property Damage Only Collision,,45,Bicycle,Matched,N,1,Raining,0,"(47.70144567700004, -122.35003997299998)",0,0,N,2011 399673
96952,130627,130627,Intersection,Cycles,0,,,0,,06/20/2011 12:00:00 AM +0000,6/20/2011 10:21:00 AM,1,29734,At Intersection (intersection related),Daylight,BOYLSTON AVE AND E PINE ST,0,1,,2,3566094,Dry,18,"MOTOR VEHICLE STRUCK PEDALCYCLIST, FRONT END AT ANGLE",11171017,9375,0,2,Injury Collision,,45,Bicycle,Matched,N,1,Clear or Partly Cloudy,0,"(47.61523114200003, -122.32341547099998)",10372,0,N,2011-197594
96995,131191,131191,Block,Cycles,401,,,0,,12/30/2012 12:00:00 AM +0000,12/30/2012 12:55:00 PM,1,,Driveway Junction,Daylight,LINCOLN PARK WAY SW BETWEEN MURRAY AVE SW AND 47TH AVE SW,0,1,Y,2,3553297,Dry,18,"MOTOR VEHICLE STRUCK PEDALCYCLIST, FRONT END AT ANGLE",12365011,11388,0,2,Injury Collision,,45,Bicycle,Matched,N,1,Clear or Partly Cloudy,0,"(47.539355887000056, -122.39398721399999)",29430,0,N,2012-444315
97000,131188,131188,Block,Cycles,234, ,,0,,12/27/2012 12:00:00 AM +0000,12/27/2012 9:22:00 PM,1,,Mid-Block (not related to intersection),Dark - Street Lights On,LAKE CITY WAY NE BETWEEN NE 85TH ST AND 20TH AVE NE,0,1,,2,3467084,Wet,21,"MOTOR VEHICLE STRUCK PEDALCYCLIST, REAR END",12362019,11151,0,2,Injury Collision,,45,Bicycle,Matched,N,1,Clear or Partly Cloudy,0,"(47.69077348400003, -122.30751049799994)",18066,0,N,2012-441415
97017,131045,131045,Intersection,Cycles,0,,,0,,09/09/2012 12:00:00 AM +0000,9/9/2012 5:46:00 PM,1,25001,At Intersection (intersection related),Daylight,56TH AVE NE AND NE 70TH ST,0,1,Y,2,3551413,Dry,18,"MOTOR VEHICLE STRUCK PEDALCYCLIST, FRONT END AT ANGLE",12253001,7738,0,2,Injury Collision,,45,Bicycle,Matched,N,1,Clear or Partly Cloudy,0,"(47.67938401100008, -122.26809877499994)",34997,0,N,12-304410
97113,130360,130360,Intersection,Cycles,0,,,0,,03/16/2011 12:00:00 AM +0000,3/16/2011 7:51:00 AM,1,30135,At Intersection (intersection related),Daylight,15TH AVE AND E PINE ST,0,1,Y,3,3344138,Wet,18,"MOTOR VEHICLE STRUCK PEDALCYCLIST, FRONT END AT ANGLE",11075009,1998,0,2,Injury Collision,,45,Bicycle,Matched,N,1,Clear or Partly Cloudy,0,"(47.61528703600004, -122.31276624799995)",31300,0,N,2011-86146
97216,129948,129948,Block,Cycles,327.5, ,,0,,04/26/2011 12:00:00 AM +0000,4/26/2011 8:26:00 AM,1,,Driveway Junction,Daylight,DELRIDGE WAY SW BETWEEN SW THISTLE ST AND SW CLOVERDALE ST,0,1,Y,2,3197565,Dry,18,"MOTOR VEHICLE STRUCK PEDALCYCLIST, FRONT END AT ANGLE",11116014,9985,0,2,Injury Collision,,45,Bicycle,Matched,N,1,Overcast,0,"(47.52738740700005, -122.36046479799995)",0,0,N,11-132339
97281,131069,131069,Intersection,Cycles,0,,,0,Y,08/20/2012 12:00:00 AM +0000,8/20/2012 11:40:00 AM,1,34902,At Intersection (intersection related),Daylight,26TH AVE SW AND SW ROXBURY ST,0,1,Y,2,3295875,Dry,51,PEDALCYCLIST STRUCK MOTOR VEHICLE FRONT END AT ANGLE,12233006,22772,1,2b,Serious Injury Collision,,45,Bicycle,Matched,N,1,Clear or Partly Cloudy,0,"(47.51736320100008, -122.36591253899996)",0,0,N,2012-277227
97361,129678,129678,Intersection,Cycles,0,,,0,Y,01/28/2011 12:00:00 AM +0000,1/28/2011 5:41:00 PM,1,28294,At Intersection (intersection related),Dark - Street Lights On,EASTLAKE AVE E AND E EDGAR ST,0,1,Y,3,3559514,Wet,18,"MOTOR VEHICLE STRUCK PEDALCYCLIST, FRONT END AT ANGLE",11028002,10180,0,2,Injury Collision,,45,Bicycle,Matched,N,1,Overcast,0,"(47.64449321800004, -122.32588269599995)",24709,0,N,11-33507
97396,130096,130096,Intersection,Cycles,0,,,0,,09/07/2011 12:00:00 AM +0000,9/7/2011,1,29026,At Intersection (intersection related),Daylight,FEDERAL AVE E AND E HARRISON ST,0,1,,4,3559439,Dry,51,PEDALCYCLIST STRUCK MOTOR VEHICLE FRONT END AT ANGLE,11250007,10428,0,2,Injury Collision,,45,Bicycle,Matched,0,1,Clear or Partly Cloudy,0,"(47.62197703100003, -122.31887378399995)",0,0,N,11-295456
97497,130387,130387,Intersection,Cycles,0,,,0,,02/12/2011 12:00:00 AM +0000,2/12/2011 8:18:00 AM,1,29748,At Intersection (intersection related),Daylight,12TH AVE AND E PIKE ST,0,1,Y,2,3559777,Dry,18,"MOTOR VEHICLE STRUCK PEDALCYCLIST, FRONT END AT ANGLE",11043002,1546,0,2,Injury Collision,,45,Bicycle,Matched,N,1,Clear or Partly Cloudy,0,"(47.61410376900005, -122.31683584899997)",10802,0,N,11-51082
97553,130528,130528,Intersection,Cycles,0, ,,0,,05/19/2011 12:00:00 AM +0000,5/19/2011 3:05:00 PM,1,27149,At Intersection (intersection related),Daylight,15TH AVE NE AND NE PACIFIC ST,0,1,Y,2,3568966,Dry,18,"MOTOR VEHICLE STRUCK PEDALCYCLIST, FRONT END AT ANGLE",11139003,2028,0,2,Injury Collision,,45,Bicycle,Matched,N,1,Clear or Partly Cloudy,0,"(47.65297596400006, -122.31246414499998)",0,520838,N,2011-159477
97569,131229,131229,Intersection,Cycles,0,,,0,Y,06/07/2012 12:00:00 AM +0000,6/7/2012 6:08:00 PM,1,27162,At Intersection (intersection related),Daylight,HARVARD AVE E AND E ALLISON ST,0,1,Y,2,3593280,Dry,51,PEDALCYCLIST STRUCK MOTOR VEHICLE FRONT END AT ANGLE,12159024,10470,0,2,Injury Collision,,45,Bicycle,Matched,N,1,Clear or Partly Cloudy,0,"(47.64871064000005, -122.32209905699995)",6059,0,N,12-177464
97577,131221,131221,Block,Cycles,137.5,,,0,,10/03/2012 12:00:00 AM +0000,10/3/2012 5:25:00 PM,1,,Driveway Junction,Daylight,EAST GREEN LAKE DR N BETWEEN 4TH AVE NE AND LATONA AVE NE,0,1,Y,2,3597392,Dry,18,"MOTOR VEHICLE STRUCK PEDALCYCLIST, FRONT END AT ANGLE",12277039,14059,1,2b,Serious Injury Collision,,45,Bicycle,Matched,N,1,Clear or Partly Cloudy,0,"(47.68139851700005, -122.32708109099997)",7301,0,N,12-338027
97605,131802,131802,Block,Cycles,167.5,,,0,,08/21/2012 12:00:00 AM +0000,8/21/2012 6:33:00 AM,1,,Driveway Junction,Daylight,EASTLAKE AVE E BETWEEN E HOWE ST AND E NEWTON ST,0,1,Y,2,3599354,Dry,18,"MOTOR VEHICLE STRUCK PEDALCYCLIST, FRONT END AT ANGLE",12234022,10174,0,2,Injury Collision,,45,Bicycle,Matched,N,1,Clear or Partly Cloudy,0,"(47.63631851000008, -122.32574173699999)",24776,0,N,12-278342
97607,131657,131657,Intersection,Cycles,0,,,0,,10/05/2012 12:00:00 AM +0000,10/5/2012 3:48:00 PM,1,531030,At Intersection (intersection related),Daylight,4TH AVE S AND W SEA BR EB 4 AV OFF RP,0,1,,2,3211408,Dry,51,PEDALCYCLIST STRUCK MOTOR VEHICLE FRONT END AT ANGLE,12279012,531031,0,2,Injury Collision,,45,Bicycle,Matched,N,1,Clear or Partly Cloudy,0,"(47.56964963000007, -122.32905963899998)",19642,0,N,12-340703
97647,129839,129839,Intersection,Cycles,0,,,0,,12/24/2011 12:00:00 AM +0000,12/24/2011 5:29:00 PM,1,27184,At Intersection (intersection related),Dark - Street Lights On,EASTERN AVE N AND N 45TH ST,0,1,Y,2,3466345,Dry,51,PEDALCYCLIST STRUCK MOTOR VEHICLE FRONT END AT ANGLE,11358005,10159,0,2,Injury Collision,,45,Bicycle,Matched,N,1,Overcast,0,"(47.661363347000076, -122.32896932599999)",6523,0,N,2011-416907
97724,131663,131663,Block,Cycles,160.5,,,0,,05/10/2012 12:00:00 AM +0000,5/10/2012 6:51:00 AM,1,,Mid-Block (not related to intersection),Daylight,S JACKSON ST BETWEEN 4TH AVE S AND 5TH AVE S,0,1,Y,6,3562664,Dry,18,"MOTOR VEHICLE STRUCK PEDALCYCLIST, FRONT END AT ANGLE",12131012,20487,0,2,Injury Collision,,45,Bicycle,Matched,N,1,Clear or Partly Cloudy,0,"(47.59919591100004, -122.32831927399997)",4880,0,N,12-143348
97762,132526,132526,Intersection,Cycles,0, ,,0,,04/24/2012 12:00:00 AM +0000,4/24/2012 1:28:00 PM,0,28780,At Intersection (intersection related),Daylight,HARRISON ST AND WESTLAKE AVE N,1,0,Y,2,3503806,Dry,18,"MOTOR VEHICLE STRUCK PEDALCYCLIST, FRONT END AT ANGLE",12115004,10767,0,1,Property Damage Only Collision,,45,Bicycle,Matched,N,1,Clear or Partly Cloudy,0,"(47.62204123500004, -122.33845570699998)",0,523900,N,12-125210
97771,132383,132383,Intersection,Cycles,0, ,,0,,10/22/2012 12:00:00 AM +0000,10/22/2012 7:25:00 AM,0,25949,At Intersection (intersection related),Daylight,25TH AVE NE AND NE BLAKELEY ST,0,1,Y,2,3508302,Dry,18,"MOTOR VEHICLE STRUCK PEDALCYCLIST, FRONT END AT ANGLE",12296006,3723,0,1,Property Damage Only Collision,,45,Bicycle,Matched,N,1,Clear or Partly Cloudy,0,"(47.66626671800003, -122.30060497999995)",0,521604,N,2012 361723
97811,132816,132816,Intersection,Cycles,0, ,,0,Y,11/03/2012 12:00:00 AM +0000,11/3/2012 10:47:00 PM,1,36659,At Intersection (intersection related),Dark - Street Lights On,LAKE CITY WAY NE AND NE NORTHGATE WAY,0,1,Y,2,3599129,Wet,18,"MOTOR VEHICLE STRUCK PEDALCYCLIST, FRONT END AT ANGLE",12308002,11166,0,2,Injury Collision,,45,Bicycle,Matched,N,1,Raining,0,"(47.71041993400007, -122.30047246099997)",0,524516,N,2012 378031
97862,133237,133237,Intersection,Cycles,0,,,0,,11/13/2012 12:00:00 AM +0000,11/13/2012 6:53:00 PM,1,27273,At Intersection (intersection related),Dark - Street Lights Off,N 36TH ST AND N PACIFIC ST,0,1,Y,2,3613437,Wet,18,"MOTOR VEHICLE STRUCK PEDALCYCLIST, FRONT END AT ANGLE",12318028,9764,0,2,Injury Collision,,45,Bicycle,Matched,N,1,Raining,0,"(47.65050201500003, -122.33154340399994)",0,0,N,12-389876
97875,134090,134090,Intersection,Cycles,0, ,,0,,04/07/2012 12:00:00 AM +0000,4/7/2012 8:46:00 AM,1,28934,At Intersection (intersection related),Daylight,4TH AVE N AND BROAD ST,0,1,Y,2,3373407,Dry,18,"MOTOR VEHICLE STRUCK PEDALCYCLIST, FRONT END AT ANGLE",12098003,9417,0,2,Injury Collision,,45,Bicycle,Matched,N,1,Clear or Partly Cloudy,0,"(47.619743913000036, -122.34885893899997)",0,522835,N,12-105355
97876,134089,134089,Intersection,Cycles,0,,,0,,04/04/2012 12:00:00 AM +0000,4/4/2012 5:29:00 PM,1,31247,At Intersection (intersection related),Daylight,15TH AVE S AND S HOLGATE ST,0,1,Y,3,3285192,Dry,51,PEDALCYCLIST STRUCK MOTOR VEHICLE FRONT END AT ANGLE,12095007,2137,0,2,Injury Collision,,45,Bicycle,Matched,N,1,Clear or Partly Cloudy,0,"(47.58636267900005, -122.31336274799997)",14075,0,N,2012-102148
97910,132250,132250,Intersection,Cycles,0,,,0,,09/07/2012 12:00:00 AM +0000,9/7/2012 3:40:00 PM,1,30366,At Intersection (intersection related),Daylight,ALASKAN WAY S AND S JACKSON ST,0,1,Y,2,3465733,Dry,18,"MOTOR VEHICLE STRUCK PEDALCYCLIST, FRONT END AT ANGLE",12251006,8738,0,2,Injury Collision,,45,Bicycle,Matched,N,1,Clear or Partly Cloudy,0,"(47.599207739000065, -122.33590886599995)",0,0,N,12-301440
98033,132107,132107,Intersection,Cycles,0, ,,0,,09/24/2012 12:00:00 AM +0000,9/24/2012 10:45:00 AM,1,30408,At Intersection (intersection related),Daylight,14TH AVE AND E YESLER WAY,0,1,,2,3593929,,18,"MOTOR VEHICLE STRUCK PEDALCYCLIST, FRONT END AT ANGLE",12268009,1840,0,2,Injury Collision,,45,Bicycle,Matched,N,1,Clear or Partly Cloudy,0,"(47.60168875700003, -122.31416192599994)",0,523818,N,12-324739
98082,132541,132541,Intersection,Cycles,0, ,,0,,07/14/2012 12:00:00 AM +0000,7/14/2012 2:24:00 PM,1,26483,At Intersection (intersection related),Daylight,FISHERMAN TERM DR AND W EMERSON PL,0,1,Y,2,3546593,Dry,18,"MOTOR VEHICLE STRUCK PEDALCYCLIST, FRONT END AT ANGLE",12196004,23271,0,2,Injury Collision,,45,Bicycle,Matched,N,1,Clear or Partly Cloudy,0,"(47.65422987800008, -122.38118804699997)",0,525463,N,12-226063