OBJECTID,INCKEY,COLDETKEY,ADDRTYPE,COLLISIONTYPE,DISTANCE,EXCEPTRSNCODE,EXCEPTRSNDESC,FATALITIES,INATTENTIONIND,INCDATE,INCDTTM,INJURIES,INTKEY,JUNCTIONTYPE,LIGHTCOND,LOCATION,PEDCOUNT,PEDCYLCOUNT,PEDROWNOTGRNT,PERSONCOUNT,REPORTNO,ROADCOND,SDOT_COLCODE,SDOT_COLDESC,SDOTCOLNUM,SEGKEY,SERIOUSINJURIES,SEVERITYCODE,SEVERITYDESC,SPEEDING,ST_COLCODE,ST_COLDESC,STATUS,UNDERINFL,VEHCOUNT,WEATHER,WIDTH,Shape,SEGLANEKEY,CROSSWALKKEY,HITPARKEDCAR,SPDCASENO
98104,133115,133115,Block,Cycles,213,,,0,,03/08/2012 12:00:00 AM +0000,3/8/2012 5:12:00 PM,1,,Mid-Block (not related to intersection),Daylight,4TH AVE BETWEEN PIKE ST AND PINE ST,0,1,,2,3504041,Dry,55,PEDALCYCLIST STRUCK MOTOR VEHICLE RIGHT SIDE SIDESWIPE,12068006,6131,0,2,Injury Collision,,45,Bicycle,Matched,N,1,Clear or Partly Cloudy,0,"(47.61070943800007, -122.33713689299998)",12764,0,N,12-71518
98112,132968,132968,Block,Cycles,1483.5, ,,0,,04/05/2012 12:00:00 AM +0000,4/5/2012,1,,Driveway Junction,Dark - Street Lights On,MONTLAKE BLVD NE BETWEEN NE PACIFIC PL AND 25TH AVE NE,0,1,,4,3062378,Dry,51,PEDALCYCLIST STRUCK MOTOR VEHICLE FRONT END AT ANGLE,12096038,11911,1,2b,Serious Injury Collision,,45,Bicycle,Matched,0,1,Clear or Partly Cloudy,0,"(47.65499388400008, -122.30232943699997)",0,630868,N,12-000727
98126,133673,133673,Block,Cycles,325.5,,,0,,04/11/2012 12:00:00 AM +0000,4/11/2012 8:35:00 AM,1,,Mid-Block (not related to intersection),Daylight,8TH AVE NW BETWEEN NW 65TH ST AND NW 67TH ST,0,1,Y,3,3504802,Dry,18,"MOTOR VEHICLE STRUCK PEDALCYCLIST, FRONT END AT ANGLE",12102024,8395,0,2,Injury Collision,,45,Bicycle,Matched,N,1,Overcast,0,"(47.67687652200004, -122.36602182999997)",2489,0,N,12 109869
98149,133819,133819,Intersection,Cycles,0, ,,0,,09/08/2012 12:00:00 AM +0000,9/8/2012 6:25:00 PM,0,30509,At Intersection (intersection related),Daylight,4TH AVE S AND S JACKSON ST,0,1,,2,3549222,Dry,51,PEDALCYCLIST STRUCK MOTOR VEHICLE FRONT END AT ANGLE,12252007,6229,0,1,Property Damage Only Collision,,45,Bicycle,Matched,N,1,Clear or Partly Cloudy,0,"(47.59919689000003, -122.32896751499999)",0,524973,N,2012-303069
98173,132268,132268,Intersection,Cycles,0,,,0,Y,02/28/2012 12:00:00 AM +0000,2/28/2012 6:35:00 PM,0,29748,At Intersection (intersection related),Dark - Street Lights On,12TH AVE AND E PIKE ST,0,1,,2,3551930,Wet,18,"MOTOR VEHICLE STRUCK PEDALCYCLIST, FRONT END AT ANGLE",12059020,1546,0,1,Property Damage Only Collision,,45,Bicycle,Matched,N,1,Raining,0,"(47.61410376900005, -122.31683584899997)",10802,0,N,12 60901
98179,132264,132264,Block,Cycles,153,,,0,,04/26/2012 12:00:00 AM +0000,4/26/2012 5:26:00 PM,3,,Mid-Block (not related to intersection),Daylight,ALASKAN WAY BETWEEN MADISON ST AND SPRING ST,0,1,,6,3562657,Dry,18,"MOTOR VEHICLE STRUCK PEDALCYCLIST, FRONT END AT ANGLE",12117028,8720,0,2,Injury Collision,,45,Bicycle,Matched,N,2,Clear or Partly Cloudy,0,"(47.60413336400006, -122.338756435)",38512,0,N,2012-127685
98183,131842,131842,Intersection,Cycles,0,,,0,,06/15/2012 12:00:00 AM +0000,6/15/2012 5:18:00 PM,1,29624,At Intersection (intersection related),Daylight,ALASKAN E RDWY WAY AND MADISON ST,0,1,,2,3562443,Dry,18,"MOTOR VEHICLE STRUCK PEDALCYCLIST, FRONT END AT ANGLE",12167002,8747,0,2,Injury Collision,,45,Bicycle,Matched,N,1,Clear or Partly Cloudy,0,"(47.60392419400006, -122.33807593399996)",12899,0,N,12-187308
98278,133977,133977,Intersection,Cycles,0,,,0,,05/17/2012 12:00:00 AM +0000,5/17/2012 7:56:00 AM,1,29734,At Intersection (intersection related),Daylight,BOYLSTON AVE AND E PINE ST,0,1,Y,2,3560064,Dry,18,"MOTOR VEHICLE STRUCK PEDALCYCLIST, FRONT END AT ANGLE",12138002,9375,0,2,Injury Collision,,45,Bicycle,Matched,N,1,Clear or Partly Cloudy,0,"(47.61523114200003, -122.32341547099998)",10374,0,N,2012-151699
98301,131990,131990,Intersection,Cycles,0,,,0,,10/29/2012 12:00:00 AM +0000,10/29/2012 5:59:00 PM,0,31353,At Intersection (intersection related),Daylight,4TH AVE S AND S WALKER ST,0,1,Y,2,3502180,Dry,51,PEDALCYCLIST STRUCK MOTOR VEHICLE FRONT END AT ANGLE,12303003,6238,0,1,Property Damage Only Collision,,45,Bicycle,Matched,N,1,Clear or Partly Cloudy,0,"(47.58397727600004, -122.32905374899997)",18723,0,N,12-371350
98305,131986,131986,Block,Cycles,332,,,0,,10/26/2012 12:00:00 AM +0000,10/26/2012 7:10:00 PM,1,,Mid-Block (not related to intersection),Dark - Street Lights On,N 130TH ST BETWEEN AURORA AVE N AND STONE AVE N,0,1,Y,2,3333784,Wet,18,"MOTOR VEHICLE STRUCK PEDALCYCLIST, FRONT END AT ANGLE",12300053,15162,1,2b,Serious Injury Collision,,45,Bicycle,Matched,N,1,Raining,0,"(47.72321113800007, -122.34363055799997)",0,0,N,12 367576
98320,132271,132271,Intersection,Cycles,0,,,0,,07/29/2012 12:00:00 AM +0000,7/29/2012 1:41:00 AM,1,29700,At Intersection (intersection related),Dark - Street Lights On,1ST AVE AND BATTERY ST,0,1,,3,3465781,Dry,00,NOT ENOUGH INFORMATION / NOT APPLICABLE,12211017,1016,0,2,Injury Collision,,45,Bicycle,Matched,Y,1,Clear or Partly Cloudy,0,"(47.61414409500003, -122.34781319499996)",13239,0,N,12-246468
98326,132130,132130,Block,Cycles,213,,,0,,10/08/2012 12:00:00 AM +0000,10/8/2012 3:56:00 PM,1,,Driveway Junction,Daylight,8TH AVE BETWEEN PINE ST AND OLIVE WAY,0,1,Y,2,3599371,Dry,18,"MOTOR VEHICLE STRUCK PEDALCYCLIST, FRONT END AT ANGLE",12282021,8281,0,2,Injury Collision,,45,Bicycle,Matched,N,1,Clear or Partly Cloudy,0,"(47.61355908100006, -122.33360568199998)",14005,0,N,2012-344628
98338,132988,132988,Intersection,Cycles,0,,,0,Y,07/28/2012 12:00:00 AM +0000,7/28/2012 9:00:00 PM,1,34489,At Intersection (intersection related),Dusk,43RD AVE S AND RENTON AVE S,0,1,Y,2,3467118,Dry,18,"MOTOR VEHICLE STRUCK PEDALCYCLIST, FRONT END AT ANGLE",12210035,12513,0,2,Injury Collision,,45,Bicycle,Matched,N,1,Clear or Partly Cloudy,0,"(47.53337870200005, -122.27885219499996)",37354,0,N,12-246075
98344,132846,132846,Intersection,Cycles,0, ,,0,,02/09/2012 12:00:00 AM +0000,2/9/2012 9:38:00 PM,1,37418,At Intersection (intersection related),Dark - Street Lights On,GREENWOOD AVE N AND N 95TH ST,0,1,Y,2,3597061,Wet,18,"MOTOR VEHICLE STRUCK PEDALCYCLIST, FRONT END AT ANGLE",12040020,10757,0,2,Injury Collision,,45,Bicycle,Matched,N,1,Overcast,0,"(47.69783859900008, -122.35537700999998)",4733,0,N,12-40520
98368,132424,132424,Intersection,Cycles,0,,,0,,02/08/2012 12:00:00 AM +0000,2/8/2012 4:02:00 PM,0,28731,At Intersection (intersection related),Daylight,DEXTER AVE N AND ALOHA ST,0,1,Y,2,3561000,Wet,51,PEDALCYCLIST STRUCK MOTOR VEHICLE FRONT END AT ANGLE,12039002,8815,0,1,Property Damage Only Collision,,45,Bicycle,Matched,N,1,Clear or Partly Cloudy,0,"(47.627138383000045, -122.342326604)",12729,0,N,2012-39079
98369,132423,132423,Intersection,Cycles,0, ,,0,,02/03/2012 12:00:00 AM +0000,2/3/2012 1:40:00 PM,1,25394,At Intersection (intersection related),Daylight,15TH AVE NW AND NW 60TH ST,0,1,Y,2,3561936,Dry,18,"MOTOR VEHICLE STRUCK PEDALCYCLIST, FRONT END AT ANGLE",12034013,2107,0,2,Injury Collision,,45,Bicycle,Matched,N,1,Clear or Partly Cloudy,0,"(47.672359666000034, -122.37621111899995)",0,524984,N,12-33313
98474,132135,132135,Block,Cycles,213,,,0,,05/23/2012 12:00:00 AM +0000,5/23/2012 5:18:00 PM,1,,Mid-Block (not related to intersection),Daylight,2ND AVE BETWEEN UNIVERSITY ST AND UNION ST,0,1,Y,3,3503545,Dry,18,"MOTOR VEHICLE STRUCK PEDALCYCLIST, FRONT END AT ANGLE",12144017,2756,0,2,Injury Collision,,45,Bicycle,Matched,N,1,Clear or Partly Cloudy,0,"(47.60779445000003, -122.33754000999994)",12162,0,N,2012-159127
98548,133423,133423,Block,Cycles,155,,,0,,09/24/2012 12:00:00 AM +0000,9/24/2012 8:04:00 AM,1,,Mid-Block (not related to intersection),Daylight,10TH AVE E BETWEEN E GALER ST AND E GARFIELD ST,0,1,,2,3559548,Dry,21,"MOTOR VEHICLE STRUCK PEDALCYCLIST, REAR END",12268028,1294,0,2,Injury Collision,,45,Bicycle,Matched,N,1,Clear or Partly Cloudy,0,"(47.63266055300005, -122.32001038299995)",6146,0,N,12-324560
98618,132579,132579,Intersection,Cycles,0, ,,0,,09/04/2012 12:00:00 AM +0000,9/4/2012 4:23:00 PM,1,27043,At Intersection (intersection related),Daylight,TROLL AVE N AND N 34TH ST,0,1,Y,3,3597147,Dry,24,MOTOR VEHCILE STRUCK PEDESTRIAN,12248005,9002,0,2,Injury Collision,,45,Bicycle,Matched,N,2,Clear or Partly Cloudy,0,"(47.64924012200004, -122.34741874299999)",8816,595675,N,12-297467
98628,133435,133435,Intersection,Cycles,0, ,,0,,06/20/2012 12:00:00 AM +0000,6/20/2012 4:31:00 PM,0,26896,At Intersection (intersection related),Daylight,STONE WAY N AND N 34TH ST,0,1,,2,3553842,Dry,51,PEDALCYCLIST STRUCK MOTOR VEHICLE FRONT END AT ANGLE,12172035,12955,0,1,Property Damage Only Collision,,45,Bicycle,Matched,N,1,Clear or Partly Cloudy,0,"(47.64854072800006, -122.34277540199997)",0,523424,N,12-193595
98687,133851,133851,Intersection,Cycles,0,,,0,,06/01/2012 12:00:00 AM +0000,6/1/2012 9:00:00 AM,1,34844,At Intersection (intersection related),Daylight,20TH AVE SW AND SW THISTLE ST,0,1,,2,3198191,Wet,11,"MOTOR VEHICLE STRUCK MOTOR VEHICLE, FRONT END AT ANGLE",12153006,3081,0,2,Injury Collision,,45,Bicycle,Matched,N,1,Overcast,0,"(47.52828436200008, -122.35910700399995)",0,0,N,12-169362
98699,132015,132015,Block,Cycles,161,,,0,,06/12/2012 12:00:00 AM +0000,6/12/2012 7:37:00 PM,1,,Mid-Block (not related to intersection),Daylight,PIKE ST BETWEEN 5TH AVE AND 6TH AVE,0,1,,2,3562440,Dry,18,"MOTOR VEHICLE STRUCK PEDALCYCLIST, FRONT END AT ANGLE",12164020,12201,0,2,Injury Collision,,45,Bicycle,Matched,N,1,Clear or Partly Cloudy,0,"(47.610908289000065, -122.33501959699998)",21851,0,N,12-183765
98703,131880,131880,Block,Cycles,328.5,,,0,,07/06/2012 12:00:00 AM +0000,7/6/2012 8:28:00 AM,1,,Mid-Block (but intersection related),Daylight,S CLOVERDALE ST BETWEEN 1ST AVE S AND CLOVERDALE ST OFF RP,0,1,,3,3380775,Dry,54,PEDALCYCLIST STRUCK MOTOR VEHICLE REAR END,12188012,19644,1,2b,Serious Injury Collision,,45,Bicycle,Matched,N,1,Clear or Partly Cloudy,0,"(47.52679345900003, -122.33339076499999)",24938,0,N,12-214724
98719,132156,132156,Intersection,Cycles,0,,,0,,05/20/2012 12:00:00 AM +0000,5/20/2012 4:17:00 PM,1,30513,At Intersection (intersection related),Daylight,7TH AVE S AND S JACKSON ST,0,1,Y,2,3560365,Wet,18,"MOTOR VEHICLE STRUCK PEDALCYCLIST, FRONT END AT ANGLE",12141001,8207,0,2,Injury Collision,,45,Bicycle,Matched,N,1,Raining,0,"(47.59918859700008, -122.32375005299997)",24453,0,N,12-155785
98726,132152,132152,Block,Cycles,205,,,0,Y,10/23/2012 12:00:00 AM +0000,10/23/2012 1:28:00 PM,1,,Mid-Block (not related to intersection),Daylight,S HANFORD ST BETWEEN COLORADO AVE S AND UTAH AVE S,0,1,,2,3211410,Dry,51,PEDALCYCLIST STRUCK MOTOR VEHICLE FRONT END AT ANGLE,12297035,20165,0,2,Injury Collision,,45,Bicycle,Matched,N,1,Overcast,0,"(47.575575926000056, -122.33595958999996)",24661,0,N,12-363345
98758,132869,132869,Block,Cycles,222,,,0,,09/25/2012 12:00:00 AM +0000,9/25/2012 4:10:00 PM,1,,Mid-Block (not related to intersection),Daylight,12TH AVE BETWEEN E MADISON ST AND E PIKE ST,0,1,,2,3593951,Dry,51,PEDALCYCLIST STRUCK MOTOR VEHICLE FRONT END AT ANGLE,12269031,1536,0,2,Injury Collision,,45,Bicycle,Matched,N,1,Clear or Partly Cloudy,0,"(47.613495138000076, -122.31678450399994)",10789,0,N,12-326514
98759,132868,132868,Intersection,Cycles,0,,,0,,09/24/2012 12:00:00 AM +0000,9/24/2012 10:30:00 AM,1,25443,At Intersection (intersection related),Daylight,8TH AVE NW AND NW 50TH ST,0,1,Y,2,3507803,Dry,51,PEDALCYCLIST STRUCK MOTOR VEHICLE FRONT END AT ANGLE,12268011,8379,0,2,Injury Collision,,45,Bicycle,Matched,N,1,Clear or Partly Cloudy,0,"(47.66503748100007, -122.36618751699996)",0,0,N,12-324746
98887,132313,132313,Block,Cycles,330,,,0,,03/27/2012 12:00:00 AM +0000,3/27/2012 8:35:00 PM,1,,Mid-Block (not related to intersection),Dark - Street Lights On,DELRIDGE WAY SW BETWEEN SW EDMUNDS ST AND SW HUDSON ST,0,1,,2,3546891,Wet,18,"MOTOR VEHICLE STRUCK PEDALCYCLIST, FRONT END AT ANGLE",12087028,9965,0,2,Injury Collision,,45,Bicycle,Matched,N,1,Raining,0,"(47.558372907000035, -122.36290716699995)",22978,0,N,12-93237
98907,133023,133023,Intersection,Cycles,0, ,,0,,03/02/2012 12:00:00 AM +0000,3/2/2012 3:20:00 PM,1,27114,At Intersection (intersection related),Daylight,7TH AVE NE AND NE 40TH ST,0,1,Y,3,3554510,Wet,18,"MOTOR VEHICLE STRUCK PEDALCYCLIST, FRONT END AT ANGLE",12062006,8170,0,2,Injury Collision,,45,Bicycle,Matched,N,1,Raining,0,"(47.655893253000045, -122.32085414499994)",0,524351,N,2012-64235
98909,132887,132887,Intersection,Cycles,0,,,0,,01/26/2012 12:00:00 AM +0000,1/26/2012 9:45:00 PM,1,28242,At Intersection (intersection related),Dark - Street Lights On,10TH AVE E AND E BOSTON ST,0,1,,2,3331914,Dry,51,PEDALCYCLIST STRUCK MOTOR VEHICLE FRONT END AT ANGLE,12026003,1299,0,2,Injury Collision,,45,Bicycle,Matched,Y,1,Clear or Partly Cloudy,0,"(47.63840322500005, -122.32007129499999)",6106,0,N,12-25097
98916,132882,132882,Intersection,Cycles,0, ,,0,,04/06/2012 12:00:00 AM +0000,4/6/2012 5:59:00 AM,1,31203,At Intersection (intersection related),Dark - Street Lights On,ALASKAN WAY S AND S MASSACHUSETTS ST,0,1,,2,3599255,Dry,18,"MOTOR VEHICLE STRUCK PEDALCYCLIST, FRONT END AT ANGLE",12097012,8743,0,2,Injury Collision,,45,Bicycle,Matched,N,1,Clear or Partly Cloudy,0,"(47.58831040300004, -122.33844063699996)",0,630867,N,2012-103865
98926,132742,132742,Intersection,Cycles,0,,,0,,10/10/2012 12:00:00 AM +0000,10/10/2012 7:00:00 PM,1,28359,At Intersection (intersection related),Dark - Street Lights On,LAKE WASHINGTON BLVD E AND LK WASH BV OFF RP,0,1,Y,2,3593284,Dry,18,"MOTOR VEHICLE STRUCK PEDALCYCLIST, FRONT END AT ANGLE",12284016,11214,0,2,Injury Collision,,45,Bicycle,Matched,N,1,Clear or Partly Cloudy,0,"(47.64110465400006, -122.29787402)",8921,0,N,12-347411
98936,133589,133589,Intersection,Cycles,0, ,,0,,07/12/2012 12:00:00 AM +0000,7/12/2012 7:40:00 AM,1,35097,At Intersection (intersection related),Daylight,14TH AVE S AND S CLOVERDALE ST,0,1,Y,2,3553591,Dry,18,"MOTOR VEHICLE STRUCK PEDALCYCLIST, FRONT END AT ANGLE",12194007,1956,0,2,Injury Collision,,45,Bicycle,Matched,N,1,Clear or Partly Cloudy,0,"(47.52644088900007, -122.31491041099997)",0,524890,N,12-222773
98944,134016,134016,Block,Cycles,150,,,0,,07/05/2012 12:00:00 AM +0000,7/5/2012 2:40:00 PM,1,,Mid-Block (not related to intersection),Daylight,8TH AVE NW BETWEEN NW 84TH ST AND NW 85TH ST,0,1,,2,3551406,Dry,51,PEDALCYCLIST STRUCK MOTOR VEHICLE FRONT END AT ANGLE,12187008,8411,0,2,Injury Collision,,45,Bicycle,Matched,N,1,Clear or Partly Cloudy,0,"(47.69024216100007, -122.36599398099997)",3386,0,N,12-213655
98959,133451,133451,Block,Cycles,240,,,0,,09/30/2012 12:00:00 AM +0000,9/30/2012 6:06:00 PM,0,,Mid-Block (not related to intersection),Daylight,36TH AVE BETWEEN E CHERRY ST AND E COLUMBIA ST,0,1,,2,3593935,Dry,18,"MOTOR VEHICLE STRUCK PEDALCYCLIST, FRONT END AT ANGLE",12274013,5524,0,1,Property Damage Only Collision,,45,Bicycle,Matched,N,1,Clear or Partly Cloudy,0,"(47.60857370700006, -122.28721857499994)",0,0,N,12-333884
99003,132170,132170,Intersection,Cycles,0,,,0,,04/17/2012 12:00:00 AM +0000,4/17/2012 5:27:00 PM,1,29737,At Intersection (intersection related),Dark - No Street Lights,NAGLE PL AND E PINE ST,0,1,,3,3567809,Wet,18,"MOTOR VEHICLE STRUCK PEDALCYCLIST, FRONT END AT ANGLE",12108005,11942,0,2,Injury Collision,Y,45,Bicycle,Matched,N,1,Raining,0,"(47.61524085500008, -122.32001617599997)",0,0,N,12-117279
99015,132610,132610,Intersection,Cycles,0,,,0,,10/11/2012 12:00:00 AM +0000,10/11/2012 4:36:00 PM,1,28717,At Intersection (intersection related),Daylight,COMSTOCK ST AND DEXTER AVE N,0,1,Y,2,3599327,Dry,18,"MOTOR VEHICLE STRUCK PEDALCYCLIST, FRONT END AT ANGLE",12285005,10082,0,2,Injury Collision,,45,Bicycle,Matched,N,1,Clear or Partly Cloudy,0,"(47.630586279000056, -122.34229589399996)",12809,0,N,2012-348606
99026,133034,133034,Intersection,Cycles,0,,,0,,06/26/2012 12:00:00 AM +0000,6/26/2012 9:48:00 PM,1,29863,At Intersection (intersection related),Daylight,MELROSE AVE AND PINE ST,0,1,Y,2,3567249,Dry,51,PEDALCYCLIST STRUCK MOTOR VEHICLE FRONT END AT ANGLE,12178003,11745,0,2,Injury Collision,,45,Bicycle,Matched,N,1,Overcast,0,"(47.615238420000026, -122.32790375499997)",10336,0,N,12-201713
99186,133605,133605,Intersection,Cycles,0,,,0,,11/13/2012 12:00:00 AM +0000,11/13/2012 8:36:00 AM,1,29174,At Intersection (intersection related),Daylight,HOWELL ST AND YALE AVE,0,1,,2,3581926,Wet,51,PEDALCYCLIST STRUCK MOTOR VEHICLE FRONT END AT ANGLE,12318026,10965,1,2b,Serious Injury Collision,,45,Bicycle,Matched,N,1,Overcast,0,"(47.617504618000055, -122.32969878999995)",14397,0,N,12-389249
99190,133472,133472,Intersection,Cycles,0,,,0,,07/06/2012 12:00:00 AM +0000,7/6/2012 4:19:00 PM,1,30544,At Intersection (intersection related),Daylight,7TH AVE S AND S DEARBORN ST,0,1,Y,2,3504006,Dry,18,"MOTOR VEHICLE STRUCK PEDALCYCLIST, FRONT END AT ANGLE",12188022,8211,0,2,Injury Collision,,45,Bicycle,Matched,N,1,Clear or Partly Cloudy,0,"(47.59583330500004, -122.32376363099996)",5835,0,N,12-215172
99233,132047,132047,Intersection,Cycles,0, ,,0,,07/02/2012 12:00:00 AM +0000,7/2/2012 4:35:00 PM,1,287158,At Intersection (intersection related),Daylight,BROOKLYN AVE NE AND BURKE GILMAN TRL,0,1,,2,3504737,Dry,51,PEDALCYCLIST STRUCK MOTOR VEHICLE FRONT END AT ANGLE,12184020,287256,0,2,Injury Collision,,45,Bicycle,Matched,N,1,Overcast,0,"(47.654209094000066, -122.31447179599996)",0,525567,N,2012-209455
99327,133752,133752,Intersection,Cycles,0,,,0,,09/11/2012 12:00:00 AM +0000,9/11/2012 4:38:00 PM,1,30410,At Intersection (intersection related),Daylight,12TH AVE AND E YESLER WAY,0,1,,2,3566188,Dry,51,PEDALCYCLIST STRUCK MOTOR VEHICLE FRONT END AT ANGLE,12255009,1523,0,2,Injury Collision,,45,Bicycle,Matched,N,1,Clear or Partly Cloudy,0,"(47.60169336800004, -122.31678189299998)",10532,0,N,12 307106
99334,133613,133613,Intersection,Cycles,0,,,0,,09/25/2012 12:00:00 AM +0000,9/25/2012 11:16:00 AM,1,33748,At Intersection (intersection related),Daylight,41ST AVE SW AND SW MORGAN ST,0,1,,2,3342595,Dry,51,PEDALCYCLIST STRUCK MOTOR VEHICLE FRONT END AT ANGLE,12269003,6469,0,2,Injury Collision,,45,Bicycle,Matched,N,1,Clear or Partly Cloudy,0,"(47.54483670700006, -122.38445347199996)",1961,0,N,2012-326191
99362,133755,133755,Block,Cycles,161,,,0,,07/21/2012 12:00:00 AM +0000,7/21/2012 11:21:00 PM,1,,Mid-Block (not related to intersection),Dark - Street Lights On,E PINE ST BETWEEN 13TH AVE AND 14TH AVE,0,1,Y,3,3593580,Dry,14,"MOTOR VEHICLE STRUCK MOTOR VEHICLE, REAR END",12203023,14639,0,2,Injury Collision,,45,Bicycle,Matched,N,1,Clear or Partly Cloudy,0,"(47.61527742200008, -122.31489750199995)",10425,0,N,12-236520
99375,131918,131918,Intersection,Cycles,0, ,,0,,12/04/2012 12:00:00 AM +0000,12/4/2012 9:40:00 AM,0,25786,At Intersection (intersection related),Daylight,7TH AVE NE AND NE 50TH ST,0,1,Y,2,3609266,Dry,18,"MOTOR VEHICLE STRUCK PEDALCYCLIST, FRONT END AT ANGLE",12339001,8178,0,1,Property Damage Only Collision,,45,Bicycle,Matched,N,1,Overcast,0,"(47.66495773100007, -122.32070290399997)",0,522071,N,12-413810
99466,133764,133764,Block,Cycles,283,,,0,,04/29/2012 12:00:00 AM +0000,4/29/2012 1:36:00 PM,1,,Mid-Block (not related to intersection),Daylight,WILSON AVE S BETWEEN 50TH AVE S AND S FARRAR ST,0,1,,2,3608069,Dry,55,PEDALCYCLIST STRUCK MOTOR VEHICLE RIGHT SIDE SIDESWIPE,12120012,13607,0,2,Injury Collision,,45,Bicycle,Matched,N,1,Clear or Partly Cloudy,0,"(47.556318719000046, -122.27047436499998)",8120,0,N,12-131127
99468,133762,133762,Block,Cycles,330,,,0,Y,04/25/2012 12:00:00 AM +0000,4/25/2012 5:27:00 PM,1,,Mid-Block (not related to intersection),Daylight,15TH AVE NE BETWEEN NE 47TH ST AND NE 50TH ST,0,1,,2,3545134,Wet,23,"MOTOR VEHICLE STRUCK PEDALCYCLIST, LEFT SIDE SIDESWIPE",12116031,2036,0,2,Injury Collision,,45,Bicycle,Matched,N,1,Raining,0,"(47.66398686100007, -122.31195157799999)",21394,0,N,2012-126565
99494,133057,133057,Intersection,Cycles,0, ,,0,,08/18/2012 12:00:00 AM +0000,8/18/2012 11:24:00 AM,1,28777,At Intersection (intersection related),Daylight,FAIRVIEW AVE N AND HARRISON ST,0,1,,3,3465904,Dry,18,"MOTOR VEHICLE STRUCK PEDALCYCLIST, FRONT END AT ANGLE",12231011,10348,0,2,Injury Collision,,45,Bicycle,Matched,N,1,Overcast,0,"(47.621999806000076, -122.33427421599998)",0,522956,N,2012-274753
99538,132209,132209,Intersection,Cycles,0,,,0,,05/18/2012 12:00:00 AM +0000,5/18/2012 3:42:00 PM,1,27043,At Intersection (intersection related),Daylight,TROLL AVE N AND N 34TH ST,0,1,Y,2,3561965,Dry,18,"MOTOR VEHICLE STRUCK PEDALCYCLIST, FRONT END AT ANGLE",12139006,9002,0,2,Injury Collision,,45,Bicycle,Matched,N,1,Clear or Partly Cloudy,0,"(47.64924012200004, -122.34741874299999)",8816,0,N,12-153398
99551,132068,132068,Intersection,Cycles,0,,,0,,07/09/2012 12:00:00 AM +0000,7/9/2012 5:46:00 PM,1,486567,At Intersection (intersection related),Daylight,M L KING JR ER WAY S AND S OTHELLO ST,0,1,,2,3559295,Dry,18,"MOTOR VEHICLE STRUCK PEDALCYCLIST, FRONT END AT ANGLE",12191024,11561,0,2,Injury Collision,,45,Bicycle,Matched,N,1,Clear or Partly Cloudy,0,"(47.537051587000065, -122.28110415099997)",24194,0,N,2012-219332
99570,133210,133210,Block,Cycles,298,,,0,,06/25/2012 12:00:00 AM +0000,6/25/2012 11:28:00 AM,1,,Mid-Block (not related to intersection),Daylight,S KING ST BETWEEN 10TH AVE S AND 12TH AVE S,0,1,Y,2,3593304,Dry,18,"MOTOR VEHICLE STRUCK PEDALCYCLIST, FRONT END AT ANGLE",12177011,20603,0,2,Injury Collision,,45,Bicycle,Matched,N,1,Clear or Partly Cloudy,0,"(47.59834276200007, -122.31843780699995)",5773,0,N,12-199728
99597,132928,132928,Intersection,Cycles,0, ,,0,,03/09/2012 12:00:00 AM +0000,3/9/2012 5:30:00 PM,1,26710,At Intersection (intersection related),Dusk,9TH AVE NW AND NW 45TH ST,0,1,Y,2,3466465,Unknown,18,"MOTOR VEHICLE STRUCK PEDALCYCLIST, FRONT END AT ANGLE",12069013,8563,0,2,Injury Collision,,45,Bicycle,Matched,N,1,Unknown,0,"(47.66146692900003, -122.36861555399997)",0,630875,N,2012-72786
99618,133492,133492,Block,Cycles,127.5,,,0,Y,07/09/2012 12:00:00 AM +0000,7/9/2012 4:38:00 PM,1,,Mid-Block (but intersection related),Daylight,DEXTER AVE N BETWEEN GALER ST AND GARFIELD S ST,0,1,Y,2,3503859,Dry,18,"MOTOR VEHICLE STRUCK PEDALCYCLIST, FRONT END AT ANGLE",12191019,10084,0,2,Injury Collision,,45,Bicycle,Matched,N,1,Clear or Partly Cloudy,0,"(47.632648234000044, -122.342281878)",12954,0,N,12-219259
99651,132220,132220,Block,Cycles,81,,,0,Y,09/14/2012 12:00:00 AM +0000,9/14/2012 5:44:00 PM,1,,Mid-Block (not related to intersection),Daylight,E PINE ST BETWEEN CRAWFORD PL AND SUMMIT AVE,0,1,,2,3593851,Dry,23,"MOTOR VEHICLE STRUCK PEDALCYCLIST, LEFT SIDE SIDESWIPE",12258022,14629,0,2,Injury Collision,,45,Bicycle,Matched,N,1,Clear or Partly Cloudy,0,"(47.615216743000076, -122.32585965199996)",10348,0,N,2012-311340
99687,134061,134061,Intersection,Cycles,0,,,0,,09/18/2012 12:00:00 AM +0000,9/18/2012 9:30:00 AM,1,29434,At Intersection (intersection related),Daylight,32ND AVE E AND E MADISON ST,0,1,Y,2,3551799,Dry,18,"MOTOR VEHICLE STRUCK PEDALCYCLIST, FRONT END AT ANGLE",12262010,4940,0,2,Injury Collision,,45,Bicycle,Matched,N,1,Clear or Partly Cloudy,0,"(47.62703978300004, -122.29092938999997)",34494,0,N,12 316324