OBJECTID,INCKEY,COLDETKEY,ADDRTYPE,COLLISIONTYPE,DISTANCE,EXCEPTRSNCODE,EXCEPTRSNDESC,FATALITIES,INATTENTIONIND,INCDATE,INCDTTM,INJURIES,INTKEY,JUNCTIONTYPE,LIGHTCOND,LOCATION,PEDCOUNT,PEDCYLCOUNT,PEDROWNOTGRNT,PERSONCOUNT,REPORTNO,ROADCOND,SDOT_COLCODE,SDOT_COLDESC,SDOTCOLNUM,SEGKEY,SERIOUSINJURIES,SEVERITYCODE,SEVERITYDESC,SPEEDING,ST_COLCODE,ST_COLDESC,STATUS,UNDERINFL,VEHCOUNT,WEATHER,WIDTH,Shape,SEGLANEKEY,CROSSWALKKEY,HITPARKEDCAR,SPDCASENO
99727,132647,132647,Intersection,Cycles,0,,,0,,12/19/2012 12:00:00 AM +0000,12/19/2012 10:07:00 PM,1,30486,At Intersection (intersection related),Dark - Street Lights On,6TH AVE AND YESLER WAY,0,1,Y,2,3503846,Wet,18,"MOTOR VEHICLE STRUCK PEDALCYCLIST, FRONT END AT ANGLE",12354039,7870,0,2,Injury Collision,,45,Bicycle,Matched,N,1,Raining,0,"(47.60170997000006, -122.32635082599995)",37254,0,N,12-432995
99730,133081,133081,Intersection,Cycles,0,,,0,,02/27/2012 12:00:00 AM +0000,2/27/2012 9:00:00 AM,1,37299,At Intersection (intersection related),Daylight,INTERLAKE AVE N AND N 100TH ST,0,1,,2,3569039,Dry,18,"MOTOR VEHICLE STRUCK PEDALCYCLIST, FRONT END AT ANGLE",12058011,11022,0,2,Injury Collision,,45,Bicycle,Matched,N,1,Clear or Partly Cloudy,0,"(47.70141981000006, -122.34060000399995)",0,0,N,2012-59355
99740,133641,133641,Block,Cycles,139, ,,0,,01/13/2012 12:00:00 AM +0000,1/13/2012 1:42:00 AM,1,,Mid-Block (not related to intersection),Dark - Street Lights On,E DENNY WAY BETWEEN MELROSE AVE AND BELLEVUE AVE,0,1,,2,2618472,Dry,18,"MOTOR VEHICLE STRUCK PEDALCYCLIST, FRONT END AT ANGLE",12013003,13945,0,2,Injury Collision,,45,Bicycle,Matched,N,1,Clear or Partly Cloudy,0,"(47.61849470200008, -122.32729177899995)",23555,0,N,12-12567
99782,133220,133220,Block,Cycles,193,,,0,,05/13/2012 12:00:00 AM +0000,5/13/2012 1:31:00 PM,1,,Mid-Block (not related to intersection),Daylight,E MADISON ST BETWEEN 22ND AVE E AND 23RD AVE E,0,1,,1,3552262,Dry,69,PEDALCYCLIST OVERTURNED IN ROAD,12134011,14354,0,2,Injury Collision,,45,Bicycle,Matched,N,0,Clear or Partly Cloudy,0,"(47.61879449500003, -122.30310023299995)",23101,0,N,12-147413
99795,132080,132080,Intersection,Cycles,0,,,0,Y,02/09/2012 12:00:00 AM +0000,2/9/2012 7:04:00 PM,1,26977,At Intersection (intersection related),Dark - Street Lights Off,FREMONT AVE N AND N 41ST ST,0,1,Y,3,3564539,Dry,18,"MOTOR VEHICLE STRUCK PEDALCYCLIST, FRONT END AT ANGLE",12040011,10491,0,2,Injury Collision,,45,Bicycle,Matched,N,1,Clear or Partly Cloudy,0,"(47.656662924000045, -122.34994844099998)",8394,0,N,12-40382
99810,134072,134072,Intersection,Cycles,0,,,0,,09/07/2012 12:00:00 AM +0000,9/7/2012 8:33:00 AM,1,26895,At Intersection (intersection related),Daylight,WOODLAND PARK AVE N AND N 34TH ST,0,1,Y,3,3544953,Dry,18,"MOTOR VEHICLE STRUCK PEDALCYCLIST, FRONT END AT ANGLE",12251005,13647,0,2,Injury Collision,,45,Bicycle,Matched,N,2,Clear or Partly Cloudy,0,"(47.64873286300008, -122.34404151999996)",8839,0,N,12 300971
99904,133372,133372,Intersection,Cycles,0,,,0,,08/02/2012 12:00:00 AM +0000,8/2/2012 6:20:00 PM,1,29378,At Intersection (intersection related),Daylight,21ST AVE E AND E JOHN ST,0,1,Y,3,3332241,Dry,18,"MOTOR VEHICLE STRUCK PEDALCYCLIST, FRONT END AT ANGLE",12215008,3109,0,2,Injury Collision,,45,Bicycle,Matched,N,1,Clear or Partly Cloudy,0,"(47.620218771000054, -122.30473948499997)",35333,0,N,12-252814
99943,133788,133788,Block,Cycles,142.5,,,0,,08/24/2012 12:00:00 AM +0000,8/24/2012 6:27:00 AM,1,,Mid-Block (not related to intersection),Daylight,NE CAMPUS EB PY BETWEEN BROOKLYN AVE NE AND UNIVERSITY WAY NE,0,1,,2,3597435,Wet,21,"MOTOR VEHICLE STRUCK PEDALCYCLIST, REAR END",12237013,17988,0,2,Injury Collision,,45,Bicycle,Matched,N,1,Clear or Partly Cloudy,0,"(47.65599385100006, -122.31384838599996)",30475,0,N,12-282488
100009,135501,135501,Intersection,Cycles,0,,,0,,04/25/2012 12:00:00 AM +0000,4/25/2012 7:57:00 AM,1,31997,At Intersection (intersection related),Daylight,44TH AVE SW AND SW OREGON ST,0,1,,2,3553587,Wet,18,"MOTOR VEHICLE STRUCK PEDALCYCLIST, FRONT END AT ANGLE",12116005,6748,0,2,Injury Collision,,45,Bicycle,Matched,N,1,Overcast,0,"(47.56294669000005, -122.38812866799998)",0,0,N,12-125997
100016,135357,135357,Intersection,Cycles,0,,,0,,10/21/2012 12:00:00 AM +0000,10/21/2012 4:52:00 AM,0,29505,At Intersection (intersection related),Dark - Street Lights On,BOREN AVE AND DENNY WAY,0,1,Y,2,3599083,Wet,11,"MOTOR VEHICLE STRUCK MOTOR VEHICLE, FRONT END AT ANGLE",12295004,10018,0,1,Property Damage Only Collision,,45,Bicycle,Matched,Y,1,Overcast,0,"(47.61852163400005, -122.33532065999998)",23511,0,N,2012-360702
100066,135644,135644,Block,Cycles,334,,,0,,08/15/2012 12:00:00 AM +0000,8/15/2012 5:52:00 PM,1,,Driveway Junction,Daylight,N 80TH ST BETWEEN LINDEN AVE N AND AURORA AVE N,0,1,Y,2,3597173,Dry,24,MOTOR VEHCILE STRUCK PEDESTRIAN,12228004,15894,0,2,Injury Collision,,45,Bicycle,Matched,N,1,Clear or Partly Cloudy,0,"(47.68694144300008, -122.34586092099994)",27290,0,N,12-270964
100084,136338,136338,Intersection,Cycles,0,,,0,,06/22/2012 12:00:00 AM +0000,6/22/2012 3:50:00 PM,1,36351,At Intersection (intersection related),Daylight,AURORA AVE N AND N 107TH N ST,0,1,Y,2,3551378,Wet,18,"MOTOR VEHICLE STRUCK PEDALCYCLIST, FRONT END AT ANGLE",12174011,8987,0,2,Injury Collision,,45,Bicycle,Matched,N,1,Raining,0,"(47.70686821900006, -122.34472400799996)",0,0,N,2012 196505
100088,134235,134235,Intersection,Cycles,0,,,0,,10/02/2012 12:00:00 AM +0000,10/2/2012 8:56:00 AM,1,28329,At Intersection (intersection related),Daylight,EASTLAKE AVE E AND E BLAINE ST,0,1,Y,2,3546596,Dry,18,"MOTOR VEHICLE STRUCK PEDALCYCLIST, FRONT END AT ANGLE",12276002,10173,0,2,Injury Collision,,45,Bicycle,Matched,N,1,Overcast,0,"(47.63486592400005, -122.32521590599998)",24781,0,N,12-336002
100196,135510,135510,Block,Cycles,153,,,0,,07/12/2012 12:00:00 AM +0000,7/12/2012 10:50:00 AM,1,,Mid-Block (not related to intersection),Daylight,2ND AVE BETWEEN BATTERY ST AND WALL ST,0,1,,2,3208425,Dry,56,PEDALCYCLIST STRUCK MOTOR VEHICLE LEFT SIDE SIDESWIPE,12194026,2765,0,2,Injury Collision,,45,Bicycle,Matched,N,1,Clear or Partly Cloudy,0,"(47.615084022000076, -122.34741883299995)",12249,0,N,12-222937
100202,136055,136055,Intersection,Cycles,0,,,0,,08/14/2012 12:00:00 AM +0000,8/14/2012 6:54:00 AM,1,29516,At Intersection (intersection related),Daylight,7TH AVE AND DEXTER AVE,0,1,Y,5,3549211,Dry,18,"MOTOR VEHICLE STRUCK PEDALCYCLIST, FRONT END AT ANGLE",12227002,10070,0,2,Injury Collision,,45,Bicycle,Matched,N,1,Clear or Partly Cloudy,0,"(47.61798729600008, -122.34240881699998)",13733,0,N,12-268846
100204,135926,135926,Block,Cycles,334.5,,,0,,05/11/2012 12:00:00 AM +0000,5/11/2012 7:21:00 PM,1,,Mid-Block (not related to intersection),Daylight,S GARDEN ST BETWEEN 46TH AVE S AND 48TH AVE S,0,1,,2,3617390,Dry,51,PEDALCYCLIST STRUCK MOTOR VEHICLE FRONT END AT ANGLE,12132009,20080,0,2,Injury Collision,,45,Bicycle,Matched,N,1,Clear or Partly Cloudy,0,"(47.53763236800006, -122.27399083499995)",0,0,N,2012-145242
100210,134240,134240,Intersection,Cycles,0,,,0,,10/11/2012 12:00:00 AM +0000,10/11/2012 10:02:00 PM,1,27087,At Intersection (intersection related),Dark - Street Lights On,11TH AVE NE AND NE 42ND ST,0,1,,3,3504521,Dry,51,PEDALCYCLIST STRUCK MOTOR VEHICLE FRONT END AT ANGLE,12285006,1407,0,2,Injury Collision,,45,Bicycle,Matched,Y,1,Clear or Partly Cloudy,0,"(47.65835595400006, -122.31665565899999)",41835,0,N,12-348970
100227,136203,136203,Block,Cycles,198,,,0,,08/24/2012 12:00:00 AM +0000,8/24/2012 2:40:00 PM,1,,Mid-Block (but intersection related),Daylight,ROOSEVELT WAY NE BETWEEN NE 42ND N ST AND NE 43RD S ST,0,1,Y,2,3504810,Dry,29,MOTOR VEHICLE OVERTURNED IN ROAD,12237016,12596,0,2,Injury Collision,,45,Bicycle,Matched,N,1,Clear or Partly Cloudy,0,"(47.65891124900003, -122.31776594999997)",8985,0,N,2012 282977
100230,136199,136199,Intersection,Cycles,0,,,0,,02/06/2012 12:00:00 AM +0000,2/6/2012 7:23:00 AM,0,29617,At Intersection (intersection related),Daylight,SPRING ST AND WESTERN AVE,0,1,Y,2,3560891,Dry,18,"MOTOR VEHICLE STRUCK PEDALCYCLIST, FRONT END AT ANGLE",12037005,12858,0,1,Property Damage Only Collision,,45,Bicycle,Matched,N,1,Clear or Partly Cloudy,0,"(47.60494345800004, -122.33800105399996)",12906,0,N,12-36296
100246,134804,134804,Intersection,Cycles,0, ,,0,,06/20/2012 12:00:00 AM +0000,6/20/2012 1:13:00 PM,1,36460,At Intersection (intersection related),Daylight,ROOSEVELT WAY NE AND NE 117TH ST,0,1,Y,2,3544784,Dry,51,PEDALCYCLIST STRUCK MOTOR VEHICLE FRONT END AT ANGLE,12172008,12660,0,2,Injury Collision,,45,Bicycle,Matched,N,1,Clear or Partly Cloudy,0,"(47.714012257000036, -122.31796499199999)",0,523411,N,12-193319
100314,135661,135661,Intersection,Cycles,0,,,0,,07/12/2012 12:00:00 AM +0000,7/12/2012 4:07:00 PM,1,26617,At Intersection (intersection related),Daylight,BAKER AVE NW AND NW 44TH ST,0,1,Y,2,3561815,Dry,18,"MOTOR VEHICLE STRUCK PEDALCYCLIST, FRONT END AT ANGLE",12194022,9035,0,2,Injury Collision,,45,Bicycle,Matched,N,1,Clear or Partly Cloudy,0,"(47.66021303300005, -122.35958100399995)",0,0,N,12-223357
100347,136213,136213,Intersection,Cycles,0,,,0,,05/15/2012 12:00:00 AM +0000,5/15/2012 7:20:00 PM,1,25791,At Intersection (intersection related),Daylight,12TH AVE NE AND NE 50TH ST,0,1,Y,2,3553912,Dry,18,"MOTOR VEHICLE STRUCK PEDALCYCLIST, FRONT END AT ANGLE",12136012,1570,0,2,Injury Collision,,45,Bicycle,Matched,N,1,Clear or Partly Cloudy,0,"(47.66491734200008, -122.31523873699996)",0,0,N,12-150033
100348,136212,136212,Intersection,Cycles,0,,,0,,11/16/2012 12:00:00 AM +0000,11/16/2012 9:15:00 AM,1,30353,At Intersection (intersection related),Daylight,COLUMBIA ST AND POST AVE,0,1,Y,3,3549067,Dry,18,"MOTOR VEHICLE STRUCK PEDALCYCLIST, FRONT END AT ANGLE",12321020,9727,0,2,Injury Collision,,45,Bicycle,Matched,N,1,Clear or Partly Cloudy,0,"(47.603022106000026, -122.33552344499998)",36663,0,N,12-392989
100351,136209,136209,Block,Cycles,189,,,0,,11/09/2012 12:00:00 AM +0000,11/9/2012 7:50:00 PM,1,,Driveway Junction,Dark - Street Lights On,DEXTER AVE N BETWEEN NEWTON ST AND DEXTER WAY N,0,1,Y,2,3505991,Dry,51,PEDALCYCLIST STRUCK MOTOR VEHICLE FRONT END AT ANGLE,12314027,10089,0,2,Injury Collision,,45,Bicycle,Matched,N,1,Clear or Partly Cloudy,0,"(47.63713759700005, -122.34307525699995)",13013,0,N,12-385327
100367,135929,135929,Intersection,Cycles,0,,,0,,05/14/2012 12:00:00 AM +0000,5/14/2012 7:23:00 AM,0,165916,At Intersection (intersection related),Daylight,4TH AVE NW AND NW 100TH ST,0,1,,2,3552873,Dry,51,PEDALCYCLIST STRUCK MOTOR VEHICLE FRONT END AT ANGLE,12135015,165918,0,1,Property Damage Only Collision,,45,Bicycle,Matched,N,1,Clear or Partly Cloudy,0,"(47.701493612000036, -122.36206538799996)",0,0,N,2012-148111
100376,134540,134540,Intersection,Cycles,0,,,0,,07/07/2012 12:00:00 AM +0000,7/7/2012 2:39:00 AM,1,28204,At Intersection (intersection related),Dark - Street Lights On,10TH AVE E AND E ROANOKE E ST,0,1,,2,3593479,Dry,51,PEDALCYCLIST STRUCK MOTOR VEHICLE FRONT END AT ANGLE,12189003,1302,0,2,Injury Collision,,45,Bicycle,Matched,N,1,Clear or Partly Cloudy,0,"(47.643195021000054, -122.31959559499995)",6090,0,N,2012-215983
100397,134245,134245,Intersection,Cycles,0,,,0,,06/11/2012 12:00:00 AM +0000,6/11/2012 9:10:00 PM,0,36329,At Intersection (intersection related),Dusk,ASHWORTH AVE N AND N 120TH ST,0,1,Y,2,3551293,Dry,51,PEDALCYCLIST STRUCK MOTOR VEHICLE FRONT END AT ANGLE,12163001,8881,0,1,Property Damage Only Collision,,45,Bicycle,Matched,N,1,Clear or Partly Cloudy,0,"(47.71593697000003, -122.33949691999999)",0,0,N,12-182652
100470,136226,136226,Intersection,Cycles,0, ,,0,,01/11/2012 12:00:00 AM +0000,1/11/2012 6:06:00 PM,0,30506,At Intersection (intersection related),Dark - Street Lights On,2ND AVE S AND S JACKSON ST,0,1,Y,2,3560917,Dry,18,"MOTOR VEHICLE STRUCK PEDALCYCLIST, FRONT END AT ANGLE",12011005,2871,0,1,Property Damage Only Collision,,45,Bicycle,Matched,N,1,Clear or Partly Cloudy,0,"(47.59920078500005, -122.33157768599995)",0,521138,N,12-11194
100474,136222,136222,Block,Cycles,153,,,0,,04/12/2012 12:00:00 AM +0000,4/12/2012 8:43:00 AM,1,,Mid-Block (but intersection related),Daylight,2ND AVE BETWEEN MARION ST AND MADISON ST,0,1,,2,3598931,Dry,54,PEDALCYCLIST STRUCK MOTOR VEHICLE REAR END,12103022,2752,0,2,Injury Collision,,45,Bicycle,Matched,N,1,Clear or Partly Cloudy,0,"(47.604801732000055, -122.33480218999995)",12111,0,N,12-111008
100475,136221,136221,Intersection,Cycles,0,,,0,,04/12/2012 12:00:00 AM +0000,4/12/2012 8:08:00 PM,1,29577,At Intersection (intersection related),Dusk,5TH AVE AND PINE ST,0,1,,2,3599233,Dry,18,"MOTOR VEHICLE STRUCK PEDALCYCLIST, FRONT END AT ANGLE",12103020,7239,0,2,Injury Collision,,45,Bicycle,Matched,N,1,Clear or Partly Cloudy,0,"(47.61167201000006, -122.33648396599995)",21833,0,N,2012-111672
100476,136220,136220,Intersection,Cycles,0,,,0,,04/12/2012 12:00:00 AM +0000,4/12/2012 7:52:00 AM,1,26007,At Intersection (intersection related),Daylight,20TH AVE NE AND NE RAVENNA EB BV,0,1,Y,2,3554516,Dry,18,"MOTOR VEHICLE STRUCK PEDALCYCLIST, FRONT END AT ANGLE",12103002,2966,0,2,Injury Collision,,45,Bicycle,Matched,N,1,Clear or Partly Cloudy,0,"(47.669178017000036, -122.30649060899998)",32743,0,N,2012-110962
100508,134397,134397,Intersection,Cycles,0, ,,0,,05/09/2012 12:00:00 AM +0000,5/9/2012 12:37:00 PM,1,29930,At Intersection (intersection related),Daylight,5TH AVE AND UNIVERSITY ST,1,1,Y,2,3504004,Dry,64,PEDALCYCLIST STRUCK PEDESTRIAN,12130002,7233,0,2,Injury Collision,,45,Bicycle,Matched,N,0,Clear or Partly Cloudy,0,"(47.60869259700007, -122.33375682999997)",36237,522103,N,12-142535
100560,135101,135101,Block,Cycles,271,,,0,,05/25/2012 12:00:00 AM +0000,5/25/2012 2:59:00 PM,1,,Mid-Block (not related to intersection),Daylight,HUBBELL PL BETWEEN 9TH AVE AND PIKE ST,0,1,,2,3505799,Dry,51,PEDALCYCLIST STRUCK MOTOR VEHICLE FRONT END AT ANGLE,12146024,10970,0,2,Injury Collision,,45,Bicycle,Matched,N,1,Clear or Partly Cloudy,0,"(47.61225859100006, -122.33001015099995)",36199,0,N,2012-161376
100618,136233,136233,Intersection,Cycles,0,,,0,,09/19/2012 12:00:00 AM +0000,9/19/2012 9:52:00 AM,0,25730,At Intersection (intersection related),Daylight,ROOSEVELT WAY NE AND NE RAVENNA EB BV,0,1,,2,3554265,Dry,51,PEDALCYCLIST STRUCK MOTOR VEHICLE FRONT END AT ANGLE,12263019,12609,0,1,Property Damage Only Collision,,45,Bicycle,Matched,N,1,Clear or Partly Cloudy,0,"(47.67201490300005, -122.31736347399999)",13419,0,N,2012-317791
100619,136232,136232,Block,Cycles,418,,,0,,09/17/2012 12:00:00 AM +0000,9/17/2012 8:58:00 AM,1,,Mid-Block (not related to intersection),Daylight,EASTLAKE AVE E BETWEEN PROSPECT ST AND E NELSON PL,0,1,,2,3549194,Dry,56,PEDALCYCLIST STRUCK MOTOR VEHICLE LEFT SIDE SIDESWIPE,12261017,334269,1,2b,Serious Injury Collision,,45,Bicycle,Matched,N,1,Clear or Partly Cloudy,0,"(47.62965397600004, -122.32861177999996)",11622,0,N,12-314922
100713,134838,134838,Block,Cycles,451.5,,,0,,08/11/2012 12:00:00 AM +0000,8/11/2012 2:03:00 PM,0,,Mid-Block (not related to intersection),Daylight,S HENDERSON ST BETWEEN RAINIER AVE S AND 53RD AVE S,0,1,Y,3,3342691,Dry,18,"MOTOR VEHICLE STRUCK PEDALCYCLIST, FRONT END AT ANGLE",12224025,20245,0,1,Property Damage Only Collision,Y,45,Bicycle,Matched,N,1,Clear or Partly Cloudy,0,"(47.52330258200004, -122.26816089599998)",0,0,N,2012 265296
100733,135683,135683,Intersection,Cycles,0, ,,0,,11/16/2012 12:00:00 AM +0000,11/16/2012 7:58:00 AM,1,24486,At Intersection (intersection related),Daylight,15TH AVE NE AND NE 68TH S ST,0,1,,2,3609160,Dry,18,"MOTOR VEHICLE STRUCK PEDALCYCLIST, FRONT END AT ANGLE",12321013,2050,0,2,Injury Collision,,45,Bicycle,Matched,N,1,Overcast,0,"(47.67759020200003, -122.31196686299995)",0,520862,N,12-392923
100743,135545,135545,Intersection,Cycles,0, ,,0,,09/07/2012 12:00:00 AM +0000,9/7/2012 5:09:00 PM,1,29052,At Intersection (intersection related),Daylight,BROADWAY E AND E OLIVE WAY,0,1,Y,2,3593734,Dry,18,"MOTOR VEHICLE STRUCK PEDALCYCLIST, FRONT END AT ANGLE",12251007,9452,0,2,Injury Collision,,45,Bicycle,Matched,N,1,Clear or Partly Cloudy,0,"(47.61990774700007, -122.32087289199995)",0,522264,N,2012-301528
100765,136242,136242,Intersection,Cycles,0, ,,0,,10/05/2012 12:00:00 AM +0000,10/5/2012 6:30:00 PM,1,29530,At Intersection (intersection related),Dusk,6TH AVE AND BELL ST,0,1,Y,2,3502127,Dry,18,"MOTOR VEHICLE STRUCK PEDALCYCLIST, FRONT END AT ANGLE",12279015,7892,0,2,Injury Collision,,45,Bicycle,Matched,N,1,Clear or Partly Cloudy,0,"(47.61669824200004, -122.34221437499997)",0,521733,N,12-341083
100771,134419,134419,Intersection,Cycles,0,,,0,,05/12/2012 12:00:00 AM +0000,5/12/2012 1:30:00 PM,0,25438,At Intersection (intersection related),Unknown,15TH AVE NW AND NW 51ST ST,0,1,Y,2,3564095,Unknown,18,"MOTOR VEHICLE STRUCK PEDALCYCLIST, FRONT END AT ANGLE",12133033,2098,0,1,Property Damage Only Collision,,45,Bicycle,Matched,N,1,Unknown,0,"(47.66570451300004, -122.37621919199995)",18264,0,N,2012-149739
100789,134272,134272,Intersection,Cycles,0,,,0,,11/02/2012 12:00:00 AM +0000,11/2/2012 8:37:00 AM,1,24064,At Intersection (intersection related),Daylight,1ST AVE NW AND NW 78TH ST,0,1,Y,2,3504415,Wet,51,PEDALCYCLIST STRUCK MOTOR VEHICLE FRONT END AT ANGLE,12307015,1150,0,2,Injury Collision,,45,Bicycle,Matched,N,1,Overcast,0,"(47.685473770000044, -122.35797511599998)",0,0,N,12-375841
100831,134842,134842,Intersection,Cycles,0,,,0,,07/27/2012 12:00:00 AM +0000,7/27/2012 4:34:00 PM,1,29613,At Intersection (intersection related),Daylight,2ND AVE AND SPRING ST,0,1,,2,3465810,Dry,18,"MOTOR VEHICLE STRUCK PEDALCYCLIST, FRONT END AT ANGLE",12209006,2754,0,2,Injury Collision,,45,Bicycle,Matched,N,1,Overcast,0,"(47.605872617000045, -122.33578172399996)",12144,0,N,12-244340
100864,135552,135552,Block,Cycles,117.5,,,0,,10/11/2012 12:00:00 AM +0000,10/11/2012 3:34:00 PM,0,,Mid-Block (not related to intersection),Daylight,NE 45TH ST BETWEEN 7TH AVE NE AND 8TH W AVE NE,0,1,,2,3597198,Dry,51,PEDALCYCLIST STRUCK MOTOR VEHICLE FRONT END AT ANGLE,12285004,16844,0,1,Property Damage Only Collision,,45,Bicycle,Matched,N,1,Clear or Partly Cloudy,0,"(47.66131589200006, -122.32025238999995)",7044,0,N,12-348533
100888,135966,135966,Block,Cycles,160,,,0,,08/23/2012 12:00:00 AM +0000,8/23/2012 8:35:00 AM,1,,Mid-Block (not related to intersection),Daylight,DEXTER AVE N BETWEEN WARD ST AND PROSPECT ST,0,1,,2,3505647,Dry,54,PEDALCYCLIST STRUCK MOTOR VEHICLE REAR END,12236010,10080,0,2,Injury Collision,,45,Bicycle,Matched,N,1,Clear or Partly Cloudy,0,"(47.628445717000034, -122.34231499099997)",12788,0,N,12-281202
100939,134431,134431,Intersection,Cycles,0,,,0,,03/22/2012 12:00:00 AM +0000,3/22/2012 6:23:00 PM,1,28331,At Intersection (intersection related),Dusk,FAIRVIEW AVE E AND E GARFIELD ST,0,1,Y,2,3373546,Dry,18,"MOTOR VEHICLE STRUCK PEDALCYCLIST, FRONT END AT ANGLE",12082004,10337,0,2,Injury Collision,,45,Bicycle,Matched,N,1,Clear or Partly Cloudy,0,"(47.63385963400003, -122.32692389099998)",0,0,N,2012-87348
100950,134288,134288,Intersection,Cycles,0,,,0,,11/06/2012 12:00:00 AM +0000,11/6/2012 6:00:00 PM,0,29747,At Intersection (intersection related),Dark - Street Lights On,11TH AVE AND E PIKE ST,0,1,,2,3476431,Wet,18,"MOTOR VEHICLE STRUCK PEDALCYCLIST, FRONT END AT ANGLE",12311011,1382,0,1,Property Damage Only Collision,,45,Bicycle,Matched,N,1,Raining,0,"(47.61409443200006, -122.31814094999999)",31243,0,N,12-381402
100972,135419,135419,Block,Cycles,115,NEI,"Not Enough Information, or Insufficient Location Information",0,,05/22/2012 12:00:00 AM +0000,5/22/2012 6:06:00 PM,1,,Mid-Block (not related to intersection),Daylight,S ROYAL BROUGHAM WAY BETWEEN 1ST AVE S AND OCCIDENTAL AVE S,0,1,,1,3563278,Wet,66,PEDALCYCLIST STRUCK OBJECT IN ROAD,12143037,21214,1,2b,Serious Injury Collision,,45,Bicycle,Matched,0,0,Overcast,0,"(47.59239546800006, -122.33373046499997)",15509,0,N,12 158056
100985,135130,135130,Intersection,Cycles,0,,,0,,11/04/2012 12:00:00 AM +0000,11/4/2012 8:41:00 AM,1,25716,At Intersection (intersection related),Daylight,ROOSEVELT WAY NE AND NE 62ND ST,0,1,Y,2,3608853,Wet,18,"MOTOR VEHICLE STRUCK PEDALCYCLIST, FRONT END AT ANGLE",12309001,12612,0,2,Injury Collision,,45,Bicycle,Matched,N,1,Overcast,0,"(47.67333477600005, -122.31736337499996)",9202,0,N,2012-378517
101020,135707,135707,Block,Cycles,166,,,0,,10/03/2012 12:00:00 AM +0000,10/3/2012 12:48:00 PM,1,,Driveway Junction,Daylight,12TH AVE NE BETWEEN NE 61ST ST AND NE 62ND ST,0,1,,2,3597391,Dry,51,PEDALCYCLIST STRUCK MOTOR VEHICLE FRONT END AT ANGLE,12277035,1576,0,2,Injury Collision,,45,Bicycle,Matched,N,1,Clear or Partly Cloudy,0,"(47.67287842200005, -122.31565791399998)",9061,0,N,12 337671
101021,135706,135706,Intersection,Cycles,0, ,,0,,10/03/2012 12:00:00 AM +0000,10/3/2012 5:55:00 PM,1,35812,At Intersection (intersection related),Unknown,AURORA AVE N AND N 135TH ST,0,1,Y,3,3504698,Dry,18,"MOTOR VEHICLE STRUCK PEDALCYCLIST, FRONT END AT ANGLE",12277006,8996,1,2b,Serious Injury Collision,,45,Bicycle,Matched,N,1,Clear or Partly Cloudy,0,"(47.72685955500003, -122.34501703699999)",0,521695,N,2012-338060
101059,134291,134291,Intersection,Cycles,0, ,,0,,01/03/2012 12:00:00 AM +0000,1/3/2012 7:13:00 AM,1,29914,At Intersection (intersection related),Dark - Street Lights On,6TH AVE AND UNIVERSITY ST,0,1,Y,2,3329885,Dry,18,"MOTOR VEHICLE STRUCK PEDALCYCLIST, FRONT END AT ANGLE",12003011,7880,0,2,Injury Collision,,45,Bicycle,Matched,N,1,Overcast,0,"(47.60916022100008, -122.33264019499995)",0,522379,N,
101103,134724,134724,Intersection,Cycles,0,,,0,,09/03/2012 12:00:00 AM +0000,9/3/2012 12:51:00 PM,1,35459,At Intersection (intersection related),Daylight,53RD AVE S AND RAINIER AVE S,0,1,,2,3467551,Dry,51,PEDALCYCLIST STRUCK MOTOR VEHICLE FRONT END AT ANGLE,12247003,7630,0,2,Injury Collision,,45,Bicycle,Matched,N,1,Clear or Partly Cloudy,0,"(47.51984119100007, -122.26616094699995)",0,0,N,12-295923
101105,134722,134722,Intersection,Cycles,0,,,0,,08/31/2012 12:00:00 AM +0000,8/31/2012 3:40:00 PM,1,29061,At Intersection (intersection related),Daylight,15TH AVE AND E DENNY WAY,0,1,Y,2,3593777,Dry,51,PEDALCYCLIST STRUCK MOTOR VEHICLE FRONT END AT ANGLE,12244002,2001,0,2,Injury Collision,,45,Bicycle,Matched,N,1,Clear or Partly Cloudy,0,"(47.61852044400007, -122.31274228899997)",0,0,N,2012-292328
101110,135139,135139,Block,Cycles,210,,,0,,10/06/2012 12:00:00 AM +0000,10/6/2012 7:00:00 PM,0,,Mid-Block (not related to intersection),Unknown,EASTLAKE AVE E BETWEEN REPUBLICAN ST AND MERCER ST,0,1,,2,3346417,Unknown,51,PEDALCYCLIST STRUCK MOTOR VEHICLE FRONT END AT ANGLE,12280032,10166,0,1,Property Damage Only Collision,,45,Bicycle,Matched,N,1,Unknown,0,"(47.62370146500007, -122.32916000699998)",11572,0,N,12-346922
101127,135709,135709,Intersection,Cycles,0,,,0,,10/05/2012 12:00:00 AM +0000,10/5/2012 10:52:00 AM,1,29861,At Intersection (intersection related),Daylight,CRAWFORD PL AND E PINE ST,0,1,,2,3567516,Dry,51,PEDALCYCLIST STRUCK MOTOR VEHICLE FRONT END AT ANGLE,12279006,9853,0,2,Injury Collision,,45,Bicycle,Matched,N,1,Clear or Partly Cloudy,0,"(47.61521476100006, -122.32618642899996)",10348,0,N,12 340315