OBJECTID,INCKEY,COLDETKEY,ADDRTYPE,COLLISIONTYPE,DISTANCE,EXCEPTRSNCODE,EXCEPTRSNDESC,FATALITIES,INATTENTIONIND,INCDATE,INCDTTM,INJURIES,INTKEY,JUNCTIONTYPE,LIGHTCOND,LOCATION,PEDCOUNT,PEDCYLCOUNT,PEDROWNOTGRNT,PERSONCOUNT,REPORTNO,ROADCOND,SDOT_COLCODE,SDOT_COLDESC,SDOTCOLNUM,SEGKEY,SERIOUSINJURIES,SEVERITYCODE,SEVERITYDESC,SPEEDING,ST_COLCODE,ST_COLDESC,STATUS,UNDERINFL,VEHCOUNT,WEATHER,WIDTH,Shape,SEGLANEKEY,CROSSWALKKEY,HITPARKEDCAR,SPDCASENO
101232,134727,134727,Intersection,Cycles,0, ,,0,,09/25/2012 12:00:00 AM +0000,9/25/2012 5:10:00 PM,1,28744,At Intersection (intersection related),Daylight,BROAD ST AND VALLEY ST,0,1,Y,2,3345958,Dry,18,"MOTOR VEHICLE STRUCK PEDALCYCLIST, FRONT END AT ANGLE",12269011,13265,0,2,Injury Collision,,45,Bicycle,Matched,N,1,Clear or Partly Cloudy,0,"(47.625795769000035, -122.33863455)",0,523374,N,12-326600
101250,134446,134446,Intersection,Cycles,0,,,0,,04/09/2012 12:00:00 AM +0000,4/9/2012 8:54:00 AM,1,29863,At Intersection (intersection related),Daylight,MELROSE AVE AND PINE ST,0,1,Y,2,3552227,Dry,11,"MOTOR VEHICLE STRUCK MOTOR VEHICLE, FRONT END AT ANGLE",12100014,11745,0,2,Injury Collision,,45,Bicycle,Matched,N,1,Clear or Partly Cloudy,0,"(47.615238420000026, -122.32790375499997)",10336,0,N,2012-107441
101335,136269,136269,Block,Cycles,115,,,0,,07/08/2012 12:00:00 AM +0000,7/8/2012 6:17:00 PM,1,,Mid-Block (not related to intersection),Daylight,15TH AVE E BETWEEN E THOMAS S ST AND E THOMAS N ST,0,1,,2,3593481,Dry,56,PEDALCYCLIST STRUCK MOTOR VEHICLE LEFT SIDE SIDESWIPE,12190013,2004,0,2,Injury Collision,,45,Bicycle,Matched,N,1,Clear or Partly Cloudy,0,"(47.62081750300007, -122.31269202499999)",8579,0,N,2012-218039
101405,135155,135155,Intersection,Cycles,0,,,0,,11/29/2012 12:00:00 AM +0000,11/29/2012 10:50:00 AM,1,29672,At Intersection (intersection related),Daylight,4TH AVE AND BATTERY ST,0,1,,4,3562950,Wet,51,PEDALCYCLIST STRUCK MOTOR VEHICLE FRONT END AT ANGLE,12334026,6141,0,2,Injury Collision,,45,Bicycle,Matched,N,1,Raining,0,"(47.61613769000007, -122.34523488399998)",12841,0,N,12-407738
101410,135589,135589,Intersection,Cycles,0,,,0,,11/02/2012 12:00:00 AM +0000,11/2/2012 8:07:00 AM,1,28329,At Intersection (intersection related),Daylight,EASTLAKE AVE E AND E BLAINE ST,0,1,Y,2,3503484,Dry,18,"MOTOR VEHICLE STRUCK PEDALCYCLIST, FRONT END AT ANGLE",12307009,10173,0,2,Injury Collision,,45,Bicycle,Matched,N,1,Clear or Partly Cloudy,0,"(47.63486592400005, -122.32521590599998)",24781,0,N,12 375807
101444,135859,135859,Block,Cycles,161,,,0,,05/24/2012 12:00:00 AM +0000,5/24/2012 12:44:00 PM,1,,Driveway Junction,Daylight,BATTERY ST BETWEEN AURORA AVE AND 7TH AVE,0,1,Y,3,3598899,Wet,24,MOTOR VEHCILE STRUCK PEDESTRIAN,12145031,9078,1,2b,Serious Injury Collision,,45,Bicycle,Matched,N,1,Raining,0,"(47.61779867300004, -122.34308603199997)",0,0,N,2012-160016
101446,135858,135858,Block,Cycles,265.5,,,0,,05/23/2012 12:00:00 AM +0000,5/23/2012 11:51:00 AM,1,,Mid-Block (not related to intersection),Daylight,NW 46TH ST BETWEEN 9TH AVE NW AND 11TH AVE NW,0,1,,2,3562095,Dry,51,PEDALCYCLIST STRUCK MOTOR VEHICLE FRONT END AT ANGLE,12144029,18346,0,2,Injury Collision,,45,Bicycle,Matched,N,1,Clear or Partly Cloudy,0,"(47.66219791800006, -122.36968901399996)",17220,0,N,2012-158760
101476,134610,134610,Intersection,Cycles,0,,,0,,10/12/2012 12:00:00 AM +0000,10/12/2012 10:16:00 AM,1,25773,At Intersection (intersection related),Daylight,9TH AVE NE AND NE 53RD ST,0,1,Y,2,3504619,Wet,18,"MOTOR VEHICLE STRUCK PEDALCYCLIST, FRONT END AT ANGLE",12286006,8545,0,2,Injury Collision,,45,Bicycle,Matched,N,1,Overcast,0,"(47.66711366000004, -122.31841424399994)",0,0,N,2012 349522
101479,134607,134607,Intersection,Cycles,0,,,0,,10/06/2012 12:00:00 AM +0000,10/6/2012 4:36:00 PM,1,30082,At Intersection (intersection related),Daylight,29TH AVE AND E JEFFERSON ST,0,1,,2,3593949,Dry,21,"MOTOR VEHICLE STRUCK PEDALCYCLIST, REAR END",12280030,4265,0,2,Injury Collision,,45,Bicycle,Matched,N,1,Clear or Partly Cloudy,0,"(47.60617002600003, -122.29491562399994)",0,0,N,12-342183
101481,134180,134180,Block,Cycles,213.5,,,0,,12/13/2012 12:00:00 AM +0000,12/13/2012 6:28:00 PM,0,,Mid-Block (not related to intersection),Dark - Street Lights On,5TH AVE BETWEEN PIKE ST AND PINE ST,0,1,,3,3581884,Wet,18,"MOTOR VEHICLE STRUCK PEDALCYCLIST, FRONT END AT ANGLE",12348021,7237,0,1,Property Damage Only Collision,,45,Bicycle,Matched,N,1,Raining,0,"(47.611174927000036, -122.33602906199997)",24883,0,N,12-425558
101508,135167,135167,Block,Cycles,213,,,0,Y,05/01/2012 12:00:00 AM +0000,5/1/2012 4:51:00 PM,1,,Mid-Block (not related to intersection),Daylight,9TH AVE N BETWEEN JOHN ST AND THOMAS ST,0,1,,3,3551915,Dry,18,"MOTOR VEHICLE STRUCK PEDALCYCLIST, FRONT END AT ANGLE",12122001,8530,0,2,Injury Collision,,45,Bicycle,Matched,N,1,Clear or Partly Cloudy,0,"(47.62029333900006, -122.33977366199997)",15954,0,N,12-133541
101515,135159,135159,Intersection,Cycles,0,,,0,,12/06/2012 12:00:00 AM +0000,12/6/2012 8:04:00 AM,1,25625,At Intersection (intersection related),Daylight,PHINNEY AVE N AND N 59TH ST,0,1,Y,2,3554192,Wet,18,"MOTOR VEHICLE STRUCK PEDALCYCLIST, FRONT END AT ANGLE",12341003,12154,0,2,Injury Collision,,45,Bicycle,Matched,N,1,Raining,0,"(47.67179376300004, -122.35438656799994)",3839,0,N,2012-416348
101527,134890,134890,Intersection,Cycles,0, ,,0,,12/14/2012 12:00:00 AM +0000,12/14/2012 7:45:00 AM,1,29535,At Intersection (intersection related),Dawn,6TH AVE AND BLANCHARD ST,0,1,Y,2,3329018,Wet,18,"MOTOR VEHICLE STRUCK PEDALCYCLIST, FRONT END AT ANGLE",12349008,7891,0,2,Injury Collision,,45,Bicycle,Matched,N,1,Overcast,0,"(47.61592967000007, -122.34091505199996)",0,521731,N,12-426157
101571,136017,136017,Block,Cycles,161,,,0,,02/28/2012 12:00:00 AM +0000,2/28/2012 12:40:00 PM,1,,Driveway Junction,Daylight,REPUBLICAN ST BETWEEN 9TH AVE N AND WESTLAKE AVE N,0,1,Y,2,3562759,Dry,18,"MOTOR VEHICLE STRUCK PEDALCYCLIST, FRONT END AT ANGLE",12059004,12561,0,2,Injury Collision,,45,Bicycle,Matched,N,1,Clear or Partly Cloudy,0,"(47.62321162000006, -122.33910079999998)",31205,0,N,12-60548
101617,134326,134326,Intersection,Cycles,0,,,0,,02/07/2012 12:00:00 AM +0000,2/7/2012 7:01:00 AM,1,32203,At Intersection (intersection related),Daylight,11TH AVE SW AND SW SPOKANE NR ST,0,1,,2,3553582,Dry,51,PEDALCYCLIST STRUCK MOTOR VEHICLE FRONT END AT ANGLE,12038029,22833,0,2,Injury Collision,,45,Bicycle,Matched,N,1,Overcast,0,"(47.57165394200007, -122.34924289499997)",39178,0,N,12-37346
101629,136147,136147,Intersection,Cycles,0, ,,0,,01/12/2012 12:00:00 AM +0000,1/12/2012 5:15:00 PM,1,24363,At Intersection (intersection related),Dark - Street Lights On,PHINNEY AVE N AND N 65TH ST,0,1,,1,3597126,Dry,29,MOTOR VEHICLE OVERTURNED IN ROAD,12012013,12160,1,2b,Serious Injury Collision,,45,Bicycle,Matched,N,0,Clear or Partly Cloudy,0,"(47.67602257000004, -122.35435321899996)",3873,0,N,12-12982
101796,135474,135474,Intersection,Cycles,0,,,0,,06/21/2012 12:00:00 AM +0000,6/21/2012 5:24:00 PM,1,27066,At Intersection (intersection related),Daylight,ROOSEVELT WAY NE AND NE 45TH ST,0,1,,2,3597322,Dry,51,PEDALCYCLIST STRUCK MOTOR VEHICLE FRONT END AT ANGLE,12173021,12599,0,2,Injury Collision,,45,Bicycle,Matched,N,1,Clear or Partly Cloudy,0,"(47.66129873700004, -122.31763816199998)",7020,0,N,12-194995
101851,134202,134202,Intersection,Cycles,0, ,,0,,12/22/2012 12:00:00 AM +0000,12/22/2012 8:51:00 AM,1,167336,At Intersection (intersection related),Daylight,BEACON ER AVE S AND S GRAHAM ST,0,1,,2,3502715,Wet,51,PEDALCYCLIST STRUCK MOTOR VEHICLE FRONT END AT ANGLE,12357007,20116,0,2,Injury Collision,,45,Bicycle,Matched,Y,1,Raining,0,"(47.54637207700006, -122.30033204199998)",0,524751,N,12-435980
101854,135895,135895,Block,Cycles,185,,,0,Y,03/08/2012 12:00:00 AM +0000,3/8/2012 9:15:00 PM,1,,Mid-Block (not related to intersection),Dark - Street Lights On,15TH AVE E BETWEEN E HARRISON N ST AND E REPUBLICAN S ST,0,1,,2,3551978,Dry,56,PEDALCYCLIST STRUCK MOTOR VEHICLE LEFT SIDE SIDESWIPE,12068008,2007,0,2,Injury Collision,,45,Bicycle,Matched,N,1,Clear or Partly Cloudy,0,"(47.62259390200006, -122.31263653499997)",8568,0,N,12-71645
101878,135048,135048,Intersection,Cycles,0,,,0,,11/13/2012 12:00:00 AM +0000,11/13/2012 11:05:00 AM,1,29761,At Intersection (intersection related),Daylight,12TH AVE AND E MADISON ST,0,1,Y,3,3567392,Dry,18,"MOTOR VEHICLE STRUCK PEDALCYCLIST, FRONT END AT ANGLE",12318023,1536,0,2,Injury Collision,,45,Bicycle,Matched,N,1,Overcast,0,"(47.61288923600006, -122.31673339099996)",10773,0,N,2012-289388
101918,135619,135619,Intersection,Cycles,0,,,0,,11/29/2012 12:00:00 AM +0000,11/29/2012 9:05:00 AM,1,29872,At Intersection (intersection related),Daylight,BOREN AVE AND PINE ST,0,1,,2,3581811,Wet,18,"MOTOR VEHICLE STRUCK PEDALCYCLIST, FRONT END AT ANGLE",12334008,9320,0,2,Injury Collision,,45,Bicycle,Matched,N,1,Raining,0,"(47.61445724200007, -122.32982243299995)",10321,0,N,12-407643
101930,135340,135340,Intersection,Cycles,0, ,,0,,04/06/2012 12:00:00 AM +0000,4/6/2012 5:54:00 PM,1,36987,At Intersection (intersection related),Daylight,16TH AVE NW AND NW 85TH ST,0,1,,2,3596954,Dry,51,PEDALCYCLIST STRUCK MOTOR VEHICLE FRONT END AT ANGLE,12097006,2277,0,2,Injury Collision,,45,Bicycle,Matched,N,1,Clear or Partly Cloudy,0,"(47.69060578300008, -122.37788349899995)",0,0,N,12-104573
101971,136173,136173,Intersection,Cycles,0,,,0,,01/31/2012 12:00:00 AM +0000,1/31/2012 3:05:00 PM,1,31018,At Intersection (intersection related),Daylight,CALIFORNIA AVE SW AND SW HOLGATE ST,0,1,Y,2,3331545,Dry,51,PEDALCYCLIST STRUCK MOTOR VEHICLE FRONT END AT ANGLE,12031005,9535,0,2,Injury Collision,,45,Bicycle,Matched,N,1,Overcast,0,"(47.586768163000045, -122.38632087599996)",32637,0,N,2012-30006
101974,136045,136045,Block,Cycles,251,,,0,,09/03/2012 12:00:00 AM +0000,9/3/2012 1:31:00 PM,1,,Mid-Block (not related to intersection),Daylight,MAGNOLIA BLVD W BETWEEN 36TH AVE W AND W HOWE W ST,0,1,,2,3549356,Dry,18,"MOTOR VEHICLE STRUCK PEDALCYCLIST, FRONT END AT ANGLE",12247004,11610,0,2,Injury Collision,,45,Bicycle,Matched,N,1,Clear or Partly Cloudy,0,"(47.635291067000026, -122.40451986799997)",14333,0,N,12-295971
101975,134214,134214,Intersection,Cycles,0, ,,0,,09/30/2012 12:00:00 AM +0000,9/30/2012 5:25:00 PM,1,26085,At Intersection (intersection related),Daylight,22ND AVE NE AND NE 54TH ST,0,1,,2,3507778,Dry,18,"MOTOR VEHICLE STRUCK PEDALCYCLIST, FRONT END AT ANGLE",12274022,12453,0,2,Injury Collision,,45,Bicycle,Matched,N,1,Clear or Partly Cloudy,0,"(47.66795924400003, -122.30373895099996)",0,630865,N,12-333896
101991,136321,136321,Block,Cycles,330,,,0,,09/17/2012 12:00:00 AM +0000,9/17/2012 6:23:00 PM,1,,Mid-Block (not related to intersection),Daylight,34TH AVE W BETWEEN W EMERSON ST AND W THURMAN ST,0,1,,2,3599214,Dry,21,"MOTOR VEHICLE STRUCK PEDALCYCLIST, REAR END",12261036,5328,0,2,Injury Collision,,45,Bicycle,Matched,N,1,Clear or Partly Cloudy,0,"(47.654959871000074, -122.40089787199997)",29449,0,N,12-315590
102048,134216,134216,Block,Cycles,161,,,0,,06/02/2012 12:00:00 AM +0000,6/2/2012 11:29:00 AM,1,,Mid-Block (not related to intersection),Daylight,PIKE ST BETWEEN TERRY AVE AND BOREN AVE,0,1,,2,3375500,Dry,51,PEDALCYCLIST STRUCK MOTOR VEHICLE FRONT END AT ANGLE,12154015,12206,0,2,Injury Collision,,45,Bicycle,Matched,N,1,Clear or Partly Cloudy,0,"(47.613232897000046, -122.32947078999996)",24900,0,N,12-170906
102064,135347,135347,Intersection,Cycles,0, ,,0,,01/11/2012 12:00:00 AM +0000,1/11/2012 11:57:00 AM,1,29863,At Intersection (intersection related),Daylight,MELROSE AVE AND PINE ST,0,1,Y,2,3551763,Dry,18,"MOTOR VEHICLE STRUCK PEDALCYCLIST, FRONT END AT ANGLE",12011003,11745,0,2,Injury Collision,,45,Bicycle,Matched,N,1,Clear or Partly Cloudy,0,"(47.615238420000026, -122.32790375499997)",10336,0,N,2012-10826
102074,135632,135632,Intersection,Cycles,0,,,0,,08/07/2012 12:00:00 AM +0000,8/7/2012 4:52:00 PM,1,29084,At Intersection (intersection related),Daylight,EASTLAKE AVE E AND E NELSON PL,0,1,Y,4,3375467,Dry,11,"MOTOR VEHICLE STRUCK MOTOR VEHICLE, FRONT END AT ANGLE",12220010,10170,0,2,Injury Collision,,45,Bicycle,Matched,N,1,Overcast,0,"(47.63059666800007, -122.32764549999996)",11619,0,N,2012-259960
102075,135204,135204,Block,Cycles,110,,,0,,04/21/2012 12:00:00 AM +0000,4/21/2012 8:28:00 PM,0,,Mid-Block (not related to intersection),Dusk,11TH AVE NE BETWEEN NE 41ST ST AND EASTLAKE AVE NE,0,1,,2,3545021,Dry,51,PEDALCYCLIST STRUCK MOTOR VEHICLE FRONT END AT ANGLE,12112001,1405,0,1,Property Damage Only Collision,,45,Bicycle,Matched,N,1,Clear or Partly Cloudy,0,"(47.65717540600008, -122.31668458899998)",0,0,N,2012-122074
102155,137605,137605,Intersection,Cycles,0,,,0,,09/25/2012 12:00:00 AM +0000,9/25/2012 5:35:00 PM,1,37137,At Intersection (intersection related),Daylight,3RD AVE NW AND NW 103RD S ST,0,1,,3,3551445,Dry,51,PEDALCYCLIST STRUCK MOTOR VEHICLE FRONT END AT ANGLE,12269004,4490,0,2,Injury Collision,,45,Bicycle,Matched,N,1,Clear or Partly Cloudy,0,"(47.70348590400005, -122.36075148499998)",28556,0,N,12 326642
102193,137609,137609,Block,Cycles,213,,,0,,09/29/2012 12:00:00 AM +0000,9/29/2012 11:47:00 AM,1,,Driveway Junction,Daylight,2ND AVE BETWEEN PIKE ST AND PINE ST,0,1,,2,3549279,Dry,18,"MOTOR VEHICLE STRUCK PEDALCYCLIST, FRONT END AT ANGLE",12273021,2758,0,2,Injury Collision,,45,Bicycle,Matched,N,1,Clear or Partly Cloudy,0,"(47.609780570000055, -122.33935700699999)",12179,0,N,12-332076
102197,138318,138318,Intersection,Cycles,0, ,,0,,08/21/2012 12:00:00 AM +0000,8/21/2012 1:42:00 PM,1,36419,At Intersection (intersection related),Daylight,GREENWOOD AVE N AND HOLMAN RD N,0,1,,2,2792689,Dry,18,"MOTOR VEHICLE STRUCK PEDALCYCLIST, FRONT END AT ANGLE",12234010,10765,1,2b,Serious Injury Collision,,45,Bicycle,Matched,N,1,Clear or Partly Cloudy,0,"(47.70508354100008, -122.35545274599997)",0,522663,N,12-278830
102202,138313,138313,Block,Cycles,218,,,0,,08/16/2012 12:00:00 AM +0000,8/16/2012 11:26:00 AM,1,,Driveway Junction,Daylight,EASTLAKE AVE E BETWEEN HARVARD AVE E AND FUHRMAN AVE E,0,1,Y,2,3544946,Dry,18,"MOTOR VEHICLE STRUCK PEDALCYCLIST, FRONT END AT ANGLE",12229002,10184,0,2,Injury Collision,Y,45,Bicycle,Matched,N,1,Clear or Partly Cloudy,0,"(47.65104751100006, -122.32168580199999)",6064,0,N,12-271924
102218,138027,138027,Intersection,Cycles,0, ,,0,,10/16/2012 12:00:00 AM +0000,10/16/2012 10:07:00 PM,1,28278,At Intersection (intersection related),Dark - No Street Lights,BOYLSTON AVE E AND LAKEVIEW S BV E,0,1,,2,3476183,Dry,51,PEDALCYCLIST STRUCK MOTOR VEHICLE FRONT END AT ANGLE,12290032,9389,0,2,Injury Collision,,45,Bicycle,Matched,N,1,Clear or Partly Cloudy,0,"(47.63307868700008, -122.32263290899999)",8257,0,N,12-355256
102271,136902,136902,Intersection,Cycles,0,,,0,,11/06/2012 12:00:00 AM +0000,11/6/2012 8:38:00 AM,1,27039,At Intersection (intersection related),Daylight,FREMONT AVE N AND N 34TH ST,0,1,Y,2,3613189,Dry,18,"MOTOR VEHICLE STRUCK PEDALCYCLIST, FRONT END AT ANGLE",12311010,10485,0,2,Injury Collision,,45,Bicycle,Matched,N,1,Clear or Partly Cloudy,0,"(47.64958972900007, -122.34974744899995)",8240,0,N,2012-380789
102272,138608,138608,Block,Cycles,70.5,,,0,,08/12/2012 12:00:00 AM +0000,8/12/2012 3:40:00 PM,1,,Mid-Block (not related to intersection),Daylight,E GALER ST BETWEEN 15TH AVE E AND GRANDVIEW PL E,0,1,,3,3566323,Dry,14,"MOTOR VEHICLE STRUCK MOTOR VEHICLE, REAR END",12225005,14020,0,2,Injury Collision,,45,Bicycle,Matched,N,1,Clear or Partly Cloudy,0,"(47.63233209200007, -122.31221261399998)",8487,0,N,12-266725
102339,138477,138477,Block,Cycles,213,,,0,,08/21/2012 12:00:00 AM +0000,8/21/2012 8:57:00 AM,1,,Driveway Junction,Daylight,2ND AVE BETWEEN UNION ST AND PIKE ST,0,1,Y,2,3345957,Dry,18,"MOTOR VEHICLE STRUCK PEDALCYCLIST, FRONT END AT ANGLE",12234021,2757,0,2,Injury Collision,,45,Bicycle,Matched,N,1,Clear or Partly Cloudy,0,"(47.60878749200003, -122.33844845799996)",12168,0,N,12-278490
102360,138031,138031,Intersection,Cycles,0, ,,0,,07/14/2012 12:00:00 AM +0000,7/14/2012 8:00:00 PM,2,35443,At Intersection (intersection related),Daylight,RAINIER AVE S AND S HENDERSON ST,0,2,Y,3,3617675,Dry,18,"MOTOR VEHICLE STRUCK PEDALCYCLIST, FRONT END AT ANGLE",12196006,12420,0,2,Injury Collision,,45,Bicycle,Matched,N,1,Clear or Partly Cloudy,0,"(47.52330726800005, -122.26998603899995)",0,525149,N,2012-226425
102423,137054,137054,Block,Cycles,350.5,,,0,,09/19/2012 12:00:00 AM +0000,9/19/2012 5:49:00 PM,1,,Driveway Junction,Daylight,NW 58TH ST BETWEEN 22ND AVE NW AND 24TH AVE NW,0,1,,3,3597438,Dry,51,PEDALCYCLIST STRUCK MOTOR VEHICLE FRONT END AT ANGLE,12263013,18499,0,2,Injury Collision,,45,Bicycle,Matched,N,1,Clear or Partly Cloudy,0,"(47.670914208000056, -122.38616291799997)",0,0,N,12-318367
102614,137909,137909,Block,Cycles,87.5,,,0,,10/13/2012 12:00:00 AM +0000,10/13/2012 10:29:00 PM,1,,Mid-Block (not related to intersection),Dark - Street Lights On,LAKE CITY WAY NE BETWEEN NE 92ND ST AND RAVENNA WR AVE NE,0,1,,2,3508052,Wet,51,PEDALCYCLIST STRUCK MOTOR VEHICLE FRONT END AT ANGLE,12287033,11157,0,2,Injury Collision,,45,Bicycle,Matched,Y,1,Overcast,0,"(47.695989076000046, -122.30571619499995)",0,0,N,12-351512
102646,138344,138344,Intersection,Cycles,0,,,0,Y,10/26/2012 12:00:00 AM +0000,10/26/2012 9:18:00 AM,2,26206,At Intersection (intersection related),Daylight,37TH AVE NE AND NE 57TH ST,0,1,,3,3333782,Wet,51,PEDALCYCLIST STRUCK MOTOR VEHICLE FRONT END AT ANGLE,12300006,5702,0,2,Injury Collision,,45,Bicycle,Matched,N,1,Overcast,0,"(47.67031989800006, -122.28798868999996)",0,0,N,2012 366931
102674,136647,136647,Intersection,Cycles,0,,,0,,10/17/2012 12:00:00 AM +0000,10/17/2012 8:25:00 PM,1,29054,At Intersection (intersection related),Dark - Street Lights On,11TH AVE E AND E JOHN ST,0,1,,2,3476185,Dry,51,PEDALCYCLIST STRUCK MOTOR VEHICLE FRONT END AT ANGLE,12291007,1387,0,2,Injury Collision,,45,Bicycle,Matched,N,1,Clear or Partly Cloudy,0,"(47.61992718400006, -122.31823392599995)",35222,0,N,12-356516
102774,138503,138503,Intersection,Cycles,0,,,0,,08/22/2012 12:00:00 AM +0000,8/22/2012 5:04:00 PM,1,30730,At Intersection (intersection related),Daylight,20TH AVE AND E YESLER WAY,0,1,Y,2,3593630,Dry,11,"MOTOR VEHICLE STRUCK MOTOR VEHICLE, FRONT END AT ANGLE",12235001,2929,0,2,Injury Collision,,45,Bicycle,Matched,N,1,Clear or Partly Cloudy,0,"(47.60167383500004, -122.30635179799998)",10030,0,N,12-280422
102796,138205,138205,Intersection,Cycles,0, ,,0,,07/21/2012 12:00:00 AM +0000,7/21/2012 4:50:00 PM,1,25888,At Intersection (intersection related),Daylight,33RD AVE NE AND NE 65TH ST,0,1,Y,2,3613111,Dry,51,PEDALCYCLIST STRUCK MOTOR VEHICLE FRONT END AT ANGLE,12203004,17289,0,2,Injury Collision,,45,Bicycle,Matched,N,1,Clear or Partly Cloudy,0,"(47.67578182300008, -122.29220842099994)",29860,0,N,12-236007
102809,136651,136651,Intersection,Cycles,0,,,0,,10/23/2012 12:00:00 AM +0000,10/23/2012 6:05:00 AM,1,26908,At Intersection (intersection related),Dark - Street Lights On,WOODLAWN AVE N AND N 34TH ST,0,1,,2,3504815,Dry,18,"MOTOR VEHICLE STRUCK PEDALCYCLIST, FRONT END AT ANGLE",12297003,13668,1,2b,Serious Injury Collision,,45,Bicycle,Matched,N,1,Clear or Partly Cloudy,0,"(47.64805786900007, -122.33873763099996)",8886,0,N,2012-363568
102861,137078,137078,Intersection,Cycles,0,,,0,Y,09/19/2012 12:00:00 AM +0000,9/19/2012 6:14:00 PM,1,24611,At Intersection (intersection related),Daylight,WOODLAWN AVE NE AND NE RAVENNA WB BV,0,1,,2,3597389,Dry,18,"MOTOR VEHICLE STRUCK PEDALCYCLIST, FRONT END AT ANGLE",12263007,13710,0,2,Injury Collision,,45,Bicycle,Matched,N,1,Clear or Partly Cloudy,0,"(47.679027864000034, -122.32482839899995)",10559,0,N,12-318390
102896,137647,137647,Intersection,Cycles,0, ,,0,,07/23/2012 12:00:00 AM +0000,7/23/2012 10:25:00 PM,1,26848,At Intersection (intersection related),Dark - Street Lights On,STONE WAY N AND N 40TH ST,0,1,,2,3613138,Dry,51,PEDALCYCLIST STRUCK MOTOR VEHICLE FRONT END AT ANGLE,12205010,12961,0,2,Injury Collision,,45,Bicycle,Matched,N,1,Clear or Partly Cloudy,0,"(47.65538287600003, -122.34243924099997)",6322,0,N,12-238924
102897,138213,138213,Block,Cycles,161,,,0,Y,05/01/2012 12:00:00 AM +0000,5/1/2012,1,,Mid-Block (not related to intersection),Daylight,MADISON ST BETWEEN 9TH AVE AND TERRY AVE,0,1,,2,3373408,Dry,18,"MOTOR VEHICLE STRUCK PEDALCYCLIST, FRONT END AT ANGLE",12122013,11590,0,2,Injury Collision,,45,Bicycle,Matched,0,1,Clear or Partly Cloudy,0,"(47.608640310000055, -122.32680704199998)",22732,0,N,12 133091
102975,136521,136521,Block,Cycles,874.5,,,0,,12/04/2012 12:00:00 AM +0000,12/4/2012 9:53:00 PM,1,,Mid-Block (not related to intersection),Dark - Street Lights On,AURORA AVE N BETWEEN N 117TH PL AND N 125TH ST,0,1,,2,3507809,Wet,51,PEDALCYCLIST STRUCK MOTOR VEHICLE FRONT END AT ANGLE,12339020,8991,0,2,Injury Collision,,45,Bicycle,Matched,N,1,Raining,0,"(47.71717310100007, -122.34489607899997)",15052,0,N,2012-414625
102996,137233,137233,Intersection,Cycles,0,,,0,,10/07/2012 12:00:00 AM +0000,10/7/2012 8:35:00 PM,1,29434,At Intersection (intersection related),Dark - Street Lights On,32ND AVE E AND E MADISON ST,0,1,Y,2,3567519,Dry,51,PEDALCYCLIST STRUCK MOTOR VEHICLE FRONT END AT ANGLE,12281001,4940,0,2,Injury Collision,,45,Bicycle,Matched,N,1,Clear or Partly Cloudy,0,"(47.62703978300004, -122.29092938999997)",34508,0,N,2012-343659
103004,137230,137230,Intersection,Cycles,0, ,,0,,11/29/2012 12:00:00 AM +0000,11/29/2012 6:03:00 PM,1,31517,At Intersection (intersection related),Dark - Street Lights On,RAINIER AVE S AND S MASSACHUSETTS ST,0,1,,2,3502430,Wet,51,PEDALCYCLIST STRUCK MOTOR VEHICLE FRONT END AT ANGLE,12334007,12353,1,2b,Serious Injury Collision,,45,Bicycle,Matched,N,1,Overcast,0,"(47.58841060100008, -122.30582739599998)",0,524935,N,12-408268
103053,136530,136530,Block,Cycles,154.5,,,0,,06/14/2012 12:00:00 AM +0000,6/14/2012 7:22:00 PM,1,,Mid-Block (not related to intersection),Daylight,S JACKSON ST BETWEEN ALASKAN E RDWY WAY S AND 1ST AVE S,0,1,,2,3561513,Dry,54,PEDALCYCLIST STRUCK MOTOR VEHICLE REAR END,12166003,20481,0,2,Injury Collision,,45,Bicycle,Matched,N,1,Clear or Partly Cloudy,0,"(47.59920589200004, -122.33481582799999)",4841,0,N,12-186125
103083,138366,138366,Intersection,Cycles,0,,,0,,10/31/2012 12:00:00 AM +0000,10/31/2012 8:33:00 AM,1,29737,At Intersection (intersection related),Daylight,NAGLE PL AND E PINE ST,0,1,Y,2,3552168,Dry,18,"MOTOR VEHICLE STRUCK PEDALCYCLIST, FRONT END AT ANGLE",12305021,11942,0,2,Injury Collision,,45,Bicycle,Matched,N,1,Raining,0,"(47.61524085500008, -122.32001617599997)",10408,0,N,12-373152
103150,137661,137661,Intersection,Cycles,0,,,0,,05/19/2012 12:00:00 AM +0000,5/19/2012 10:45:00 AM,1,29094,At Intersection (intersection related),Daylight,BELMONT AVE E AND SUMMIT N AVE E,0,1,Y,2,3551796,Dry,11,"MOTOR VEHICLE STRUCK MOTOR VEHICLE, FRONT END AT ANGLE",12140005,9245,0,2,Injury Collision,,45,Bicycle,Matched,N,1,Clear or Partly Cloudy,0,"(47.62676477500003, -122.32559601199995)",36155,0,N,12 154321