OBJECTID,INCKEY,COLDETKEY,ADDRTYPE,COLLISIONTYPE,DISTANCE,EXCEPTRSNCODE,EXCEPTRSNDESC,FATALITIES,INATTENTIONIND,INCDATE,INCDTTM,INJURIES,INTKEY,JUNCTIONTYPE,LIGHTCOND,LOCATION,PEDCOUNT,PEDCYLCOUNT,PEDROWNOTGRNT,PERSONCOUNT,REPORTNO,ROADCOND,SDOT_COLCODE,SDOT_COLDESC,SDOTCOLNUM,SEGKEY,SERIOUSINJURIES,SEVERITYCODE,SEVERITYDESC,SPEEDING,ST_COLCODE,ST_COLDESC,STATUS,UNDERINFL,VEHCOUNT,WEATHER,WIDTH,Shape,SEGLANEKEY,CROSSWALKKEY,HITPARKEDCAR,SPDCASENO
103206,136541,136541,Intersection,Cycles,0,,,0,,09/21/2012 12:00:00 AM +0000,9/21/2012 6:05:00 PM,1,27180,At Intersection (intersection related),Dusk,LATONA AVE NE AND NE 45TH ST,0,1,Y,2,3504483,Wet,21,"MOTOR VEHICLE STRUCK PEDALCYCLIST, REAR END",12265006,11295,0,2,Injury Collision,,45,Bicycle,Matched,N,1,Clear or Partly Cloudy,0,"(47.66134408700003, -122.32510772899997)",6546,0,N,12 321165
103276,137818,137818,Intersection,Cycles,0,,,0,,03/27/2012 12:00:00 AM +0000,3/27/2012 3:07:00 PM,1,35829,At Intersection (intersection related),Daylight,LINDEN AVE N AND N 128TH ST,0,1,Y,2,3554004,Dry,51,PEDALCYCLIST STRUCK MOTOR VEHICLE FRONT END AT ANGLE,12087011,11452,0,2,Injury Collision,,45,Bicycle,Matched,N,1,Overcast,0,"(47.72230932400004, -122.34832622099998)",0,0,N,12-92936
103301,137253,137253,Intersection,Cycles,0,,,0,,10/24/2012 12:00:00 AM +0000,10/24/2012 6:24:00 PM,1,29748,At Intersection (intersection related),Dark - Street Lights On,12TH AVE AND E PIKE ST,0,1,Y,3,3560044,Wet,51,PEDALCYCLIST STRUCK MOTOR VEHICLE FRONT END AT ANGLE,12298008,1546,0,2,Injury Collision,,45,Bicycle,Matched,N,1,Overcast,0,"(47.61410376900005, -122.31683584899997)",10785,0,N,12-365014
103335,138242,138242,Intersection,Cycles,0, ,,0,,09/17/2012 12:00:00 AM +0000,9/17/2012 7:27:00 AM,1,29622,At Intersection (intersection related),Daylight,1ST AVE AND MARION ST,1,1,,2,3599210,Dry,64,PEDALCYCLIST STRUCK PEDESTRIAN,12261012,1003,0,2,Injury Collision,,45,Bicycle,Matched,N,0,Clear or Partly Cloudy,0,"(47.60398223800007, -122.33558646699998)",36808,521096,N,12 314812
103344,136973,136973,Block,Cycles,133,,,0,,04/20/2012 12:00:00 AM +0000,4/20/2012 11:01:00 PM,1,,Mid-Block (not related to intersection),Dark - Street Lights On,8TH AVE NW BETWEEN NW 61ST ST AND NW 62ND S ST,0,1,,2,3504795,Dry,55,PEDALCYCLIST STRUCK MOTOR VEHICLE RIGHT SIDE SIDESWIPE,12111015,8390,0,2,Injury Collision,,45,Bicycle,Matched,N,1,Clear or Partly Cloudy,0,"(47.67344125500006, -122.36612480899998)",2449,0,N,12-121004
103353,136405,136405,Intersection,Cycles,0,,,0,,11/29/2012 12:00:00 AM +0000,11/29/2012 5:48:00 PM,1,30423,At Intersection (intersection related),Dark - Street Lights On,12TH AVE S AND S MAIN ST,0,1,,2,3476477,Wet,51,PEDALCYCLIST STRUCK MOTOR VEHICLE FRONT END AT ANGLE,12334009,1653,0,2,Injury Collision,Y,45,Bicycle,Matched,N,1,Raining,0,"(47.600014558000055, -122.31722977699997)",34821,0,N,2012-408254
103359,136692,136692,Intersection,Cycles,0,,,0,Y,05/25/2012 12:00:00 AM +0000,5/25/2012 4:36:00 PM,1,28783,At Intersection (intersection related),Daylight,DEXTER AVE N AND HARRISON ST,0,1,Y,2,3599013,Dry,18,"MOTOR VEHICLE STRUCK PEDALCYCLIST, FRONT END AT ANGLE",12146012,10074,0,2,Injury Collision,,45,Bicycle,Matched,N,1,Clear or Partly Cloudy,0,"(47.62205574500007, -122.34237158599996)",12620,0,N,12-161507
103475,136414,136414,Intersection,Cycles,0, ,,0,,09/26/2012 12:00:00 AM +0000,9/26/2012 8:15:00 AM,1,27244,At Intersection (intersection related),Daylight,LATONA AVE NE AND NE PACIFIC ST,0,1,Y,3,3504499,Dry,51,PEDALCYCLIST STRUCK MOTOR VEHICLE FRONT END AT ANGLE,12270003,11289,0,2,Injury Collision,,45,Bicycle,Matched,N,1,Clear or Partly Cloudy,0,"(47.65488891200005, -122.32570273399995)",0,576113,N,12 327366
103510,137123,137123,Block,Cycles,150.5,,,0,,08/01/2012 12:00:00 AM +0000,8/1/2012 6:26:00 PM,1,,Driveway Junction,Daylight,DEXTER AVE N BETWEEN COMSTOCK ST AND LEE ST,0,1,Y,2,3503863,Dry,18,"MOTOR VEHICLE STRUCK PEDALCYCLIST, FRONT END AT ANGLE",12214031,10082,0,2,Injury Collision,,45,Bicycle,Matched,N,1,Clear or Partly Cloudy,0,"(47.63099716500005, -122.34229241699995)",12941,0,N,12 251349
103559,137407,137407,Block,Cycles,283.5,,,0,,05/10/2012 12:00:00 AM +0000,5/10/2012 11:55:00 AM,1,,Driveway Junction,Daylight,ELLIOTT AVE W BETWEEN W LEE ST AND W GALER ST FLYOVER,0,1,Y,2,3503560,Dry,18,"MOTOR VEHICLE STRUCK PEDALCYCLIST, FRONT END AT ANGLE",12131013,10221,0,2,Injury Collision,,45,Bicycle,Matched,N,1,Clear or Partly Cloudy,0,"(47.630880207000075, -122.37391463199998)",19264,0,N,12-143596
103659,137413,137413,Block,Cycles,373.5,,,0,,02/23/2012 12:00:00 AM +0000,2/23/2012 3:28:00 PM,1,,Mid-Block (not related to intersection),Daylight,COLLEGE WAY N BETWEEN N 100TH ST AND MERIDIAN AVE N,0,1,,1,3562112,Dry,69,PEDALCYCLIST OVERTURNED IN ROAD,12054013,9703,1,2b,Serious Injury Collision,,45,Bicycle,Matched,N,0,Overcast,0,"(47.702330637000045, -122.33452572599998)",29089,0,N,12-55336
103698,137837,137837,Intersection,Cycles,0,,,0,,08/08/2012 12:00:00 AM +0000,8/8/2012 9:51:00 AM,1,30480,Mid-Block (not related to intersection),Daylight,3RD AVE AND JAMES ST,0,1,Y,2,3200350,Dry,00,NOT ENOUGH INFORMATION / NOT APPLICABLE,12221009,4375,0,2,Injury Collision,,45,Bicycle,Matched,N,1,Clear or Partly Cloudy,0,"(47.60276917600004, -122.33140852799994)",24810,0,N,12-260875
103727,138268,138268,Intersection,Cycles,0,,,0,,09/11/2012 12:00:00 AM +0000,9/11/2012 5:29:00 PM,1,25447,At Intersection (intersection related),Daylight,15TH AVE NW AND BALLARD BR,0,1,Y,2,3554174,Dry,18,"MOTOR VEHICLE STRUCK PEDALCYCLIST, FRONT END AT ANGLE",12255013,2097,0,2,Injury Collision,,45,Bicycle,Matched,N,1,Clear or Partly Cloudy,0,"(47.665049759000055, -122.37622023499995)",18258,0,N,12-307174
103761,137982,137982,Block,Cycles,132,,,0,,11/28/2012 12:00:00 AM +0000,11/28/2012 8:46:00 AM,1,,Mid-Block (not related to intersection),Daylight,NW 80TH ST BETWEEN 21ST AVE NW AND 22ND AVE NW,0,1,,2,3504418,Dry,51,PEDALCYCLIST STRUCK MOTOR VEHICLE FRONT END AT ANGLE,12333007,18904,0,2,Injury Collision,,45,Bicycle,Matched,N,1,Overcast,0,"(47.68683039800004, -122.38379010799997)",0,0,N,12-406390
103772,137139,137139,Intersection,Cycles,0,,,0,,02/13/2012 12:00:00 AM +0000,2/13/2012 8:50:00 PM,1,30748,At Intersection (intersection related),Dark - Street Lights On,16TH AVE S AND S JACKSON ST,0,1,Y,2,3551805,Wet,18,"MOTOR VEHICLE STRUCK PEDALCYCLIST, FRONT END AT ANGLE",12044011,2282,0,2,Injury Collision,,45,Bicycle,Matched,N,1,Raining,0,"(47.599224596000056, -122.31157742299996)",11025,0,N,12-044720
103866,138137,138137,Intersection,Cycles,0,,,0,,05/25/2012 12:00:00 AM +0000,5/25/2012 11:25:00 PM,1,26842,At Intersection (intersection related),Dark - Street Lights On,WALLINGFORD AVE N AND N 40TH ST,0,1,,1,3466760,Dry,69,PEDALCYCLIST OVERTURNED IN ROAD,12146009,13368,0,2,Injury Collision,,45,Bicycle,Matched,Y,0,Clear or Partly Cloudy,0,"(47.65564871500004, -122.33625707199997)",6201,0,N,2012-162021
103872,137714,137714,Block,Cycles,82.5,,,0,Y,09/14/2012 12:00:00 AM +0000,9/14/2012 4:38:00 PM,1,,Mid-Block (not related to intersection),Dusk,YESLER WAY BETWEEN WESTERN AVE AND POST AVE,0,1,,3,3377819,Dry,22,"MOTOR VEHICLE STRUCK PEDALCYCLIST, RIGHT SIDE SIDESWIPE",12258013,13759,0,2,Injury Collision,,45,Bicycle,Matched,N,1,Clear or Partly Cloudy,0,"(47.60172277400005, -122.335216576)",9881,0,N,12-311382
103943,137431,137431,Intersection,Cycles,0,,,0,,11/20/2012 12:00:00 AM +0000,11/20/2012 7:52:00 AM,1,32133,At Intersection (intersection related),Daylight,30TH AVE SW AND SW AVALON WAY,0,1,,2,3547115,Wet,18,"MOTOR VEHICLE STRUCK PEDALCYCLIST, FRONT END AT ANGLE",12325016,4717,0,2,Injury Collision,,45,Bicycle,Matched,N,1,Overcast,0,"(47.567608918000076, -122.37076473499997)",3490,0,N,12-397566
103955,137290,137290,Block,Cycles,222,,,0,,02/17/2012 12:00:00 AM +0000,2/17/2012 5:59:00 PM,2,,Mid-Block (not related to intersection),Dark - Street Lights On,12TH AVE BETWEEN E MADISON ST AND E PIKE ST,1,1,Y,4,3551782,Wet,64,PEDALCYCLIST STRUCK PEDESTRIAN,12048015,1536,0,2,Injury Collision,,45,Bicycle,Matched,N,1,Raining,0,"(47.613495138000076, -122.31678450399994)",10782,0,N,2012-48744
103995,137715,137715,Intersection,Cycles,0,,,0,,07/18/2012 12:00:00 AM +0000,7/18/2012 12:06:00 PM,1,28077,At Intersection (intersection related),Daylight,QUEEN ANNE DR AND WARREN AVE N,0,1,,2,3549614,Dry,11,"MOTOR VEHICLE STRUCK MOTOR VEHICLE, FRONT END AT ANGLE",12200006,12326,0,2,Injury Collision,,45,Bicycle,Matched,N,1,Clear or Partly Cloudy,0,"(47.641856691000044, -122.35447245999995)",0,0,N,2012-231474
104105,137445,137445,Intersection,Cycles,0, ,,0,,05/29/2012 12:00:00 AM +0000,5/29/2012 2:17:00 PM,1,28913,At Intersection (intersection related),Daylight,MERCER ST AND TAYLOR AVE N,0,1,Y,2,3549554,Dry,24,MOTOR VEHCILE STRUCK PEDESTRIAN,12150010,11768,0,2,Injury Collision,,45,Bicycle,Matched,N,1,Clear or Partly Cloudy,0,"(47.62455804800004, -122.34626626299996)",0,630861,N,12-166002
104167,138156,138156,Intersection,Cycles,0,,,0,,05/11/2012 12:00:00 AM +0000,5/11/2012 6:24:00 PM,1,24488,At Intersection (intersection related),Daylight,ROOSEVELT WAY NE AND NE 67TH ST,0,1,,2,3504711,Dry,18,"MOTOR VEHICLE STRUCK PEDALCYCLIST, FRONT END AT ANGLE",12132022,12617,0,2,Injury Collision,,45,Bicycle,Matched,N,1,Clear or Partly Cloudy,0,"(47.67728332900003, -122.31738326399994)",9400,0,N,12-145172
104223,137456,137456,Block,Cycles,213,,,0,,04/23/2012 12:00:00 AM +0000,4/23/2012 4:21:00 PM,0,,Mid-Block (not related to intersection),Daylight,2ND AVE BETWEEN UNION ST AND PIKE ST,0,1,,2,3561064,Dry,54,PEDALCYCLIST STRUCK MOTOR VEHICLE REAR END,12114009,2757,0,1,Property Damage Only Collision,,45,Bicycle,Matched,N,1,Clear or Partly Cloudy,0,"(47.60878749200003, -122.33844845799996)",12168,0,N,12-124162
104232,137448,137448,Block,Cycles,132.5,,,0,,05/11/2012 12:00:00 AM +0000,5/11/2012 11:55:00 PM,1,,Mid-Block (not related to intersection),Dark - Street Lights On,15TH NB AVE NW BETWEEN NW 46TH ST AND NW BALLARD WAY,0,1,,1,3566260,Ice,66,PEDALCYCLIST STRUCK OBJECT IN ROAD,12132019,2210,0,2,Injury Collision,,45,Bicycle,Matched,N,0,Clear or Partly Cloudy,0,"(47.662567194000076, -122.37611338299996)",0,0,N,2012-14558
104289,138014,138014,Intersection,Cycles,0,,,0,,07/05/2012 12:00:00 AM +0000,7/5/2012 6:57:00 AM,1,24276,At Intersection (intersection related),Daylight,AURORA AVE N AND GREEN LAKE DR N,0,1,,2,3504629,Dry,18,"MOTOR VEHICLE STRUCK PEDALCYCLIST, FRONT END AT ANGLE",12187007,8961,0,2,Injury Collision,,45,Bicycle,Matched,N,1,Clear or Partly Cloudy,0,"(47.68911276600005, -122.34451443499995)",10506,0,N,12-213183
104297,138878,138878,Intersection,Cycles,0,,,0,,05/27/2012 12:00:00 AM +0000,5/27/2012 10:36:00 AM,1,30114,At Intersection (intersection related),Daylight,20TH AVE AND E MADISON ST,0,1,,2,3567414,Dry,18,"MOTOR VEHICLE STRUCK PEDALCYCLIST, FRONT END AT ANGLE",12148006,2942,0,2,Injury Collision,,45,Bicycle,Matched,N,1,Clear or Partly Cloudy,0,"(47.61726331600005, -122.30613644099998)",23093,0,N,12-163693
104350,139450,139450,Block,Cycles,264,,,0,,07/07/2012 12:00:00 AM +0000,7/7/2012,1,,Mid-Block (not related to intersection),Daylight,31ST AVE SW BETWEEN SW RAYMOND ST AND SW GRAHAM ST,0,1,Y,2,3547262,Dry,18,"MOTOR VEHICLE STRUCK PEDALCYCLIST, FRONT END AT ANGLE",12189008,4867,0,2,Injury Collision,,45,Bicycle,Matched,0,1,Clear or Partly Cloudy,0,"(47.547577587000035, -122.37205234899994)",0,0,N,2012-216662
104414,140167,140167,Intersection,Cycles,0, ,,0,,12/08/2012 12:00:00 AM +0000,12/8/2012 12:18:00 PM,1,34420,At Intersection (intersection related),Daylight,RAINIER AVE S AND S HOLLY ST,0,1,Y,2,3502482,Dry,18,"MOTOR VEHICLE STRUCK PEDALCYCLIST, FRONT END AT ANGLE",12343005,12403,0,2,Injury Collision,,45,Bicycle,Matched,N,1,Clear or Partly Cloudy,0,"(47.54247599400003, -122.27280766199999)",0,525066,N,12 419276
104488,139173,139173,Intersection,Cycles,0, ,,0,,04/21/2012 12:00:00 AM +0000,4/21/2012 9:44:00 PM,1,26775,At Intersection (intersection related),Dark - Street Lights On,15TH AV W SB OFF RP AND W DRAVUS ST,0,1,Y,2,3598886,Dry,18,"MOTOR VEHICLE STRUCK PEDALCYCLIST, FRONT END AT ANGLE",12112010,2206,0,2,Injury Collision,,45,Bicycle,Matched,N,1,Clear or Partly Cloudy,0,"(47.64847281700003, -122.37675943099998)",0,521084,N,12-122165
104538,140178,140178,Intersection,Cycles,0, ,,0,,06/22/2012 12:00:00 AM +0000,6/22/2012 5:46:00 PM,1,23895,At Intersection (intersection related),Daylight,15TH AVE NW AND NW 75TH ST,0,1,,2,3553843,Wet,24,MOTOR VEHCILE STRUCK PEDESTRIAN,12174046,2116,0,2,Injury Collision,,45,Bicycle,Matched,N,1,Raining,0,"(47.68323791900008, -122.37678003499997)",0,521277,N,12-196388
104539,139884,139884,Block,Cycles,156.5,,,0,,05/24/2012 12:00:00 AM +0000,5/24/2012 3:19:00 PM,1,,Driveway Junction,Daylight,DEXTER AVE N BETWEEN ROY ST AND VALLEY ST,0,1,Y,3,3549505,Dry,18,"MOTOR VEHICLE STRUCK PEDALCYCLIST, FRONT END AT ANGLE",12145024,10078,0,2,Injury Collision,,45,Bicycle,Matched,N,1,Clear or Partly Cloudy,0,"(47.62583102800005, -122.34233820999998)",12712,0,N,12-160178
104546,140176,140176,Intersection,Cycles,0,,,0,,06/20/2012 12:00:00 AM +0000,6/20/2012 4:34:00 PM,1,167415,At Intersection (intersection related),Daylight,BEACON ER AVE S AND S MORGAN ST,0,1,,2,3617563,Dry,51,PEDALCYCLIST STRUCK MOTOR VEHICLE FRONT END AT ANGLE,12172002,20863,0,2,Injury Collision,,45,Bicycle,Matched,N,1,Clear or Partly Cloudy,0,"(47.54461878500007, -122.29979823699995)",0,0,N,12 193597
104547,139745,139745,Intersection,Cycles,0,,,0,,12/29/2012 12:00:00 AM +0000,12/29/2012 4:45:00 PM,1,29750,At Intersection (intersection related),Dusk,14TH AVE AND E PIKE ST,0,1,Y,2,3593597,Wet,18,"MOTOR VEHICLE STRUCK PEDALCYCLIST, FRONT END AT ANGLE",12364001,1852,0,2,Injury Collision,,45,Bicycle,Matched,N,1,Clear or Partly Cloudy,0,"(47.61412214900008, -122.31422402899994)",11896,0,N,12-443437
104553,139741,139741,Intersection,Cycles,0, ,,0,,07/28/2012 12:00:00 AM +0000,7/28/2012 7:34:00 PM,1,35253,At Intersection (intersection related),Dusk,RENTON AVE S AND S CLOVERDALE ST,0,1,Y,3,3467188,Dry,18,"MOTOR VEHICLE STRUCK PEDALCYCLIST, FRONT END AT ANGLE",12210008,12523,0,2,Injury Collision,,45,Bicycle,Matched,N,1,Clear or Partly Cloudy,0,"(47.526119046000076, -122.27694093599996)",7678,0,N,12-245965
104627,139183,139183,Intersection,Cycles,0,,,0,,07/30/2012 12:00:00 AM +0000,7/30/2012 5:09:00 PM,1,29679,At Intersection (intersection related),Daylight,ALASKAN WAY AND BROAD ST,0,1,Y,2,3328148,Dry,18,"MOTOR VEHICLE STRUCK PEDALCYCLIST, FRONT END AT ANGLE",12212012,9410,1,2b,Serious Injury Collision,,45,Bicycle,Matched,N,1,Clear or Partly Cloudy,0,"(47.61503359400007, -122.35487619999998)",0,0,N,12-248434
104664,139749,139749,Block,Cycles,124.5,,,0,,07/07/2012 12:00:00 AM +0000,7/7/2012 9:50:00 PM,1,,Mid-Block (not related to intersection),Dark - Street Lights On,NE 45TH ST BETWEEN 1ST AVE NE AND 2ND AVE NE,0,1,Y,5,3466765,Dry,18,"MOTOR VEHICLE STRUCK PEDALCYCLIST, FRONT END AT ANGLE",12189012,16838,0,2,Injury Collision,,45,Bicycle,Matched,Y,1,Clear or Partly Cloudy,0,"(47.661357277000036, -122.32775751099996)",6532,0,N,2012-216837
104683,139469,139469,Intersection,Cycles,0, ,,0,,10/24/2012 12:00:00 AM +0000,10/24/2012 12:22:00 PM,1,29446,At Intersection (intersection related),Daylight,32ND AVE E AND LAKE WASHINGTON BLVD E,0,1,Y,2,3387175,Wet,18,"MOTOR VEHICLE STRUCK PEDALCYCLIST, FRONT END AT ANGLE",12298006,4939,0,2,Injury Collision,,45,Bicycle,Matched,N,1,Clear or Partly Cloudy,0,"(47.624951432000046, -122.29105074699999)",8970,0,N,12 364569
104774,139190,139190,Block,Cycles,319,,,0,Y,07/09/2012 12:00:00 AM +0000,7/9/2012 5:02:00 PM,1,,Mid-Block (not related to intersection),Daylight,1ST AVE S BETWEEN S HUDSON ST AND S DAWSON ST,0,1,,3,3617542,Dry,14,"MOTOR VEHICLE STRUCK MOTOR VEHICLE, REAR END",12191023,1217,0,2,Injury Collision,,45,Bicycle,Matched,N,1,Clear or Partly Cloudy,0,"(47.556539119000035, -122.334214111)",1371,0,N,2012 219-230
104791,138765,138765,Intersection,Cycles,0,,,0,,07/20/2012 12:00:00 AM +0000,7/20/2012 2:31:00 PM,1,29568,At Intersection (intersection related),Daylight,6TH AVE AND PINE ST,0,1,Y,2,3465776,Wet,51,PEDALCYCLIST STRUCK MOTOR VEHICLE FRONT END AT ANGLE,12202013,7884,0,2,Injury Collision,,45,Bicycle,Matched,N,1,Overcast,0,"(47.612136459000055, -122.33537313699998)",21830,0,N,12-234397
104823,140049,140049,Block,Cycles,188,,,0,Y,02/02/2012 12:00:00 AM +0000,2/2/2012 11:57:00 AM,1,,Mid-Block (not related to intersection),Daylight,CALIFORNIA AVE SW BETWEEN SW MYRTLE ST AND SW ORCHARD ST,0,1,,2,3546980,Dry,56,PEDALCYCLIST STRUCK MOTOR VEHICLE LEFT SIDE SIDESWIPE,12033035,9571,0,2,Injury Collision,,45,Bicycle,Matched,N,1,Overcast,0,"(47.53940748700006, -122.38727455599997)",2804,0,N,12-31993
104838,139615,139615,Intersection,Cycles,0,,,0,,05/19/2012 12:00:00 AM +0000,5/19/2012 1:07:00 PM,1,24496,At Intersection (intersection related),Daylight,WEEDIN PL NE AND NE 65TH ST,0,1,,2,3328425,Dry,18,"MOTOR VEHICLE STRUCK PEDALCYCLIST, FRONT END AT ANGLE",12140002,13489,0,2,Injury Collision,,45,Bicycle,Matched,N,1,Clear or Partly Cloudy,0,"(47.67584614500004, -122.31934286899997)",29235,0,N,12-154441
104929,138913,138913,Block,Cycles,330,,,0,,04/04/2012 12:00:00 AM +0000,4/4/2012 7:20:00 PM,1,,Driveway Junction,Daylight,N NORTHGATE WAY BETWEEN MERIDIAN AVE N AND CORLISS AVE N,0,1,Y,2,3504551,Dry,24,MOTOR VEHCILE STRUCK PEDESTRIAN,12095013,16119,0,2,Injury Collision,,45,Bicycle,Matched,N,1,Clear or Partly Cloudy,0,"(47.70865451600008, -122.33265537499994)",0,0,N,2012-102269
104939,139340,139340,Block,Cycles,168,,,0,,02/16/2012 12:00:00 AM +0000,2/16/2012 9:32:00 AM,1,,Mid-Block (not related to intersection),Daylight,FREMONT AVE N BETWEEN FREMONT PL N AND N 36TH ST,0,1,,1,3569019,Wet,66,PEDALCYCLIST STRUCK OBJECT IN ROAD,12047004,10486,0,2,Injury Collision,,45,Bicycle,Matched,N,0,Raining,0,"(47.65088855100004, -122.34988452999994)",8357,0,N,12-47189
105010,140482,140482,Intersection,Cycles,0,,,0,,02/08/2012 12:00:00 AM +0000,2/8/2012 12:33:00 AM,1,29052,At Intersection (intersection related),Dark - Street Lights On,BROADWAY E AND E OLIVE WAY,0,1,,2,3567625,Wet,18,"MOTOR VEHICLE STRUCK PEDALCYCLIST, FRONT END AT ANGLE",12039014,9452,0,2,Injury Collision,,45,Bicycle,Matched,N,1,Raining,0,"(47.61990774700007, -122.32087289199995)",35208,0,N,12-38347
105029,139073,139073,Block,Cycles,537.5,,,0,,05/19/2012 12:00:00 AM +0000,5/19/2012 6:47:00 PM,1,,Mid-Block (not related to intersection),Daylight,SW DAWSON ST BETWEEN 18TH AVE SW AND 21ST AVE SW,0,1,,3,3547083,Dry,51,PEDALCYCLIST STRUCK MOTOR VEHICLE FRONT END AT ANGLE,12140008,22067,0,2,Injury Collision,,45,Bicycle,Matched,N,1,Clear or Partly Cloudy,0,"(47.55608560300004, -122.35897646399997)",29226,0,N,12-154752
105042,138922,138922,Block,Cycles,161,,,0,,08/28/2012 12:00:00 AM +0000,8/28/2012 6:34:00 PM,1,,Mid-Block (not related to intersection),Daylight,E PINE ST BETWEEN 11TH AVE AND 12TH AVE,0,1,,3,3553020,Dry,23,"MOTOR VEHICLE STRUCK PEDALCYCLIST, LEFT SIDE SIDESWIPE",12241008,14637,0,2,Injury Collision,,45,Bicycle,Matched,N,1,Clear or Partly Cloudy,0,"(47.61525914900005, -122.31750882199998)",10420,0,N,2012-288655
105044,138920,138920,Block,Cycles,629,,,0,,04/10/2012 12:00:00 AM +0000,4/10/2012 8:17:00 AM,1,,Mid-Block (not related to intersection),Daylight,DELRIDGE WAY SW BETWEEN SW JUNEAU ST AND 24TH AVE SW,1,1,,2,3546965,Dry,64,PEDALCYCLIST STRUCK PEDESTRIAN,12101002,9970,0,2,Injury Collision,,45,Bicycle,Matched,N,0,Clear or Partly Cloudy,0,"(47.548385256000074, -122.36303174499994)",23126,0,N,12-108621
105060,139497,139497,Intersection,Cycles,0, ,,0,,01/02/2012 12:00:00 AM +0000,1/2/2012 5:03:00 PM,1,26451,At Intersection (intersection related),Dark - Street Lights On,23RD AVE W AND W EMERSON PL,0,1,,2,3377717,Wet,18,"MOTOR VEHICLE STRUCK PEDALCYCLIST, FRONT END AT ANGLE",12002003,3500,0,2,Injury Collision,,45,Bicycle,Matched,N,1,Raining,0,"(47.65613586500007, -122.38551131599996)",29613,0,N,2012-1666
105121,140638,140638,Intersection,Cycles,0, ,,0,,08/25/2012 12:00:00 AM +0000,8/25/2012 12:15:00 PM,1,24276,At Intersection (intersection related),Daylight,AURORA AVE N AND GREEN LAKE DR N,0,1,,2,3597383,Dry,18,"MOTOR VEHICLE STRUCK PEDALCYCLIST, FRONT END AT ANGLE",12238002,8961,0,2,Injury Collision,,45,Bicycle,Matched,N,1,Clear or Partly Cloudy,0,"(47.68911276600005, -122.34451443499995)",0,522353,N,12-284210
105123,140636,140636,Intersection,Cycles,0,,,0,,06/12/2012 12:00:00 AM +0000,6/12/2012 6:11:00 PM,1,31247,At Intersection (intersection related),Daylight,15TH AVE S AND S HOLGATE ST,0,1,Y,2,3617515,Wet,51,PEDALCYCLIST STRUCK MOTOR VEHICLE FRONT END AT ANGLE,12164006,2137,0,2,Injury Collision,,45,Bicycle,Matched,N,1,Raining,0,"(47.58636267900005, -122.31336274799997)",14075,0,N,12-183695
105150,138929,138929,Intersection,Cycles,0,,,0,,07/26/2012 12:00:00 AM +0000,7/26/2012 9:21:00 PM,1,29804,At Intersection (intersection related),Dark - Street Lights On,14TH AVE AND E CHERRY ST,0,1,,2,3593627,Dry,18,"MOTOR VEHICLE STRUCK PEDALCYCLIST, FRONT END AT ANGLE",12208016,1846,0,2,Injury Collision,,45,Bicycle,Matched,N,1,Clear or Partly Cloudy,0,"(47.60804797800006, -122.31415231799997)",35467,0,N,2012-243211
105167,138647,138647,Intersection,Cycles,0,,,0,,07/16/2012 12:00:00 AM +0000,7/16/2012 8:49:00 PM,1,27062,At Intersection (intersection related),Daylight,UNIVERSITY WAY NE AND NE 45TH ST,0,1,Y,2,3613133,Dry,00,NOT ENOUGH INFORMATION / NOT APPLICABLE,12198014,13222,0,2,Injury Collision,,45,Bicycle,Matched,N,1,Clear or Partly Cloudy,0,"(47.661269366000056, -122.31312965799998)",5644,0,N,2012-229212
105168,138646,138646,Intersection,Cycles,0,,,0,,07/15/2012 12:00:00 AM +0000,7/15/2012 2:36:00 AM,1,29025,At Intersection (intersection related),Dark - Street Lights Off,10TH AVE E AND E HARRISON ST,0,1,,3,3552355,Dry,51,PEDALCYCLIST STRUCK MOTOR VEHICLE FRONT END AT ANGLE,12197010,1287,0,2,Injury Collision,,45,Bicycle,Matched,Y,1,Clear or Partly Cloudy,0,"(47.62198267400004, -122.31992428599995)",0,0,N,12-226963
105234,139642,139642,Intersection,Cycles,0,,,0,,02/21/2012 12:00:00 AM +0000,2/21/2012 2:00:00 PM,1,30626,At Intersection (intersection related),Daylight,30TH AVE S AND S MAIN ST,0,1,,2,3566167,Wet,18,"MOTOR VEHICLE STRUCK PEDALCYCLIST, FRONT END AT ANGLE",12052011,4673,0,2,Injury Collision,,45,Bicycle,Matched,N,1,Overcast,0,"(47.60026217400008, -122.29378190899996)",0,0,N,12-52961
105309,139223,139223,Block,Cycles,477,,,0,,09/17/2012 12:00:00 AM +0000,9/17/2012 5:12:00 PM,1,,Mid-Block (not related to intersection),Daylight,S MICHIGAN ST BETWEEN 7TH AVE S AND CORSON AVE S,0,1,,3,3467512,Dry,51,PEDALCYCLIST STRUCK MOTOR VEHICLE FRONT END AT ANGLE,12261035,20849,0,2,Injury Collision,,45,Bicycle,Matched,N,1,Clear or Partly Cloudy,0,"(47.547024503000046, -122.32323922799998)",17134,0,N,12-315498