OBJECTID,INCKEY,COLDETKEY,ADDRTYPE,COLLISIONTYPE,DISTANCE,EXCEPTRSNCODE,EXCEPTRSNDESC,FATALITIES,INATTENTIONIND,INCDATE,INCDTTM,INJURIES,INTKEY,JUNCTIONTYPE,LIGHTCOND,LOCATION,PEDCOUNT,PEDCYLCOUNT,PEDROWNOTGRNT,PERSONCOUNT,REPORTNO,ROADCOND,SDOT_COLCODE,SDOT_COLDESC,SDOTCOLNUM,SEGKEY,SERIOUSINJURIES,SEVERITYCODE,SEVERITYDESC,SPEEDING,ST_COLCODE,ST_COLDESC,STATUS,UNDERINFL,VEHCOUNT,WEATHER,WIDTH,Shape,SEGLANEKEY,CROSSWALKKEY,HITPARKEDCAR,SPDCASENO
105364,139366,139366,Block,Cycles,115,,,0,,07/13/2012 12:00:00 AM +0000,7/13/2012 10:02:00 AM,1,,Mid-Block (not related to intersection),Daylight,S HANFORD ST BETWEEN 3RD AVE S AND 4TH AVE S,0,1,Y,2,3387649,Dry,14,"MOTOR VEHICLE STRUCK MOTOR VEHICLE, REAR END",12195020,20169,0,2,Injury Collision,Y,45,Bicycle,Matched,N,1,Overcast,0,"(47.575573923000036, -122.32952672699997)",0,0,N,12-224345
105368,139797,139797,Intersection,Cycles,0, ,,0,,10/05/2012 12:00:00 AM +0000,10/5/2012 8:07:00 AM,1,29699,At Intersection (intersection related),Daylight,BATTERY ST AND WESTERN AVE,0,1,Y,2,3561014,Dry,18,"MOTOR VEHICLE STRUCK PEDALCYCLIST, FRONT END AT ANGLE",12279002,9072,0,2,Injury Collision,,45,Bicycle,Matched,N,1,Clear or Partly Cloudy,0,"(47.613479588000075, -122.34867330799995)",0,522625,N,2012-340148
105384,140224,140224,Intersection,Cycles,0,,,0,,07/18/2012 12:00:00 AM +0000,7/18/2012 6:10:00 PM,1,30145,At Intersection (intersection related),Daylight,19TH AVE AND E UNION ST,0,1,Y,2,3567152,Dry,18,"MOTOR VEHICLE STRUCK PEDALCYCLIST, FRONT END AT ANGLE",12200009,2649,0,2,Injury Collision,,45,Bicycle,Matched,N,1,Clear or Partly Cloudy,0,"(47.61289826800004, -122.30750481599995)",9334,0,N,12-231936
105398,139939,139939,Block,Cycles,331.5, ,,0,,07/11/2012 12:00:00 AM +0000,7/11/2012 10:42:00 AM,1,,Mid-Block (not related to intersection),Daylight,35TH AVE NE BETWEEN NE 70TH ST AND NE 73RD ST,0,1,,2,3551496,Dry,56,PEDALCYCLIST STRUCK MOTOR VEHICLE LEFT SIDE SIDESWIPE,12193034,5361,0,2,Injury Collision,,45,Bicycle,Matched,N,1,Clear or Partly Cloudy,0,"(47.68032248700007, -122.29040187199996)",30309,0,N,2012 221510
105528,140092,140092,Intersection,Cycles,0, ,,0,,07/13/2012 12:00:00 AM +0000,7/13/2012 1:29:00 PM,1,287171,At Intersection (intersection related),Daylight,BURKE GILMAN TRL AND NE 65TH ST,0,1,,2,3554345,Dry,00,NOT ENOUGH INFORMATION / NOT APPLICABLE,12195008,287215,0,2,Injury Collision,,45,Bicycle,Matched,N,1,Clear or Partly Cloudy,0,"(47.67573704200004, -122.26656513399996)",0,524265,N,12-224577
105582,138962,138962,Intersection,Cycles,0,,,0,,02/29/2012 12:00:00 AM +0000,2/29/2012 7:51:00 AM,1,29082,At Intersection (intersection related),Daylight,FAIRVIEW AVE E AND FAIRVIEW AVE N,0,1,Y,2,3504054,Wet,18,"MOTOR VEHICLE STRUCK PEDALCYCLIST, FRONT END AT ANGLE",12060004,10336,1,2b,Serious Injury Collision,,45,Bicycle,Matched,N,1,Overcast,0,"(47.63190599600006, -122.32688562599998)",25382,0,N,12-61459
105608,139107,139107,Intersection,Cycles,0,,,0,,06/26/2012 12:00:00 AM +0000,6/26/2012 10:55:00 AM,0,37349,At Intersection (intersection related),Daylight,WALLINGFORD AVE N AND N 90TH ST,0,1,Y,2,3503565,Wet,18,"MOTOR VEHICLE STRUCK PEDALCYCLIST, FRONT END AT ANGLE",12178006,13391,0,1,Property Damage Only Collision,,45,Bicycle,Matched,N,1,Raining,0,"(47.69413989800006, -122.33647986199998)",27653,0,N,12-200980
105611,139105,139105,Block,Cycles,330.5,,,0,,06/22/2012 12:00:00 AM +0000,6/22/2012 6:15:00 PM,0,,Mid-Block (but intersection related),Daylight,ELLIOTT AVE BETWEEN BAY ST AND W DENNY WAY,0,1,Y,2,3599183,Wet,23,"MOTOR VEHICLE STRUCK PEDALCYCLIST, LEFT SIDE SIDESWIPE",12174012,10210,0,1,Property Damage Only Collision,,45,Bicycle,Matched,N,1,Raining,0,"(47.61795105200008, -122.35756633599999)",19064,0,N,12-196432
105623,139672,139672,Intersection,Cycles,0, ,,0,,08/09/2012 12:00:00 AM +0000,8/9/2012 3:10:00 PM,1,25789,At Intersection (intersection related),Daylight,ROOSEVELT WAY NE AND NE 50TH ST,0,1,,3,3596943,Dry,24,MOTOR VEHCILE STRUCK PEDESTRIAN,12222018,12601,0,2,Injury Collision,,45,Bicycle,Matched,N,1,Clear or Partly Cloudy,0,"(47.664937344000066, -122.31740379099995)",0,523566,N,12-262579
105696,138684,138684,Intersection,Cycles,0,,,0,Y,11/29/2012 12:00:00 AM +0000,11/29/2012 9:19:00 PM,1,31285,At Intersection (intersection related),Dark - Street Lights On,15TH AVE S AND S COLLEGE ST,0,1,,2,3502333,Wet,18,"MOTOR VEHICLE STRUCK PEDALCYCLIST, FRONT END AT ANGLE",12334006,2141,0,2,Injury Collision,Y,45,Bicycle,Matched,N,1,Overcast,0,"(47.582981946000075, -122.31339442999996)",14060,0,N,12-408471
105718,140531,140531,Intersection,Cycles,0,,,0,,01/31/2012 12:00:00 AM +0000,1/31/2012 8:45:00 AM,1,26023,At Intersection (intersection related),Daylight,15TH AVE NE AND NE RAVENNA WB N BV,0,1,,2,3554545,Dry,51,PEDALCYCLIST STRUCK MOTOR VEHICLE FRONT END AT ANGLE,12031002,2043,0,2,Injury Collision,,45,Bicycle,Matched,N,1,Overcast,0,"(47.671205437000026, -122.31189876099995)",29018,0,N,12-29636
105761,139970,139970,Block,Cycles,213,,,0,,09/29/2012 12:00:00 AM +0000,9/29/2012 1:27:00 PM,1,,Driveway Junction,Daylight,2ND AVE BETWEEN UNIVERSITY ST AND UNION ST,0,1,,2,3558914,Dry,18,"MOTOR VEHICLE STRUCK PEDALCYCLIST, FRONT END AT ANGLE",12273030,2756,0,2,Injury Collision,,45,Bicycle,Matched,N,1,Clear or Partly Cloudy,0,"(47.60779445000003, -122.33754000999994)",12162,0,N,12-332198
105800,140397,140397,Intersection,Cycles,0,,,0,,02/22/2012 12:00:00 AM +0000,2/22/2012 7:50:00 AM,1,26848,At Intersection (intersection related),Daylight,STONE WAY N AND N 40TH ST,0,1,,2,3596876,Wet,18,"MOTOR VEHICLE STRUCK PEDALCYCLIST, FRONT END AT ANGLE",12053006,12961,0,2,Injury Collision,,45,Bicycle,Matched,N,1,Clear or Partly Cloudy,0,"(47.65538287600003, -122.34243924099997)",6322,0,N,12-53777
105865,138975,138975,Intersection,Cycles,0,,,0,,09/19/2012 12:00:00 AM +0000,9/19/2012 12:09:00 PM,1,30355,At Intersection (intersection related),Daylight,2ND AVE AND CHERRY ST,0,1,Y,2,3599218,Dry,18,"MOTOR VEHICLE STRUCK PEDALCYCLIST, FRONT END AT ANGLE",12263008,2750,0,2,Injury Collision,,45,Bicycle,Matched,N,1,Clear or Partly Cloudy,0,"(47.60301939300007, -122.33317224599995)",12035,0,N,12-317954
105880,139690,139690,Block,Cycles,336,,,0,,08/12/2012 12:00:00 AM +0000,8/12/2012 3:36:00 PM,1,,Mid-Block (not related to intersection),Daylight,10TH AVE E BETWEEN E ALOHA ST AND E PROSPECT ST,0,1,,2,3566042,Dry,56,PEDALCYCLIST STRUCK MOTOR VEHICLE LEFT SIDE SIDESWIPE,12225022,1291,0,2,Injury Collision,,45,Bicycle,Matched,N,1,Clear or Partly Cloudy,0,"(47.627747869000075, -122.32021599599994)",6171,0,N,12 266723
105885,139401,139401,Block,Cycles,127.5,,,0,,06/07/2012 12:00:00 AM +0000,6/7/2012 9:03:00 AM,1,,Driveway Junction,Daylight,DEXTER AVE N BETWEEN GALER ST AND GARFIELD S ST,0,1,Y,2,3549476,Wet,51,PEDALCYCLIST STRUCK MOTOR VEHICLE FRONT END AT ANGLE,12159016,10084,0,2,Injury Collision,,45,Bicycle,Matched,N,1,Raining,0,"(47.632648234000044, -122.342281878)",12954,0,N,2012-176934
105888,139686,139686,Block,Cycles,1483.5, ,,0,,03/19/2012 12:00:00 AM +0000,3/19/2012 2:18:00 PM,1,,Driveway Junction,Daylight,MONTLAKE BLVD NE BETWEEN NE PACIFIC PL AND 25TH AVE NE,0,1,,2,3544749,Dry,51,PEDALCYCLIST STRUCK MOTOR VEHICLE FRONT END AT ANGLE,12079032,11911,0,2,Injury Collision,,45,Bicycle,Matched,N,1,Clear or Partly Cloudy,0,"(47.65499388400008, -122.30232943699997)",0,630868,N,12-83646
105895,139547,139547,Intersection,Cycles,0,,,0,,05/15/2012 12:00:00 AM +0000,5/15/2012 5:25:00 PM,1,28753,At Intersection (intersection related),Daylight,DEXTER AVE N AND LEE ST,0,1,Y,2,3599011,Dry,18,"MOTOR VEHICLE STRUCK PEDALCYCLIST, FRONT END AT ANGLE",12136020,10083,0,2,Injury Collision,,45,Bicycle,Matched,N,1,Clear or Partly Cloudy,0,"(47.631410781000056, -122.34228891699996)",12941,0,N,12-149901
105899,139261,139261,Block,Cycles,309.5,,,0,,08/02/2012 12:00:00 AM +0000,8/2/2012 5:51:00 PM,0,,Driveway Junction,Daylight,NW 46TH ST BETWEEN 14TH AVE NW AND 15TH NB AVE NW,0,1,,2,3613035,Dry,51,PEDALCYCLIST STRUCK MOTOR VEHICLE FRONT END AT ANGLE,12215023,18348,0,1,Property Damage Only Collision,,45,Bicycle,Matched,N,1,Clear or Partly Cloudy,0,"(47.66220360600005, -122.37484952499995)",0,0,N,12-252772
105908,139540,139540,Block,Cycles,154,,,0,,10/21/2012 12:00:00 AM +0000,10/21/2012 9:18:00 PM,1,,Mid-Block (not related to intersection),Dark - Street Lights On,FREMONT AVE N BETWEEN N 34TH ST AND FREMONT PL N,0,1,,3,3508205,Wet,11,"MOTOR VEHICLE STRUCK MOTOR VEHICLE, FRONT END AT ANGLE",12295015,10485,0,2,Injury Collision,,45,Bicycle,Matched,N,1,Overcast,0,"(47.650009011000066, -122.34979103399996)",8240,0,N,12-361383
105915,139978,139978,Intersection,Cycles,0,,,0,,09/05/2012 12:00:00 AM +0000,9/5/2012 7:09:00 AM,1,34562,At Intersection (intersection related),Daylight,M L KING JR WR WAY S AND S OTHELLO ST,0,1,,2,3467552,Dry,18,"MOTOR VEHICLE STRUCK PEDALCYCLIST, FRONT END AT ANGLE",12249009,11562,0,2,Injury Collision,,45,Bicycle,Matched,N,1,Clear or Partly Cloudy,0,"(47.53704230400007, -122.28129319099997)",20888,0,N,2012-298168
105919,140263,140263,Intersection,Cycles,0, ,,0,,09/28/2012 12:00:00 AM +0000,9/28/2012 5:46:00 PM,1,287171,At Intersection (intersection related),Daylight,BURKE GILMAN TRL AND NE 65TH ST,0,1,,2,3613116,Dry,51,PEDALCYCLIST STRUCK MOTOR VEHICLE FRONT END AT ANGLE,12272017,287215,0,2,Injury Collision,,45,Bicycle,Matched,N,1,Clear or Partly Cloudy,0,"(47.67573704200004, -122.26656513399996)",0,524265,N,12-330911
105948,140842,140842,Intersection,Cycles,0,,,0,,11/15/2012 12:00:00 AM +0000,11/15/2012 7:33:00 AM,1,25933,At Intersection (intersection related),Daylight,28TH AVE NE AND NE 55TH ST,0,1,Y,2,3554093,Dry,18,"MOTOR VEHICLE STRUCK PEDALCYCLIST, FRONT END AT ANGLE",12320006,4107,0,2,Injury Collision,,45,Bicycle,Matched,N,1,Clear or Partly Cloudy,0,"(47.66852139000008, -122.29725647299995)",33935,0,N,12-391624
105952,140692,140692,Intersection,Cycles,0,,,0,,07/03/2012 12:00:00 AM +0000,7/3/2012 7:52:00 PM,1,31296,At Intersection (intersection related),Daylight,15TH AVE S AND BEACON AVE S,0,1,Y,2,3608360,Dry,51,PEDALCYCLIST STRUCK MOTOR VEHICLE FRONT END AT ANGLE,12185024,2143,0,2,Injury Collision,,45,Bicycle,Matched,N,1,Clear or Partly Cloudy,0,"(47.580593220000026, -122.31341202099998)",15866,0,N,2012-211049
105974,140541,140541,Intersection,Cycles,0, ,,0,,04/23/2012 12:00:00 AM +0000,4/23/2012 4:46:00 PM,1,26629,At Intersection (intersection related),Daylight,8TH AVE NW AND NW 43RD N ST,0,1,Y,3,3504513,Dry,18,"MOTOR VEHICLE STRUCK PEDALCYCLIST, FRONT END AT ANGLE",12114015,8370,0,2,Injury Collision,,45,Bicycle,Matched,N,1,Clear or Partly Cloudy,0,"(47.65926930000006, -122.36612505699998)",0,523915,N,12-124203
105981,139129,139129,Block,Cycles,385,,,0,,08/25/2012 12:00:00 AM +0000,8/25/2012 4:29:00 PM,1,,Mid-Block (not related to intersection),Daylight,UNIVERSITY WAY NE BETWEEN NE 52ND ST AND NE 55TH ST,0,1,,2,3504573,Dry,18,"MOTOR VEHICLE STRUCK PEDALCYCLIST, FRONT END AT ANGLE",12238032,13225,0,2,Injury Collision,,45,Bicycle,Matched,N,1,Clear or Partly Cloudy,0,"(47.66749016400007, -122.31303423799994)",5597,0,N,12-284506
105998,139134,139134,Intersection,Cycles,0,,,0,,07/19/2012 12:00:00 AM +0000,7/19/2012 7:30:00 AM,1,37935,At Intersection (intersection related),Daylight,35TH AVE NE AND NE 89TH ST,0,1,Y,2,3554346,Dry,18,"MOTOR VEHICLE STRUCK PEDALCYCLIST, FRONT END AT ANGLE",12201004,5373,0,2,Injury Collision,,45,Bicycle,Matched,N,1,Clear or Partly Cloudy,0,"(47.69309733100005, -122.29064037999996)",4274,0,N,12-233180
106033,139695,139695,Intersection,Cycles,0,,,0,,12/10/2012 12:00:00 AM +0000,12/10/2012 5:01:00 PM,0,30482,At Intersection (intersection related),Dark - Street Lights On,2ND AVE AND JAMES ST,0,1,Y,2,3581864,Dry,18,"MOTOR VEHICLE STRUCK PEDALCYCLIST, FRONT END AT ANGLE",12345023,2749,0,1,Property Damage Only Collision,,45,Bicycle,Matched,N,1,Overcast,0,"(47.60230560100007, -122.33251943999994)",12029,0,N,12-421897
106042,139552,139552,Intersection,Cycles,0,,,0,,05/22/2012 12:00:00 AM +0000,5/22/2012 1:52:00 PM,1,30418,At Intersection (intersection related),Daylight,12TH AVE S AND BOREN AVE S,0,1,Y,3,3552199,Wet,18,"MOTOR VEHICLE STRUCK PEDALCYCLIST, FRONT END AT ANGLE",12143003,1652,0,2,Injury Collision,,45,Bicycle,Matched,N,1,Raining,0,"(47.60085285900004, -122.31696510399996)",34834,0,N,12-157785
106075,140416,140416,Intersection,Cycles,0, ,,0,,06/24/2012 12:00:00 AM +0000,6/24/2012 10:32:00 AM,1,36017,At Intersection (intersection related),Daylight,NE 137TH ST AND LAKE CITY WAY NE,0,1,Y,2,3551505,Dry,18,"MOTOR VEHICLE STRUCK PEDALCYCLIST, FRONT END AT ANGLE",12176005,11188,0,2,Injury Collision,,45,Bicycle,Matched,N,1,Clear or Partly Cloudy,0,"(47.72828827300003, -122.29225017799996)",0,524439,N,2012-198553
106090,140699,140699,Intersection,Cycles,0,,,0,,07/24/2012 12:00:00 AM +0000,7/24/2012 2:53:00 PM,1,24431,At Intersection (intersection related),Daylight,ROOSEVELT WAY NE AND NE 75TH ST,0,1,Y,2,3504260,Dry,51,PEDALCYCLIST STRUCK MOTOR VEHICLE FRONT END AT ANGLE,12206021,12626,0,2,Injury Collision,,45,Bicycle,Matched,N,1,Clear or Partly Cloudy,0,"(47.68311118200006, -122.317489508)",16656,0,N,2012 239794
106098,140696,140696,Intersection,Cycles,0,,,0,,08/07/2012 12:00:00 AM +0000,8/7/2012 10:15:00 PM,1,25978,,Dark - Street Lights On,15TH AVE NE AND NE 62ND ST,0,1,Y,2,3553918,Dry,00,NOT ENOUGH INFORMATION / NOT APPLICABLE,12220012,2046,0,2,Injury Collision,,45,Bicycle,Matched,N,1,Clear or Partly Cloudy,0,"(47.673978427000065, -122.31191775499997)",29051,0,N,12 260360
106126,138707,138707,Block,Cycles,132,,,0,,04/06/2012 12:00:00 AM +0000,4/6/2012 4:27:00 PM,1,,Mid-Block (not related to intersection),Daylight,GREENWOOD AVE N BETWEEN N 83RD ST AND N 84TH ST,0,1,,2,3596953,Dry,56,PEDALCYCLIST STRUCK MOTOR VEHICLE LEFT SIDE SIDESWIPE,12097014,10750,0,2,Injury Collision,,45,Bicycle,Matched,N,1,Clear or Partly Cloudy,0,"(47.68947398100005, -122.35530123599995)",4540,0,N,12-104462
106147,139562,139562,Intersection,Cycles,0,,,0,,10/24/2012 12:00:00 AM +0000,10/24/2012 6:39:00 PM,1,29878,At Intersection (intersection related),Dark - Street Lights On,BOREN AVE AND PIKE ST,0,1,,2,3377822,Wet,51,PEDALCYCLIST STRUCK MOTOR VEHICLE FRONT END AT ANGLE,12298017,9319,0,2,Injury Collision,,45,Bicycle,Matched,N,1,Raining,0,"(47.613465820000044, -122.32891310199994)",31090,0,N,12-365034
106148,139561,139561,Block,Cycles,311.5,,,0,,10/24/2012 12:00:00 AM +0000,10/24/2012 1:05:00 PM,1,,Mid-Block (not related to intersection),Daylight,NW LEARY WAY BETWEEN 14TH AVE NW AND 15TH NB AVE NW,0,1,Y,2,3507954,Dry,21,"MOTOR VEHICLE STRUCK PEDALCYCLIST, REAR END",12298014,19210,0,2,Injury Collision,,45,Bicycle,Matched,N,1,Clear or Partly Cloudy,0,"(47.66366305500003, -122.37485660399994)",17315,0,N,12-364625
106176,139274,139274,Intersection,Cycles,0, ,,0,,12/29/2012 12:00:00 AM +0000,12/29/2012 11:28:00 AM,1,25949,At Intersection (intersection related),Daylight,25TH AVE NE AND NE BLAKELEY ST,0,1,,2,3503251,Wet,31,DRIVERLESS VEHICLE STRUCK MOTOR VEHICLE FRONT END AT ANGLE,12364002,3723,0,2,Injury Collision,,45,Bicycle,Matched,N,1,Raining,0,"(47.66626671800003, -122.30060497999995)",0,521604,N,2012-443186
106207,140140,140140,Intersection,Cycles,0,,,0,Y,10/12/2012 12:00:00 AM +0000,10/12/2012 8:00:00 AM,1,24268,At Intersection (intersection related),Daylight,GREENWOOD AVE N AND N 83RD ST,0,1,Y,2,3504620,Wet,18,"MOTOR VEHICLE STRUCK PEDALCYCLIST, FRONT END AT ANGLE",12286005,10750,0,2,Injury Collision,,45,Bicycle,Matched,N,1,Overcast,0,"(47.68911342700005, -122.35530100699998)",4533,0,N,12-349425
106299,139143,139143,Block,Cycles,306,,,0,,09/21/2012 12:00:00 AM +0000,9/21/2012 7:26:00 AM,1,,Driveway Junction,Daylight,S COLUMBIAN WAY BETWEEN 16TH AVE S AND VETRN HOSPITAL DR,0,1,,3,3545875,Dry,54,PEDALCYCLIST STRUCK MOTOR VEHICLE REAR END,12265021,19695,0,2,Injury Collision,,45,Bicycle,Matched,N,1,Clear or Partly Cloudy,0,"(47.56262186200007, -122.31191037199994)",15819,0,N,12-320460
106359,140575,140575,Intersection,Cycles,0,,,0,,11/15/2012 12:00:00 AM +0000,11/15/2012 6:17:00 AM,1,37814,At Intersection (intersection related),Dark - Street Lights On,45TH AVE NE AND NE 95TH ST,0,1,,2,3597011,Dry,18,"MOTOR VEHICLE STRUCK PEDALCYCLIST, FRONT END AT ANGLE",12320007,6814,0,2,Injury Collision,,45,Bicycle,Matched,N,1,Clear or Partly Cloudy,0,"(47.697377578000044, -122.28001774799998)",28479,0,N,2012-391572
106380,140426,140426,Intersection,Cycles,0,,,0,Y,08/04/2012 12:00:00 AM +0000,8/4/2012 1:28:00 AM,1,29703,At Intersection (intersection related),Dark - Street Lights On,1ST AVE AND BLANCHARD ST,0,1,,3,3465785,Dry,51,PEDALCYCLIST STRUCK MOTOR VEHICLE FRONT END AT ANGLE,12217035,1014,1,2b,Serious Injury Collision,Y,45,Bicycle,Matched,Y,1,Clear or Partly Cloudy,0,"(47.61260645700003, -122.34521327099998)",13227,0,N,12-254923
106444,140014,140014,Intersection,Cycles,0, ,,0,,07/30/2012 12:00:00 AM +0000,7/30/2012 3:24:00 PM,1,28437,At Intersection (intersection related),Daylight,BOYER AVE E AND E LYNN ST,0,1,,2,3331217,Dry,51,PEDALCYCLIST STRUCK MOTOR VEHICLE FRONT END AT ANGLE,12212004,2245,0,2,Injury Collision,,45,Bicycle,Matched,N,1,Clear or Partly Cloudy,0,"(47.63956180000008, -122.31077139499996)",6033,0,N,12-248324
106474,139435,139435,Block,Cycles,332,,,0,Y,09/24/2012 12:00:00 AM +0000,9/24/2012 8:57:00 PM,1,,Driveway Junction,Dark - Street Lights On,N 135TH ST BETWEEN LINDEN AVE N AND AURORA AVE N,0,1,,5,3507802,Dry,51,PEDALCYCLIST STRUCK MOTOR VEHICLE FRONT END AT ANGLE,12268018,15182,0,2,Injury Collision,,45,Bicycle,Matched,N,1,Clear or Partly Cloudy,0,"(47.72686059600005, -122.34636730699998)",0,0,N,12-325484
106507,140157,140157,Block,Cycles,334,,,0,,06/13/2012 12:00:00 AM +0000,6/13/2012 6:22:00 PM,1,,Mid-Block (not related to intersection),Daylight,S CLOVERDALE ST BETWEEN 10TH AVE S AND 12TH AVE S,0,1,,2,3547462,Dry,53,PEDALCYCLIST STRUCK MOTOR VEHICLE LEFT SIDE AT ANGLE,12165019,19650,0,2,Injury Collision,,45,Bicycle,Matched,N,1,Clear or Partly Cloudy,0,"(47.526453024000034, -122.31893494799999)",29049,0,N,2012-184874
106528,141312,141312,Intersection,Cycles,0,,,0,,08/28/2012 12:00:00 AM +0000,8/28/2012 2:55:00 PM,1,32935,At Intersection (intersection related),Daylight,26TH AVE SW AND SW HUDSON ST,0,1,,2,3547048,Dry,51,PEDALCYCLIST STRUCK MOTOR VEHICLE FRONT END AT ANGLE,12241016,3946,0,2,Injury Collision,,45,Bicycle,Matched,N,1,Clear or Partly Cloudy,0,"(47.55748162200007, -122.36553409599998)",0,0,N,2012-288401
106545,143013,143013,Block,Cycles,169.5, ,,0,,02/07/2013 12:00:00 AM +0000,2/7/2013 4:15:00 PM,1,,Driveway Junction,Daylight,FAUNTLEROY WAY SW BETWEEN 41ST AVE SW AND 42ND AVE SW,0,1,,2,3505006,Dry,18,"MOTOR VEHICLE STRUCK PEDALCYCLIST, FRONT END AT ANGLE",13038007,10398,0,2,Injury Collision,,45,Bicycle,Matched,N,1,Clear or Partly Cloudy,0,"(47.545234590000064, -122.38508198499994)",2881,0,N,13-43689
106547,143012,143012,Intersection,Cycles,0, ,,0,,02/19/2013 12:00:00 AM +0000,2/19/2013 10:14:00 AM,1,29947,At Intersection (intersection related),Daylight,6TH AVE AND MADISON ST,0,1,,3,3549436,Dry,51,PEDALCYCLIST STRUCK MOTOR VEHICLE FRONT END AT ANGLE,13050021,7877,0,2,Injury Collision,,45,Bicycle,Matched,N,1,Clear or Partly Cloudy,0,"(47.60701683800005, -122.33068899799997)",22702,0,N,13-57477
106578,141732,141732,Intersection,Cycles,0,,,0,,05/18/2012 12:00:00 AM +0000,5/18/2012 9:31:00 AM,1,30487,At Intersection (intersection related),Daylight,3RD AVE AND YESLER WAY,0,1,,2,2807861,Dry,54,PEDALCYCLIST STRUCK MOTOR VEHICLE REAR END,12139016,4373,0,2,Injury Collision,,45,Bicycle,Matched,N,1,Clear or Partly Cloudy,0,"(47.601716156000066, -122.33026479299997)",35959,0,N,12-152945
106717,141315,141315,Block,Cycles,165,,,0,,08/21/2012 12:00:00 AM +0000,8/21/2012 6:58:00 PM,1,,Driveway Junction,Daylight,E MARION ST BETWEEN 12TH AVE AND 13TH AVE,0,1,,2,3593726,Dry,54,PEDALCYCLIST STRUCK MOTOR VEHICLE REAR END,12234028,14427,0,2,Injury Collision,,45,Bicycle,Matched,N,1,Clear or Partly Cloudy,0,"(47.61039229800008, -122.31611229499998)",0,0,N,12-279208
106743,142314,142314,Intersection,Cycles,0, ,,0,,01/12/2012 12:00:00 AM +0000,1/12/2012 3:32:00 PM,1,29589,At Intersection (intersection related),Daylight,4TH AVE AND PIKE ST,1,1,Y,2,3546136,Dry,64,PEDALCYCLIST STRUCK PEDESTRIAN,12012018,6131,0,2,Injury Collision,,45,Bicycle,Matched,N,0,Clear or Partly Cloudy,0,"(47.61021404200005, -122.33668342799996)",23694,521863,N,2012-12058
106847,141754,141754,Block,Cycles,252,,,0,,07/28/2012 12:00:00 AM +0000,7/28/2012 6:02:00 PM,1,,Mid-Block (not related to intersection),Daylight,FREMONT AVE N BETWEEN N 36TH ST AND N 38TH ST,0,1,,2,3613426,Dry,54,PEDALCYCLIST STRUCK MOTOR VEHICLE REAR END,12210014,10487,0,2,Injury Collision,Y,45,Bicycle,Matched,N,1,Clear or Partly Cloudy,0,"(47.652037807000056, -122.34992726899998)",8360,0,N,12-245866
106848,141331,141331,Block,Cycles,135,,,0,,11/19/2012 12:00:00 AM +0000,11/19/2012 6:31:00 PM,1,,Mid-Block (not related to intersection),Dark - Street Lights On,BELLEVUE AVE E BETWEEN E DENNY WAY AND E LORETTA PL,0,1,,2,3476407,Wet,51,PEDALCYCLIST STRUCK MOTOR VEHICLE FRONT END AT ANGLE,12324016,9217,0,2,Injury Collision,,45,Bicycle,Matched,N,1,Raining,0,"(47.61886143000004, -122.32672701299998)",0,0,N,2012-397046
106859,141750,141750,Block,Cycles,149,,,0,,07/21/2012 12:00:00 AM +0000,7/21/2012 9:06:00 AM,1,,Mid-Block (not related to intersection),Daylight,NW MARKET ST BETWEEN BALLARD AVE NW AND 24TH AVE NW,0,1,Y,2,3596992,Dry,21,"MOTOR VEHICLE STRUCK PEDALCYCLIST, REAR END",12203012,19235,0,2,Injury Collision,,45,Bicycle,Matched,N,1,Clear or Partly Cloudy,0,"(47.668680546000076, -122.38697024799995)",25851,0,N,12-235568
106878,142180,142180,Block,Cycles,542.5,,,0,,07/08/2012 12:00:00 AM +0000,7/8/2012 9:36:00 AM,1,,Mid-Block (not related to intersection),Daylight,RAINIER AVE S BETWEEN S BAYVIEW ST AND S MCCLELLAN ST,0,1,,4,3548349,Dry,00,NOT ENOUGH INFORMATION / NOT APPLICABLE,12190014,12364,0,2,Injury Collision,,45,Bicycle,Matched,N,1,Clear or Partly Cloudy,0,"(47.57967346300006, -122.29915965999999)",20062,0,N,12-217565
106889,142038,142038,Intersection,Cycles,0,,,0,,04/28/2012 12:00:00 AM +0000,4/28/2012 12:32:00 PM,1,34876,At Intersection (intersection related),Daylight,25TH AVE SW AND SW BARTON ST,0,1,Y,2,3546894,Dry,51,PEDALCYCLIST STRUCK MOTOR VEHICLE FRONT END AT ANGLE,12119005,3813,0,2,Injury Collision,,45,Bicycle,Matched,N,1,Clear or Partly Cloudy,0,"(47.52102329200005, -122.36454783799996)",59260,0,N,2012-129789
106940,141343,141343,Intersection,Cycles,0,,,0,,09/08/2012 12:00:00 AM +0000,9/8/2012 2:48:00 PM,1,30542,At Intersection (intersection related),Daylight,6TH AVE S AND S DEARBORN ST,0,1,Y,3,3599152,Dry,18,"MOTOR VEHICLE STRUCK PEDALCYCLIST, FRONT END AT ANGLE",12252006,7987,0,2,Injury Collision,,45,Bicycle,Matched,N,1,Clear or Partly Cloudy,0,"(47.59583727300003, -122.32637379799996)",5806,0,N,12-302881
106996,141902,141902,Intersection,Cycles,0, ,,0,,01/10/2012 12:00:00 AM +0000,1/10/2012 12:00:00 PM,1,27182,At Intersection (intersection related),Daylight,2ND AVE NE AND NE 45TH ST,0,1,Y,2,3564535,Dry,18,"MOTOR VEHICLE STRUCK PEDALCYCLIST, FRONT END AT ANGLE",12010002,2803,0,2,Injury Collision,,45,Bicycle,Matched,N,1,Clear or Partly Cloudy,0,"(47.661354747000075, -122.32725022499994)",6532,0,N,Dec-37