OBJECTID,INCKEY,COLDETKEY,ADDRTYPE,COLLISIONTYPE,DISTANCE,EXCEPTRSNCODE,EXCEPTRSNDESC,FATALITIES,INATTENTIONIND,INCDATE,INCDTTM,INJURIES,INTKEY,JUNCTIONTYPE,LIGHTCOND,LOCATION,PEDCOUNT,PEDCYLCOUNT,PEDROWNOTGRNT,PERSONCOUNT,REPORTNO,ROADCOND,SDOT_COLCODE,SDOT_COLDESC,SDOTCOLNUM,SEGKEY,SERIOUSINJURIES,SEVERITYCODE,SEVERITYDESC,SPEEDING,ST_COLCODE,ST_COLDESC,STATUS,UNDERINFL,VEHCOUNT,WEATHER,WIDTH,Shape,SEGLANEKEY,CROSSWALKKEY,HITPARKEDCAR,SPDCASENO
107042,142476,142476,Block,Cycles,333.5,,,0,,08/22/2012 12:00:00 AM +0000,8/22/2012 5:55:00 PM,1,,Mid-Block (not related to intersection),Daylight,CALIFORNIA AVE SW BETWEEN ERSKINE WAY SW AND SW HUDSON ST,0,1,,4,3553209,Dry,56,PEDALCYCLIST STRUCK MOTOR VEHICLE LEFT SIDE SIDESWIPE,12235011,9555,0,2,Injury Collision,,45,Bicycle,Matched,N,1,Clear or Partly Cloudy,0,"(47.55841253300008, -122.38685637199995)",2708,0,N,12-280475
107087,141199,141199,Intersection,Cycles,0,,,0,,02/07/2012 12:00:00 AM +0000,2/7/2012 2:12:00 PM,1,28379,At Intersection (intersection related),Daylight,24TH AVE E AND INTERLAKEN PL E,0,1,,1,3559449,Dry,69,PEDALCYCLIST OVERTURNED IN ROAD,12038004,3547,0,2,Injury Collision,,45,Bicycle,Matched,N,0,Clear or Partly Cloudy,0,"(47.63359430400004, -122.30159187399994)",22474,0,N,12-37802
107125,142193,142193,Intersection,Cycles,0,,,0,,02/28/2012 12:00:00 AM +0000,2/28/2012 5:12:00 PM,1,29872,At Intersection (intersection related),Dusk,BOREN AVE AND PINE ST,0,1,,2,3504031,Wet,51,PEDALCYCLIST STRUCK MOTOR VEHICLE FRONT END AT ANGLE,12059003,9320,1,2b,Serious Injury Collision,,45,Bicycle,Matched,N,1,Raining,0,"(47.61445724200007, -122.32982243299995)",10318,0,N,2012-60842
107228,142902,142902,Intersection,Cycles,0, ,,0,,03/04/2013 12:00:00 AM +0000,3/4/2013 4:05:00 PM,1,27043,At Intersection (intersection related),Daylight,TROLL AVE N AND N 34TH ST,0,1,Y,2,3613220,Dry,51,PEDALCYCLIST STRUCK MOTOR VEHICLE FRONT END AT ANGLE,13063017,9002,0,2,Injury Collision,,45,Bicycle,Matched,N,1,Clear or Partly Cloudy,0,"(47.64924012200004, -122.34741874299999)",8816,0,N,2013 74332
107250,141356,141356,Intersection,Cycles,0,,,0,,09/06/2012 12:00:00 AM +0000,9/6/2012 8:41:00 AM,1,28872,At Intersection (intersection related),Daylight,5TH AVE N AND ALOHA ST,0,1,Y,2,2805047,Dry,18,"MOTOR VEHICLE STRUCK PEDALCYCLIST, FRONT END AT ANGLE",12250006,7267,0,2,Injury Collision,,45,Bicycle,Matched,N,1,Clear or Partly Cloudy,0,"(47.62715946700007, -122.34754993099995)",0,0,N,12-299639
107251,141779,141779,Intersection,Cycles,0,,,0,,09/07/2012 12:00:00 AM +0000,9/7/2012 6:01:00 AM,1,30752,At Intersection (intersection related),Dark - Street Lights On,18TH AVE S AND S JACKSON ST,0,1,Y,2,3567684,Dry,18,"MOTOR VEHICLE STRUCK PEDALCYCLIST, FRONT END AT ANGLE",12251004,2592,0,2,Injury Collision,,45,Bicycle,Matched,N,1,Clear or Partly Cloudy,0,"(47.599238971000034, -122.308967844)",11040,0,N,12-300843
107350,142910,142910,Intersection,Cycles,0, ,,0,,01/16/2013 12:00:00 AM +0000,1/16/2013 2:53:00 PM,2,29948,At Intersection (intersection related),Daylight,5TH AVE AND MADISON ST,0,1,,3,3582009,Dry,18,"MOTOR VEHICLE STRUCK PEDALCYCLIST, FRONT END AT ANGLE",13016003,7230,1,2b,Serious Injury Collision,,45,Bicycle,Matched,N,2,Clear or Partly Cloudy,0,"(47.606552746000034, -122.33179812299994)",22694,0,N,13-18147
107402,141368,141368,Intersection,Cycles,0,,,0,,10/14/2012 12:00:00 AM +0000,10/14/2012 5:34:00 PM,0,25758,At Intersection (intersection related),Daylight,BROOKLYN AVE NE AND NE RAVENNA WB BV,0,1,Y,2,3508057,Wet,18,"MOTOR VEHICLE STRUCK PEDALCYCLIST, FRONT END AT ANGLE",12288019,9489,0,1,Property Damage Only Collision,,45,Bicycle,Matched,N,1,Raining,0,"(47.67145247600007, -122.31417406099996)",28930,0,N,12 352601
107486,140936,140936,Intersection,Cycles,0,,,0,,02/03/2012 12:00:00 AM +0000,2/3/2012 7:11:00 PM,1,29046,At Intersection (intersection related),Dark - Street Lights On,BROADWAY E AND E THOMAS ST,0,1,Y,2,3551837,Dry,54,PEDALCYCLIST STRUCK MOTOR VEHICLE REAR END,12034007,9453,0,2,Injury Collision,,45,Bicycle,Matched,Y,1,Clear or Partly Cloudy,0,"(47.62107587100007, -122.32089166899999)",6806,0,N,2012-33631
107547,141802,141802,Block,Cycles,199.5,,,0,,07/31/2012 12:00:00 AM +0000,7/31/2012 2:32:00 PM,1,,Mid-Block (not related to intersection),Daylight,BOYER AVE E BETWEEN 15TH AVE E AND 14TH AVE E,0,1,,2,3566041,Dry,51,PEDALCYCLIST STRUCK MOTOR VEHICLE FRONT END AT ANGLE,12213032,9361,0,2,Injury Collision,,45,Bicycle,Matched,N,1,Clear or Partly Cloudy,0,"(47.64066638700007, -122.31293803999995)",6029,0,N,12-249564
107682,142517,142517,Block,Cycles,153,,,0,,09/02/2012 12:00:00 AM +0000,9/2/2012 7:00:00 PM,1,,Mid-Block (not related to intersection),Daylight,6TH AVE S BETWEEN S LANE ST AND S DEARBORN ST,0,1,Y,2,3560237,Dry,21,"MOTOR VEHICLE STRUCK PEDALCYCLIST, REAR END",12246005,7986,0,2,Injury Collision,,45,Bicycle,Matched,N,1,Clear or Partly Cloudy,0,"(47.596258136000074, -122.32637212399999)",5797,0,N,2012-295201
107721,142803,142803,Block,Cycles,329.5, ,,0,,01/07/2013 12:00:00 AM +0000,1/7/2013 6:08:00 PM,1,,Mid-Block (not related to intersection),Dark - Street Lights On,10TH AVE E BETWEEN E LYNN ST AND E MILLER ST,0,1,,2,3476385,Wet,54,PEDALCYCLIST STRUCK MOTOR VEHICLE REAR END,13007022,1300,0,2,Injury Collision,,45,Bicycle,Matched,N,1,Raining,0,"(47.64044969200006, -122.32006083999994)",6096,0,N,13-9119
107752,141237,141237,Intersection,Cycles,0,,,0,,07/24/2012 12:00:00 AM +0000,7/24/2012 10:15:00 PM,1,26848,At Intersection (intersection related),Dark - Street Lights On,STONE WAY N AND N 40TH ST,0,1,,2,3466767,Dry,18,"MOTOR VEHICLE STRUCK PEDALCYCLIST, FRONT END AT ANGLE",12206001,12961,0,2,Injury Collision,,45,Bicycle,Matched,N,1,Clear or Partly Cloudy,0,"(47.65538287600003, -122.34243924099997)",6322,0,N,2012 240369
107757,141096,141096,Block,Cycles,359.5,,,0,Y,06/15/2012 12:00:00 AM +0000,6/15/2012 8:45:00 AM,1,,Driveway Junction,Daylight,WESTLAKE AVE N BETWEEN HALLADAY ST AND NEWELL ST,0,1,,2,3375400,Dry,18,"MOTOR VEHICLE STRUCK PEDALCYCLIST, FRONT END AT ANGLE",12167004,13547,0,2,Injury Collision,,45,Bicycle,Matched,N,1,Clear or Partly Cloudy,0,"(47.64312264800003, -122.34407272099997)",20052,0,N,12-186788
107782,140951,140951,Intersection,Cycles,0, ,,0,,01/13/2012 12:00:00 AM +0000,1/13/2012 7:29:00 AM,1,24728,At Intersection (intersection related),Daylight,19TH AVE NE AND NE 80TH ST,0,1,Y,2,3597330,Dry,18,"MOTOR VEHICLE STRUCK PEDALCYCLIST, FRONT END AT ANGLE",12013002,2684,0,2,Injury Collision,,45,Bicycle,Matched,N,1,Clear or Partly Cloudy,0,"(47.686675104000074, -122.30784785199995)",33131,0,N,2012-12698
107825,142241,142241,Intersection,Cycles,0,,,0,,07/15/2012 12:00:00 AM +0000,7/15/2012 9:19:00 PM,1,29177,At Intersection (intersection related),Dark - Street Lights On,E HOWELL ST AND E OLIVE WAY,0,1,,3,3593537,Dry,51,PEDALCYCLIST STRUCK MOTOR VEHICLE FRONT END AT ANGLE,12197007,14170,1,2b,Serious Injury Collision,,45,Bicycle,Matched,N,1,Clear or Partly Cloudy,0,"(47.61773646800003, -122.32625385499995)",23271,0,N,2012-227809
107848,142947,142947,Block,Cycles,213, ,,0,,03/07/2013 12:00:00 AM +0000,3/7/2013 3:26:00 PM,1,,,Daylight,16TH AVE BETWEEN E CHERRY ST AND E COLUMBIA ST,0,1,,2,3476758,Dry,00,NOT ENOUGH INFORMATION / NOT APPLICABLE,13066022,2224,0,2,Injury Collision,,45,Bicycle,Matched,N,1,Clear or Partly Cloudy,0,"(47.60862008000004, -122.31153752999995)",0,0,N,13-78111
107849,142945,142945,Block,Cycles,311, ,,0,,02/20/2013 12:00:00 AM +0000,2/20/2013 8:00:00 AM,1,,Mid-Block (not related to intersection),Daylight,BROADWAY BETWEEN HARVARD AVE AND E UNION ST,0,1,,1,3476738,Dry,66,PEDALCYCLIST STRUCK OBJECT IN ROAD,13051008,9445,0,2,Injury Collision,,45,Bicycle,Matched,N,0,Clear or Partly Cloudy,0,"(47.61210999000008, -122.32076121799997)",42081,0,N,13-58539
107919,141545,141545,Block,Cycles,213,,,0,,04/05/2012 12:00:00 AM +0000,4/5/2012 5:37:00 PM,1,,Driveway Junction,Daylight,12TH AVE BETWEEN E PINE ST AND E OLIVE ST,0,1,Y,2,3552049,Dry,18,"MOTOR VEHICLE STRUCK PEDALCYCLIST, FRONT END AT ANGLE",12096018,1547,1,2b,Serious Injury Collision,,45,Bicycle,Matched,N,1,Clear or Partly Cloudy,0,"(47.61584669400003, -122.31686348699998)",10846,0,N,12-103298
107936,141395,141395,Intersection,Cycles,0,,,0,,07/30/2012 12:00:00 AM +0000,7/30/2012 3:06:00 PM,1,24276,At Intersection (intersection related),Daylight,AURORA AVE N AND GREEN LAKE DR N,0,1,,3,3613026,Dry,18,"MOTOR VEHICLE STRUCK PEDALCYCLIST, FRONT END AT ANGLE",12212009,8961,1,2b,Serious Injury Collision,,45,Bicycle,Matched,N,1,Overcast,0,"(47.68911276600005, -122.34451443499995)",0,0,N,2012-248296
107970,141827,141827,Intersection,Cycles,0,,,0,,08/14/2012 12:00:00 AM +0000,8/14/2012 12:48:00 PM,1,30138,At Intersection (intersection related),Daylight,16TH AVE AND E PIKE ST,0,1,Y,2,3552213,Dry,18,"MOTOR VEHICLE STRUCK PEDALCYCLIST, FRONT END AT ANGLE",12227003,2229,0,2,Injury Collision,,45,Bicycle,Matched,N,1,Clear or Partly Cloudy,0,"(47.614109402000054, -122.31146599699997)",0,0,N,12 269197
108078,142122,142122,Block,Cycles,213,,,0,,08/16/2012 12:00:00 AM +0000,8/16/2012 7:30:00 PM,1,,Driveway Junction,Daylight,1ST AVE BETWEEN UNIVERSITY ST AND UNION ST,0,1,Y,2,3465815,Dry,18,"MOTOR VEHICLE STRUCK PEDALCYCLIST, FRONT END AT ANGLE",12229003,1007,0,2,Injury Collision,,45,Bicycle,Matched,N,1,Clear or Partly Cloudy,0,"(47.60733042100003, -122.33865010699998)",36717,0,N,2012 273239
108179,142823,142823,Intersection,Cycles,0, ,,0,,02/14/2013 12:00:00 AM +0000,2/14/2013 4:36:00 PM,1,34561,At Intersection (intersection related),Dusk,38TH AVE S AND S OTHELLO ST,0,1,Y,2,3671762,Dry,51,PEDALCYCLIST STRUCK MOTOR VEHICLE FRONT END AT ANGLE,13045027,21051,0,2,Injury Collision,,45,Bicycle,Matched,N,1,Overcast,0,"(47.53703456900007, -122.28470685799999)",24178,0,N,2013-52203
108236,141702,141702,Intersection,Cycles,0,,,0,,04/16/2012 12:00:00 AM +0000,4/16/2012 5:30:00 PM,1,30368,At Intersection (intersection related),Daylight,1ST AVE S AND S KING ST,0,1,,2,3503436,Dry,18,"MOTOR VEHICLE STRUCK PEDALCYCLIST, FRONT END AT ANGLE",12107005,1189,0,2,Injury Collision,,45,Bicycle,Matched,N,1,Clear or Partly Cloudy,0,"(47.59829171500007, -122.33419116099998)",4885,0,N,12-116213
108264,142694,142694,Intersection,Cycles,0, ,,0,,01/02/2013 12:00:00 AM +0000,1/2/2013 8:25:00 PM,0,26605,At Intersection (intersection related),Dark - Street Lights On,8TH AVE NW AND NW 45TH ST,0,1,,2,3507759,Dry,51,PEDALCYCLIST STRUCK MOTOR VEHICLE FRONT END AT ANGLE,13002006,8374,0,1,Property Damage Only Collision,,45,Bicycle,Matched,N,1,Clear or Partly Cloudy,0,"(47.661461098000075, -122.36617373599995)",2280,0,N,2013 2190
108282,142133,142133,Intersection,Cycles,0,,,0,,06/10/2012 12:00:00 AM +0000,6/10/2012 9:03:00 PM,1,26795,At Intersection (intersection related),Dusk,STONE WAY N AND N ALLEN PL,0,1,Y,2,3551294,Dry,51,PEDALCYCLIST STRUCK MOTOR VEHICLE FRONT END AT ANGLE,12162003,12968,0,2,Injury Collision,,45,Bicycle,Matched,N,1,Clear or Partly Cloudy,0,"(47.66067212100006, -122.34218132399997)",6375,0,N,12 182662
108291,140988,140988,Intersection,Cycles,0, ,,1,,05/29/2012 12:00:00 AM +0000,5/29/2012 6:19:00 AM,0,29878,At Intersection (intersection related),Daylight,BOREN AVE AND PIKE ST,0,1,,2,3546466,Dry,51,PEDALCYCLIST STRUCK MOTOR VEHICLE FRONT END AT ANGLE,12150014,9319,0,3,Fatality Collision,,45,Bicycle,Matched,Y,1,Clear or Partly Cloudy,0,"(47.613465820000044, -122.32891310199994)",31087,0,N,12-165578
108335,141282,141282,Intersection,Cycles,0,,,0,,06/28/2012 12:00:00 AM +0000,6/28/2012 12:13:00 AM,1,26605,At Intersection (intersection related),Dark - Street Lights On,8TH AVE NW AND NW 45TH ST,0,1,Y,2,3552592,Dry,18,"MOTOR VEHICLE STRUCK PEDALCYCLIST, FRONT END AT ANGLE",12180004,8374,0,2,Injury Collision,,45,Bicycle,Matched,Y,1,Clear or Partly Cloudy,0,"(47.661461098000075, -122.36617373599995)",2280,0,N,12-203193
108340,141277,141277,Intersection,Cycles,0,,,0,,04/13/2012 12:00:00 AM +0000,4/13/2012 9:32:00 AM,1,31544,At Intersection (intersection related),Daylight,RAINIER AVE S AND S HOLGATE ST,0,1,,2,3617181,Dry,51,PEDALCYCLIST STRUCK MOTOR VEHICLE FRONT END AT ANGLE,12104002,3309,0,2,Injury Collision,,45,Bicycle,Matched,N,1,Clear or Partly Cloudy,0,"(47.58633027600007, -122.30423939999997)",0,0,N,2012-112171
108346,141134,141134,Block,Cycles,238,,,0,Y,11/18/2012 12:00:00 AM +0000,11/18/2012 6:16:00 PM,1,,Mid-Block (not related to intersection),Dark - Street Lights On,GILMAN AVE W BETWEEN 24TH AVE W AND 25TH AVE W,0,1,,2,3581828,Wet,54,PEDALCYCLIST STRUCK MOTOR VEHICLE REAR END,12323011,10639,0,2,Injury Collision,,45,Bicycle,Matched,N,1,Raining,0,"(47.657157108000035, -122.38807973599995)",15446,0,N,12-395802
108395,142841,142841,Intersection,Cycles,0, ,,0,,01/19/2013 12:00:00 AM +0000,1/19/2013 5:54:00 PM,1,25464,At Intersection (intersection related),Dark - Street Lights On,LEARY WAY NW AND NW 46TH ST,0,1,,2,3608967,Dry,51,PEDALCYCLIST STRUCK MOTOR VEHICLE FRONT END AT ANGLE,13019001,11347,0,2,Injury Collision,,45,Bicycle,Matched,N,1,Overcast,0,"(47.66219540600008, -122.36786512799995)",17230,0,N,13-21943
108453,142984,142984,Intersection,Cycles,0, ,,0,,01/11/2013 12:00:00 AM +0000,1/11/2013 2:00:00 PM,0,29962,At Intersection (intersection related),Daylight,7TH AVE AND JAMES ST,0,1,,2,3611372,Dry,51,PEDALCYCLIST STRUCK MOTOR VEHICLE FRONT END AT ANGLE,13011030,8152,0,1,Property Damage Only Collision,,45,Bicycle,Matched,N,1,Clear or Partly Cloudy,0,"(47.60462517900004, -122.32697031499998)",24843,0,N,2013-12619
108467,141434,141434,Block,Cycles,161,,,0,,12/03/2012 12:00:00 AM +0000,12/3/2012 7:10:00 AM,1,,Mid-Block (not related to intersection),Daylight,STEWART ST BETWEEN TERRY AVE AND BOREN AVE,0,1,Y,2,3465665,Wet,18,"MOTOR VEHICLE STRUCK PEDALCYCLIST, FRONT END AT ANGLE",12338016,12907,0,2,Injury Collision,,45,Bicycle,Matched,N,1,Raining,0,"(47.61661180900006, -122.33314897999998)",13687,0,N,12-412418
108473,141292,141292,Intersection,Cycles,0, ,,0,,12/24/2012 12:00:00 AM +0000,12/24/2012 2:03:00 AM,1,30482,At Intersection (intersection related),Dark - Street Lights On,2ND AVE AND JAMES ST,0,1,Y,4,3549563,Wet,18,"MOTOR VEHICLE STRUCK PEDALCYCLIST, FRONT END AT ANGLE",12359010,2749,0,2,Injury Collision,,45,Bicycle,Matched,N,1,Overcast,0,"(47.60230560100007, -122.33251943999994)",0,520980,N,12-437888
108497,141145,141145,Block,Cycles,228.5,,,0,Y,08/14/2012 12:00:00 AM +0000,8/14/2012 9:58:00 AM,1,,Mid-Block (not related to intersection),Daylight,42ND AVE S BETWEEN S GENESEE ST AND S OREGON ST,0,1,,2,3608670,Dry,51,PEDALCYCLIST STRUCK MOTOR VEHICLE FRONT END AT ANGLE,12227005,6537,0,2,Injury Collision,,45,Bicycle,Matched,N,1,Clear or Partly Cloudy,0,"(47.56348654800007, -122.28074837399998)",0,0,N,12-269015
108544,142849,142849,Intersection,Cycles,0, ,,0,,01/08/2013 12:00:00 AM +0000,1/8/2013 8:00:00 AM,1,29424,At Intersection (intersection related),Daylight,36TH AVE E AND E MADISON ST,0,1,Y,2,3551885,Wet,18,"MOTOR VEHICLE STRUCK PEDALCYCLIST, FRONT END AT ANGLE",13008008,14369,0,2,Injury Collision,,45,Bicycle,Matched,N,1,Raining,0,"(47.62982978600007, -122.28681326999998)",34382,0,N,13 8485
108551,142710,142710,Intersection,Cycles,0, ,,0,,02/26/2013 12:00:00 AM +0000,2/26/2013 8:56:00 AM,1,28242,At Intersection (intersection related),Daylight,10TH AVE E AND E BOSTON ST,0,1,,2,3476261,Dry,51,PEDALCYCLIST STRUCK MOTOR VEHICLE FRONT END AT ANGLE,13057005,1299,0,2,Injury Collision,Y,45,Bicycle,Matched,N,1,Clear or Partly Cloudy,0,"(47.63840322500005, -122.32007129499999)",6106,0,N,13-65850
108559,142573,142573,Intersection,Cycles,0,,,0,,08/15/2012 12:00:00 AM +0000,8/15/2012 1:45:00 PM,1,30477,At Intersection (intersection related),Daylight,6TH AVE AND JEFFERSON ST,0,1,Y,2,3562811,Dry,18,"MOTOR VEHICLE STRUCK PEDALCYCLIST, FRONT END AT ANGLE",12228005,7872,0,2,Injury Collision,,45,Bicycle,Matched,N,1,Clear or Partly Cloudy,0,"(47.60344580700007, -122.32742361199996)",0,0,N,12-270665
108602,141014,141014,Block,Cycles,418,,,0,,08/27/2012 12:00:00 AM +0000,8/27/2012 4:46:00 PM,0,,Driveway Junction,Daylight,EASTLAKE AVE E BETWEEN PROSPECT ST AND E NELSON PL,0,1,,3,3549219,Dry,51,PEDALCYCLIST STRUCK MOTOR VEHICLE FRONT END AT ANGLE,12240028,334269,0,1,Property Damage Only Collision,,45,Bicycle,Matched,N,1,Clear or Partly Cloudy,0,"(47.62965397600004, -122.32861177999996)",11613,0,N,12-287171
108663,142015,142015,Intersection,Cycles,0, ,,0,Y,04/14/2012 12:00:00 AM +0000,4/14/2012 6:32:00 PM,1,29747,At Intersection (intersection related),Daylight,11TH AVE AND E PIKE ST,1,1,Y,2,3551910,Dry,64,PEDALCYCLIST STRUCK PEDESTRIAN,12105004,1382,0,2,Injury Collision,,45,Bicycle,Matched,N,0,Clear or Partly Cloudy,0,"(47.61409443200006, -122.31814094999999)",31259,523844,N,12-114058
108674,141872,141872,Block,Cycles,130,,,0,,11/03/2012 12:00:00 AM +0000,11/3/2012 9:28:00 PM,1,,Driveway Junction,Dark - Street Lights On,FLORENTIA ST BETWEEN 2ND AVE N AND MAYFAIR AVE N,0,1,,2,3566266,Dry,51,PEDALCYCLIST STRUCK MOTOR VEHICLE FRONT END AT ANGLE,12308018,10459,0,2,Injury Collision,,45,Bicycle,Matched,N,1,Clear or Partly Cloudy,0,"(47.64688608200004, -122.35290206499997)",34782,0,N,2012-377930
108707,143003,143003,Intersection,Cycles,0, ,,0,,02/05/2013 12:00:00 AM +0000,2/5/2013 7:34:00 PM,0,29515,At Intersection (intersection related),Dark - Street Lights On,DENNY WAY AND DEXTER AVE,0,1,,2,3549434,Dry,51,PEDALCYCLIST STRUCK MOTOR VEHICLE FRONT END AT ANGLE,13036017,10011,0,1,Property Damage Only Collision,,45,Bicycle,Matched,N,1,Overcast,0,"(47.618550165000045, -122.34240185299996)",12566,0,N,2013-51522
108745,143427,143427,Intersection,Cycles,0, ,,0,,01/07/2013 12:00:00 AM +0000,1/7/2013 9:33:00 AM,1,29087,At Intersection (intersection related),Daylight,FAIRVIEW AVE N AND YALE AVE N,0,1,,2,3581626,Wet,18,"MOTOR VEHICLE STRUCK PEDALCYCLIST, FRONT END AT ANGLE",13007003,10357,0,2,Injury Collision,,45,Bicycle,Matched,N,1,Raining,0,"(47.62871326700008, -122.33090658799995)",25368,0,N,2013-7319
108759,143557,143557,Block,Cycles,332.5, ,,0,,03/01/2013 12:00:00 AM +0000,3/1/2013 2:30:00 PM,2,,Mid-Block (not related to intersection),Daylight,UNIVERSITY WAY NE BETWEEN NE 45TH ST AND NE 47TH ST,1,1,Y,2,3501390,Dry,64,PEDALCYCLIST STRUCK PEDESTRIAN,13060025,13222,0,2,Injury Collision,,45,Bicycle,Matched,N,0,Overcast,0,"(47.662179209000044, -122.31311572699997)",5644,522430,N,13 70175
108772,143840,143840,Intersection,Cycles,0, ,,0,,02/04/2013 12:00:00 AM +0000,2/4/2013 5:26:00 PM,1,30375,At Intersection (intersection related),Dark - Street Lights On,ALASKAN E RDWY WAY AND YESLER WAY,0,1,Y,2,3504024,Dry,18,"MOTOR VEHICLE STRUCK PEDALCYCLIST, FRONT END AT ANGLE",13035006,8744,0,2,Injury Collision,,45,Bicycle,Matched,N,1,Clear or Partly Cloudy,0,"(47.60172456400005, -122.33603405699995)",0,522606,N,13-40122
108815,144406,144406,Block,Cycles,161, ,,0,,01/19/2013 12:00:00 AM +0000,1/19/2013 5:52:00 PM,1,,Driveway Junction,Dark - Street Lights On,HARRISON ST BETWEEN WESTLAKE AVE N AND TERRY AVE N,0,1,,4,3581435,Dry,18,"MOTOR VEHICLE STRUCK PEDALCYCLIST, FRONT END AT ANGLE",13019020,10767,0,2,Injury Collision,,45,Bicycle,Matched,N,1,Overcast,0,"(47.622038857000064, -122.33780561999998)",0,0,N,13-21940
108827,144261,144261,Block,Cycles,161, ,,0,,01/23/2013 12:00:00 AM +0000,1/23/2013 8:38:00 AM,0,,Driveway Junction,Daylight,S JACKSON ST BETWEEN 16TH AVE S AND 17TH AVE S,0,1,Y,2,2617495,Dry,18,"MOTOR VEHICLE STRUCK PEDALCYCLIST, FRONT END AT ANGLE",13023022,20496,0,1,Property Damage Only Collision,,45,Bicycle,Matched,N,1,Overcast,0,"(47.59922818500007, -122.31092683899999)",11025,0,N,2013-25691
108888,143707,143707,Intersection,Cycles,0, ,,0,,02/13/2013 12:00:00 AM +0000,2/13/2013 8:58:00 AM,1,30437,At Intersection (intersection related),Daylight,RAINIER AVE S AND S WELLER ST,0,1,,2,3559747,Wet,18,"MOTOR VEHICLE STRUCK PEDALCYCLIST, FRONT END AT ANGLE",13044020,12343,0,2,Injury Collision,,45,Bicycle,Matched,N,1,Raining,0,"(47.59749163500004, -122.31275995099998)",24369,0,N,2013-50420
108931,143987,143987,Block,Cycles,882, ,,0,,01/17/2013 12:00:00 AM +0000,1/17/2013 5:32:00 PM,1,,Mid-Block (not related to intersection),Dark - Street Lights On,DEXTER AVE N BETWEEN HALLADAY ST AND 4TH S AVE N,0,1,Y,2,3503821,Dry,18,"MOTOR VEHICLE STRUCK PEDALCYCLIST, FRONT END AT ANGLE",13017030,10094,0,2,Injury Collision,,45,Bicycle,Matched,N,1,Clear or Partly Cloudy,0,"(47.64426570300003, -122.34665163399995)",13856,0,N,13-19589
108987,145009,145009,Intersection,Cycles,0, ,,0,,04/24/2013 12:00:00 AM +0000,4/24/2013 1:05:00 PM,1,33778,At Intersection (intersection related),Daylight,CALIFORNIA AVE SW AND SW FRONTENAC ST,0,1,,2,3505273,Dry,51,PEDALCYCLIST STRUCK MOTOR VEHICLE FRONT END AT ANGLE,,9570,0,2,Injury Collision,,45,Bicycle,Matched,N,1,Clear or Partly Cloudy,0,"(47.540730960000076, -122.38726040999995)",2801,0,N,13-137160
109020,143298,143298,Intersection,Cycles,0, ,,0,,02/05/2013 12:00:00 AM +0000,2/5/2013 2:45:00 PM,0,33963,At Intersection (intersection related),Daylight,DELRIDGE WAY SW AND SW ORCHARD ST,0,1,,2,3197906,Wet,18,"MOTOR VEHICLE STRUCK PEDALCYCLIST, FRONT END AT ANGLE",13036005,9978,0,1,Property Damage Only Collision,Y,45,Bicycle,Matched,N,1,Overcast,0,"(47.537954167000066, -122.36109186599998)",0,525435,N,13-41150
109039,143573,143573,Intersection,Cycles,0, ,,0,,01/25/2013 12:00:00 AM +0000,1/25/2013 9:16:00 PM,1,29739,At Intersection (intersection related),Dark - Street Lights On,11TH AVE AND E PINE ST,0,1,Y,2,3476652,Dry,18,"MOTOR VEHICLE STRUCK PEDALCYCLIST, FRONT END AT ANGLE",13025011,1383,0,2,Injury Collision,,45,Bicycle,Matched,N,1,Clear or Partly Cloudy,0,"(47.615254391000065, -122.318159434)",10420,0,N,13-28938
109082,143994,143994,Intersection,Cycles,0, ,,0,Y,01/07/2013 12:00:00 AM +0000,1/7/2013 7:42:00 AM,1,29009,At Intersection (intersection related),Dawn,15TH AVE E AND E MERCER S ST,0,1,,2,3476343,Dry,21,"MOTOR VEHICLE STRUCK PEDALCYCLIST, REAR END",13007004,2010,0,2,Injury Collision,,45,Bicycle,Matched,N,1,Raining,0,"(47.62424930900005, -122.31260681999998)",8559,0,N,13-7219
109125,145018,145018,Intersection,Cycles,0, ,,0,,04/24/2013 12:00:00 AM +0000,4/24/2013 6:54:00 PM,1,30480,At Intersection (intersection related),Daylight,3RD AVE AND JAMES ST,0,1,,3,2618858,Dry,18,"MOTOR VEHICLE STRUCK PEDALCYCLIST, FRONT END AT ANGLE",,4375,0,2,Injury Collision,,45,Bicycle,Matched,N,2,Clear or Partly Cloudy,0,"(47.60276917600004, -122.33140852799994)",24808,0,N,13 137541
109164,143308,143308,Intersection,Cycles,0, ,,0,,01/04/2013 12:00:00 AM +0000,1/4/2013 1:06:00 AM,1,30028,At Intersection (intersection related),Dark - Street Lights On,23RD AVE AND E SPRING ST,0,1,,2,3476630,Wet,21,"MOTOR VEHICLE STRUCK PEDALCYCLIST, REAR END",13004001,3362,0,2,Injury Collision,,45,Bicycle,Matched,N,1,Raining,0,"(47.61158943600003, -122.30274429599996)",22610,0,N,2013 3611