OBJECTID,INCKEY,COLDETKEY,ADDRTYPE,COLLISIONTYPE,DISTANCE,EXCEPTRSNCODE,EXCEPTRSNDESC,FATALITIES,INATTENTIONIND,INCDATE,INCDTTM,INJURIES,INTKEY,JUNCTIONTYPE,LIGHTCOND,LOCATION,PEDCOUNT,PEDCYLCOUNT,PEDROWNOTGRNT,PERSONCOUNT,REPORTNO,ROADCOND,SDOT_COLCODE,SDOT_COLDESC,SDOTCOLNUM,SEGKEY,SERIOUSINJURIES,SEVERITYCODE,SEVERITYDESC,SPEEDING,ST_COLCODE,ST_COLDESC,STATUS,UNDERINFL,VEHCOUNT,WEATHER,WIDTH,Shape,SEGLANEKEY,CROSSWALKKEY,HITPARKEDCAR,SPDCASENO
109183,143867,143867,Block,Cycles,327, ,,0,,02/09/2013 12:00:00 AM +0000,2/9/2013 3:17:00 PM,1,,Driveway Junction,Daylight,FAUNTLEROY WAY SW BETWEEN SW EDMUNDS ST AND SW HUDSON ST,0,1,Y,3,3380678,Wet,51,PEDALCYCLIST STRUCK MOTOR VEHICLE FRONT END AT ANGLE,13040027,10388,0,2,Injury Collision,,45,Bicycle,Matched,N,1,Raining,0,"(47.55835791800007, -122.38145936499996)",0,0,N,13-46072
109187,144146,144146,Block,Cycles,227, ,,0,Y,02/05/2013 12:00:00 AM +0000,2/5/2013 6:02:00 PM,0,,Mid-Block (not related to intersection),Dark - Street Lights On,S DEARBORN ST BETWEEN 13TH AVE S AND CORWIN PL S,0,1,,2,3567884,Dry,55,PEDALCYCLIST STRUCK MOTOR VEHICLE RIGHT SIDE SIDESWIPE,13036037,19833,0,1,Property Damage Only Collision,,45,Bicycle,Matched,N,1,Overcast,0,"(47.595818457000064, -122.31500518799999)",0,0,N,2013-041335
109230,144571,144571,Intersection,Cycles,0, ,,0,,01/23/2013 12:00:00 AM +0000,1/23/2013 5:05:00 PM,1,28058,At Intersection (intersection related),Dusk,4TH AVE N AND DEXTER S AVE N,0,1,,3,3582014,Wet,23,"MOTOR VEHICLE STRUCK PEDALCYCLIST, LEFT SIDE SIDESWIPE",13023028,10095,0,2,Injury Collision,,45,Bicycle,Matched,N,1,Raining,0,"(47.64570977100004, -122.34948774899999)",13884,0,N,13-26260
109275,145188,145188,Intersection,Cycles,0, ,,0,,04/25/2013 12:00:00 AM +0000,4/25/2013 6:45:00 PM,1,29932,At Intersection (intersection related),Daylight,4TH AVE AND SENECA ST,0,1,Y,2,3606028,Unknown,18,"MOTOR VEHICLE STRUCK PEDALCYCLIST, FRONT END AT ANGLE",,6128,0,2,Injury Collision,,45,Bicycle,Matched,N,1,Unknown,0,"(47.607514998000056, -122.33421346899996)",12714,0,N,13-141155
109320,143455,143455,Intersection,Cycles,0, ,,0,,02/07/2013 12:00:00 AM +0000,2/7/2013 5:48:00 AM,1,35902,At Intersection (intersection related),Dark - Street Lights On,ROOSEVELT WAY NE AND NE 125TH N ST,0,1,Y,2,3503357,Wet,18,"MOTOR VEHICLE STRUCK PEDALCYCLIST, FRONT END AT ANGLE",13038008,1305,1,2b,Serious Injury Collision,,45,Bicycle,Matched,N,1,Raining,0,"(47.71974505000003, -122.31813230799997)",16882,0,N,13-43012
109349,144156,144156,Block,Cycles,133, ,,0,,01/14/2013 12:00:00 AM +0000,1/14/2013 5:44:00 PM,0,,Driveway Junction,Dark - Street Lights On,8TH AVE NW BETWEEN NW 63RD ST AND NW 64TH ST,0,1,Y,3,3503151,Wet,51,PEDALCYCLIST STRUCK MOTOR VEHICLE FRONT END AT ANGLE,13014017,8393,0,1,Property Damage Only Collision,,45,Bicycle,Matched,N,1,Clear or Partly Cloudy,0,"(47.67489954200005, -122.36606720499998)",2464,0,N,13-15963
109447,143467,143467,Intersection,Cycles,0, ,,0,,03/12/2013 12:00:00 AM +0000,3/12/2013 10:38:00 PM,1,30190,At Intersection (intersection related),Dark - Street Lights On,20TH AVE AND E JEFFERSON ST,0,1,Y,2,3476495,Wet,51,PEDALCYCLIST STRUCK MOTOR VEHICLE FRONT END AT ANGLE,13071010,2934,0,2,Injury Collision,,45,Bicycle,Matched,N,1,Overcast,0,"(47.60616745200008, -122.30633165599994)",34934,0,N,13-84689
109505,143740,143740,Block,Cycles,371, ,,0,,01/10/2013 12:00:00 AM +0000,1/10/2013 8:15:00 AM,1,,Driveway Junction,Daylight,AURORA AVE N BETWEEN N 109TH ST AND N 112TH ST,0,1,,2,3503132,Wet,51,PEDALCYCLIST STRUCK MOTOR VEHICLE FRONT END AT ANGLE,13010025,8988,0,2,Injury Collision,,45,Bicycle,Matched,N,1,Raining,0,"(47.70905834800004, -122.34476001099995)",0,0,N,2013-010874
109513,143605,143605,Intersection,Cycles,0, ,,0,,02/14/2013 12:00:00 AM +0000,2/14/2013 10:59:00 AM,1,27078,At Intersection (intersection related),Daylight,15TH AVE NE AND NE 43RD ST,0,1,,2,3503280,Wet,51,PEDALCYCLIST STRUCK MOTOR VEHICLE FRONT END AT ANGLE,13045002,2034,0,2,Injury Collision,,45,Bicycle,Matched,N,1,Overcast,0,"(47.659781475000045, -122.31203248399999)",0,524562,N,13-51811
109533,145053,145053,Block,Cycles,150, ,,0,,04/24/2013 12:00:00 AM +0000,4/24/2013 5:20:00 PM,1,,Mid-Block (but intersection related),Daylight,NE 97TH ST BETWEEN SAND POINT WAY NE AND 48TH AVE NE,0,1,Y,2,3508075,Dry,21,"MOTOR VEHICLE STRUCK PEDALCYCLIST, REAR END",,17940,0,2,Injury Collision,,45,Bicycle,Matched,N,1,Clear or Partly Cloudy,0,"(47.69933594400004, -122.27712016899994)",0,0,N,13-137475
109652,143895,143895,Block,Cycles,304, ,,0,Y,03/01/2013 12:00:00 AM +0000,3/1/2013 5:26:00 PM,1,,Mid-Block (not related to intersection),Daylight,ALASKAN WAY BETWEEN VINE ST AND CLAY ST,0,1,,4,3581760,Dry,21,"MOTOR VEHICLE STRUCK PEDALCYCLIST, REAR END",13060011,8732,1,2b,Serious Injury Collision,Y,45,Bicycle,Matched,N,3,Clear or Partly Cloudy,0,"(47.61388302300003, -122.35309719799994)",20776,0,N,13-70409
109660,144597,144597,Intersection,Cycles,0, ,,0,Y,02/11/2013 12:00:00 AM +0000,2/11/2013 1:22:00 PM,1,28300,At Intersection (intersection related),Daylight,EASTLAKE AVE E AND E ROANOKE ST,0,1,,3,3559746,Wet,51,PEDALCYCLIST STRUCK MOTOR VEHICLE FRONT END AT ANGLE,13042007,10179,0,2,Injury Collision,,45,Bicycle,Matched,N,1,Overcast,0,"(47.643190643000025, -122.32588681199996)",24724,0,N,13-48167
109822,144762,144762,Intersection,Cycles,0, ,,0,,04/19/2013 12:00:00 AM +0000,4/19/2013 1:39:00 PM,1,29788,At Intersection (intersection related),Daylight,MARION ST AND MINOR AVE,0,1,,2,3606026,Wet,18,"MOTOR VEHICLE STRUCK PEDALCYCLIST, FRONT END AT ANGLE",,11673,0,2,Injury Collision,,45,Bicycle,Matched,N,1,Raining,0,"(47.60908893800007, -122.32337662399999)",0,0,N,2013-131372
109828,144324,144324,Intersection,Cycles,0, ,,0,,01/29/2013 12:00:00 AM +0000,1/29/2013 8:47:00 PM,1,27142,At Intersection (intersection related),Dark - Street Lights On,UNIVERSITY WAY NE AND NE CAMPUS EB PY,0,1,Y,2,3508025,Wet,51,PEDALCYCLIST STRUCK MOTOR VEHICLE FRONT END AT ANGLE,13029007,13217,0,2,Injury Collision,,45,Bicycle,Matched,N,1,Raining,0,"(47.65598766700003, -122.31326821399995)",5681,0,N,13-33348
109933,144193,144193,Block,Cycles,185, ,,0,,03/07/2013 12:00:00 AM +0000,3/7/2013 8:50:00 AM,1,,Mid-Block (not related to intersection),Daylight,UNIVERSITY BR BETWEEN FUHRMAN AVE E AND POINT A,0,1,,1,3609006,Wet,69,PEDALCYCLIST OVERTURNED IN ROAD,13066021,13189,0,2,Injury Collision,,45,Bicycle,Matched,N,0,Raining,0,"(47.65202472800007, -122.32092404899998)",15437,0,N,2013-77698
109953,143628,143628,Intersection,Cycles,0, ,,0,,03/04/2013 12:00:00 AM +0000,3/4/2013 6:40:00 PM,1,29592,At Intersection (intersection related),Dark - Street Lights On,2ND AVE AND PIKE ST,0,1,,2,3581730,Dry,18,"MOTOR VEHICLE STRUCK PEDALCYCLIST, FRONT END AT ANGLE",13063001,2758,0,2,Injury Collision,,45,Bicycle,Matched,N,1,Clear or Partly Cloudy,0,"(47.60928514300008, -122.33890369399995)",0,525565,N,13-74487
109990,145253,145253,Intersection,Cycles,0, ,,1,Y,05/01/2013 12:00:00 AM +0000,5/1/2013 7:10:00 AM,0,32154,At Intersection (intersection related),Daylight,EAST MARGINAL WAY S AND S HANFORD ST,0,1,,2,3502608,Dry,51,PEDALCYCLIST STRUCK MOTOR VEHICLE FRONT END AT ANGLE,,14385,0,3,Fatality Collision,,45,Bicycle,Matched,N,1,Other,0,"(47.575579772000026, -122.33999040199996)",4678,0,N,13 145227
110028,143779,143779,Intersection,Cycles,0, ,,0,,01/15/2013 12:00:00 AM +0000,1/15/2013 1:27:00 PM,1,36228,At Intersection (intersection related),Daylight,3RD AVE NW AND NW 117TH ST,0,1,,2,3609245,Dry,51,PEDALCYCLIST STRUCK MOTOR VEHICLE FRONT END AT ANGLE,13015002,4500,0,2,Injury Collision,,45,Bicycle,Matched,N,1,Clear or Partly Cloudy,0,"(47.71418069500004, -122.36088963299994)",28627,0,N,13-16888
110080,144203,144203,Block,Cycles,197, ,,0,,02/13/2013 12:00:00 AM +0000,2/13/2013 6:00:00 PM,1,,Mid-Block (not related to intersection),Daylight,HARVARD AVE BETWEEN E UNION ST AND E PIKE ST,0,1,Y,2,3581755,Unknown,18,"MOTOR VEHICLE STRUCK PEDALCYCLIST, FRONT END AT ANGLE",13044018,10840,1,2b,Serious Injury Collision,,45,Bicycle,Matched,N,1,Unknown,0,"(47.61352518600006, -122.32210217199997)",0,0,N,2013-51018
110083,144483,144483,Block,Cycles,160.5, ,,0,,02/03/2013 12:00:00 AM +0000,2/3/2013 2:16:00 AM,1,,,Dark - Street Lights On,CEDAR ST BETWEEN 4TH AVE AND DENNY WAY,0,2,,3,3549009,Dry,00,NOT ENOUGH INFORMATION / NOT APPLICABLE,13034018,9643,0,2,Injury Collision,,45,Bicycle,Matched,Y,1,Clear or Partly Cloudy,0,"(47.61812919000005, -122.34762418099996)",41816,0,N,13-38466
110117,144943,144943,Intersection,Cycles,0, ,,0,Y,04/23/2013 12:00:00 AM +0000,4/23/2013 3:06:00 PM,1,28085,At Intersection (intersection related),Daylight,AURORA AVE N AND HALLADAY ST,0,1,,2,3506132,Dry,51,PEDALCYCLIST STRUCK MOTOR VEHICLE FRONT END AT ANGLE,,8918,0,2,Injury Collision,,45,Bicycle,Matched,N,1,Clear or Partly Cloudy,0,"(47.64225512400003, -122.34694325799995)",16935,0,N,13-136017
110289,145089,145089,Intersection,Cycles,0, ,,0,Y,04/25/2013 12:00:00 AM +0000,4/25/2013 3:29:00 PM,1,25758,At Intersection (intersection related),Daylight,BROOKLYN AVE NE AND NE RAVENNA WB BV,0,1,,2,3501517,Dry,18,"MOTOR VEHICLE STRUCK PEDALCYCLIST, FRONT END AT ANGLE",,9489,0,2,Injury Collision,,45,Bicycle,Matched,N,1,Clear or Partly Cloudy,0,"(47.67145247600007, -122.31417406099996)",28932,0,N,13-138618
110319,143656,143656,Block,Cycles,307, ,,0,,01/16/2013 12:00:00 AM +0000,1/16/2013 4:48:00 PM,1,,Driveway Junction,Dusk,LAKE WASHINGTON BLVD S BETWEEN 43RD AVE S AND 46TH AVE S,0,1,,2,3502525,Dry,18,"MOTOR VEHICLE STRUCK PEDALCYCLIST, FRONT END AT ANGLE",13016012,11233,0,2,Injury Collision,,45,Bicycle,Matched,N,1,Clear or Partly Cloudy,0,"(47.57002063500005, -122.27834393699999)",38095,0,N,2013-18318
110333,143517,143517,Intersection,Cycles,0, ,,0,,01/20/2013 12:00:00 AM +0000,1/20/2013 1:23:00 PM,1,29541,At Intersection (intersection related),Daylight,VIRGINIA ST AND WESTLAKE AVE,0,1,,2,3581387,Dry,18,"MOTOR VEHICLE STRUCK PEDALCYCLIST, FRONT END AT ANGLE",13020005,13316,0,2,Injury Collision,,45,Bicycle,Matched,N,1,Clear or Partly Cloudy,0,"(47.61483186400005, -122.33774456799995)",25297,0,N,2013-022778
110405,145107,145107,Block,Cycles,130.5, ,,0,,04/28/2013 12:00:00 AM +0000,4/28/2013 9:53:00 AM,1,,Mid-Block (not related to intersection),Daylight,E PINE ST BETWEEN BELMONT AVE AND BOYLSTON AVE,0,1,,2,3606076,Wet,54,PEDALCYCLIST STRUCK MOTOR VEHICLE REAR END,,14631,0,2,Injury Collision,Y,45,Bicycle,Matched,N,1,Raining,0,"(47.615228063000075, -122.32394607099997)",10368,0,N,13-142037
110514,144658,144658,Block,Cycles,194.5, ,,0,,04/15/2013 12:00:00 AM +0000,4/15/2013 6:56:00 PM,1,,Mid-Block (not related to intersection),Daylight,2ND AV ET S BETWEEN S MAIN ST AND S WASHINGTON ST,0,1,,2,3581940,Dry,18,"MOTOR VEHICLE STRUCK PEDALCYCLIST, FRONT END AT ANGLE",,2925,0,2,Injury Collision,,45,Bicycle,Matched,N,1,Clear or Partly Cloudy,0,"(47.60043376600004, -122.33077753399999)",12005,0,N,2013 126658
110553,143391,143391,Block,Cycles,213, ,,0,,02/21/2013 12:00:00 AM +0000,2/21/2013 2:00:00 PM,1,,,Daylight,14TH AVE BETWEEN E COLUMBIA ST AND E MARION ST,0,1,,1,3476801,Wet,00,NOT ENOUGH INFORMATION / NOT APPLICABLE,13052028,1847,1,2b,Serious Injury Collision,,45,Bicycle,Matched,N,0,Raining,0,"(47.60979877600005, -122.31414002699995)",0,0,N,13-6119
110657,144985,144985,Intersection,Cycles,0, ,,0,,09/11/2012 12:00:00 AM +0000,9/11/2012 2:35:00 PM,1,35704,At Intersection (intersection related),Daylight,AURORA AVE N AND N 145TH ST,0,1,Y,1,E192354,Dry,18,"MOTOR VEHICLE STRUCK PEDALCYCLIST, FRONT END AT ANGLE",,15267,0,2,Injury Collision,,45,Bicycle,Matched,Y,1,Clear or Partly Cloudy,0,"(47.734128428000076, -122.34509710399999)",0,521697,N,
110660,144982,144982,Block,Cycles,116, ,,0,,09/18/2012 12:00:00 AM +0000,9/18/2012 5:30:00 PM,1,,Mid-Block (not related to intersection),Daylight,RAINIER AVE S BETWEEN S CHARLES S ST AND S NORMAN ST,0,1,,5,3567685,Dry,23,"MOTOR VEHICLE STRUCK PEDALCYCLIST, LEFT SIDE SIDESWIPE",,12347,0,2,Injury Collision,,45,Bicycle,Matched,N,1,Clear or Partly Cloudy,0,"(47.59379007500007, -122.30993511599996)",19911,0,N,12 219995
110676,144666,144666,Block,Cycles,266, ,,0,,04/15/2013 12:00:00 AM +0000,4/15/2013 8:35:00 AM,1,,Mid-Block (not related to intersection),Daylight,ROOSEVELT WAY NE BETWEEN NE 43RD N ST AND NE 45TH ST,0,1,,2,3608784,Dry,54,PEDALCYCLIST STRUCK MOTOR VEHICLE REAR END,,12598,0,2,Injury Collision,,45,Bicycle,Matched,N,1,Clear or Partly Cloudy,0,"(47.660577379000074, -122.31772271499995)",9002,0,N,13-126024
110735,143544,143544,Intersection,Cycles,0, ,,0,,02/24/2013 12:00:00 AM +0000,2/24/2013 7:20:00 PM,1,25940,At Intersection (intersection related),Dark - Street Lights On,25TH AVE NE AND NE 54TH ST,0,1,Y,2,3551114,Dry,51,PEDALCYCLIST STRUCK MOTOR VEHICLE FRONT END AT ANGLE,13055002,3724,0,2,Injury Collision,,45,Bicycle,Matched,N,1,Clear or Partly Cloudy,0,"(47.66797835300008, -122.30061611399998)",18812,0,N,2013-64054
110737,143543,143543,Intersection,Cycles,0, ,,0,,01/15/2013 12:00:00 AM +0000,1/15/2013 3:50:00 PM,1,36926,At Intersection (intersection related),Daylight,21ST AVE NW AND NW 96TH ST,0,1,,2,3551274,Dry,51,PEDALCYCLIST STRUCK MOTOR VEHICLE FRONT END AT ANGLE,13015028,3162,0,2,Injury Collision,,45,Bicycle,Matched,N,1,Clear or Partly Cloudy,0,"(47.698981477000075, -122.38303568299995)",0,0,N,13-17037
110742,143542,143542,Block,Cycles,288, ,,0,,02/20/2013 12:00:00 AM +0000,2/20/2013 7:26:00 PM,1,,Mid-Block (not related to intersection),Dark - Street Lights On,19TH AVE E BETWEEN E THOMAS ST AND E HARRISON ST,0,1,,2,3593389,Wet,18,"MOTOR VEHICLE STRUCK PEDALCYCLIST, FRONT END AT ANGLE",13051004,2656,0,2,Injury Collision,,45,Bicycle,Matched,N,1,Raining,0,"(47.62127501300006, -122.30733746399994)",8736,0,N,13-59248
110749,144526,144526,Block,Cycles,181, ,,0,,02/05/2013 12:00:00 AM +0000,2/5/2013 5:05:00 PM,1,,Mid-Block (not related to intersection),Dark - Street Lights On,12TH AVE BETWEEN E YESLER WAY AND E FIR ST,0,1,,3,3476661,Wet,55,PEDALCYCLIST STRUCK MOTOR VEHICLE RIGHT SIDE SIDESWIPE,13036008,1523,0,2,Injury Collision,,45,Bicycle,Matched,N,1,Raining,0,"(47.602188270000056, -122.316781849)",10556,0,N,2013-41284
110928,148770,148790,Block,Cycles,204, ,,0,Y,06/24/2013 12:00:00 AM +0000,6/24/2013 4:30:00 PM,1,,Mid-Block (not related to intersection),Daylight,BEACH DR SW BETWEEN SW DOUGLAS PL AND SW GENESEE ST,0,1,,2,3380624,Dry,56,PEDALCYCLIST STRUCK MOTOR VEHICLE LEFT SIDE SIDESWIPE,,9097,0,2,Injury Collision,,45,Bicycle,Matched,N,1,Clear or Partly Cloudy,0,"(47.565371955000046, -122.40757953399998)",4014,0,N,13-220338
110937,148576,148596,Intersection,Cycles,0, ,,0,Y,06/22/2013 12:00:00 AM +0000,6/22/2013 11:35:00 AM,1,26896,At Intersection (intersection related),Daylight,STONE WAY N AND N 34TH ST,0,1,,5,3646103,Dry,18,"MOTOR VEHICLE STRUCK PEDALCYCLIST, FRONT END AT ANGLE",,12955,0,2,Injury Collision,,45,Bicycle,Matched,N,1,Clear or Partly Cloudy,0,"(47.64854072800006, -122.34277540199997)",0,523424,N,13 217270
110940,148572,148592,Intersection,Cycles,0, ,,0,,06/22/2013 12:00:00 AM +0000,6/22/2013 5:12:00 PM,0,25679,At Intersection (intersection related),Daylight,FREMONT AVE N AND N 47TH ST,0,1,,2,3646258,Dry,51,PEDALCYCLIST STRUCK MOTOR VEHICLE FRONT END AT ANGLE,,10500,0,1,Property Damage Only Collision,,45,Bicycle,Matched,N,1,Clear or Partly Cloudy,0,"(47.66287542100008, -122.35002843499996)",8476,0,N,13-217721
110943,148548,148568,Intersection,Cycles,0, ,,0,,08/03/2011 12:00:00 AM +0000,8/3/2011 4:07:00 PM,1,32711,At Intersection (intersection related),Daylight,39TH AVE S AND S GENESEE ST,0,1,,3,3374047,Dry,51,PEDALCYCLIST STRUCK MOTOR VEHICLE FRONT END AT ANGLE,,6016,1,2b,Serious Injury Collision,,45,Bicycle,Matched,N,1,Clear or Partly Cloudy,0,"(47.56413113900004, -122.28388134099998)",0,0,N,2011-252783
110949,144683,144683,Intersection,Cycles,0, ,,0,,04/16/2013 12:00:00 AM +0000,4/16/2013 5:03:00 PM,1,31886,At Intersection (intersection related),Daylight,35TH AVE SW AND SW DAKOTA ST,0,1,Y,2,3465426,Dry,18,"MOTOR VEHICLE STRUCK PEDALCYCLIST, FRONT END AT ANGLE",,5448,0,2,Injury Collision,,45,Bicycle,Matched,N,1,Clear or Partly Cloudy,0,"(47.56648697500003, -122.376186658)",0,0,N,13-127777
110956,144678,144678,Intersection,Cycles,0, ,,0,,04/14/2013 12:00:00 AM +0000,4/14/2013 4:24:00 PM,1,29238,At Intersection (intersection related),Daylight,LAKE WASHINGTON BLVD E AND E MADISON ST,0,1,Y,2,3593288,Dry,18,"MOTOR VEHICLE STRUCK PEDALCYCLIST, FRONT END AT ANGLE",,4786,0,2,Injury Collision,,45,Bicycle,Matched,N,1,Clear or Partly Cloudy,0,"(47.626017801000046, -122.29244003299999)",8965,0,N,13-125324
111065,148015,148035,Block,Cycles,124.5, ,,0,Y,06/07/2013 12:00:00 AM +0000,6/7/2013 11:00:00 PM,0,,Driveway Junction,Dark - Street Lights On,NE 45TH ST BETWEEN 1ST AVE NE AND 2ND AVE NE,0,1,,3,3501752,Dry,51,PEDALCYCLIST STRUCK MOTOR VEHICLE FRONT END AT ANGLE,,16838,0,1,Property Damage Only Collision,,45,Bicycle,Matched,N,1,Clear or Partly Cloudy,0,"(47.661357277000036, -122.32775751099996)",6532,0,N,13-196667
111073,146068,146088,Block,Cycles,127.5, ,,0,,05/13/2013 12:00:00 AM +0000,5/13/2013 12:15:00 PM,1,,Mid-Block (not related to intersection),Daylight,6TH AVE BETWEEN OLIVE WAY AND STEWART ST,0,1,,2,3208670,Wet,56,PEDALCYCLIST STRUCK MOTOR VEHICLE LEFT SIDE SIDESWIPE,,7886,0,2,Injury Collision,,45,Bicycle,Matched,N,1,Raining,0,"(47.61337526800003, -122.33664679399999)",25428,0,N,13-160963
111089,148775,148795,Intersection,Cycles,0, ,,0,,06/24/2013 12:00:00 AM +0000,6/24/2013 11:36:00 PM,1,26071,At Intersection (intersection related),Unknown,20TH AVE NE AND NE 47TH ST,0,1,,4,3551122,Dry,51,PEDALCYCLIST STRUCK MOTOR VEHICLE FRONT END AT ANGLE,,2961,0,2,Injury Collision,,45,Bicycle,Matched,N,1,Clear or Partly Cloudy,0,"(47.663075922000075, -122.30651728899994)",0,0,N,2013-220822
111127,146258,146278,Block,Cycles,237, ,,0,,05/15/2013 12:00:00 AM +0000,5/15/2013 5:53:00 PM,0,,Mid-Block (not related to intersection),Daylight,N 34TH ST BETWEEN STONE WAY N AND N NORTHLAKE PL,0,1,,2,3503049,Wet,56,PEDALCYCLIST STRUCK MOTOR VEHICLE LEFT SIDE SIDESWIPE,,15290,0,1,Property Damage Only Collision,,45,Bicycle,Matched,N,1,Raining,0,"(47.64839598200007, -122.34184053199999)",8864,0,N,2013-163656
111137,146250,146270,Intersection,Cycles,0, ,,0,Y,05/15/2013 12:00:00 AM +0000,5/15/2013,0,34011,At Intersection (intersection related),Unknown,SYLVAN WAY SW AND SW MORGAN W ST,0,1,,2,3465279,Dry,18,"MOTOR VEHICLE STRUCK PEDALCYCLIST, FRONT END AT ANGLE",,4869,0,1,Property Damage Only Collision,,45,Bicycle,Matched,N,1,Clear or Partly Cloudy,0,"(47.54465308200008, -122.37253412799998)",0,613429,N,13 163056
111141,147263,147283,Block,Cycles,331.5, ,,0,,05/29/2013 12:00:00 AM +0000,5/29/2013 3:44:00 PM,0,,Mid-Block (not related to intersection),Daylight,19TH AVE NE BETWEEN NE 80TH ST AND NE 82ND ST,0,1,,2,3641860,Wet,51,PEDALCYCLIST STRUCK MOTOR VEHICLE FRONT END AT ANGLE,,2684,0,1,Property Damage Only Collision,,45,Bicycle,Matched,N,1,Clear or Partly Cloudy,0,"(47.68758264500008, -122.30786836599998)",0,0,N,13-182263
111143,147261,147281,Block,Cycles,345.5, ,,0,,05/29/2013 12:00:00 AM +0000,5/29/2013 6:30:00 AM,1,,Driveway Junction,Daylight,4TH AVE S BETWEEN I90 WB 4TH AV OFF RP AND S ROYAL BROUGHAM WAY,0,1,Y,2,3643935,Wet,51,PEDALCYCLIST STRUCK MOTOR VEHICLE FRONT END AT ANGLE,,6233,0,2,Injury Collision,,45,Bicycle,Matched,N,1,Raining,0,"(47.59334252900004, -122.32904865899997)",0,0,N,2013-181624
111225,146081,146101,Intersection,Cycles,0, ,,0,Y,05/13/2013 12:00:00 AM +0000,5/13/2013,1,29062,At Intersection (intersection related),Unknown,14TH AVE AND E DENNY WAY,0,1,,2,3593914,Dry,51,PEDALCYCLIST STRUCK MOTOR VEHICLE FRONT END AT ANGLE,,1856,0,2,Injury Collision,,45,Bicycle,Matched,N,1,Overcast,0,"(47.618787514000076, -122.31429862199997)",0,0,N,13 160776
111259,146882,146902,Intersection,Cycles,0, ,,0,Y,05/27/2013 12:00:00 AM +0000,5/27/2013 12:25:00 PM,1,29809,At Intersection (intersection related),Daylight,12TH AVE AND E JEFFERSON ST,0,1,,2,3593760,Wet,18,"MOTOR VEHICLE STRUCK PEDALCYCLIST, FRONT END AT ANGLE",,1529,0,2,Injury Collision,,45,Bicycle,Matched,N,1,Raining,0,"(47.60620304500003, -122.31678046599995)",10458,0,N,2013-179177
111276,146495,146515,Intersection,Cycles,0, ,,0,,05/20/2013 12:00:00 AM +0000,5/20/2013 7:20:00 AM,1,24205,At Intersection (intersection related),Daylight,8TH AVE NW AND NW 67TH ST,0,1,Y,2,3609109,Dry,18,"MOTOR VEHICLE STRUCK PEDALCYCLIST, FRONT END AT ANGLE",,8396,0,2,Injury Collision,,45,Bicycle,Matched,N,1,Clear or Partly Cloudy,0,"(47.67777043500007, -122.36602025599996)",2504,0,N,13-169319
111284,146265,146285,Intersection,Cycles,0, ,,0,Y,05/16/2013 12:00:00 AM +0000,5/16/2013 4:20:00 PM,1,30543,At Intersection (intersection related),Daylight,MAYNARD AVE S AND S DEARBORN ST,0,1,Y,2,3581529,Dry,51,PEDALCYCLIST STRUCK MOTOR VEHICLE FRONT END AT ANGLE,,11704,0,2,Injury Collision,,45,Bicycle,Matched,N,1,Clear or Partly Cloudy,0,"(47.59583534300003, -122.32506845099999)",5807,0,N,13-164788
111291,147661,147681,Block,Cycles,230, ,,0,,06/02/2013 12:00:00 AM +0000,6/2/2013 5:20:00 AM,0,,Mid-Block (not related to intersection),Unknown,RAINIER AVE S BETWEEN S FONTANELLE ST AND S AUSTIN ST,0,1,,2,3579437,Unknown,00,NOT ENOUGH INFORMATION / NOT APPLICABLE,,12410,0,1,Property Damage Only Collision,,45,Bicycle,Matched,N,1,Unknown,0,"(47.53530364400007, -122.26998118199998)",0,0,N,2013-187909
111311,147272,147292,Block,Cycles,115, ,,0,,05/29/2013 12:00:00 AM +0000,5/29/2013 9:27:00 AM,1,,Mid-Block (not related to intersection),Daylight,12TH AVE BETWEEN E JAMES CT AND E CHERRY ST,0,1,Y,2,3606233,Wet,51,PEDALCYCLIST STRUCK MOTOR VEHICLE FRONT END AT ANGLE,,1531,0,2,Injury Collision,,45,Bicycle,Matched,N,1,Overcast,0,"(47.607741531000045, -122.31677998999999)",10655,0,N,13-181816
111327,148599,148619,Intersection,Cycles,0, ,,0,,06/22/2013 12:00:00 AM +0000,6/22/2013 8:08:00 PM,1,29161,At Intersection (intersection related),Dusk,SUMMIT AVE E AND E OLIVE WAY,0,1,Y,5,3552083,Dry,18,"MOTOR VEHICLE STRUCK PEDALCYCLIST, FRONT END AT ANGLE",,12991,0,2,Injury Collision,,45,Bicycle,Matched,Y,1,Clear or Partly Cloudy,0,"(47.61889599600005, -122.32528836099999)",23263,0,N,2013-217854
111348,148219,148239,Block,Cycles,384.5, ,,0,,06/15/2013 12:00:00 AM +0000,6/15/2013 9:27:00 AM,1,,Mid-Block (not related to intersection),Daylight,SHILSHOLE AVE NW BETWEEN 20TH AVE NW AND NW VERNON PL,0,1,,2,3646433,Dry,18,"MOTOR VEHICLE STRUCK PEDALCYCLIST, FRONT END AT ANGLE",,12830,0,2,Injury Collision,,45,Bicycle,Matched,N,1,Clear or Partly Cloudy,0,"(47.665083726000034, -122.38310489199995)",17202,0,N,13-207540
111350,148032,148052,Intersection,Cycles,0, ,,0,,06/11/2013 12:00:00 AM +0000,6/11/2013 6:13:00 PM,2,29675,At Intersection (intersection related),Daylight,3RD AVE AND VINE ST,0,1,,2,3572989,Dry,18,"MOTOR VEHICLE STRUCK PEDALCYCLIST, FRONT END AT ANGLE",,4393,0,2,Injury Collision,,45,Bicycle,Matched,N,1,Clear or Partly Cloudy,0,"(47.61657884200008, -122.34796376599996)",35620,0,N,13-202125