OBJECTID,INCKEY,COLDETKEY,ADDRTYPE,COLLISIONTYPE,DISTANCE,EXCEPTRSNCODE,EXCEPTRSNDESC,FATALITIES,INATTENTIONIND,INCDATE,INCDTTM,INJURIES,INTKEY,JUNCTIONTYPE,LIGHTCOND,LOCATION,PEDCOUNT,PEDCYLCOUNT,PEDROWNOTGRNT,PERSONCOUNT,REPORTNO,ROADCOND,SDOT_COLCODE,SDOT_COLDESC,SDOTCOLNUM,SEGKEY,SERIOUSINJURIES,SEVERITYCODE,SEVERITYDESC,SPEEDING,ST_COLCODE,ST_COLDESC,STATUS,UNDERINFL,VEHCOUNT,WEATHER,WIDTH,Shape,SEGLANEKEY,CROSSWALKKEY,HITPARKEDCAR,SPDCASENO
111365,146268,146288,Intersection,Cycles,0, ,,0,Y,05/16/2013 12:00:00 AM +0000,5/16/2013 1:05:00 PM,1,30851,At Intersection (intersection related),Daylight,LAKE PARK DR S AND LAKE WASHINGTON BLVD S,0,1,,2,3548391,Dry,18,"MOTOR VEHICLE STRUCK PEDALCYCLIST, FRONT END AT ANGLE",,11193,1,2b,Serious Injury Collision,,45,Bicycle,Matched,N,1,Clear or Partly Cloudy,0,"(47.58295465400005, -122.28765893499997)",38003,0,N,13 164549
111396,148606,148626,Intersection,Cycles,0, ,,0,,06/19/2013 12:00:00 AM +0000,6/19/2013 8:00:00 AM,1,32155,At Intersection (intersection related),Daylight,EAST MARGINAL WAY S AND S HORTON ST,0,1,,2,3465505,Unknown,51,PEDALCYCLIST STRUCK MOTOR VEHICLE FRONT END AT ANGLE,,14386,1,2b,Serious Injury Collision,,45,Bicycle,Matched,N,1,Unknown,0,"(47.574388440000064, -122.33993395799996)",4642,0,N,2013-214726
111402,146895,146915,Intersection,Cycles,0, ,,0,,05/16/2013 12:00:00 AM +0000,5/16/2013 5:29:00 PM,1,36192,At Intersection (intersection related),Daylight,35TH AVE NE AND NE 125TH ST,0,1,,2,3502786,Dry,18,"MOTOR VEHICLE STRUCK PEDALCYCLIST, FRONT END AT ANGLE",,5396,0,2,Injury Collision,,45,Bicycle,Matched,N,1,Clear or Partly Cloudy,0,"(47.71925343700008, -122.29078406199994)",0,521432,N,13-164848
111414,146714,146734,Block,Cycles,216.5, ,,0,Y,05/20/2013 12:00:00 AM +0000,5/20/2013 5:43:00 PM,0,,Mid-Block (not related to intersection),Daylight,1ST AVE BETWEEN BROAD ST AND EAGLE ST,1,1,,3,3581636,Dry,64,PEDALCYCLIST STRUCK PEDESTRIAN,,1021,0,1,Property Damage Only Collision,,45,Bicycle,Matched,N,1,Clear or Partly Cloudy,0,"(47.61730797700005, -122.35316711799999)",13275,0,N,13-170038
111482,147277,147297,Block,Cycles,242, ,,0,,05/29/2013 12:00:00 AM +0000,5/29/2013 6:21:00 PM,1,,Mid-Block (not related to intersection),Daylight,12TH AVE BETWEEN E SPRING ST AND E MADISON ST,0,1,Y,2,3551860,Dry,51,PEDALCYCLIST STRUCK MOTOR VEHICLE FRONT END AT ANGLE,,1535,0,2,Injury Collision,,45,Bicycle,Matched,N,1,Clear or Partly Cloudy,0,"(47.61222458800006, -122.31675618699995)",10751,0,N,13-182476
111554,146108,146128,Intersection,Cycles,0, ,,0,,05/08/2013 12:00:00 AM +0000,5/8/2013 9:25:00 PM,0,35158,At Intersection (intersection related),Unknown,5TH AVE S AND S CLOVERDALE ST,0,1,,2,2804377,Dry,18,"MOTOR VEHICLE STRUCK PEDALCYCLIST, FRONT END AT ANGLE",,7384,0,1,Property Damage Only Collision,,45,Bicycle,Matched,N,1,Clear or Partly Cloudy,0,"(47.52648114400006, -122.32819875799998)",33763,0,N,13-155176
111591,147098,147118,Intersection,Cycles,0, ,,0,,10/16/2012 12:00:00 AM +0000,10/16/2012 6:43:00 PM,1,34946,At Intersection (intersection related),Dark - Street Lights On,34TH AVE SW AND SW BARTON ST,0,1,,7,3505262,Dry,51,PEDALCYCLIST STRUCK MOTOR VEHICLE FRONT END AT ANGLE,,5304,0,2,Injury Collision,,45,Bicycle,Matched,N,1,Clear or Partly Cloudy,0,"(47.52106402900006, -122.37540298999994)",0,0,N,2012-355052
111632,148249,148269,Block,Cycles,161, ,,0,,06/13/2013 12:00:00 AM +0000,6/13/2013 10:20:00 AM,1,,Driveway Junction,Daylight,STEWART ST BETWEEN TERRY AVE AND BOREN AVE,0,1,,2,3548997,Dry,18,"MOTOR VEHICLE STRUCK PEDALCYCLIST, FRONT END AT ANGLE",,12907,0,2,Injury Collision,,45,Bicycle,Matched,N,1,Clear or Partly Cloudy,0,"(47.61661180900006, -122.33314897999998)",0,0,N,13-204503
111654,146115,146135,Block,Cycles,334, ,,0,,05/14/2013 12:00:00 AM +0000,5/14/2013 8:59:00 AM,1,,Mid-Block (not related to intersection),Daylight,DELRIDGE WAY SW BETWEEN SW GENESEE ST AND SW OREGON ST,0,1,Y,2,3465501,Dry,18,"MOTOR VEHICLE STRUCK PEDALCYCLIST, FRONT END AT ANGLE",,9962,0,2,Injury Collision,,45,Bicycle,Matched,N,1,Clear or Partly Cloudy,0,"(47.56381410100005, -122.36333747999998)",22916,0,N,13-161933
111659,146111,146131,Intersection,Cycles,0, ,,0,Y,05/14/2013 12:00:00 AM +0000,5/14/2013 4:38:00 PM,1,27013,At Intersection (intersection related),Daylight,PHINNEY AVE N AND N 39TH ST,0,1,Y,2,3641854,Dry,18,"MOTOR VEHICLE STRUCK PEDALCYCLIST, FRONT END AT ANGLE",,12133,0,2,Injury Collision,,45,Bicycle,Matched,N,1,Clear or Partly Cloudy,0,"(47.654151968000065, -122.35446577199997)",27012,0,N,13-162381
111675,146306,146326,Intersection,Cycles,0, ,,0,,04/25/2013 12:00:00 AM +0000,4/25/2013 3:45:00 PM,1,287164,At Intersection (intersection related),Daylight,30TH AVE NE AND BURKE GILMAN TRL,0,1,,2,3501658,Dry,18,"MOTOR VEHICLE STRUCK PEDALCYCLIST, FRONT END AT ANGLE",,287208,0,2,Injury Collision,,45,Bicycle,Matched,N,1,Clear or Partly Cloudy,0,"(47.66444733600008, -122.29561786299996)",0,525568,N,13-138638
111686,146302,146322,Block,Cycles,213, ,,0,Y,05/15/2013 12:00:00 AM +0000,5/15/2013 7:15:00 AM,2,,Driveway Junction,Daylight,2ND AVE BETWEEN UNION ST AND PIKE ST,0,2,,3,3550108,Dry,18,"MOTOR VEHICLE STRUCK PEDALCYCLIST, FRONT END AT ANGLE",,2757,0,2,Injury Collision,,45,Bicycle,Matched,N,1,Clear or Partly Cloudy,0,"(47.60878749200003, -122.33844845799996)",12168,0,N,2013-162992
111692,146299,146319,Block,Cycles,242, ,,0,,05/16/2013 12:00:00 AM +0000,5/16/2013 8:50:00 AM,1,,Mid-Block (not related to intersection),Daylight,12TH AVE BETWEEN E SPRING ST AND E MADISON ST,0,1,,2,3593682,Dry,56,PEDALCYCLIST STRUCK MOTOR VEHICLE LEFT SIDE SIDESWIPE,,1535,0,2,Injury Collision,,45,Bicycle,Matched,N,1,Overcast,0,"(47.61222458800006, -122.31675618699995)",10747,0,N,13-164288
111693,148634,148654,Block,Cycles,175.5, ,,0,,10/27/2012 12:00:00 AM +0000,10/27/2012 6:03:00 AM,1,,Mid-Block (not related to intersection),Dark - Street Lights On,NE 75TH ST BETWEEN 27TH AVE NE AND 28TH AVE NE,0,1,,2,3508315,Wet,54,PEDALCYCLIST STRUCK MOTOR VEHICLE REAR END,,17526,0,2,Injury Collision,,45,Bicycle,Matched,N,1,Raining,0,"(47.68304737700004, -122.29791416299997)",40936,0,N,2012-368231
111709,147106,147126,Block,Cycles,332.5, ,,0,,10/09/2012 12:00:00 AM +0000,10/9/2012 2:25:00 PM,1,,Mid-Block (not related to intersection),Daylight,UNIVERSITY WAY NE BETWEEN NE 45TH ST AND NE 47TH ST,0,1,,2,3504746,Dry,22,"MOTOR VEHICLE STRUCK PEDALCYCLIST, RIGHT SIDE SIDESWIPE",,13222,0,2,Injury Collision,,45,Bicycle,Matched,N,1,Clear or Partly Cloudy,0,"(47.662179209000044, -122.31311572699997)",5645,0,N,2012-345868
111731,146541,146561,Block,Cycles,213, ,,0,Y,05/20/2013 12:00:00 AM +0000,5/20/2013 6:00:00 PM,1,,Mid-Block (not related to intersection),Daylight,13TH AVE BETWEEN E COLUMBIA ST AND E MARION ST,0,1,,2,3606201,Dry,56,PEDALCYCLIST STRUCK MOTOR VEHICLE LEFT SIDE SIDESWIPE,,1734,0,2,Injury Collision,,45,Bicycle,Matched,N,1,Clear or Partly Cloudy,0,"(47.60980405300006, -122.31544538499998)",0,0,N,13-170080
111771,147317,147337,Block,Cycles,1967, ,,1,,05/30/2013 12:00:00 AM +0000,5/30/2013 6:48:00 AM,0,,Mid-Block (not related to intersection),Daylight,AIRPORT WAY S BETWEEN CITY LIMITS C AND S NORFOLK ST,0,1,,2,3502170,Dry,21,"MOTOR VEHICLE STRUCK PEDALCYCLIST, REAR END",,8702,0,3,Fatality Collision,,45,Bicycle,Matched,N,1,Overcast,0,"(47.51412594400006, -122.28840763199997)",19366,0,N,2013-183176
111775,148660,148680,Block,Cycles,312.5, ,,0,,06/22/2013 12:00:00 AM +0000,6/22/2013 12:40:00 PM,1,,Driveway Junction,Daylight,30TH AVE NE BETWEEN NE 107TH ST AND NE 110TH ST,0,1,,2,3502841,Dry,51,PEDALCYCLIST STRUCK MOTOR VEHICLE FRONT END AT ANGLE,,4627,0,2,Injury Collision,,45,Bicycle,Matched,N,1,Clear or Partly Cloudy,0,"(47.707541992000074, -122.29622749299995)",33486,0,N,13-217328
111830,146121,146141,Intersection,Cycles,0, ,,0,,05/14/2013 12:00:00 AM +0000,5/14/2013 5:23:00 PM,1,26675,At Intersection (intersection related),Daylight,3RD AVE NW AND NW 39TH ST,0,1,Y,2,3503048,Dry,18,"MOTOR VEHICLE STRUCK PEDALCYCLIST, FRONT END AT ANGLE",,4434,0,2,Injury Collision,,45,Bicycle,Matched,N,1,Clear or Partly Cloudy,0,"(47.65414464000003, -122.36083823399997)",0,0,N,2013-162423
111892,147326,147346,Intersection,Cycles,0, ,,0,,06/01/2013 12:00:00 AM +0000,6/1/2013 7:21:00 AM,1,29579,At Intersection (intersection related),Daylight,4TH AVE AND PINE ST,0,1,,2,3503942,Dry,18,"MOTOR VEHICLE STRUCK PEDALCYCLIST, FRONT END AT ANGLE",,6133,0,2,Injury Collision,,45,Bicycle,Matched,N,1,Clear or Partly Cloudy,0,"(47.61120737300007, -122.33759198199999)",23687,0,N,13-186417
111894,147324,147344,Intersection,Cycles,0, ,,0,,05/30/2013 12:00:00 AM +0000,5/30/2013 3:00:00 PM,1,27070,At Intersection (intersection related),Daylight,7TH AVE NE AND NE 45TH ST,0,1,Y,2,3503274,Dry,18,"MOTOR VEHICLE STRUCK PEDALCYCLIST, FRONT END AT ANGLE",,8174,0,2,Injury Collision,,45,Bicycle,Matched,N,1,Clear or Partly Cloudy,0,"(47.661319003000074, -122.32072786099997)",0,522069,N,2013 183858
111903,147887,147907,Block,Cycles,213, ,,0,,06/05/2013 12:00:00 AM +0000,6/5/2013 5:46:00 PM,2,,Mid-Block (not related to intersection),Daylight,2ND AVE BETWEEN BLANCHARD ST AND BELL ST,0,1,,3,3573129,Dry,55,PEDALCYCLIST STRUCK MOTOR VEHICLE RIGHT SIDE SIDESWIPE,,2763,0,2,Injury Collision,,45,Bicycle,Matched,Y,1,Clear or Partly Cloudy,0,"(47.61365459900003, -122.34500193399998)",12217,0,N,2013-193134
111918,148265,148285,Block,Cycles,922.5, ,,0,Y,06/16/2013 12:00:00 AM +0000,6/16/2013 11:40:00 AM,1,,Driveway Junction,Daylight,HARBOR AVE SW BETWEEN SW HARBOR LN AND SW SPOKANE NR ST,0,1,,2,3465456,Dry,51,PEDALCYCLIST STRUCK MOTOR VEHICLE FRONT END AT ANGLE,,10821,0,2,Injury Collision,,45,Bicycle,Matched,N,1,Clear or Partly Cloudy,0,"(47.574311359000035, -122.37093230899995)",0,0,N,13-209127
111964,148668,148688,Intersection,Cycles,0, ,,0,,06/24/2013 12:00:00 AM +0000,6/24/2013 2:18:00 PM,1,25940,At Intersection (intersection related),Daylight,25TH AVE NE AND NE 54TH ST,0,1,,3,3641867,Dry,18,"MOTOR VEHICLE STRUCK PEDALCYCLIST, FRONT END AT ANGLE",,3724,0,2,Injury Collision,,45,Bicycle,Matched,N,1,Clear or Partly Cloudy,0,"(47.66797835300008, -122.30061611399998)",0,0,N,13-220144
111976,146135,146155,Block,Cycles,95.5, ,,0,,05/12/2013 12:00:00 AM +0000,5/12/2013,1,,Mid-Block (not related to intersection),Unknown,EAST GREEN LAKE WAY N BETWEEN 4TH AVE NE AND NE RAVENNA SR BV,1,1,,2,3503268,Dry,00,NOT ENOUGH INFORMATION / NOT APPLICABLE,,14083,0,2,Injury Collision,,45,Bicycle,Matched,N,0,Overcast,0,"(47.67871258200006, -122.32652875699995)",7410,0,N,2013 159890
112011,146336,146356,Intersection,Cycles,0, ,,0,,05/18/2013 12:00:00 AM +0000,5/18/2013 10:57:00 AM,1,38385,At Intersection (intersection related),Daylight,56TH AVE S AND S AVON ST,0,1,Y,2,3579281,Dry,51,PEDALCYCLIST STRUCK MOTOR VEHICLE FRONT END AT ANGLE,,7755,0,2,Injury Collision,,45,Bicycle,Matched,N,1,Overcast,0,"(47.50134658600007, -122.26239735699994)",0,0,N,13-166945
112038,147335,147355,Intersection,Cycles,0, ,,0,,06/02/2013 12:00:00 AM +0000,6/2/2013 6:31:00 PM,1,35826,At Intersection (intersection related),Daylight,LINDEN AVE N AND N 130TH ST,0,1,Y,2,3641677,Dry,18,"MOTOR VEHICLE STRUCK PEDALCYCLIST, FRONT END AT ANGLE",,11453,0,2,Injury Collision,,45,Bicycle,Matched,N,1,Clear or Partly Cloudy,0,"(47.72321837800007, -122.34819529899994)",0,523683,N,13-188564
112042,147712,147732,Intersection,Cycles,0, ,,0,Y,06/05/2013 12:00:00 AM +0000,6/5/2013 7:35:00 AM,1,34187,At Intersection (intersection related),Daylight,CORSON AVE S AND EAST MARGINAL WAY S,0,1,,2,3579418,Dry,51,PEDALCYCLIST STRUCK MOTOR VEHICLE FRONT END AT ANGLE,,14413,0,2,Injury Collision,,45,Bicycle,Matched,N,1,Clear or Partly Cloudy,0,"(47.54051322000004, -122.32368438399999)",1200,0,N,13-19345
112078,148110,148130,Intersection,Cycles,0, ,,0,Y,06/13/2013 12:00:00 AM +0000,6/13/2013 8:35:00 PM,1,29015,At Intersection (intersection related),Daylight,12TH AVE E AND E REPUBLICAN ST,0,1,,3,3606339,Dry,18,"MOTOR VEHICLE STRUCK PEDALCYCLIST, FRONT END AT ANGLE",,1554,0,2,Injury Collision,,45,Bicycle,Matched,N,1,Clear or Partly Cloudy,0,"(47.62311417900003, -122.31675474899998)",10938,0,N,2013-205248
112126,148675,148695,Intersection,Cycles,0, ,,0,,06/21/2013 12:00:00 AM +0000,6/21/2013 5:55:00 PM,1,29703,At Intersection (intersection related),Daylight,1ST AVE AND BLANCHARD ST,0,1,,2,3574701,Dry,18,"MOTOR VEHICLE STRUCK PEDALCYCLIST, FRONT END AT ANGLE",,1014,0,2,Injury Collision,,45,Bicycle,Matched,N,1,Clear or Partly Cloudy,0,"(47.61260645700003, -122.34521327099998)",13231,0,N,13-216236
112190,147715,147735,Intersection,Cycles,0, ,,0,,06/04/2013 12:00:00 AM +0000,6/4/2013 2:30:00 PM,1,33334,At Intersection (intersection related),Daylight,BEACON WR AVE S AND S DAWSON ST,0,1,,4,3579416,Dry,18,"MOTOR VEHICLE STRUCK PEDALCYCLIST, FRONT END AT ANGLE",,9133,0,2,Injury Collision,,45,Bicycle,Matched,N,1,Clear or Partly Cloudy,0,"(47.555915723000055, -122.30353585299997)",0,630862,N,2013-191724
112223,145822,145842,Intersection,Cycles,0, ,,0,Y,05/06/2013 12:00:00 AM +0000,5/6/2013 9:45:00 AM,1,26886,At Intersection (intersection related),Daylight,STONE WAY N AND N 36TH ST,0,1,,2,3612892,Dry,51,PEDALCYCLIST STRUCK MOTOR VEHICLE FRONT END AT ANGLE,,12957,0,2,Injury Collision,,45,Bicycle,Matched,N,1,Clear or Partly Cloudy,0,"(47.650533523000036, -122.34267836099997)",6292,0,N,13-151763
112284,146778,146798,Intersection,Cycles,0, ,,0,,05/22/2013 12:00:00 AM +0000,5/22/2013 3:40:00 PM,1,27153,At Intersection (intersection related),Daylight,EASTLAKE AVE E AND FUHRMAN AVE E,0,1,,2,3476566,Dry,23,"MOTOR VEHICLE STRUCK PEDALCYCLIST, LEFT SIDE SIDESWIPE",,10579,0,2,Injury Collision,,45,Bicycle,Matched,N,1,Overcast,0,"(47.65157827200005, -122.32127525699997)",15459,0,N,13-172558
112294,145987,146007,Intersection,Cycles,0, ,,0,,05/10/2013 12:00:00 AM +0000,5/10/2013 5:42:00 PM,1,29603,At Intersection (intersection related),Daylight,2ND AVE AND UNIVERSITY ST,0,1,Y,2,3573552,Dry,18,"MOTOR VEHICLE STRUCK PEDALCYCLIST, FRONT END AT ANGLE",,2756,0,2,Injury Collision,,45,Bicycle,Matched,N,1,Clear or Partly Cloudy,0,"(47.60729905800008, -122.33708679799997)",12162,0,N,13-157588
112303,147726,147746,Intersection,Cycles,0, ,,0,,06/05/2013 12:00:00 AM +0000,6/5/2013 9:03:00 AM,1,29734,At Intersection (intersection related),Daylight,BOYLSTON AVE AND E PINE ST,0,1,Y,2,3476748,Dry,18,"MOTOR VEHICLE STRUCK PEDALCYCLIST, FRONT END AT ANGLE",,9375,0,2,Injury Collision,,45,Bicycle,Matched,N,1,Clear or Partly Cloudy,0,"(47.61523114200003, -122.32341547099998)",10374,0,N,2013-192451
112308,147724,147744,Intersection,Cycles,0, ,,0,,06/05/2013 12:00:00 AM +0000,6/5/2013 8:36:00 AM,1,32505,At Intersection (intersection related),Daylight,M L KING JR WR WAY S AND S ALASKA ST,0,1,Y,15,3502199,Dry,00,NOT ENOUGH INFORMATION / NOT APPLICABLE,,11539,0,2,Injury Collision,,45,Bicycle,Matched,N,1,Clear or Partly Cloudy,0,"(47.560821436000026, -122.29351188599998)",0,524847,N,13-192417
112309,147723,147743,Intersection,Cycles,0, ,,0,Y,06/03/2013 12:00:00 AM +0000,6/3/2013 9:30:00 AM,1,26896,At Intersection (intersection related),Daylight,STONE WAY N AND N 34TH ST,0,1,,2,3503275,Dry,51,PEDALCYCLIST STRUCK MOTOR VEHICLE FRONT END AT ANGLE,,12955,0,2,Injury Collision,,45,Bicycle,Matched,N,1,Clear or Partly Cloudy,0,"(47.64854072800006, -122.34277540199997)",8843,0,N,2013-191485
112341,147174,147194,Block,Cycles,331.5, ,,0,,10/03/2012 12:00:00 AM +0000,10/3/2012 2:38:00 PM,0,,Mid-Block (not related to intersection),Daylight,AURORA AVE N BETWEEN N 135TH ST AND N 137TH ST,0,1,Y,2,3504697,Dry,18,"MOTOR VEHICLE STRUCK PEDALCYCLIST, FRONT END AT ANGLE",,8996,0,1,Property Damage Only Collision,,45,Bicycle,Matched,N,1,Clear or Partly Cloudy,0,"(47.72776724800008, -122.34502702499998)",0,0,N,2012-337811
112366,148460,148480,Intersection,Cycles,0, ,,0,Y,06/20/2013 12:00:00 AM +0000,6/20/2013 6:36:00 PM,1,36527,At Intersection (intersection related),Unknown,ROOSEVELT WAY NE AND NE 105TH ST,0,1,Y,2,3646252,Wet,51,PEDALCYCLIST STRUCK MOTOR VEHICLE FRONT END AT ANGLE,,12651,1,2b,Serious Injury Collision,,45,Bicycle,Matched,N,1,Raining,0,"(47.70492007900003, -122.31779966899995)",7573,0,N,2013-214967
112368,148459,148479,Intersection,Cycles,0, ,,0,,06/20/2013 12:00:00 AM +0000,6/20/2013 4:30:00 PM,1,37407,At Intersection (intersection related),Daylight,FREMONT AVE N AND N 100TH ST,0,1,,5,3646276,Wet,51,PEDALCYCLIST STRUCK MOTOR VEHICLE FRONT END AT ANGLE,,10543,0,2,Injury Collision,,45,Bicycle,Matched,N,1,Raining,0,"(47.70144567700004, -122.35003997299998)",0,0,N,13-214839
112457,147359,147379,Intersection,Cycles,0, ,,0,,06/02/2013 12:00:00 AM +0000,6/2/2013 3:52:00 PM,1,29570,At Intersection (intersection related),Daylight,AURORA SB AVE N AND DENNY WAY,0,1,,2,3573328,Dry,18,"MOTOR VEHICLE STRUCK PEDALCYCLIST, FRONT END AT ANGLE",,9006,0,2,Injury Collision,,45,Bicycle,Matched,N,1,Clear or Partly Cloudy,0,"(47.61855574900005, -122.34376188299996)",0,521699,N,13-188425
112492,147939,147959,Intersection,Cycles,0, ,,0,,06/10/2013 12:00:00 AM +0000,6/10/2013 8:36:00 AM,1,29536,At Intersection (intersection related),Daylight,7TH AVE AND LENORA ST,0,1,,2,3506055,Dry,51,PEDALCYCLIST STRUCK MOTOR VEHICLE FRONT END AT ANGLE,,8164,0,2,Injury Collision,,45,Bicycle,Matched,N,1,Clear or Partly Cloudy,0,"(47.61582545500005, -122.33875323399997)",13747,0,N,13-199889
112558,146411,146431,Block,Cycles,516, ,,0,,05/16/2013 12:00:00 AM +0000,5/16/2013 6:38:00 PM,1,,Mid-Block (not related to intersection),Daylight,UNIVERSITY BR BETWEEN POINT B AND EASTLAKE AVE NE,0,1,,4,3503269,Dry,18,"MOTOR VEHICLE STRUCK PEDALCYCLIST, FRONT END AT ANGLE",,13191,0,2,Injury Collision,,45,Bicycle,Matched,N,1,Clear or Partly Cloudy,0,"(47.654215958000066, -122.31923589299998)",11649,0,N,2013-164913
112569,146991,147011,Block,Cycles,332.5, ,,0,,05/28/2013 12:00:00 AM +0000,5/28/2013 12:30:00 PM,1,,Mid-Block (not related to intersection),Daylight,BROOKLYN AVE NE BETWEEN NE 45TH ST AND NE 47TH ST,0,1,,2,3641580,Dry,56,PEDALCYCLIST STRUCK MOTOR VEHICLE LEFT SIDE SIDESWIPE,,9482,0,2,Injury Collision,,45,Bicycle,Matched,N,1,Clear or Partly Cloudy,0,"(47.66218694400004, -122.31426195299997)",31456,0,N,13-180568
112686,148141,148161,Block,Cycles,130.5, ,,0,,06/07/2013 12:00:00 AM +0000,6/7/2013 1:39:00 PM,1,,Mid-Block (not related to intersection),Daylight,E PINE ST BETWEEN SUMMIT AVE AND BELMONT AVE,0,1,,2,3606330,Dry,11,"MOTOR VEHICLE STRUCK MOTOR VEHICLE, FRONT END AT ANGLE",,14630,0,2,Injury Collision,Y,45,Bicycle,Matched,N,1,Clear or Partly Cloudy,0,"(47.61522186600007, -122.32500275399997)",10354,0,N,2013-195799
112774,147197,147217,Intersection,Cycles,0, ,,0,,05/29/2013 12:00:00 AM +0000,5/29/2013 7:00:00 PM,1,287172,At Intersection (intersection related),Daylight,BURKE GILMAN TRL AND NE 70TH ST,0,1,,2,3608883,Dry,51,PEDALCYCLIST STRUCK MOTOR VEHICLE FRONT END AT ANGLE,,287216,0,2,Injury Collision,,45,Bicycle,Matched,N,1,Overcast,0,"(47.679372199000056, -122.26531461999997)",0,524581,N,13-182517
112777,147006,147026,Block,Cycles,503.5, ,,0,Y,05/25/2013 12:00:00 AM +0000,5/25/2013 9:18:00 AM,1,,Mid-Block (not related to intersection),Daylight,SW BARTON ST BETWEEN 26TH AVE SW AND 29TH AVE SW,1,1,,2,3465281,Dry,00,NOT ENOUGH INFORMATION / NOT APPLICABLE,,21846,1,2b,Serious Injury Collision,,45,Bicycle,Matched,N,0,Clear or Partly Cloudy,0,"(47.52103009700005, -122.36792955699997)",0,0,N,13-176461
112778,147005,147025,Intersection,Cycles,0, ,,0,,03/08/2011 12:00:00 AM +0000,3/8/2011 4:05:00 PM,1,27041,At Intersection (intersection related),Daylight,ALBION PL N AND N 34TH ST,0,1,Y,2,3565087,Dry,18,"MOTOR VEHICLE STRUCK PEDALCYCLIST, FRONT END AT ANGLE",,8774,0,2,Injury Collision,,45,Bicycle,Matched,Y,1,Clear or Partly Cloudy,0,"(47.64884179300003, -122.34476587499995)",0,0,N,11 77627
112873,145867,145887,Intersection,Cycles,0, ,,0,,05/04/2013 12:00:00 AM +0000,5/4/2013,1,30851,At Intersection (intersection related),Unknown,LAKE PARK DR S AND LAKE WASHINGTON BLVD S,0,1,Y,3,3344447,Dry,18,"MOTOR VEHICLE STRUCK PEDALCYCLIST, FRONT END AT ANGLE",,11193,0,2,Injury Collision,,45,Bicycle,Matched,N,1,Clear or Partly Cloudy,0,"(47.58295465400005, -122.28765893499997)",38003,0,N,13 149135
112965,147977,147997,Block,Cycles,363.5, ,,0,Y,06/11/2013 12:00:00 AM +0000,6/11/2013 12:33:00 PM,1,,Driveway Junction,Daylight,ELLIOTT AVE W BETWEEN W HARRISON ST AND 6TH AVE W,0,1,,2,3572987,Dry,18,"MOTOR VEHICLE STRUCK PEDALCYCLIST, FRONT END AT ANGLE",,10216,0,2,Injury Collision,,45,Bicycle,Matched,N,1,Overcast,0,"(47.622913469000025, -122.36362334799998)",19202,0,N,2013-201707
112978,146039,146059,Block,Cycles,127.5, ,,0,,05/12/2013 12:00:00 AM +0000,5/12/2013 1:43:00 AM,0,,Mid-Block (not related to intersection),Dark - Street Lights On,NE 50TH ST BETWEEN 9TH AVE NE AND ROOSEVELT WAY NE,0,1,,2,3613512,Dry,21,"MOTOR VEHICLE STRUCK PEDALCYCLIST, REAR END",,16929,0,1,Property Damage Only Collision,,45,Bicycle,Matched,N,1,Clear or Partly Cloudy,0,"(47.664940743000045, -122.31792288099996)",21448,0,N,13-159563
113000,148523,148543,Intersection,Cycles,0, ,,0,,06/20/2013 12:00:00 AM +0000,6/20/2013 6:33:00 PM,0,30501,At Intersection (intersection related),Daylight,5TH AVE S AND S MAIN ST,0,1,,2,2618873,Wet,18,"MOTOR VEHICLE STRUCK PEDALCYCLIST, FRONT END AT ANGLE",,7358,0,1,Property Damage Only Collision,,45,Bicycle,Matched,N,1,Raining,0,"(47.60003407600004, -122.32766333399996)",35996,0,N,13-214964
113001,148522,148542,Intersection,Cycles,0, ,,0,,06/19/2013 12:00:00 AM +0000,6/19/2013 6:06:00 PM,1,29928,At Intersection (intersection related),Daylight,6TH AVE AND SENECA ST,0,1,,3,3465771,Dry,51,PEDALCYCLIST STRUCK MOTOR VEHICLE FRONT END AT ANGLE,,7879,0,2,Injury Collision,,45,Bicycle,Matched,N,1,Overcast,0,"(47.60844356500007, -122.33199536299998)",36492,0,N,13-213494
113027,146455,146475,Intersection,Cycles,0, ,,0,Y,05/19/2013 12:00:00 AM +0000,5/19/2013 4:30:00 PM,1,275586,At Intersection (intersection related),Daylight,GREENWOOD AVE N AND PHINNEY AVE N,0,1,,4,3641803,Dry,56,PEDALCYCLIST STRUCK MOTOR VEHICLE LEFT SIDE SIDESWIPE,,10734,0,2,Injury Collision,,45,Bicycle,Matched,N,1,Clear or Partly Cloudy,0,"(47.67789543500004, -122.35517069999997)",4303,0,N,2013-168610
113138,148336,148356,Block,Cycles,213, ,,0,,06/19/2013 12:00:00 AM +0000,6/19/2013 8:25:00 AM,1,,Mid-Block (not related to intersection),Daylight,5TH AVE BETWEEN UNIVERSITY ST AND UNION ST,0,1,,2,3549119,Dry,55,PEDALCYCLIST STRUCK MOTOR VEHICLE RIGHT SIDE SIDESWIPE,,7233,0,2,Injury Collision,,45,Bicycle,Matched,N,1,Clear or Partly Cloudy,0,"(47.609187847000044, -122.33421014599998)",24889,0,N,
113139,148332,148352,Block,Cycles,213, ,,0,,06/19/2013 12:00:00 AM +0000,6/19/2013 5:53:00 PM,1,,Driveway Junction,Daylight,BOREN AVE BETWEEN PINE ST AND OLIVE WAY,0,1,Y,2,3574927,Dry,18,"MOTOR VEHICLE STRUCK PEDALCYCLIST, FRONT END AT ANGLE",,9320,0,2,Injury Collision,,45,Bicycle,Matched,N,1,Overcast,0,"(47.61495247200003, -122.33027463099995)",0,0,N,2013-213477