OBJECTID,INCKEY,COLDETKEY,ADDRTYPE,COLLISIONTYPE,DISTANCE,EXCEPTRSNCODE,EXCEPTRSNDESC,FATALITIES,INATTENTIONIND,INCDATE,INCDTTM,INJURIES,INTKEY,JUNCTIONTYPE,LIGHTCOND,LOCATION,PEDCOUNT,PEDCYLCOUNT,PEDROWNOTGRNT,PERSONCOUNT,REPORTNO,ROADCOND,SDOT_COLCODE,SDOT_COLDESC,SDOTCOLNUM,SEGKEY,SERIOUSINJURIES,SEVERITYCODE,SEVERITYDESC,SPEEDING,ST_COLCODE,ST_COLDESC,STATUS,UNDERINFL,VEHCOUNT,WEATHER,WIDTH,Shape,SEGLANEKEY,CROSSWALKKEY,HITPARKEDCAR,SPDCASENO
113145,146686,146706,Intersection,Cycles,0, ,,0,,05/17/2013 12:00:00 AM +0000,5/17/2013 4:35:00 PM,1,27105,At Intersection (intersection related),Daylight,UNIVERSITY WAY NE AND NE 41ST ST,0,1,Y,4,3501665,Dry,18,"MOTOR VEHICLE STRUCK PEDALCYCLIST, FRONT END AT ANGLE",,13219,0,2,Injury Collision,,45,Bicycle,Matched,N,1,Clear or Partly Cloudy,0,"(47.656834220000064, -122.31324600799996)",5667,0,N,13-165972
113152,146679,146699,Intersection,Cycles,0, ,,0,Y,05/22/2013 12:00:00 AM +0000,5/22/2013 9:06:00 AM,1,26775,At Intersection (intersection related),Daylight,15TH AV W SB OFF RP AND W DRAVUS ST,0,1,,2,3644256,Wet,51,PEDALCYCLIST STRUCK MOTOR VEHICLE FRONT END AT ANGLE,,2206,0,2,Injury Collision,,45,Bicycle,Matched,N,1,Raining,0,"(47.64847281700003, -122.37675943099998)",29994,0,N,2013-172104
113158,146460,146480,Block,Cycles,127.5, ,,0,Y,05/20/2013 12:00:00 AM +0000,5/20/2013 6:29:00 PM,1,,Mid-Block (not related to intersection),Daylight,6TH AVE BETWEEN OLIVE WAY AND STEWART ST,0,1,,2,3644276,Dry,51,PEDALCYCLIST STRUCK MOTOR VEHICLE FRONT END AT ANGLE,,7886,0,2,Injury Collision,Y,45,Bicycle,Matched,N,1,Clear or Partly Cloudy,0,"(47.61337526800003, -122.33664679399999)",25428,0,N,13-170088
113201,146856,146876,Block,Cycles,263.5, ,,0,,05/25/2013 12:00:00 AM +0000,5/25/2013 1:42:00 PM,1,,Mid-Block (not related to intersection),Daylight,LAKESIDE AVE BETWEEN E YESLER WAY AND LAKE WASHINGTON BLVD,0,1,,2,3606183,Dry,56,PEDALCYCLIST STRUCK MOTOR VEHICLE LEFT SIDE SIDESWIPE,,11252,0,2,Injury Collision,,45,Bicycle,Matched,N,1,Clear or Partly Cloudy,0,"(47.602350311000066, -122.28497101999994)",35102,0,N,13-176662
113230,147806,147826,Block,Cycles,333, ,,0,,06/05/2013 12:00:00 AM +0000,6/5/2013 3:19:00 PM,1,,Mid-Block (not related to intersection),Daylight,15TH AVE W BETWEEN GILMAN UPPER DR W AND W ARMOUR ST,0,1,,3,3345973,Dry,23,"MOTOR VEHICLE STRUCK PEDALCYCLIST, LEFT SIDE SIDESWIPE",,2191,0,2,Injury Collision,,45,Bicycle,Matched,N,1,Clear or Partly Cloudy,0,"(47.64385526900003, -122.37617328999994)",16108,0,N,12-192940
113244,151965,151985,Intersection,Cycles,0, ,,0,,08/08/2013 12:00:00 AM +0000,8/8/2013 5:57:00 PM,1,28724,At Intersection (intersection related),Daylight,DEXTER AVE N AND HIGHLAND DR,0,1,,2,3197945,Dry,18,"MOTOR VEHICLE STRUCK PEDALCYCLIST, FRONT END AT ANGLE",,10081,0,2,Injury Collision,,45,Bicycle,Matched,N,1,Clear or Partly Cloudy,0,"(47.62971974100003, -122.34230363299997)",12797,0,N,13-284979
113293,149288,149308,Intersection,Cycles,0, ,,0,Y,07/02/2013 12:00:00 AM +0000,7/2/2013 2:05:00 PM,2,28925,At Intersection (intersection related),Daylight,5TH AVE N AND HARRISON ST,0,1,Y,3,3643735,Dry,51,PEDALCYCLIST STRUCK MOTOR VEHICLE FRONT END AT ANGLE,,7262,1,2b,Serious Injury Collision,,45,Bicycle,Matched,N,1,Clear or Partly Cloudy,0,"(47.62207493500006, -122.34759184799998)",23596,0,N,2013-231919
113318,150353,150373,Block,Cycles,1842, ,,0,,07/13/2013 12:00:00 AM +0000,7/13/2013 7:21:00 AM,0,,Mid-Block (not related to intersection),Daylight,LAKE WASHINGTON BLVD S BETWEEN LAKE PARK DR S AND S HORTON NR ST,0,1,,2,3617747,Dry,56,PEDALCYCLIST STRUCK MOTOR VEHICLE LEFT SIDE SIDESWIPE,,11230,0,1,Property Damage Only Collision,,45,Bicycle,Matched,N,1,Clear or Partly Cloudy,0,"(47.578874744000075, -122.28370626699996)",38079,0,N,2013-247907
113376,150360,150380,Intersection,Cycles,0, ,,0,,07/13/2013 12:00:00 AM +0000,7/13/2013 9:05:00 PM,1,489799,At Intersection (intersection related),Daylight,9TH AV I5 EXPRESS ON RP AND I5 EXPRESS PIKE ST RP,0,1,,5,3643742,Dry,51,PEDALCYCLIST STRUCK MOTOR VEHICLE FRONT END AT ANGLE,,489839,0,2,Injury Collision,,45,Bicycle,Matched,N,1,Clear or Partly Cloudy,0,"(47.612792951000074, -122.33095438199996)",0,522304,N,2013-248733
113405,151412,151432,Block,Cycles,283, ,,0,,07/30/2013 12:00:00 AM +0000,7/30/2013 6:02:00 PM,1,,Mid-Block (not related to intersection),Daylight,14TH AVE S BETWEEN S ATLANTIC ST AND S MASSACHUSETTS ST,0,1,,2,3589801,Dry,51,PEDALCYCLIST STRUCK MOTOR VEHICLE FRONT END AT ANGLE,,1925,0,2,Injury Collision,,45,Bicycle,Matched,N,1,Clear or Partly Cloudy,0,"(47.58921408600003, -122.31485614599995)",37515,0,N,2013-272208
113461,149784,149804,Block,Cycles,201.5, ,,0,,07/09/2013 12:00:00 AM +0000,7/9/2013 4:25:00 PM,0,,Mid-Block (not related to intersection),Daylight,SEATTLE BLVD S BETWEEN S DEARBORN ST AND 6TH W AVE S,0,1,Y,2,3581534,Dry,00,NOT ENOUGH INFORMATION / NOT APPLICABLE,,8651,0,1,Property Damage Only Collision,,45,Bicycle,Matched,N,1,Clear or Partly Cloudy,0,"(47.59546316700005, -122.32703162399997)",0,522974,N,13-242724
113533,150875,150895,Intersection,Cycles,0, ,,0,,07/19/2013 12:00:00 AM +0000,7/19/2013 1:45:00 PM,1,29859,At Intersection (intersection related),Daylight,BELMONT AVE AND E PINE ST,0,1,Y,2,3672390,Dry,51,PEDALCYCLIST STRUCK MOTOR VEHICLE FRONT END AT ANGLE,,9234,0,2,Injury Collision,,45,Bicycle,Matched,N,1,Clear or Partly Cloudy,0,"(47.61522500500007, -122.32447263599994)",10368,0,N,13-256558
113534,150874,150894,Intersection,Cycles,0, ,,0,,07/19/2013 12:00:00 AM +0000,7/19/2013 6:47:00 PM,1,30418,At Intersection (intersection related),Daylight,12TH AVE S AND BOREN AVE S,0,1,,2,3672393,Dry,51,PEDALCYCLIST STRUCK MOTOR VEHICLE FRONT END AT ANGLE,,1652,0,2,Injury Collision,,45,Bicycle,Matched,N,1,Clear or Partly Cloudy,0,"(47.60085285900004, -122.31696510399996)",24389,0,N,13 256942
113606,149127,149147,Block,Cycles,252, ,,0,,06/28/2013 12:00:00 AM +0000,6/28/2013 5:34:00 PM,1,,Mid-Block (not related to intersection),Daylight,FREMONT AVE N BETWEEN N 36TH ST AND N 38TH ST,0,1,,2,3646161,Dry,18,"MOTOR VEHICLE STRUCK PEDALCYCLIST, FRONT END AT ANGLE",,10487,0,2,Injury Collision,,45,Bicycle,Matched,N,1,Clear or Partly Cloudy,0,"(47.652037807000056, -122.34992726899998)",8364,0,N,13-225962
113617,150370,150390,Intersection,Cycles,0, ,,0,,07/13/2013 12:00:00 AM +0000,7/13/2013 3:24:00 PM,1,25134,At Intersection (intersection related),Daylight,20TH AVE NW AND NW 58TH ST,0,1,,2,3645806,Dry,51,PEDALCYCLIST STRUCK MOTOR VEHICLE FRONT END AT ANGLE,,3021,0,2,Injury Collision,,45,Bicycle,Matched,N,1,Clear or Partly Cloudy,0,"(47.670908987000075, -122.38212446099999)",11423,0,N,13-248366
113701,151640,151660,Intersection,Cycles,0, ,,0,,08/02/2013 12:00:00 AM +0000,8/2/2013 5:19:00 PM,1,29082,At Intersection (intersection related),Daylight,FAIRVIEW AVE E AND FAIRVIEW AVE N,0,1,Y,3,3573474,Wet,51,PEDALCYCLIST STRUCK MOTOR VEHICLE FRONT END AT ANGLE,,10336,0,2,Injury Collision,,45,Bicycle,Matched,N,1,Clear or Partly Cloudy,0,"(47.63190599600006, -122.32688562599998)",41840,0,N,2013-276352
113715,149610,149630,Block,Cycles,395, ,,0,,07/06/2013 12:00:00 AM +0000,7/6/2013 4:55:00 PM,1,,Mid-Block (not related to intersection),Daylight,LAKESIDE AVE S BETWEEN E YESLER WAY AND S LESCHI PL,0,1,Y,2,3552086,Dry,56,PEDALCYCLIST STRUCK MOTOR VEHICLE LEFT SIDE SIDESWIPE,,11258,1,2b,Serious Injury Collision,,45,Bicycle,Matched,N,1,Clear or Partly Cloudy,0,"(47.60062927900003, -122.28571336199997)",35091,0,N,13-238476
113717,149607,149627,Block,Cycles,161, ,,0,,07/07/2013 12:00:00 AM +0000,7/7/2013 3:00:00 AM,1,,Mid-Block (not related to intersection),Dark - Street Lights On,E PIKE ST BETWEEN 10TH AVE AND 11TH AVE,0,1,,2,3551815,Dry,56,PEDALCYCLIST STRUCK MOTOR VEHICLE LEFT SIDE SIDESWIPE,,14601,0,2,Injury Collision,,45,Bicycle,Matched,N,1,Clear or Partly Cloudy,0,"(47.61408978500003, -122.31879588799995)",31243,0,N,2013 239847
113728,149332,149352,Block,Cycles,162, ,,0,,06/24/2013 12:00:00 AM +0000,6/24/2013 4:28:00 PM,1,,Mid-Block (not related to intersection),Daylight,S OTHELLO ST BETWEEN 38TH AVE S AND 39TH AVE S,0,1,,2,3579542,Dry,51,PEDALCYCLIST STRUCK MOTOR VEHICLE FRONT END AT ANGLE,,21051,0,2,Injury Collision,,45,Bicycle,Matched,N,1,Overcast,0,"(47.53704013300006, -122.28405373499999)",24182,0,N,13-2203325
113819,150891,150911,Intersection,Cycles,0, ,,0,,07/20/2013 12:00:00 AM +0000,7/20/2013 9:27:00 PM,1,28332,At Intersection (intersection related),Dusk,EASTLAKE AVE E AND E GARFIELD ST,0,1,,3,3581833,Dry,18,"MOTOR VEHICLE STRUCK PEDALCYCLIST, FRONT END AT ANGLE",,10172,0,2,Injury Collision,,45,Bicycle,Matched,N,1,Clear or Partly Cloudy,0,"(47.63385962000007, -122.32558709099999)",24787,0,N,13-258487
113829,148962,148982,Intersection,Cycles,0, ,,0,,05/25/2011 12:00:00 AM +0000,5/25/2011 2:34:00 PM,1,26741,At Intersection (intersection related),Daylight,15TH AVE W AND W EMERSON ST,0,1,,2,3560790,Wet,54,PEDALCYCLIST STRUCK MOTOR VEHICLE REAR END,,2198,0,2,Injury Collision,,45,Bicycle,Matched,N,1,Raining,0,"(47.65399335500007, -122.37621487399997)",0,0,N,11-166641
113870,149341,149361,Block,Cycles,161, ,,0,Y,05/17/2013 12:00:00 AM +0000,5/17/2013 7:50:00 AM,1,,Mid-Block (but intersection related),Daylight,E PINE ST BETWEEN 10TH AVE AND 11TH AVE,1,1,Y,2,3550226,Dry,64,PEDALCYCLIST STRUCK PEDESTRIAN,,14636,1,2b,Serious Injury Collision,,45,Bicycle,Matched,N,0,Clear or Partly Cloudy,0,"(47.61524975200007, -122.31881447599994)",10414,0,N,2013-165448
113933,149826,149846,Block,Cycles,949, ,,0,Y,06/29/2013 12:00:00 AM +0000,6/29/2013 4:59:00 PM,1,,Mid-Block (not related to intersection),Daylight,SEAVIEW AVE NW BETWEEN NW 75TH ST AND SEAVIEW PL NW,0,1,,2,3501679,Dry,56,PEDALCYCLIST STRUCK MOTOR VEHICLE LEFT SIDE SIDESWIPE,,12763,0,2,Injury Collision,,45,Bicycle,Matched,N,1,Clear or Partly Cloudy,0,"(47.685295428000074, -122.40278888899996)",0,0,N,2013-227466
114060,151134,151154,Intersection,Cycles,0, ,,0,Y,07/24/2013 12:00:00 AM +0000,7/24/2013 4:36:00 PM,1,30481,At Intersection (intersection related),Daylight,3RD AVE AND CHERRY ST,0,1,,3,3573603,Dry,18,"MOTOR VEHICLE STRUCK PEDALCYCLIST, FRONT END AT ANGLE",,4376,0,2,Injury Collision,,45,Bicycle,Matched,N,1,Clear or Partly Cloudy,0,"(47.603483890000064, -122.33206224599996)",0,521558,N,13-263725
114077,150922,150942,Intersection,Cycles,0, ,,0,,07/19/2013 12:00:00 AM +0000,7/19/2013 9:44:00 PM,1,29590,At Intersection (intersection related),Dark - Street Lights On,4TH AVE AND UNION ST,0,1,Y,6,3566268,Dry,18,"MOTOR VEHICLE STRUCK PEDALCYCLIST, FRONT END AT ANGLE",,6130,0,2,Injury Collision,,45,Bicycle,Matched,N,1,Clear or Partly Cloudy,0,"(47.60922110800004, -122.33577524599997)",12743,0,N,13-257160
114117,151861,151881,Block,Cycles,213, ,,0,,08/06/2013 12:00:00 AM +0000,8/6/2013 9:12:00 AM,1,,Mid-Block (not related to intersection),Daylight,QUEEN ANNE AVE N BETWEEN HARRISON ST AND REPUBLICAN ST,0,1,Y,3,3197944,Dry,18,"MOTOR VEHICLE STRUCK PEDALCYCLIST, FRONT END AT ANGLE",,12297,0,2,Injury Collision,,45,Bicycle,Matched,N,1,Clear or Partly Cloudy,0,"(47.62269121600008, -122.35672458699997)",12324,0,N,2013-281474
114132,151307,151327,Intersection,Cycles,0, ,,0,Y,07/26/2013 12:00:00 AM +0000,7/26/2013 8:04:00 PM,1,25468,At Intersection (intersection related),Daylight,15TH NB AVE NW AND NW LEARY WAY,0,1,,3,3572426,Unknown,18,"MOTOR VEHICLE STRUCK PEDALCYCLIST, FRONT END AT ANGLE",,2212,1,2b,Serious Injury Collision,,45,Bicycle,Matched,N,1,Unknown,0,"(47.66366435200007, -122.37612339299994)",18245,0,N,13-266665
114296,151502,151522,Block,Cycles,213, ,,0,,08/01/2013 12:00:00 AM +0000,8/1/2013 8:51:00 AM,1,,Mid-Block (not related to intersection),Daylight,WESTLAKE AVE N BETWEEN THOMAS ST AND HARRISON ST,0,1,Y,2,3560974,Dry,18,"MOTOR VEHICLE STRUCK PEDALCYCLIST, FRONT END AT ANGLE",,13534,0,2,Injury Collision,,45,Bicycle,Matched,N,1,Overcast,0,"(47.62145629200006, -122.33846055199996)",25117,0,N,13-274346
114354,150675,150695,Intersection,Cycles,0, ,,0,,07/17/2013 12:00:00 AM +0000,7/17/2013 5:44:00 PM,1,29565,At Intersection (intersection related),Daylight,4TH AVE AND STEWART ST,0,1,,2,3574972,Dry,18,"MOTOR VEHICLE STRUCK PEDALCYCLIST, FRONT END AT ANGLE",,6136,0,2,Injury Collision,,45,Bicycle,Matched,N,1,Clear or Partly Cloudy,0,"(47.612293874000045, -122.33873242799996)",12778,0,N,13-254038
114495,149870,149890,Intersection,Cycles,0, ,,0,,07/07/2013 12:00:00 AM +0000,7/7/2013 1:46:00 AM,1,29533,At Intersection (intersection related),Dark - Street Lights On,4TH AVE AND BELL ST,0,1,,2,3574966,Dry,18,"MOTOR VEHICLE STRUCK PEDALCYCLIST, FRONT END AT ANGLE",,6140,0,2,Injury Collision,,45,Bicycle,Matched,N,1,Clear or Partly Cloudy,0,"(47.61536891700007, -122.34393441299994)",0,522506,N,2013-239312
114497,149869,149889,Intersection,Cycles,0, ,,0,Y,07/08/2013 12:00:00 AM +0000,7/8/2013 1:45:00 PM,1,35449,At Intersection (intersection related),Daylight,RAINIER AVE S AND S FISHER PL,0,1,,2,3579931,Dry,18,"MOTOR VEHICLE STRUCK PEDALCYCLIST, FRONT END AT ANGLE",,12423,0,2,Injury Collision,,45,Bicycle,Matched,N,1,Clear or Partly Cloudy,0,"(47.521410787000036, -122.269997478)",0,0,N,13-241091
114536,151512,151532,Block,Cycles,212, ,,0,Y,08/01/2013 12:00:00 AM +0000,8/1/2013 12:58:00 PM,1,,Mid-Block (not related to intersection),Daylight,FAIRVIEW AVE N BETWEEN HARRISON ST AND REPUBLICAN ST,0,1,,2,3581671,Dry,18,"MOTOR VEHICLE STRUCK PEDALCYCLIST, FRONT END AT ANGLE",,10348,0,2,Injury Collision,,45,Bicycle,Matched,N,1,Clear or Partly Cloudy,0,"(47.62257974200003, -122.33427672899995)",25111,0,N,2013-274624
114543,151334,151354,Block,Cycles,153, ,,0,,07/26/2013 12:00:00 AM +0000,7/26/2013 2:47:00 PM,0,,Mid-Block (not related to intersection),Daylight,5TH AVE BETWEEN MADISON ST AND SPRING ST,0,1,,3,3573467,Dry,23,"MOTOR VEHICLE STRUCK PEDALCYCLIST, LEFT SIDE SIDESWIPE",,7230,0,1,Property Damage Only Collision,,45,Bicycle,Matched,N,2,Clear or Partly Cloudy,0,"(47.60690836600003, -122.33212363599995)",36252,0,N,13 266241
114561,150693,150713,Intersection,Cycles,0, ,,0,,07/17/2013 12:00:00 AM +0000,7/17/2013 4:14:00 PM,1,30076,At Intersection (intersection related),Daylight,24TH AVE AND E CHERRY ST,0,1,,3,3606458,Dry,51,PEDALCYCLIST STRUCK MOTOR VEHICLE FRONT END AT ANGLE,,3516,0,2,Injury Collision,,45,Bicycle,Matched,N,1,Clear or Partly Cloudy,0,"(47.60800607300007, -122.30147660299997)",0,0,N,13-253934
114639,149445,149465,Intersection,Cycles,0, ,,0,,07/03/2013 12:00:00 AM +0000,7/3/2013 6:47:00 AM,1,25432,At Intersection (intersection related),Daylight,8TH AVE NW AND NW 54TH ST,0,1,Y,2,3503395,Dry,51,PEDALCYCLIST STRUCK MOTOR VEHICLE FRONT END AT ANGLE,,8383,0,2,Injury Collision,,45,Bicycle,Matched,N,1,Clear or Partly Cloudy,0,"(47.66791249800008, -122.36617990299999)",2394,0,N,13-232900
114655,151340,151360,Intersection,Cycles,0, ,,0,,07/27/2013 12:00:00 AM +0000,7/27/2013 4:50:00 PM,1,28057,At Intersection (intersection related),Daylight,NICKERSON ST AND WESTLAKE AVE N,0,1,,4,3574477,Dry,18,"MOTOR VEHICLE STRUCK PEDALCYCLIST, FRONT END AT ANGLE",,6170,0,2,Injury Collision,,45,Bicycle,Matched,N,1,Clear or Partly Cloudy,0,"(47.64614702700004, -122.34974100999995)",13898,0,N,13-267902
114672,150463,150483,Intersection,Cycles,0, ,,0,,07/16/2013 12:00:00 AM +0000,7/16/2013 7:23:00 PM,1,29084,At Intersection (intersection related),Daylight,EASTLAKE AVE E AND E NELSON PL,0,1,,3,3581791,Dry,18,"MOTOR VEHICLE STRUCK PEDALCYCLIST, FRONT END AT ANGLE",,10170,0,2,Injury Collision,,45,Bicycle,Matched,N,1,Clear or Partly Cloudy,0,"(47.63059666800007, -122.32764549999996)",11619,0,N,13-252791
114728,149454,149474,Block,Cycles,692.5, ,,0,Y,07/03/2013 12:00:00 AM +0000,7/3/2013 12:58:00 PM,1,,Mid-Block (not related to intersection),Daylight,HARBOR AVE SW BETWEEN SW MARYLAND PL AND CALIFORNIA WAY SW,0,1,Y,2,3465308,Dry,18,"MOTOR VEHICLE STRUCK PEDALCYCLIST, FRONT END AT ANGLE",,10814,0,2,Injury Collision,,45,Bicycle,Matched,N,1,Clear or Partly Cloudy,0,"(47.59131555300007, -122.38237552699997)",4106,0,N,13-233332
114737,149887,149907,Intersection,Cycles,0, ,,0,,07/06/2013 12:00:00 AM +0000,7/6/2013 10:13:00 PM,1,28057,At Intersection (intersection related),Dark - Street Lights On,NICKERSON ST AND WESTLAKE AVE N,0,1,Y,2,3574965,Dry,18,"MOTOR VEHICLE STRUCK PEDALCYCLIST, FRONT END AT ANGLE",,6170,0,2,Injury Collision,,45,Bicycle,Matched,N,1,Clear or Partly Cloudy,0,"(47.64614702700004, -122.34974100999995)",13884,0,N,13-238 914
114767,149687,149707,Intersection,Cycles,0, ,,0,,07/06/2013 12:00:00 AM +0000,7/6/2013 12:38:00 PM,1,25978,At Intersection (intersection related),Daylight,15TH AVE NE AND NE 62ND ST,0,1,,2,3645929,Dry,51,PEDALCYCLIST STRUCK MOTOR VEHICLE FRONT END AT ANGLE,,2046,0,2,Injury Collision,,45,Bicycle,Matched,N,1,Clear or Partly Cloudy,0,"(47.673978427000065, -122.31191775499997)",29057,0,N,13 238225
114783,150472,150492,Block,Cycles,116, ,,0,,07/16/2013 12:00:00 AM +0000,7/16/2013 2:16:00 PM,1,,Driveway Junction,Daylight,12TH AVE BETWEEN E REMINGTON CT AND E JEFFERSON ST,0,1,Y,2,3672387,Dry,18,"MOTOR VEHICLE STRUCK PEDALCYCLIST, FRONT END AT ANGLE",,1528,0,2,Injury Collision,,45,Bicycle,Matched,N,1,Clear or Partly Cloudy,0,"(47.60588380000007, -122.31678057699997)",0,0,N,2013-258414
114802,150738,150758,Block,Cycles,197, ,,0,,07/18/2013 12:00:00 AM +0000,7/18/2013 8:10:00 AM,1,,Mid-Block (not related to intersection),Daylight,FLORENTIA ST BETWEEN NICKERSON ST AND FREMONT BR,0,1,,2,3506142,Dry,56,PEDALCYCLIST STRUCK MOTOR VEHICLE LEFT SIDE SIDESWIPE,,10461,0,2,Injury Collision,,45,Bicycle,Matched,N,1,Clear or Partly Cloudy,0,"(47.64688218800006, -122.35055543599998)",17114,0,N,13 255427
114855,151731,151751,Intersection,Cycles,0, ,,0,,07/02/2010 12:00:00 AM +0000,7/2/2010 6:34:00 PM,1,29238,At Intersection (intersection related),Daylight,LAKE WASHINGTON BLVD E AND E MADISON ST,0,1,Y,2,3332312,Wet,18,"MOTOR VEHICLE STRUCK PEDALCYCLIST, FRONT END AT ANGLE",,4786,0,2,Injury Collision,,45,Bicycle,Matched,N,1,Raining,0,"(47.626017801000046, -122.29244003299999)",8965,0,N,10-225404
114859,151729,151749,Intersection,Cycles,0, ,,0,,07/01/2010 12:00:00 AM +0000,7/1/2010 5:55:00 PM,1,24249,At Intersection (intersection related),Daylight,WINONA AVE N AND N 77TH ST,0,1,,2,3376626,Dry,51,PEDALCYCLIST STRUCK MOTOR VEHICLE FRONT END AT ANGLE,,13628,0,2,Injury Collision,,45,Bicycle,Matched,N,1,Clear or Partly Cloudy,0,"(47.68475561300005, -122.33990346599995)",27873,0,N,10-224001
114864,149696,149716,Block,Cycles,159, ,,0,Y,07/07/2013 12:00:00 AM +0000,7/7/2013,1,,Mid-Block (not related to intersection),Dark - Street Lights On,GREENWOOD AVE N BETWEEN N 68TH ST AND N 70TH ST,0,1,,2,3645931,Dry,54,PEDALCYCLIST STRUCK MOTOR VEHICLE REAR END,,10735,0,2,Injury Collision,,45,Bicycle,Matched,N,1,Clear or Partly Cloudy,0,"(47.67916901500007, -122.35531973299999)",4313,0,N,13-239156
114867,149906,149926,Block,Cycles,320.5, ,,0,,07/10/2013 12:00:00 AM +0000,7/10/2013 9:35:00 AM,1,,Mid-Block (not related to intersection),Daylight,EASTLAKE AVE E BETWEEN LAKEVIEW BLVD E AND ALOHA ST,0,1,,2,3574967,Dry,54,PEDALCYCLIST STRUCK MOTOR VEHICLE REAR END,,10168,0,2,Injury Collision,,45,Bicycle,Matched,N,1,Clear or Partly Cloudy,0,"(47.62599733500008, -122.32919341399997)",11578,0,N,13-243666
114888,149246,149266,Intersection,Cycles,0, ,,0,Y,07/02/2013 12:00:00 AM +0000,7/2/2013 8:19:00 AM,1,589794,At Intersection (intersection related),Daylight,MERCER NR ST AND WESTLAKE AVE N,0,1,Y,2,3560971,Dry,18,"MOTOR VEHICLE STRUCK PEDALCYCLIST, FRONT END AT ANGLE",,13537,0,2,Injury Collision,,45,Bicycle,Matched,N,1,Clear or Partly Cloudy,0,"(47.62469578100007, -122.33843433499999)",0,523122,N,13-231515
114929,150493,150513,Block,Cycles,68.5, ,,0,,07/15/2013 12:00:00 AM +0000,7/15/2013 7:45:00 AM,1,,Mid-Block (not related to intersection),Daylight,15TH AVE W BETWEEN ELLIOTT AVE W AND MAGNOLIA BR OFF RP,0,1,,2,3581790,Dry,21,"MOTOR VEHICLE STRUCK PEDALCYCLIST, REAR END",,2183,0,2,Injury Collision,,45,Bicycle,Matched,N,1,Clear or Partly Cloudy,0,"(47.63286085400006, -122.37607529299999)",19310,0,N,13-250492
114941,151216,151236,Intersection,Cycles,0, ,,0,,07/25/2013 12:00:00 AM +0000,7/25/2013 4:11:00 PM,1,28783,At Intersection (intersection related),Daylight,DEXTER AVE N AND HARRISON ST,0,1,,2,3573343,Dry,51,PEDALCYCLIST STRUCK MOTOR VEHICLE FRONT END AT ANGLE,,10074,1,2b,Serious Injury Collision,,45,Bicycle,Matched,N,1,Clear or Partly Cloudy,0,"(47.62205574500007, -122.34237158599996)",12620,0,N,2013-2634946
114945,151211,151231,Intersection,Cycles,0, ,,0,Y,07/25/2013 12:00:00 AM +0000,7/25/2013 8:35:00 AM,1,28028,At Intersection (intersection related),Daylight,DEXTER AVE N AND GARFIELD N ST,0,1,,2,3560973,Dry,18,"MOTOR VEHICLE STRUCK PEDALCYCLIST, FRONT END AT ANGLE",,10086,0,2,Injury Collision,,45,Bicycle,Matched,N,1,Clear or Partly Cloudy,0,"(47.633420201000035, -122.34228296399999)",12978,0,N,13-264463
114955,151012,151032,Block,Cycles,727.5, ,,0,,07/19/2013 12:00:00 AM +0000,7/19/2013 8:14:00 PM,2,,Driveway Junction,Daylight,WESTLAKE AVE N BETWEEN NEWELL ST AND NICKERSON ST,0,1,Y,2,3643746,Dry,18,"MOTOR VEHICLE STRUCK PEDALCYCLIST, FRONT END AT ANGLE",,13548,0,2,Injury Collision,,45,Bicycle,Matched,Y,1,Clear or Partly Cloudy,0,"(47.64502969000006, -122.34730070499995)",20053,0,N,2013-257040
114967,151579,151599,Block,Cycles,127.5, ,,0,,08/02/2013 12:00:00 AM +0000,8/2/2013 10:36:00 AM,1,,Mid-Block (not related to intersection),Daylight,NE 50TH ST BETWEEN 9TH AVE NE AND ROOSEVELT WAY NE,0,1,Y,2,3572458,Wet,55,PEDALCYCLIST STRUCK MOTOR VEHICLE RIGHT SIDE SIDESWIPE,,16929,0,2,Injury Collision,,45,Bicycle,Matched,N,1,Raining,0,"(47.664940743000045, -122.31792288099996)",21441,0,N,2013-275850
114992,151740,151760,Block,Cycles,154.5, ,,0,,07/07/2010 12:00:00 AM +0000,7/7/2010 1:57:00 AM,1,,Mid-Block (not related to intersection),Dark - Street Lights On,12TH AVE BETWEEN E SPRUCE ST AND E ALDER ST,0,1,,3,3329761,Dry,11,"MOTOR VEHICLE STRUCK MOTOR VEHICLE, FRONT END AT ANGLE",,1525,0,2,Injury Collision,,45,Bicycle,Matched,Y,1,Clear or Partly Cloudy,0,"(47.60393590800004, -122.31678132899998)",10568,0,N,2010-231744
114995,151735,151755,Block,Cycles,154, ,,0,,07/03/2010 12:00:00 AM +0000,7/3/2010 9:30:00 PM,1,,Mid-Block (not related to intersection),Dusk,22ND AVE BETWEEN E JAMES N ST AND E CHERRY ST,0,1,,1,3332313,Dry,18,"MOTOR VEHICLE STRUCK PEDALCYCLIST, FRONT END AT ANGLE",,3228,0,2,Injury Collision,,45,Bicycle,Matched,N,0,Clear or Partly Cloudy,0,"(47.60758746700003, -122.30375225399996)",0,0,N,10-227069
115010,151733,151753,Intersection,Cycles,0, ,,0,,07/02/2010 12:00:00 AM +0000,7/2/2010 8:40:00 AM,1,29947,At Intersection (intersection related),Daylight,6TH AVE AND MADISON ST,0,1,Y,2,3330906,Wet,24,MOTOR VEHCILE STRUCK PEDESTRIAN,,7877,0,2,Injury Collision,,45,Bicycle,Matched,N,1,Overcast,0,"(47.60701683800005, -122.33068899799997)",0,521705,N,2010-224789
115014,149910,149930,Block,Cycles,198, ,,0,,07/10/2013 12:00:00 AM +0000,7/10/2013 8:17:00 AM,0,,Driveway Junction,Daylight,ROOSEVELT WAY NE BETWEEN NE 42ND N ST AND NE 43RD S ST,0,1,,2,3645954,Dry,51,PEDALCYCLIST STRUCK MOTOR VEHICLE FRONT END AT ANGLE,,12596,0,1,Property Damage Only Collision,,45,Bicycle,Matched,N,1,Clear or Partly Cloudy,0,"(47.65891124900003, -122.31776594999997)",8990,0,N,2013-243608