OBJECTID,INCKEY,COLDETKEY,ADDRTYPE,COLLISIONTYPE,DISTANCE,EXCEPTRSNCODE,EXCEPTRSNDESC,FATALITIES,INATTENTIONIND,INCDATE,INCDTTM,INJURIES,INTKEY,JUNCTIONTYPE,LIGHTCOND,LOCATION,PEDCOUNT,PEDCYLCOUNT,PEDROWNOTGRNT,PERSONCOUNT,REPORTNO,ROADCOND,SDOT_COLCODE,SDOT_COLDESC,SDOTCOLNUM,SEGKEY,SERIOUSINJURIES,SEVERITYCODE,SEVERITYDESC,SPEEDING,ST_COLCODE,ST_COLDESC,STATUS,UNDERINFL,VEHCOUNT,WEATHER,WIDTH,Shape,SEGLANEKEY,CROSSWALKKEY,HITPARKEDCAR,SPDCASENO
115062,151032,151052,Block,Cycles,130, ,,0,,07/20/2013 12:00:00 AM +0000,7/20/2013 4:52:00 PM,1,,Mid-Block (but intersection related),Daylight,RAVENNA AVE NE BETWEEN NE 55TH N ST AND NE RAVENNA EB BV,0,1,,3,3609049,Dry,18,"MOTOR VEHICLE STRUCK PEDALCYCLIST, FRONT END AT ANGLE",,12455,0,2,Injury Collision,,45,Bicycle,Matched,N,1,Clear or Partly Cloudy,0,"(47.669052942000064, -122.30394611099996)",32835,0,N,13-258171
115080,151583,151603,Block,Cycles,161, ,,0,Y,08/01/2013 12:00:00 AM +0000,8/1/2013 8:50:00 AM,1,,Mid-Block (not related to intersection),Daylight,JAMES ST BETWEEN 4TH AVE AND 5TH AVE,0,1,,2,3550116,Dry,54,PEDALCYCLIST STRUCK MOTOR VEHICLE REAR END,,11052,0,2,Injury Collision,,45,Bicycle,Matched,N,1,Clear or Partly Cloudy,0,"(47.60346436700007, -122.32974397299995)",24819,0,N,2013-274350
115101,151226,151246,Intersection,Cycles,0, ,,0,,07/25/2013 12:00:00 AM +0000,7/25/2013 4:07:00 PM,0,167336,At Intersection (intersection related),Daylight,BEACON ER AVE S AND S GRAHAM ST,0,1,,2,3589855,Wet,51,PEDALCYCLIST STRUCK MOTOR VEHICLE FRONT END AT ANGLE,,20116,0,1,Property Damage Only Collision,,45,Bicycle,Matched,N,1,Clear or Partly Cloudy,0,"(47.54637207700006, -122.30033204199998)",0,524751,N,2013-264934
115142,151749,151769,Intersection,Cycles,0, ,,0,,08/05/2013 12:00:00 AM +0000,8/5/2013 1:00:00 PM,1,24369,At Intersection (intersection related),Daylight,LINDEN AVE N AND N 65TH ST,0,1,,5,3572462,Dry,51,PEDALCYCLIST STRUCK MOTOR VEHICLE FRONT END AT ANGLE,,11411,0,2,Injury Collision,,45,Bicycle,Matched,N,1,Clear or Partly Cloudy,0,"(47.67606025400005, -122.34830501799996)",0,0,N,13-280352
115153,151743,151763,Block,Cycles,213, ,,0,,07/07/2010 12:00:00 AM +0000,7/7/2010 8:01:00 AM,1,,Mid-Block (not related to intersection),Daylight,7TH AVE BETWEEN STEWART ST AND VIRGINIA ST,0,1,,2,3329859,Dry,23,"MOTOR VEHICLE STRUCK PEDALCYCLIST, LEFT SIDE SIDESWIPE",,8161,0,2,Injury Collision,,45,Bicycle,Matched,N,1,Clear or Partly Cloudy,0,"(47.61467145100005, -122.33680297599994)",37034,0,N,10-231937
115236,150765,150785,Block,Cycles,107.5, ,,0,,07/18/2013 12:00:00 AM +0000,7/18/2013 4:57:00 PM,2,,Mid-Block (not related to intersection),Daylight,12TH AVE BETWEEN E BARCLAY CT AND E JAMES CT,0,2,Y,2,3606460,Dry,00,NOT ENOUGH INFORMATION / NOT APPLICABLE,,1530,0,2,Injury Collision,,45,Bicycle,Matched,N,0,Clear or Partly Cloudy,0,"(47.60713100100003, -122.31678018499997)",10655,0,N,2013-255397
115243,150533,150553,Block,Cycles,214, ,,0,,07/11/2013 12:00:00 AM +0000,7/11/2013 10:50:00 PM,1,,Driveway Junction,Dark - Street Lights On,1ST AVE BETWEEN STEWART ST AND VIRGINIA ST,0,1,,3,3574709,Dry,00,NOT ENOUGH INFORMATION / NOT APPLICABLE,,1011,0,2,Injury Collision,,45,Bicycle,Matched,N,1,Clear or Partly Cloudy,0,"(47.61068110100007, -122.34195802499994)",0,0,N,13-245924
115264,151947,151967,Block,Cycles,116.5, ,,0,,07/28/2010 12:00:00 AM +0000,7/28/2010 8:05:00 AM,0,,Mid-Block (not related to intersection),Daylight,LAKESIDE AVE S BETWEEN S LANE ST AND 35TH AVE S,0,1,Y,2,3329198,Dry,23,"MOTOR VEHICLE STRUCK PEDALCYCLIST, LEFT SIDE SIDESWIPE",,11262,0,1,Property Damage Only Collision,,45,Bicycle,Matched,N,1,Clear or Partly Cloudy,0,"(47.59629348800007, -122.28764138699995)",34071,0,N,2010-260191
115265,151946,151966,Block,Cycles,155.5, ,,0,,07/28/2010 12:00:00 AM +0000,7/28/2010 8:57:00 AM,1,,Mid-Block (not related to intersection),Daylight,12TH AVE S BETWEEN S JACKSON ST AND S KING ST,0,1,,2,3332583,Dry,51,PEDALCYCLIST STRUCK MOTOR VEHICLE FRONT END AT ANGLE,,1654,0,2,Injury Collision,,45,Bicycle,Matched,N,1,Clear or Partly Cloudy,0,"(47.59876469300008, -122.31722540399994)",38925,0,N,10-260237
115344,151047,151067,Block,Cycles,309.5, ,,0,,07/20/2013 12:00:00 AM +0000,7/20/2013 4:28:00 PM,1,,Mid-Block (not related to intersection),Daylight,NW 46TH ST BETWEEN 14TH AVE NW AND 15TH NB AVE NW,0,1,,2,3545120,Dry,56,PEDALCYCLIST STRUCK MOTOR VEHICLE LEFT SIDE SIDESWIPE,,18348,0,2,Injury Collision,,45,Bicycle,Matched,N,1,Clear or Partly Cloudy,0,"(47.66220360600005, -122.37484952499995)",17213,0,N,13-258145
115346,151045,151065,Block,Cycles,134, ,,0,,07/21/2013 12:00:00 AM +0000,7/21/2013 1:04:00 PM,1,,Mid-Block (not related to intersection),Daylight,4TH AVE N BETWEEN NICKERSON ST AND FREMONT BR,0,1,,2,3506143,Dry,51,PEDALCYCLIST STRUCK MOTOR VEHICLE FRONT END AT ANGLE,,6170,0,2,Injury Collision,,45,Bicycle,Matched,N,1,Clear or Partly Cloudy,0,"(47.646511546000056, -122.34975553799995)",13898,0,N,13-*259257
115357,150575,150595,Block,Cycles,213, ,,0,Y,07/11/2013 12:00:00 AM +0000,7/11/2013 8:45:00 AM,0,,Mid-Block (not related to intersection),Daylight,2ND AVE BETWEEN UNIVERSITY ST AND UNION ST,0,1,,3,3550112,Dry,18,"MOTOR VEHICLE STRUCK PEDALCYCLIST, FRONT END AT ANGLE",,2756,0,1,Property Damage Only Collision,,45,Bicycle,Matched,N,1,Clear or Partly Cloudy,0,"(47.60779445000003, -122.33754000999994)",12162,0,N,2013-244995
115370,151243,151263,Intersection,Cycles,0, ,,0,,07/24/2013 12:00:00 AM +0000,7/24/2013 4:48:00 PM,1,30170,At Intersection (intersection related),Daylight,20TH AVE AND E COLUMBIA ST,0,1,,2,3672430,Dry,51,PEDALCYCLIST STRUCK MOTOR VEHICLE FRONT END AT ANGLE,,2937,0,2,Injury Collision,,45,Bicycle,Matched,N,1,Clear or Partly Cloudy,0,"(47.60910003400005, -122.30631127899994)",0,0,N,2013-263741
115401,151951,151971,Intersection,Cycles,0, ,,0,,08/03/2010 12:00:00 AM +0000,8/3/2010 2:00:00 PM,1,33334,At Intersection (intersection related),Daylight,BEACON WR AVE S AND S DAWSON ST,0,1,,2,3387812,Dry,51,PEDALCYCLIST STRUCK MOTOR VEHICLE FRONT END AT ANGLE,,9133,0,2,Injury Collision,,45,Bicycle,Matched,N,1,Clear or Partly Cloudy,0,"(47.555915723000055, -122.30353585299997)",0,0,N,2010-268638
115410,149278,149298,Block,Cycles,213, ,,0,,07/02/2013 12:00:00 AM +0000,7/2/2013 7:00:00 PM,1,,Mid-Block (not related to intersection),Daylight,12TH AVE BETWEEN E COLUMBIA ST AND E MARION ST,0,1,,2,3606350,Dry,18,"MOTOR VEHICLE STRUCK PEDALCYCLIST, FRONT END AT ANGLE",,1533,0,2,Injury Collision,,45,Bicycle,Matched,N,1,Clear or Partly Cloudy,0,"(47.609809435000045, -122.31677966199999)",10701,0,N,13-232336
115413,151760,151780,Intersection,Cycles,0, ,,0,,07/07/2010 12:00:00 AM +0000,7/7/2010 8:41:00 PM,1,29795,At Intersection (intersection related),Daylight,12TH AVE AND E CHERRY ST,0,1,,1,3332376,Dry,69,PEDALCYCLIST OVERTURNED IN ROAD,,1532,0,2,Injury Collision,,45,Bicycle,Matched,N,0,Clear or Partly Cloudy,0,"(47.60805877800004, -122.316779914)",10679,0,N,10-232780
115428,151604,151624,Intersection,Cycles,0, ,,0,,08/05/2013 12:00:00 AM +0000,8/5/2013 6:28:00 PM,1,27034,At Intersection (intersection related),Daylight,TROLL AVE N AND N 35TH ST,0,1,Y,2,3642009,Dry,51,PEDALCYCLIST STRUCK MOTOR VEHICLE FRONT END AT ANGLE,,9003,0,2,Injury Collision,,45,Bicycle,Matched,N,1,Clear or Partly Cloudy,0,"(47.65015880000004, -122.34742988899995)",17515,0,N,2013-280756
115470,150156,150176,Block,Cycles,161, ,,0,,07/11/2013 12:00:00 AM +0000,7/11/2013 5:05:00 PM,1,,Mid-Block (not related to intersection),Daylight,E JOHN ST BETWEEN 10TH AVE E AND 11TH AVE E,0,1,,2,3606515,Dry,18,"MOTOR VEHICLE STRUCK PEDALCYCLIST, FRONT END AT ANGLE",,14244,0,2,Injury Collision,,45,Bicycle,Matched,N,1,Clear or Partly Cloudy,0,"(47.61992217900007, -122.31888862999995)",35215,0,N,2013-245542
115495,151249,151269,Intersection,Cycles,0, ,,0,,07/27/2013 12:00:00 AM +0000,7/27/2013 1:08:00 PM,1,29948,At Intersection (intersection related),Daylight,5TH AVE AND MADISON ST,0,1,,2,3641655,Dry,18,"MOTOR VEHICLE STRUCK PEDALCYCLIST, FRONT END AT ANGLE",,7230,0,2,Injury Collision,,45,Bicycle,Matched,N,1,Clear or Partly Cloudy,0,"(47.606552746000034, -122.33179812299994)",22694,0,N,2013-267638
115547,151253,151273,Intersection,Cycles,0, ,,0,,07/28/2013 12:00:00 AM +0000,7/28/2013 11:40:00 AM,1,30234,At Intersection (intersection related),Daylight,34TH AVE AND E OLIVE ST,0,1,,3,3593600,Dry,51,PEDALCYCLIST STRUCK MOTOR VEHICLE FRONT END AT ANGLE,,5211,0,2,Injury Collision,,45,Bicycle,Matched,N,1,Clear or Partly Cloudy,0,"(47.61649590600007, -122.289205375)",9795,0,N,13 269001
115596,153008,153028,Block,Cycles,114, ,,0,Y,08/16/2013 12:00:00 AM +0000,8/16/2013 5:54:00 PM,0,,Mid-Block (not related to intersection),Daylight,SW AVALON WAY BETWEEN SW CHARLESTOWN ST AND SW BRADFORD ST,0,1,,2,3465311,Dry,54,PEDALCYCLIST STRUCK MOTOR VEHICLE REAR END,,21817,0,1,Property Damage Only Collision,,45,Bicycle,Matched,N,1,Clear or Partly Cloudy,0,"(47.56955574600005, -122.37071275099999)",3422,0,N,13-295658
115619,153409,153429,Block,Cycles,72, ,,0,,09/03/2013 12:00:00 AM +0000,9/3/2013 7:46:00 AM,2,,Mid-Block (not related to intersection),Dawn,ROOSEVELT WAY NE BETWEEN NE 43RD S ST AND NE 43RD N ST,0,2,,3,3501714,Wet,00,NOT ENOUGH INFORMATION / NOT APPLICABLE,,12597,0,2,Injury Collision,Y,45,Bicycle,Matched,N,1,Raining,0,"(47.65965170000004, -122.31774664399995)",8995,0,N,2013 319453
115662,154448,154468,Intersection,Cycles,0, ,,0,,09/21/2013 12:00:00 AM +0000,9/21/2013 4:51:00 PM,1,25443,At Intersection (intersection related),Daylight,8TH AVE NW AND NW 50TH ST,0,1,,2,3608814,Dry,18,"MOTOR VEHICLE STRUCK PEDALCYCLIST, FRONT END AT ANGLE",,8379,0,2,Injury Collision,,45,Bicycle,Matched,N,1,Clear or Partly Cloudy,0,"(47.66503748100007, -122.36618751699996)",0,0,N,13 344631
115672,153791,153811,Intersection,Cycles,0, ,,0,Y,06/13/2013 12:00:00 AM +0000,6/13/2013 7:08:00 AM,1,27149,At Intersection (intersection related),Daylight,15TH AVE NE AND NE PACIFIC ST,0,1,Y,2,3520208,Dry,18,"MOTOR VEHICLE STRUCK PEDALCYCLIST, FRONT END AT ANGLE",,2028,0,2,Injury Collision,,45,Bicycle,Matched,N,1,Clear or Partly Cloudy,0,"(47.65297596400006, -122.31246414499998)",0,520838,N,13-001560
115731,152161,152181,Block,Cycles,341.5, ,,0,,08/11/2013 12:00:00 AM +0000,8/11/2013 10:29:00 PM,1,,Mid-Block (not related to intersection),Dark - Street Lights Off,20TH AVE W BETWEEN THORNDYKE AVE W AND W DRAVUS ST,0,1,,2,3573009,Dry,56,PEDALCYCLIST STRUCK MOTOR VEHICLE LEFT SIDE SIDESWIPE,,3090,0,2,Injury Collision,,45,Bicycle,Matched,N,1,Clear or Partly Cloudy,0,"(47.647520858000064, -122.38197774699995)",15603,0,N,2013-289369
115784,153804,153824,Block,Cycles,129.5, ,,0,Y,09/11/2013 12:00:00 AM +0000,9/11/2013 4:38:00 PM,0,,Mid-Block (not related to intersection),Daylight,S JACKSON ST BETWEEN 22ND AVE S AND 23RD AVE S,0,1,,2,3606308,Dry,56,PEDALCYCLIST STRUCK MOTOR VEHICLE LEFT SIDE SIDESWIPE,,20501,0,1,Property Damage Only Collision,,45,Bicycle,Matched,N,1,Clear or Partly Cloudy,0,"(47.59927789900007, -122.30276121699995)",11145,0,N,2013-331058
115790,153797,153817,Intersection,Cycles,0, ,,0,,08/13/2010 12:00:00 AM +0000,8/13/2010 12:16:00 PM,1,27065,At Intersection (intersection related),Daylight,11TH AVE NE AND NE 45TH ST,0,1,,2,3559185,Dry,51,PEDALCYCLIST STRUCK MOTOR VEHICLE FRONT END AT ANGLE,,1409,0,2,Injury Collision,,45,Bicycle,Matched,N,1,Clear or Partly Cloudy,0,"(47.66129196000003, -122.31657893399995)",6999,0,N,10-281976
115796,153634,153654,Intersection,Cycles,0, ,,0,,09/09/2013 12:00:00 AM +0000,9/9/2013 12:40:00 PM,1,29950,At Intersection (intersection related),Daylight,3RD AVE AND SPRING ST,1,1,Y,2,3573051,Dry,64,PEDALCYCLIST STRUCK PEDESTRIAN,,4380,0,2,Injury Collision,,45,Bicycle,Matched,N,0,Clear or Partly Cloudy,0,"(47.60633735400006, -122.33467152699995)",35851,521566,N,13-327727
115835,152866,152886,Block,Cycles,245, ,,0,,08/18/2013 12:00:00 AM +0000,8/18/2013 2:20:00 PM,1,,Driveway Junction,Daylight,WESTLAKE AVE N BETWEEN REPUBLICAN ST AND MERCER SR ST,0,1,,2,3574921,Dry,18,"MOTOR VEHICLE STRUCK PEDALCYCLIST, FRONT END AT ANGLE",,13536,0,2,Injury Collision,,45,Bicycle,Matched,N,1,Clear or Partly Cloudy,0,"(47.62387939000007, -122.33844085199996)",0,0,N,2013 298351
115863,151988,152008,Intersection,Cycles,0, ,,0,,08/08/2013 12:00:00 AM +0000,8/8/2013 4:52:00 PM,1,30781,At Intersection (intersection related),Daylight,RAINIER AVE S AND S DEARBORN ST,0,1,,3,3672503,Dry,18,"MOTOR VEHICLE STRUCK PEDALCYCLIST, FRONT END AT ANGLE",,12345,0,2,Injury Collision,,45,Bicycle,Matched,N,1,Clear or Partly Cloudy,0,"(47.595873881000045, -122.31152960299994)",0,522981,N,2013-284903
115901,154158,154178,Intersection,Cycles,0, ,,0,,09/01/2013 12:00:00 AM +0000,9/1/2013 11:42:00 AM,1,38351,At Intersection (intersection related),Daylight,CORNELL AVE S AND RAINIER AVE S,0,1,Y,2,3502560,Dry,18,"MOTOR VEHICLE STRUCK PEDALCYCLIST, FRONT END AT ANGLE",,9815,0,2,Injury Collision,,45,Bicycle,Matched,N,1,Clear or Partly Cloudy,0,"(47.511051586000065, -122.24703115299997)",5005,0,N,13-317213
115902,154157,154177,Intersection,Cycles,0, ,,0,,09/15/2013 12:00:00 AM +0000,9/15/2013 2:09:00 PM,1,27100,At Intersection (intersection related),Daylight,ROOSEVELT WAY NE AND NE 41ST ST,0,1,,2,3503118,Dry,51,PEDALCYCLIST STRUCK MOTOR VEHICLE FRONT END AT ANGLE,,12594,0,2,Injury Collision,,45,Bicycle,Matched,N,1,Overcast,0,"(47.65688930500005, -122.31781902899996)",8967,0,N,13-336357
116050,153986,154006,Intersection,Cycles,0, ,,0,,09/11/2013 12:00:00 AM +0000,9/11/2013 4:07:00 PM,1,28724,At Intersection (intersection related),Daylight,DEXTER AVE N AND HIGHLAND DR,0,1,Y,2,3573101,Dry,51,PEDALCYCLIST STRUCK MOTOR VEHICLE FRONT END AT ANGLE,,10081,0,2,Injury Collision,,45,Bicycle,Matched,N,1,Clear or Partly Cloudy,0,"(47.62971974100003, -122.34230363299997)",12797,0,N,13-332724
116053,153983,154003,Intersection,Cycles,0, ,,0,,09/13/2013 12:00:00 AM +0000,9/13/2013 5:08:00 PM,1,28791,At Intersection (intersection related),Daylight,THOMAS ST AND WESTLAKE AVE N,1,1,Y,2,3574415,Dry,00,NOT ENOUGH INFORMATION / NOT APPLICABLE,,13140,0,2,Injury Collision,,45,Bicycle,Matched,N,0,Overcast,0,"(47.62087408300005, -122.33846537399995)",24570,0,N,2013 333808
116080,154649,154669,Intersection,Cycles,0, ,,0,,09/26/2013 12:00:00 AM +0000,9/26/2013 6:00:00 PM,0,29880,At Intersection (intersection related),Daylight,9TH AVE AND PINE ST,0,1,,2,3573491,Dry,18,"MOTOR VEHICLE STRUCK PEDALCYCLIST, FRONT END AT ANGLE",,8521,0,1,Property Damage Only Collision,,45,Bicycle,Matched,N,1,Clear or Partly Cloudy,0,"(47.61352793100008, -122.33204186699999)",21786,0,N,2013-350817
116093,154491,154511,Block,Cycles,162.5, ,,0,,09/23/2013 12:00:00 AM +0000,9/23/2013 12:40:00 PM,0,,Mid-Block (not related to intersection),Daylight,S BAILEY ST BETWEEN CORSON AVE S AND CARLETON AVE S,0,1,,3,3550324,Dry,00,NOT ENOUGH INFORMATION / NOT APPLICABLE,,19416,0,1,Property Damage Only Collision,,45,Bicycle,Matched,N,1,Overcast,0,"(47.54741482400004, -122.32079700999998)",0,0,N,13-346 784
116110,152717,152737,Block,Cycles,238, ,,0,,08/20/2013 12:00:00 AM +0000,8/20/2013 3:07:00 PM,1,,Driveway Junction,Daylight,CALIFORNIA AVE SW BETWEEN SW BARTON ST AND SW BRACE POINT E DR,0,1,,2,3504910,Dry,51,PEDALCYCLIST STRUCK MOTOR VEHICLE FRONT END AT ANGLE,,9590,0,2,Injury Collision,,45,Bicycle,Matched,N,1,Clear or Partly Cloudy,0,"(47.52181669500004, -122.38746939199996)",29353,0,N,13-300869
116118,152483,152503,Intersection,Cycles,0, ,,0,,08/14/2013 12:00:00 AM +0000,8/14/2013 2:25:00 PM,1,28797,At Intersection (intersection related),Daylight,DEXTER AVE N AND JOHN ST,0,1,,2,3644151,Dry,51,PEDALCYCLIST STRUCK MOTOR VEHICLE FRONT END AT ANGLE,,10072,1,2b,Serious Injury Collision,,45,Bicycle,Matched,N,1,Overcast,0,"(47.61971961300003, -122.342391712)",12574,0,N,2013-292732
116130,152186,152206,Intersection,Cycles,0, ,,0,,08/10/2013 12:00:00 AM +0000,8/10/2013 9:27:00 PM,0,32354,At Intersection (intersection related),Dark - Street Lights On,1ST AVE S AND S SPOKANE NR ST,0,1,,3,3589953,Dry,51,PEDALCYCLIST STRUCK MOTOR VEHICLE FRONT END AT ANGLE,,1213,0,1,Property Damage Only Collision,,45,Bicycle,Matched,N,1,Overcast,0,"(47.571706608000056, -122.33419697499994)",0,525550,N,13-287941
116135,152003,152023,Block,Cycles,1842, ,,0,,03/22/2013 12:00:00 AM +0000,3/22/2013 3:09:00 PM,1,,Mid-Block (not related to intersection),Daylight,LAKE WASHINGTON BLVD S BETWEEN LAKE PARK DR S AND S HORTON NR ST,0,1,,3,3671740,Dry,56,PEDALCYCLIST STRUCK MOTOR VEHICLE LEFT SIDE SIDESWIPE,,11230,0,2,Injury Collision,,45,Bicycle,Matched,N,1,Clear or Partly Cloudy,0,"(47.578874744000075, -122.28370626699996)",38080,0,N,13-96637
116154,153047,153067,Block,Cycles,213, ,,0,,08/11/2013 12:00:00 AM +0000,8/11/2013 4:30:00 PM,1,,Mid-Block (not related to intersection),Daylight,1ST AVE BETWEEN PIKE ST AND PINE ST,1,1,,2,3554039,Dry,69,PEDALCYCLIST OVERTURNED IN ROAD,,1009,0,2,Injury Collision,,45,Bicycle,Matched,N,0,Clear or Partly Cloudy,0,"(47.60931643300006, -122.34046666699999)",36657,0,N,13-312247
116165,152883,152903,Block,Cycles,339.5, ,,0,,08/13/2013 12:00:00 AM +0000,8/13/2013 7:12:00 PM,0,,Mid-Block (not related to intersection),Daylight,44TH AVE S BETWEEN S CLOVERDALE ST AND S TRENTON ST,0,1,,2,3589940,Dry,21,"MOTOR VEHICLE STRUCK PEDALCYCLIST, REAR END",,6727,0,1,Property Damage Only Collision,,45,Bicycle,Matched,N,1,Clear or Partly Cloudy,0,"(47.525190079000026, -122.278058553)",0,0,N,13-291648
116171,153471,153491,Intersection,Cycles,0, ,,0,,09/08/2013 12:00:00 AM +0000,9/8/2013 5:45:00 PM,1,30173,At Intersection (intersection related),Daylight,23RD AVE AND E CHERRY ST,0,1,Y,2,3672443,Dry,51,PEDALCYCLIST STRUCK MOTOR VEHICLE FRONT END AT ANGLE,,3359,0,2,Injury Collision,Y,45,Bicycle,Matched,N,1,Clear or Partly Cloudy,0,"(47.60800896100005, -122.30276995599996)",9564,0,N,13-236950
116216,154855,154875,Intersection,Cycles,0, ,,0,,09/28/2013 12:00:00 AM +0000,9/28/2013 12:55:00 PM,1,37418,At Intersection (intersection related),Daylight,GREENWOOD AVE N AND N 95TH ST,0,1,,2,3641606,Wet,51,PEDALCYCLIST STRUCK MOTOR VEHICLE FRONT END AT ANGLE,,10757,0,2,Injury Collision,,45,Bicycle,Matched,N,1,Raining,0,"(47.69783859900008, -122.35537700999998)",0,0,N,2013 353240
116261,152488,152508,Block,Cycles,161, ,,0,,07/07/2010 12:00:00 AM +0000,7/7/2010 8:50:00 AM,1,,Mid-Block (not related to intersection),Daylight,E JEFFERSON ST BETWEEN 17TH AVE AND 18TH AVE,0,1,,2,3287268,Dry,22,"MOTOR VEHICLE STRUCK PEDALCYCLIST, RIGHT SIDE SIDESWIPE",,14225,0,2,Injury Collision,,45,Bicycle,Matched,N,1,Clear or Partly Cloudy,0,"(47.60617278900003, -122.30959758699998)",10500,0,N,2010-232001
116282,153482,153502,Intersection,Cycles,0, ,,0,,09/04/2013 12:00:00 AM +0000,9/4/2013 5:24:00 PM,1,29737,At Intersection (intersection related),Daylight,NAGLE PL AND E PINE ST,0,1,Y,3,3606533,Dry,18,"MOTOR VEHICLE STRUCK PEDALCYCLIST, FRONT END AT ANGLE",,11942,0,2,Injury Collision,,45,Bicycle,Matched,N,1,Clear or Partly Cloudy,0,"(47.61524085500008, -122.32001617599997)",10408,0,N,13-321541
116304,152889,152909,Block,Cycles,621, ,,0,Y,08/20/2013 12:00:00 AM +0000,8/20/2013 6:50:00 PM,1,,Mid-Block (not related to intersection),Daylight,LAKE WASHINGTON BLVD S BETWEEN S DAWSON ST AND LAKE WASHINGTON WR BLVD S,0,1,,2,3589985,Dry,18,"MOTOR VEHICLE STRUCK PEDALCYCLIST, FRONT END AT ANGLE",,11245,0,2,Injury Collision,,45,Bicycle,Matched,N,1,Clear or Partly Cloudy,0,"(47.55318298900005, -122.26047698999997)",38081,0,N,13-301108
116357,154509,154529,Intersection,Cycles,0, ,,0,,09/24/2013 12:00:00 AM +0000,9/24/2013 8:12:00 PM,0,29051,At Intersection (intersection related),Dark - Street Lights On,HARVARD AVE E AND E OLIVE WAY,0,1,,3,3672683,Dry,18,"MOTOR VEHICLE STRUCK PEDALCYCLIST, FRONT END AT ANGLE",,10846,0,1,Property Damage Only Collision,,45,Bicycle,Matched,N,1,Clear or Partly Cloudy,0,"(47.61989820000008, -122.32220598799995)",23225,0,N,13-348541
116380,154665,154685,Block,Cycles,329, ,,0,,09/26/2013 12:00:00 AM +0000,9/26/2013 11:40:00 PM,1,,Mid-Block (not related to intersection),Dark - Street Lights On,NW 85TH ST BETWEEN 6TH AVE NW AND 8TH AVE NW,0,1,,2,3502813,Dry,55,PEDALCYCLIST STRUCK MOTOR VEHICLE RIGHT SIDE SIDESWIPE,,18960,0,2,Injury Collision,,45,Bicycle,Matched,N,1,Clear or Partly Cloudy,0,"(47.69064791800008, -122.36465469299998)",21460,0,N,13-351120
116408,152740,152760,Intersection,Cycles,0, ,,0,,08/22/2013 12:00:00 AM +0000,8/22/2013 8:00:00 PM,1,29916,At Intersection (intersection related),Daylight,8TH AVE AND SENECA ST,0,1,,2,3590008,Dry,18,"MOTOR VEHICLE STRUCK PEDALCYCLIST, FRONT END AT ANGLE",,8278,0,2,Injury Collision,,45,Bicycle,Matched,N,1,Clear or Partly Cloudy,0,"(47.60937180500008, -122.32977650099997)",35515,0,N,13-303927
116410,152210,152230,Block,Cycles,185, ,,0,Y,08/09/2013 12:00:00 AM +0000,8/9/2013 7:14:00 PM,0,,Mid-Block (not related to intersection),Daylight,UNIVERSITY BR BETWEEN FUHRMAN AVE E AND POINT A,0,1,,2,3606159,Dry,23,"MOTOR VEHICLE STRUCK PEDALCYCLIST, LEFT SIDE SIDESWIPE",,13189,0,1,Property Damage Only Collision,,45,Bicycle,Matched,N,1,Clear or Partly Cloudy,0,"(47.65202472800007, -122.32092404899998)",15462,0,N,13-286439
116450,153483,153503,Block,Cycles,133, ,,0,,08/30/2013 12:00:00 AM +0000,8/30/2013 9:55:00 PM,1,,Mid-Block (but intersection related),Dark - Street Lights On,NW MARKET ST BETWEEN 7TH AVE NW AND 8TH AVE NW,0,1,,2,3566269,Dry,51,PEDALCYCLIST STRUCK MOTOR VEHICLE FRONT END AT ANGLE,,19222,0,2,Injury Collision,Y,45,Bicycle,Matched,N,1,Clear or Partly Cloudy,0,"(47.66865278700004, -122.36563606499999)",2408,0,N,13-315182
116475,154199,154219,Block,Cycles,65.5, ,,0,,09/06/2013 12:00:00 AM +0000,9/6/2013 6:45:00 PM,1,,Mid-Block (not related to intersection),Daylight,SW SPOKANE SR ST BETWEEN SPOKANE TURN RD AND SW AVALON WAY,0,1,,2,3380442,Dry,51,PEDALCYCLIST STRUCK MOTOR VEHICLE FRONT END AT ANGLE,,22842,0,2,Injury Collision,,45,Bicycle,Matched,N,1,Clear or Partly Cloudy,0,"(47.57138887700006, -122.37036041599998)",38750,0,N,2013-324270
116501,152221,152241,Block,Cycles,213, ,,0,,08/09/2013 12:00:00 AM +0000,8/9/2013 5:03:00 PM,1,,Mid-Block (not related to intersection),Daylight,BROADWAY BETWEEN E PINE ST AND XW E OLIVE ST,0,1,,1,3672479,Dry,69,PEDALCYCLIST OVERTURNED IN ROAD,,9448,0,2,Injury Collision,,45,Bicycle,Matched,N,0,Clear or Partly Cloudy,0,"(47.61581794700004, -122.32080786599994)",6854,0,N,2013-286297
116584,154017,154037,Block,Cycles,380, ,,0,,09/06/2013 12:00:00 AM +0000,9/6/2013 3:24:00 AM,1,,Mid-Block (not related to intersection),Dark - Street Lights On,1ST AVE S BETWEEN S ROYAL BROUGHAM WAY AND S ATLANTIC ST,0,1,,2,3643837,Wet,21,"MOTOR VEHICLE STRUCK PEDALCYCLIST, REAR END",,1202,0,2,Injury Collision,,45,Bicycle,Matched,N,1,Raining,0,"(47.59135531000004, -122.33419497799997)",5226,0,N,13 323388