OBJECTID,INCKEY,COLDETKEY,ADDRTYPE,COLLISIONTYPE,DISTANCE,EXCEPTRSNCODE,EXCEPTRSNDESC,FATALITIES,INATTENTIONIND,INCDATE,INCDTTM,INJURIES,INTKEY,JUNCTIONTYPE,LIGHTCOND,LOCATION,PEDCOUNT,PEDCYLCOUNT,PEDROWNOTGRNT,PERSONCOUNT,REPORTNO,ROADCOND,SDOT_COLCODE,SDOT_COLDESC,SDOTCOLNUM,SEGKEY,SERIOUSINJURIES,SEVERITYCODE,SEVERITYDESC,SPEEDING,ST_COLCODE,ST_COLDESC,STATUS,UNDERINFL,VEHCOUNT,WEATHER,WIDTH,Shape,SEGLANEKEY,CROSSWALKKEY,HITPARKEDCAR,SPDCASENO
116586,153856,153876,Block,Cycles,168, ,,0,Y,06/12/2013 12:00:00 AM +0000,6/12/2013 7:45:00 PM,1,,Mid-Block (not related to intersection),Daylight,FREMONT AVE N BETWEEN FREMONT PL N AND N 36TH ST,0,1,,2,3646427,Dry,23,"MOTOR VEHICLE STRUCK PEDALCYCLIST, LEFT SIDE SIDESWIPE",,10486,0,2,Injury Collision,,45,Bicycle,Matched,N,1,Clear or Partly Cloudy,0,"(47.65088855100004, -122.34988452999994)",8245,0,N,2013 203624
116626,154708,154728,Intersection,Cycles,0, ,,0,Y,09/26/2013 12:00:00 AM +0000,9/26/2013 3:43:00 PM,1,31082,At Intersection (intersection related),Daylight,CALIFORNIA AVE SW AND SW LANDER ST,0,1,Y,2,3386101,Dry,18,"MOTOR VEHICLE STRUCK PEDALCYCLIST, FRONT END AT ANGLE",,9541,1,2b,Serious Injury Collision,,45,Bicycle,Matched,N,1,Clear or Partly Cloudy,0,"(47.57931014500008, -122.386621376)",0,522657,N,13 350639
116639,154530,154550,Block,Cycles,154.5, ,,0,,09/21/2013 12:00:00 AM +0000,9/21/2013 7:49:00 PM,1,,Mid-Block (not related to intersection),Dark - Street Lights On,M L KING JR WAY S BETWEEN S HOLGATE ST AND S PLUM ST,0,1,,2,3590203,Dry,21,"MOTOR VEHICLE STRUCK PEDALCYCLIST, REAR END",,11513,1,2b,Serious Injury Collision,,45,Bicycle,Matched,N,1,Clear or Partly Cloudy,0,"(47.58590509800007, -122.29812770099994)",37774,0,N,13-344809
116658,154914,154934,Block,Cycles,165, ,,0,,10/01/2013 12:00:00 AM +0000,10/1/2013 8:26:00 AM,1,,Mid-Block (not related to intersection),Daylight,NE 110TH ST BETWEEN 35TH AVE NE AND 36TH AVE NE,0,1,,2,3501410,Wet,51,PEDALCYCLIST STRUCK MOTOR VEHICLE FRONT END AT ANGLE,,16289,0,2,Injury Collision,,45,Bicycle,Matched,N,1,Raining,0,"(47.70836469600005, -122.29009500399997)",0,0,N,13-356623
116678,152229,152249,Block,Cycles,300, ,,0,,03/06/2013 12:00:00 AM +0000,3/6/2013 4:09:00 AM,1,,Mid-Block (not related to intersection),Dark - Street Lights On,SW SPOKANE ST BETWEEN SW KLICKITAT SR WAY AND 11TH CR AVE SW,0,2,,2,3553634,Dry,61,PEDALCYCLIST STRUCK PEDALCYCLIST REAR END,,22807,0,2,Injury Collision,,45,Bicycle,Matched,N,0,Clear or Partly Cloudy,0,"(47.57144715600003, -122.34758371999999)",0,0,N,13-76204
116727,153713,153733,Block,Cycles,55.5, ,,0,,09/09/2013 12:00:00 AM +0000,9/9/2013 7:10:00 PM,1,,Mid-Block (not related to intersection),Dusk,31ST AVE NW BETWEEN NW 96TH ST AND NW ESPLANADE,0,1,,2,3572951,Dry,00,NOT ENOUGH INFORMATION / NOT APPLICABLE,,4825,0,2,Injury Collision,Y,45,Bicycle,Matched,N,1,Clear or Partly Cloudy,0,"(47.69930505100007, -122.39604628799998)",0,0,N,2013-328410
116733,154214,154234,Block,Cycles,263.5, ,,0,,09/19/2013 12:00:00 AM +0000,9/19/2013 4:28:00 PM,1,,Mid-Block (not related to intersection),Daylight,LAKESIDE AVE BETWEEN E YESLER WAY AND LAKE WASHINGTON BLVD,0,1,,2,3672681,Dry,54,PEDALCYCLIST STRUCK MOTOR VEHICLE REAR END,,11252,0,2,Injury Collision,,45,Bicycle,Matched,N,1,Clear or Partly Cloudy,0,"(47.602350311000066, -122.28497101999994)",35103,0,N,13-341836
116760,154544,154564,Block,Cycles,213, ,,0,,09/19/2013 12:00:00 AM +0000,9/19/2013 3:55:00 PM,2,,Mid-Block (but intersection related),Daylight,3RD AVE BETWEEN UNION ST AND PIKE ST,1,1,,3,3644036,Dry,21,"MOTOR VEHICLE STRUCK PEDALCYCLIST, REAR END",,4383,0,2,Injury Collision,,45,Bicycle,Matched,N,1,Clear or Partly Cloudy,0,"(47.60925181700003, -122.33733769199995)",35807,0,N,13 341772
116769,154922,154942,Intersection,Cycles,0, ,,0,,10/02/2013 12:00:00 AM +0000,10/2/2013 3:26:00 PM,1,30482,At Intersection (intersection related),Daylight,2ND AVE AND JAMES ST,0,1,Y,2,3585426,Wet,18,"MOTOR VEHICLE STRUCK PEDALCYCLIST, FRONT END AT ANGLE",,2749,0,2,Injury Collision,,45,Bicycle,Matched,N,1,Overcast,0,"(47.60230560100007, -122.33251943999994)",12029,0,N,13-358375
116807,152237,152257,Block,Cycles,253, ,,0,,03/07/2013 12:00:00 AM +0000,3/7/2013 11:30:00 AM,1,,Mid-Block (not related to intersection),Daylight,RAINIER AVE S BETWEEN S HUDSON ST AND 39TH N AVE S,0,1,,2,3672033,Dry,18,"MOTOR VEHICLE STRUCK PEDALCYCLIST, FRONT END AT ANGLE",,12388,0,2,Injury Collision,,45,Bicycle,Matched,N,1,Clear or Partly Cloudy,0,"(47.55645156800006, -122.28410238699996)",0,0,N,13-77871
116817,152051,152071,Block,Cycles,132, ,,0,,03/24/2013 12:00:00 AM +0000,3/24/2013 1:57:00 PM,0,,Mid-Block (not related to intersection),Daylight,AURORA AVE N BETWEEN N 82ND ST AND GREEN LAKE DR N,0,1,Y,3,3501620,Dry,21,"MOTOR VEHICLE STRUCK PEDALCYCLIST, REAR END",,8960,0,1,Property Damage Only Collision,,45,Bicycle,Matched,N,1,Clear or Partly Cloudy,0,"(47.68874955500007, -122.34451256099999)",16466,0,N,13-99085
116929,154932,154952,Block,Cycles,132, ,,0,Y,10/01/2013 12:00:00 AM +0000,10/1/2013 1:45:00 PM,1,,Mid-Block (not related to intersection),Daylight,NE 45TH ST BETWEEN 2ND AVE NE AND THACKERAY PL NE,0,1,,2,3582129,Dry,18,"MOTOR VEHICLE STRUCK PEDALCYCLIST, FRONT END AT ANGLE",,16839,0,2,Injury Collision,,45,Bicycle,Matched,N,1,Clear or Partly Cloudy,0,"(47.66135208600008, -122.32671661299997)",6536,0,N,13-356982
116961,153108,153128,Intersection,Cycles,0, ,,0,,08/29/2013 12:00:00 AM +0000,8/29/2013 5:05:00 PM,1,30071,At Intersection (intersection related),Daylight,M L KING JR WAY AND E CHERRY ST,0,1,,1,3672581,Wet,69,PEDALCYCLIST OVERTURNED IN ROAD,,11486,0,2,Injury Collision,,45,Bicycle,Matched,N,0,Raining,0,"(47.607996624000066, -122.29625430699997)",0,0,N,13-313507
116993,153726,153746,Intersection,Cycles,0, ,,0,,12/28/2010 12:00:00 AM +0000,12/28/2010 12:29:00 PM,0,31379,At Intersection (intersection related),Daylight,1ST AVE S AND S HANFORD ST,0,1,,2,3374530,Dry,54,PEDALCYCLIST STRUCK MOTOR VEHICLE REAR END,,1210,0,1,Property Damage Only Collision,,45,Bicycle,Matched,N,1,Clear or Partly Cloudy,0,"(47.57557557400003, -122.33420302499997)",5367,0,N,2010-444868
117016,154935,154955,Block,Cycles,252, ,,0,Y,10/01/2013 12:00:00 AM +0000,10/1/2013 8:50:00 AM,1,,Driveway Junction,Daylight,FREMONT AVE N BETWEEN N 36TH ST AND N 38TH ST,1,1,,4,3582130,Wet,18,"MOTOR VEHICLE STRUCK PEDALCYCLIST, FRONT END AT ANGLE",,10487,0,2,Injury Collision,,45,Bicycle,Matched,N,1,Raining,0,"(47.652037807000056, -122.34992726899998)",8364,0,N,13-356719
117037,154561,154581,Intersection,Cycles,0, ,,0,,09/25/2013 12:00:00 AM +0000,9/25/2013 7:51:00 AM,1,25432,At Intersection (intersection related),Daylight,8TH AVE NW AND NW 54TH ST,0,1,,4,3609358,Wet,51,PEDALCYCLIST STRUCK MOTOR VEHICLE FRONT END AT ANGLE,,8383,0,2,Injury Collision,,45,Bicycle,Matched,N,1,Overcast,0,"(47.66791249800008, -122.36617990299999)",2394,0,N,13-348951
117069,152799,152819,Intersection,Cycles,0, ,,0,Y,08/23/2013 12:00:00 AM +0000,8/23/2013 8:53:00 AM,1,28530,At Intersection (intersection related),Daylight,MCGILVRA BLVD E AND E MADISON N ST,1,1,Y,3,3672510,Dry,64,PEDALCYCLIST STRUCK PEDESTRIAN,,11721,0,2,Injury Collision,Y,45,Bicycle,Matched,N,1,Overcast,0,"(47.63372768100004, -122.28106301599996)",34285,524080,N,13 304547
117076,152794,152814,Block,Cycles,311, ,,0,,08/22/2013 12:00:00 AM +0000,8/22/2013 11:47:00 AM,1,,Mid-Block (not related to intersection),Daylight,BROADWAY BETWEEN HARVARD AVE AND E UNION ST,0,1,,1,3672509,Dry,66,PEDALCYCLIST STRUCK OBJECT IN ROAD,,9445,0,2,Injury Collision,,45,Bicycle,Matched,N,0,Clear or Partly Cloudy,0,"(47.61210999000008, -122.32076121799997)",6882,0,N,13-303287
117105,154091,154111,Intersection,Cycles,0, ,,0,Y,09/16/2013 12:00:00 AM +0000,9/16/2013 5:30:00 PM,1,31344,At Intersection (intersection related),Daylight,1ST AVE S AND S MASSACHUSETTS ST,0,1,,2,3581597,Dry,18,"MOTOR VEHICLE STRUCK PEDALCYCLIST, FRONT END AT ANGLE",,1204,0,2,Injury Collision,,45,Bicycle,Matched,N,1,Clear or Partly Cloudy,0,"(47.58822858900004, -122.33419664299998)",0,600377,N,13-337923
117116,154237,154257,Block,Cycles,185, ,,0,,08/09/2012 12:00:00 AM +0000,8/9/2012 2:41:00 PM,1,,Mid-Block (not related to intersection),Daylight,W COMMODORE WAY BETWEEN 21ST AVE W AND 22ND AVE W,0,1,,2,3549355,Dry,18,"MOTOR VEHICLE STRUCK PEDALCYCLIST, FRONT END AT ANGLE",,23163,0,2,Injury Collision,,45,Bicycle,Matched,N,1,Clear or Partly Cloudy,0,"(47.65953408100006, -122.38390964399997)",0,0,N,12-262529
117217,153143,153163,Intersection,Cycles,0, ,,0,,08/31/2013 12:00:00 AM +0000,8/31/2013 3:45:00 PM,1,37407,At Intersection (intersection related),Daylight,FREMONT AVE N AND N 100TH ST,0,1,,3,3572878,Dry,18,"MOTOR VEHICLE STRUCK PEDALCYCLIST, FRONT END AT ANGLE",,10543,0,2,Injury Collision,,45,Bicycle,Matched,N,1,Clear or Partly Cloudy,0,"(47.70144567700004, -122.35003997299998)",0,0,N,13-316171
117224,153138,153158,Intersection,Cycles,0, ,,0,,08/29/2013 12:00:00 AM +0000,8/29/2013 3:37:00 PM,0,37326,At Intersection (intersection related),Daylight,AURORA AVE N AND N 94TH ST,0,1,,2,3579622,Wet,18,"MOTOR VEHICLE STRUCK PEDALCYCLIST, FRONT END AT ANGLE",,8973,0,1,Property Damage Only Collision,,45,Bicycle,Matched,N,1,Overcast,0,"(47.69708410000004, -122.34459941499995)",16320,0,N,13-313375
117231,152616,152636,Block,Cycles,222, ,,0,,08/16/2013 12:00:00 AM +0000,8/16/2013 7:26:00 PM,1,,Mid-Block (not related to intersection),Daylight,12TH AVE BETWEEN E MADISON ST AND E PIKE ST,0,1,,2,3672505,Dry,18,"MOTOR VEHICLE STRUCK PEDALCYCLIST, FRONT END AT ANGLE",,1536,0,2,Injury Collision,,45,Bicycle,Matched,N,1,Clear or Partly Cloudy,0,"(47.613495138000076, -122.31678450399994)",10773,0,N,2013-295754
117250,154250,154270,Intersection,Cycles,0, ,,0,,08/14/2012 12:00:00 AM +0000,8/14/2012 10:06:00 AM,0,29809,At Intersection (intersection related),Daylight,12TH AVE AND E JEFFERSON ST,0,1,Y,2,3552212,Dry,21,"MOTOR VEHICLE STRUCK PEDALCYCLIST, REAR END",,1529,0,1,Property Damage Only Collision,,45,Bicycle,Matched,N,1,Clear or Partly Cloudy,0,"(47.60620304500003, -122.31678046599995)",10465,0,N,12-269024
117251,153747,153767,Block,Cycles,142,NEI,"Not Enough Information, or Insufficient Location Information",0,,10/11/2010 12:00:00 AM +0000,10/11/2010 12:45:00 PM,0,,Mid-Block (not related to intersection),Unknown,24TH AVE NW BETWEEN NW MARKET ST AND NW 56TH ST,0,1,Y,2,3383315,Unknown,00,NOT ENOUGH INFORMATION / NOT APPLICABLE,,3590,0,1,Property Damage Only Collision,,45,Bicycle,Matched,N,1,Unknown,0,"(47.66906686100003, -122.38758186299998)",25854,0,N,10-356309
117261,154243,154263,Block,Cycles,153, ,,0,Y,09/18/2013 12:00:00 AM +0000,9/18/2013 2:23:00 PM,0,,Driveway Junction,Daylight,6TH AVE S BETWEEN S LANE ST AND S DEARBORN ST,0,1,,2,3574876,Dry,18,"MOTOR VEHICLE STRUCK PEDALCYCLIST, FRONT END AT ANGLE",,7986,0,1,Property Damage Only Collision,,45,Bicycle,Matched,N,1,Clear or Partly Cloudy,0,"(47.596258136000074, -122.32637212399999)",0,0,N,13-340335
117282,153922,153942,Block,Cycles,108, ,,0,Y,09/12/2013 12:00:00 AM +0000,9/12/2013 2:39:00 PM,1,,Mid-Block (not related to intersection),Daylight,N 36TH ST BETWEEN ASHWORTH AVE N AND CARR PL N,0,1,,2,3642148,Dry,00,NOT ENOUGH INFORMATION / NOT APPLICABLE,,15332,0,2,Injury Collision,,45,Bicycle,Matched,N,1,Clear or Partly Cloudy,0,"(47.65051496800004, -122.33980374699996)",0,0,N,2013-332235
117309,154584,154604,Block,Cycles,326.5, ,,0,,09/25/2013 12:00:00 AM +0000,9/25/2013 12:07:00 PM,0,,Mid-Block (not related to intersection),Daylight,WALLINGFORD AVE N BETWEEN N 80TH ST AND N 82ND ST,0,1,,2,3554042,Wet,18,"MOTOR VEHICLE STRUCK PEDALCYCLIST, FRONT END AT ANGLE",,13387,0,1,Property Damage Only Collision,,45,Bicycle,Matched,N,1,Overcast,0,"(47.68781239100008, -122.33641385299995)",27605,0,N,13-349197
117349,152813,152833,Intersection,Cycles,0, ,,0,Y,08/09/2013 12:00:00 AM +0000,8/9/2013 7:21:00 PM,1,25606,At Intersection (intersection related),Daylight,PHINNEY AVE N AND N 60TH ST,0,1,,2,3326098,Dry,51,PEDALCYCLIST STRUCK MOTOR VEHICLE FRONT END AT ANGLE,,12155,0,2,Injury Collision,,45,Bicycle,Matched,N,1,Clear or Partly Cloudy,0,"(47.67248685200008, -122.35437964699997)",3843,0,N,13-286440
117362,152634,152654,Intersection,Cycles,0, ,,0,,08/19/2013 12:00:00 AM +0000,8/19/2013 5:04:00 PM,1,36986,At Intersection (intersection related),Daylight,17TH AVE NW AND NW 85TH ST,0,1,,3,3572728,Dry,18,"MOTOR VEHICLE STRUCK PEDALCYCLIST, FRONT END AT ANGLE",,2458,0,2,Injury Collision,,45,Bicycle,Matched,N,1,Clear or Partly Cloudy,0,"(47.69060246500004, -122.37895652499998)",0,0,N,13-299698
117365,153152,153172,Intersection,Cycles,0, ,,0,,08/30/2013 12:00:00 AM +0000,8/30/2013 3:32:00 PM,2,23860,At Intersection (intersection related),Daylight,15TH AVE NW AND NW 83RD ST,0,1,,3,3502770,Dry,18,"MOTOR VEHICLE STRUCK PEDALCYCLIST, FRONT END AT ANGLE",,2119,0,2,Injury Collision,,45,Bicycle,Matched,N,1,Clear or Partly Cloudy,0,"(47.68872436500004, -122.37679944799999)",0,0,N,13-314712
117380,154116,154136,Intersection,Cycles,0, ,,0,,08/22/2012 12:00:00 AM +0000,8/22/2012 5:22:00 PM,1,26916,At Intersection (intersection related),Dusk,BURKE AVE N AND N NORTHLAKE WAY,0,1,Y,3,3376825,Dry,18,"MOTOR VEHICLE STRUCK PEDALCYCLIST, FRONT END AT ANGLE",,9499,0,2,Injury Collision,,45,Bicycle,Matched,N,1,Clear or Partly Cloudy,0,"(47.64687291300004, -122.33516875699996)",0,630885,N,12-280446
117383,153937,153957,Intersection,Cycles,0, ,,0,,09/11/2013 12:00:00 AM +0000,9/11/2013 11:00:00 AM,1,26627,At Intersection (intersection related),Daylight,LEARY WAY NW AND NW 43RD ST,0,1,Y,2,3646000,Dry,18,"MOTOR VEHICLE STRUCK PEDALCYCLIST, FRONT END AT ANGLE",,11342,0,2,Injury Collision,,45,Bicycle,Matched,N,1,Clear or Partly Cloudy,0,"(47.65894425400006, -122.36471610299998)",0,523087,N,13-330605
117387,153933,153953,Intersection,Cycles,0, ,,0,,09/12/2013 12:00:00 AM +0000,9/12/2013 3:00:00 PM,1,27167,At Intersection (intersection related),Daylight,UNIVERSITY WAY NE AND NE PACIFIC ST,0,1,Y,2,3672587,Dry,18,"MOTOR VEHICLE STRUCK PEDALCYCLIST, FRONT END AT ANGLE",,13215,0,2,Injury Collision,,45,Bicycle,Matched,N,1,Clear or Partly Cloudy,0,"(47.65339944100003, -122.31333457599999)",0,524617,N,13-331064
117407,154253,154273,Block,Cycles,336, ,,0,,08/11/2012 12:00:00 AM +0000,8/11/2012 9:41:00 AM,1,,Mid-Block (not related to intersection),Daylight,19TH AVE BETWEEN E ALDER ST AND E JEFFERSON ST,0,1,,2,3552272,Dry,16,"MOTOR VEHICLE STRUCK MOTOR VEHICLE, LEFT SIDE SIDESWIPE",,2643,0,2,Injury Collision,,45,Bicycle,Matched,N,1,Clear or Partly Cloudy,0,"(47.605241619000026, -122.30764226399998)",8655,0,N,2012-265063
117428,152142,152162,Block,Cycles,150, ,,0,Y,08/10/2013 12:00:00 AM +0000,8/10/2013 4:48:00 PM,1,,Mid-Block (not related to intersection),Daylight,S JACKSON ST BETWEEN 25TH AVE S AND 26TH AVE S,0,1,,2,3552058,Dry,18,"MOTOR VEHICLE STRUCK PEDALCYCLIST, FRONT END AT ANGLE",,20503,0,2,Injury Collision,,45,Bicycle,Matched,N,1,Clear or Partly Cloudy,0,"(47.59926044100007, -122.29927796999999)",11269,0,N,13 287600
117440,154589,154609,Block,Cycles,692.5, ,,0,,09/19/2013 12:00:00 AM +0000,9/19/2013 5:20:00 PM,1,,Mid-Block (but intersection related),Daylight,HARBOR AVE SW BETWEEN SW MARYLAND PL AND CALIFORNIA WAY SW,0,1,Y,2,3465538,Dry,18,"MOTOR VEHICLE STRUCK PEDALCYCLIST, FRONT END AT ANGLE",,10814,0,2,Injury Collision,,45,Bicycle,Matched,N,1,Clear or Partly Cloudy,0,"(47.59131555300007, -122.38237552699997)",4155,0,N,2013-341898
117479,152645,152665,Intersection,Cycles,0, ,,0,,08/13/2013 12:00:00 AM +0000,8/13/2013 6:45:00 PM,1,23894,At Intersection (intersection related),Daylight,24TH AVE NW AND NW 75TH ST,0,1,,2,3553936,Dry,18,"MOTOR VEHICLE STRUCK PEDALCYCLIST, FRONT END AT ANGLE",,3604,0,2,Injury Collision,,45,Bicycle,Matched,N,1,Clear or Partly Cloudy,0,"(47.68318391400004, -122.38755895899999)",2181,0,N,13-291627
117480,153161,153181,Intersection,Cycles,0, ,,0,,08/30/2013 12:00:00 AM +0000,8/30/2013 6:34:00 PM,1,29459,At Intersection (intersection related),Daylight,37TH AVE E AND LAKE WASHINGTON BLVD E,0,1,,2,3476710,Dry,51,PEDALCYCLIST STRUCK MOTOR VEHICLE FRONT END AT ANGLE,,11204,1,2b,Serious Injury Collision,,45,Bicycle,Matched,N,1,Clear or Partly Cloudy,0,"(47.62251474200008, -122.28551409399995)",0,0,N,13-314929
117513,153608,153628,Intersection,Cycles,0, ,,0,,09/09/2013 12:00:00 AM +0000,9/9/2013 7:54:00 PM,1,24247,At Intersection (intersection related),Dusk,EAST GREEN LAKE DR N AND N 77TH ST,0,1,Y,2,3645996,Dry,18,"MOTOR VEHICLE STRUCK PEDALCYCLIST, FRONT END AT ANGLE",,14066,0,2,Injury Collision,,45,Bicycle,Matched,N,1,Clear or Partly Cloudy,0,"(47.684396667000044, -122.33501327199997)",7346,0,N,13-328454
117530,153374,153394,Block,Cycles,221.5, ,,0,,09/03/2013 12:00:00 AM +0000,9/3/2013 11:22:00 AM,1,,Driveway Junction,Daylight,23RD AVE BETWEEN E UNION ST AND E PIKE ST,0,1,,2,3326099,Wet,18,"MOTOR VEHICLE STRUCK PEDALCYCLIST, FRONT END AT ANGLE",,3363,0,2,Injury Collision,,45,Bicycle,Matched,N,1,Raining,0,"(47.61354689900003, -122.30269424)",0,0,N,13-319661
117537,153180,153184,Block,Cycles,161, ,,0,,09/01/2013 12:00:00 AM +0000,9/1/2013 1:04:00 PM,1,,Mid-Block (not related to intersection),Daylight,LENORA ST BETWEEN WESTERN AVE AND 1ST AVE,0,1,,5,3574402,Dry,55,PEDALCYCLIST STRUCK MOTOR VEHICLE RIGHT SIDE SIDESWIPE,,11366,0,2,Injury Collision,Y,45,Bicycle,Matched,N,2,Clear or Partly Cloudy,0,"(47.61150400100007, -122.34434338299997)",36975,0,N,13 317287
117572,154797,154817,Intersection,Cycles,0, ,,0,,09/30/2013 12:00:00 AM +0000,9/30/2013 11:38:00 AM,1,28777,At Intersection (intersection related),Daylight,FAIRVIEW AVE N AND HARRISON ST,0,1,,2,3549031,Wet,51,PEDALCYCLIST STRUCK MOTOR VEHICLE FRONT END AT ANGLE,,10348,0,2,Injury Collision,,45,Bicycle,Matched,N,1,Raining,0,"(47.621999806000076, -122.33427421599998)",25100,0,N,13-355599
117591,152648,152668,Intersection,Cycles,0, ,,0,Y,08/14/2013 12:00:00 AM +0000,8/14/2013 8:45:00 AM,1,29613,At Intersection (intersection related),Daylight,2ND AVE AND SPRING ST,0,1,,2,3550118,Dry,18,"MOTOR VEHICLE STRUCK PEDALCYCLIST, FRONT END AT ANGLE",,2754,0,2,Injury Collision,,45,Bicycle,Matched,N,1,Clear or Partly Cloudy,0,"(47.605872617000045, -122.33578172399996)",12144,0,N,2013-292344
117610,152148,152168,Block,Cycles,126.5, ,,0,,09/27/2010 12:00:00 AM +0000,9/27/2010 7:14:00 AM,1,,Mid-Block (not related to intersection),Daylight,EASTLAKE AVE NE BETWEEN NE 41ST ST AND 11TH AVE NE,0,1,,2,3286950,Wet,21,"MOTOR VEHICLE STRUCK PEDALCYCLIST, REAR END",,10187,0,2,Injury Collision,,45,Bicycle,Matched,N,1,Raining,0,"(47.657160488000045, -122.31687596599994)",30558,0,N,2010-337602
117633,154138,154158,Block,Cycles,214.5, ,,0,,08/11/2012 12:00:00 AM +0000,8/11/2012 12:01:00 PM,1,,Mid-Block (not related to intersection),Daylight,SEWARD PARK AVE S BETWEEN HAMLET AVE S AND S HENDERSON ST,0,1,Y,2,3467165,Dry,18,"MOTOR VEHICLE STRUCK PEDALCYCLIST, FRONT END AT ANGLE",,12814,0,2,Injury Collision,,45,Bicycle,Matched,N,1,Clear or Partly Cloudy,0,"(47.52388214600006, -122.26459444599999)",37765,0,N,12-265171
117640,153609,153629,Intersection,Cycles,0, ,,0,,09/10/2013 12:00:00 AM +0000,9/10/2013 4:30:00 PM,1,27093,At Intersection (intersection related),Daylight,ROOSEVELT WAY NE AND NE 42ND S ST,0,1,,3,3641710,Dry,51,PEDALCYCLIST STRUCK MOTOR VEHICLE FRONT END AT ANGLE,,12595,0,2,Injury Collision,,45,Bicycle,Matched,N,1,Clear or Partly Cloudy,0,"(47.65751422500006, -122.31780212899997)",8986,0,N,2013-329653
117641,154133,154153,Block,Cycles,451.5, ,,0,,08/06/2012 12:00:00 AM +0000,8/6/2012 9:59:00 AM,1,,Mid-Block (not related to intersection),Daylight,S HENDERSON ST BETWEEN RAINIER AVE S AND 53RD AVE S,0,1,Y,2,3467160,Dry,18,"MOTOR VEHICLE STRUCK PEDALCYCLIST, FRONT END AT ANGLE",,20245,0,2,Injury Collision,,45,Bicycle,Matched,N,1,Overcast,0,"(47.52330258200004, -122.26816089599998)",3806,0,N,2012-258122
117667,153782,153802,Block,Cycles,139.5, ,,0,Y,09/11/2013 12:00:00 AM +0000,9/11/2013 8:53:00 AM,1,,Driveway Junction,Daylight,15TH AVE W BETWEEN W HOWE ST AND W NEWTON ST,0,1,,2,3574654,Dry,18,"MOTOR VEHICLE STRUCK PEDALCYCLIST, FRONT END AT ANGLE",,2186,0,2,Injury Collision,,45,Bicycle,Matched,N,1,Clear or Partly Cloudy,0,"(47.63633468300003, -122.37613940999995)",19025,0,N,2013-330470
117698,154609,154629,Block,Cycles,265.5, ,,0,,09/24/2013 12:00:00 AM +0000,9/24/2013 7:07:00 PM,1,,Mid-Block (but intersection related),Dark - Street Lights On,NW 45TH ST BETWEEN 9TH AVE NW AND 11TH AVE NW,0,2,,2,3582291,Dry,18,"MOTOR VEHICLE STRUCK PEDALCYCLIST, FRONT END AT ANGLE",,18336,0,2,Injury Collision,,45,Bicycle,Matched,Y,0,Overcast,0,"(47.661468177000074, -122.36969047599996)",0,0,N,13 348478
117721,157710,157730,Block,Cycles,237.5, ,,0,,11/29/2013 12:00:00 AM +0000,11/29/2013 10:34:00 AM,2,,Mid-Block (not related to intersection),Daylight,EASTLAKE AVE E BETWEEN E ROANOKE ST AND E EDGAR ST,0,1,Y,2,3585607,Dry,21,"MOTOR VEHICLE STRUCK PEDALCYCLIST, REAR END",,10179,0,2,Injury Collision,,45,Bicycle,Matched,N,1,Overcast,0,"(47.64384056200004, -122.32588475799997)",24704,0,N,2013-429972
117828,157544,157564,Block,Cycles,57.5, ,,0,,11/21/2013 12:00:00 AM +0000,11/21/2013 12:00:00 PM,0,,,Daylight,17TH AVE BETWEEN E PINE ST AND E MADISON ST,0,1,,2,3585576,Dry,00,NOT ENOUGH INFORMATION / NOT APPLICABLE,,2365,0,1,Property Damage Only Collision,,45,Bicycle,Matched,N,1,Clear or Partly Cloudy,0,"(47.61543076000004, -122.31015223499998)",0,0,N,13-422414
117864,157192,157212,Intersection,Cycles,0, ,,0,,11/18/2013 12:00:00 AM +0000,11/18/2013 6:00:00 PM,1,25706,At Intersection (intersection related),Dark - Street Lights On,NE 63RD ST AND NE RAVENNA WB BV,0,1,Y,2,3206168,Wet,18,"MOTOR VEHICLE STRUCK PEDALCYCLIST, FRONT END AT ANGLE",,17222,0,2,Injury Collision,,45,Bicycle,Matched,N,1,Raining,0,"(47.674171675000025, -122.32028043499997)",28777,0,N,2013-418006
117880,155881,155901,Block,Cycles,168, ,,0,,10/23/2013 12:00:00 AM +0000,10/23/2013 9:50:00 AM,1,,Mid-Block (not related to intersection),Daylight,N NORTHGATE WAY BETWEEN AURORA AVE N AND MIDVALE AVE N,0,1,,2,3613397,Dry,51,PEDALCYCLIST STRUCK MOTOR VEHICLE FRONT END AT ANGLE,,16111,0,2,Injury Collision,,45,Bicycle,Matched,N,1,Clear or Partly Cloudy,0,"(47.70505030700008, -122.34401368799996)",0,0,N,13-384710
117883,155729,155749,Block,Cycles,330, ,,0,,10/14/2013 12:00:00 AM +0000,10/14/2013 12:34:00 PM,1,,Mid-Block (not related to intersection),Daylight,N NORTHGATE WAY BETWEEN MERIDIAN AVE N AND CORLISS AVE N,0,1,,2,3646249,Dry,51,PEDALCYCLIST STRUCK MOTOR VEHICLE FRONT END AT ANGLE,,16119,0,2,Injury Collision,,45,Bicycle,Matched,N,1,Clear or Partly Cloudy,0,"(47.70865451600008, -122.33265537499994)",0,0,N,13 373427
117930,156616,156636,Intersection,Cycles,0, ,,0,,11/07/2013 12:00:00 AM +0000,11/7/2013 3:30:00 PM,1,23940,At Intersection (intersection related),Daylight,17TH AVE NW AND NW 67TH ST,0,1,,2,3564641,Wet,18,"MOTOR VEHICLE STRUCK PEDALCYCLIST, FRONT END AT ANGLE",,2451,0,2,Injury Collision,,45,Bicycle,Matched,N,1,Raining,0,"(47.67771391600007, -122.37890792699994)",0,0,N,13-405207