OBJECTID,INCKEY,COLDETKEY,ADDRTYPE,COLLISIONTYPE,DISTANCE,EXCEPTRSNCODE,EXCEPTRSNDESC,FATALITIES,INATTENTIONIND,INCDATE,INCDTTM,INJURIES,INTKEY,JUNCTIONTYPE,LIGHTCOND,LOCATION,PEDCOUNT,PEDCYLCOUNT,PEDROWNOTGRNT,PERSONCOUNT,REPORTNO,ROADCOND,SDOT_COLCODE,SDOT_COLDESC,SDOTCOLNUM,SEGKEY,SERIOUSINJURIES,SEVERITYCODE,SEVERITYDESC,SPEEDING,ST_COLCODE,ST_COLDESC,STATUS,UNDERINFL,VEHCOUNT,WEATHER,WIDTH,Shape,SEGLANEKEY,CROSSWALKKEY,HITPARKEDCAR,SPDCASENO
117950,156421,156441,Block,Cycles,125, ,,0,,11/05/2013 12:00:00 AM +0000,11/5/2013 11:40:00 AM,1,,Mid-Block (not related to intersection),Unknown,NE 65TH ST BETWEEN 4TH AVE NE AND 5TH W AVE NE,0,1,Y,2,3646296,Wet,18,"MOTOR VEHICLE STRUCK PEDALCYCLIST, FRONT END AT ANGLE",,17252,0,2,Injury Collision,,45,Bicycle,Matched,N,1,Overcast,0,"(47.67588716200004, -122.32389547399998)",6656,0,N,13-402304
118002,155371,155391,Intersection,Cycles,0, ,,0,,10/14/2013 12:00:00 AM +0000,10/14/2013 7:00:00 PM,1,27273,At Intersection (intersection related),Dark - No Street Lights,N 36TH ST AND N PACIFIC ST,0,1,Y,2,3585502,Dry,51,PEDALCYCLIST STRUCK MOTOR VEHICLE FRONT END AT ANGLE,,9764,0,2,Injury Collision,,45,Bicycle,Matched,N,1,Clear or Partly Cloudy,0,"(47.65050201500003, -122.33154340399994)",0,0,N,13-373987
118048,156431,156451,Intersection,Cycles,0, ,,0,Y,11/07/2013 12:00:00 AM +0000,11/7/2013 5:20:00 PM,1,287171,At Intersection (intersection related),Dark - Street Lights On,BURKE GILMAN TRL AND NE 65TH ST,0,1,,2,3503120,Wet,18,"MOTOR VEHICLE STRUCK PEDALCYCLIST, FRONT END AT ANGLE",,287215,0,2,Injury Collision,,45,Bicycle,Matched,N,1,Raining,0,"(47.67573704200004, -122.26656513399996)",0,524265,N,13-404570
118050,156430,156450,Intersection,Cycles,0, ,,0,,11/07/2013 12:00:00 AM +0000,11/7/2013 7:54:00 AM,1,287158,At Intersection (intersection related),Daylight,BROOKLYN AVE NE AND BURKE GILMAN TRL,0,1,,2,3501719,Wet,18,"MOTOR VEHICLE STRUCK PEDALCYCLIST, FRONT END AT ANGLE",,287256,0,2,Injury Collision,,45,Bicycle,Matched,N,1,Raining,0,"(47.654209094000066, -122.31447179599996)",0,525567,N,2013-403979
118073,157043,157063,Intersection,Cycles,0, ,,0,Y,11/15/2013 12:00:00 AM +0000,11/15/2013 5:24:00 PM,1,30379,At Intersection (intersection related),Daylight,ALASKAN WAY AND MARION ST,0,1,,2,3643866,Dry,18,"MOTOR VEHICLE STRUCK PEDALCYCLIST, FRONT END AT ANGLE",,8719,0,2,Injury Collision,,45,Bicycle,Matched,N,1,Clear or Partly Cloudy,0,"(47.60306058300006, -122.33778754599996)",0,0,N,13-414430
118104,157394,157414,Intersection,Cycles,0, ,,0,Y,11/23/2013 12:00:00 AM +0000,11/23/2013 3:13:00 PM,1,27491,At Intersection (intersection related),Daylight,34TH AVE W AND W SMITH S ST,0,1,,3,3581698,Dry,18,"MOTOR VEHICLE STRUCK PEDALCYCLIST, FRONT END AT ANGLE",,5320,0,2,Injury Collision,,45,Bicycle,Matched,N,1,Clear or Partly Cloudy,0,"(47.64052577700005, -122.40098512299994)",29507,0,N,13-423956
118107,157393,157413,Intersection,Cycles,0, ,,0,Y,11/23/2013 12:00:00 AM +0000,11/23/2013 4:24:00 PM,1,32599,At Intersection (intersection related),Daylight,50TH AVE S AND S OREGON ST,0,1,,2,3579962,Dry,18,"MOTOR VEHICLE STRUCK PEDALCYCLIST, FRONT END AT ANGLE",,7442,0,2,Injury Collision,,45,Bicycle,Matched,N,1,Clear or Partly Cloudy,0,"(47.562938505000034, -122.27071926599996)",8150,0,N,13-424048
118118,156432,156452,Intersection,Cycles,0, ,,0,,11/06/2013 12:00:00 AM +0000,11/6/2013 10:15:00 AM,1,29603,At Intersection (intersection related),Daylight,2ND AVE AND UNIVERSITY ST,0,1,,2,3546322,Dry,18,"MOTOR VEHICLE STRUCK PEDALCYCLIST, FRONT END AT ANGLE",,2756,0,2,Injury Collision,,45,Bicycle,Matched,N,1,Overcast,0,"(47.60729905800008, -122.33708679799997)",12162,0,N,13-402952
118139,155746,155766,Intersection,Cycles,0, ,,0,Y,10/23/2013 12:00:00 AM +0000,10/23/2013 8:40:00 AM,1,27043,At Intersection (intersection related),Daylight,TROLL AVE N AND N 34TH ST,0,1,,2,3582252,Dry,18,"MOTOR VEHICLE STRUCK PEDALCYCLIST, FRONT END AT ANGLE",,9002,0,2,Injury Collision,,45,Bicycle,Matched,N,1,Overcast,0,"(47.64924012200004, -122.34741874299999)",8816,0,N,13-384640
118142,155744,155764,Intersection,Cycles,0, ,,0,,10/24/2013 12:00:00 AM +0000,10/24/2013 8:15:00 PM,1,166923,At Intersection (intersection related),Dark - Street Lights On,BEACON ER AVE S AND S COLUMBIAN WAY,0,1,Y,2,3574739,Dry,18,"MOTOR VEHICLE STRUCK PEDALCYCLIST, FRONT END AT ANGLE",,19700,0,2,Injury Collision,,45,Bicycle,Matched,N,1,Clear or Partly Cloudy,0,"(47.55963760800006, -122.30438636099996)",0,525560,N,2013 386751
118150,155025,155045,Intersection,Cycles,0, ,,0,,10/06/2013 12:00:00 AM +0000,10/6/2013 2:26:00 PM,1,30447,At Intersection (intersection related),Daylight,8TH AVE S AND S DEARBORN ST,0,1,,2,3574430,Dry,51,PEDALCYCLIST STRUCK MOTOR VEHICLE FRONT END AT ANGLE,,19830,0,2,Injury Collision,,45,Bicycle,Matched,N,1,Clear or Partly Cloudy,0,"(47.59583116700003, -122.32245866299996)",5851,0,N,13-363566
118165,155560,155580,Alley,Cycles,, ,,0,Y,10/21/2013 12:00:00 AM +0000,10/21/2013 12:25:00 PM,1,,,Daylight,,0,1,,3,3503119,Dry,00,NOT ENOUGH INFORMATION / NOT APPLICABLE,,,0,2,Injury Collision,Y,45,Bicycle,Matched,N,1,Overcast,0,,0,0,N,13-382342
118172,156228,156248,Block,Cycles,135, ,,0,,10/16/2013 12:00:00 AM +0000,10/16/2013 1:40:00 PM,1,,Mid-Block (not related to intersection),Daylight,MERIDIAN AVE N BETWEEN N 54TH ST AND N 55TH ST,0,1,,2,3646110,Unknown,51,PEDALCYCLIST STRUCK MOTOR VEHICLE FRONT END AT ANGLE,,11802,1,2b,Serious Injury Collision,,45,Bicycle,Matched,N,1,Unknown,0,"(47.66831166800006, -122.33366789999997)",31696,0,N,2013-398314
118175,156072,156092,Block,Cycles,161, ,,0,,10/24/2013 12:00:00 AM +0000,10/24/2013 2:25:00 PM,1,,Mid-Block (not related to intersection),Daylight,JAMES ST BETWEEN 2ND AVE AND 3RD AVE,0,1,,2,3585177,Dry,18,"MOTOR VEHICLE STRUCK PEDALCYCLIST, FRONT END AT ANGLE",,11050,0,2,Injury Collision,,45,Bicycle,Matched,N,1,Overcast,0,"(47.60253667200004, -122.33196570599995)",24805,0,N,13 386345
118183,155905,155925,Block,Cycles,401, ,,0,,10/28/2013 12:00:00 AM +0000,10/28/2013 12:10:00 PM,1,,Mid-Block (not related to intersection),Daylight,6TH AVE S BETWEEN S HOLGATE ST AND S WALKER ST,0,1,,2,3643646,Dry,51,PEDALCYCLIST STRUCK MOTOR VEHICLE FRONT END AT ANGLE,,7992,0,2,Injury Collision,,45,Bicycle,Matched,N,1,Clear or Partly Cloudy,0,"(47.58507696200007, -122.32597324799997)",0,0,N,2013-391372
118203,157256,157276,Block,Cycles,153, ,,0,,11/20/2013 12:00:00 AM +0000,11/20/2013 4:47:00 PM,1,,Mid-Block (not related to intersection),Dark - Street Lights On,1ST AVE S BETWEEN YESLER WAY AND S WASHINGTON ST,0,1,,2,3465963,Dry,18,"MOTOR VEHICLE STRUCK PEDALCYCLIST, FRONT END AT ANGLE",,1185,0,2,Injury Collision,,45,Bicycle,Matched,N,1,Clear or Partly Cloudy,0,"(47.60130412800004, -122.33418005599998)",36174,0,N,13-420372
118213,157045,157065,Intersection,Cycles,0, ,,0,,11/14/2013 12:00:00 AM +0000,11/14/2013 9:36:00 PM,1,29547,At Intersection (intersection related),Dark - Street Lights On,3RD AVE AND BLANCHARD ST,0,1,,2,3644094,Dry,18,"MOTOR VEHICLE STRUCK PEDALCYCLIST, FRONT END AT ANGLE",,4389,0,2,Injury Collision,,45,Bicycle,Matched,N,1,Clear or Partly Cloudy,0,"(47.61393610700003, -122.34349377199999)",35698,0,N,13-413438
118214,156823,156843,Intersection,Cycles,0, ,,0,,11/08/2013 12:00:00 AM +0000,11/8/2013 12:43:00 PM,1,27153,At Intersection (intersection related),Daylight,EASTLAKE AVE E AND FUHRMAN AVE E,0,1,,2,3672884,Dry,18,"MOTOR VEHICLE STRUCK PEDALCYCLIST, FRONT END AT ANGLE",,10579,1,2b,Serious Injury Collision,,45,Bicycle,Matched,N,1,Clear or Partly Cloudy,0,"(47.65157827200005, -122.32127525699997)",6078,0,N,2013-405499
118233,156815,156835,Intersection,Cycles,0, ,,0,Y,11/08/2013 12:00:00 AM +0000,11/8/2013 9:09:00 AM,0,32340,At Intersection (intersection related),Daylight,1ST AVE S AND S SPOKANE SR ST,0,1,,2,3643233,Dry,18,"MOTOR VEHICLE STRUCK PEDALCYCLIST, FRONT END AT ANGLE",,1214,0,1,Property Damage Only Collision,,45,Bicycle,Matched,N,1,Clear or Partly Cloudy,0,"(47.57139257500006, -122.33419371699995)",39236,0,N,2013-405284
118250,157569,157589,Block,Cycles,164.5, ,,0,,11/26/2013 12:00:00 AM +0000,11/26/2013 6:10:00 PM,1,,Mid-Block (not related to intersection),Dark - Street Lights On,E PIKE ST BETWEEN BROADWAY AND 10TH AVE,0,1,,2,3575037,Wet,56,PEDALCYCLIST STRUCK MOTOR VEHICLE LEFT SIDE SIDESWIPE,,14600,0,2,Injury Collision,,45,Bicycle,Matched,N,1,Overcast,0,"(47.61408040200007, -122.320115596)",31226,0,N,13-427543
118280,155384,155404,Intersection,Cycles,0, ,,0,,10/14/2013 12:00:00 AM +0000,10/14/2013 7:15:00 PM,1,29561,At Intersection (intersection related),Dark - Street Lights On,2ND AVE AND LENORA ST,0,1,,3,3645962,Dry,18,"MOTOR VEHICLE STRUCK PEDALCYCLIST, FRONT END AT ANGLE",,2762,0,2,Injury Collision,,45,Bicycle,Matched,N,1,Clear or Partly Cloudy,0,"(47.612501902000076, -122.34305260499997)",12197,0,N,2013-373894
118346,156637,156657,Block,Cycles,765, ,,0,Y,11/07/2013 12:00:00 AM +0000,11/7/2013 8:37:00 AM,1,,Mid-Block (not related to intersection),Daylight,FAIRVIEW AVE N BETWEEN YALE AVE N AND FAIRVIEW AVE E,0,1,,2,3573315,Wet,21,"MOTOR VEHICLE STRUCK PEDALCYCLIST, REAR END",,10357,0,2,Injury Collision,,45,Bicycle,Matched,N,1,Raining,0,"(47.63029977200006, -122.32888190799997)",25370,0,N,13-404024
118371,157579,157599,Block,Cycles,380, ,,0,,11/26/2013 12:00:00 AM +0000,11/26/2013 5:07:00 PM,0,,Mid-Block (not related to intersection),Dark - Street Lights On,1ST AVE S BETWEEN S STACY ST AND S LANDER ST,0,1,Y,4,3590143,Wet,18,"MOTOR VEHICLE STRUCK PEDALCYCLIST, FRONT END AT ANGLE",,1207,0,1,Property Damage Only Collision,,45,Bicycle,Matched,N,1,Raining,0,"(47.58085453500007, -122.33420024799995)",5318,0,N,2013-427479
118380,157409,157429,Intersection,Cycles,0, ,,0,,11/23/2013 12:00:00 AM +0000,11/23/2013 11:44:00 AM,1,36357,At Intersection (intersection related),Daylight,N 107TH ST AND N NORTHGATE WAY,0,1,Y,2,3613170,Dry,18,"MOTOR VEHICLE STRUCK PEDALCYCLIST, FRONT END AT ANGLE",,15040,0,2,Injury Collision,,45,Bicycle,Matched,N,1,Clear or Partly Cloudy,0,"(47.70685410200008, -122.33620563999995)",0,0,N,2013-423766
118439,155918,155938,Block,Cycles,130.5, ,,0,,10/27/2013 12:00:00 AM +0000,10/27/2013 4:26:00 PM,0,,Mid-Block (not related to intersection),Daylight,E PINE ST BETWEEN BELMONT AVE AND BOYLSTON AVE,0,1,Y,2,3672855,Dry,56,PEDALCYCLIST STRUCK MOTOR VEHICLE LEFT SIDE SIDESWIPE,,14631,0,1,Property Damage Only Collision,,45,Bicycle,Matched,N,1,Clear or Partly Cloudy,0,"(47.615228063000075, -122.32394607099997)",10368,0,N,2013-390503
118453,155601,155621,Block,Cycles,123, ,,0,,10/16/2013 12:00:00 AM +0000,10/16/2013 5:30:00 PM,1,,Mid-Block (but intersection related),Daylight,6TH AVE BETWEEN WESTLAKE AVE AND VIRGINIA ST,0,1,Y,2,3570477,Dry,00,NOT ENOUGH INFORMATION / NOT APPLICABLE,,7888,0,2,Injury Collision,,45,Bicycle,Matched,N,1,Clear or Partly Cloudy,0,"(47.614168290000066, -122.33793724999998)",25437,0,N,13-377514
118523,155237,155257,Intersection,Cycles,0, ,,0,,10/09/2013 12:00:00 AM +0000,10/9/2013 2:48:00 PM,1,28294,At Intersection (intersection related),Daylight,EASTLAKE AVE E AND E EDGAR ST,0,1,,2,3606537,Dry,51,PEDALCYCLIST STRUCK MOTOR VEHICLE FRONT END AT ANGLE,,10180,0,2,Injury Collision,,45,Bicycle,Matched,N,1,Clear or Partly Cloudy,0,"(47.64449321800004, -122.32588269599995)",24696,0,N,13-367218
118657,155063,155083,Intersection,Cycles,0, ,,0,,10/06/2013 12:00:00 AM +0000,10/6/2013 12:04:00 PM,1,24323,At Intersection (intersection related),Daylight,FREMONT AVE N AND N 73RD ST,0,1,,2,3609292,Dry,18,"MOTOR VEHICLE STRUCK PEDALCYCLIST, FRONT END AT ANGLE",,10516,0,2,Injury Collision,,45,Bicycle,Matched,N,1,Clear or Partly Cloudy,0,"(47.68180341500005, -122.34989069199997)",0,0,N,13-363466
118762,157293,157313,Intersection,Cycles,0, ,,0,,11/19/2013 12:00:00 AM +0000,11/19/2013 5:30:00 PM,1,25949,At Intersection (intersection related),Dark - Street Lights On,25TH AVE NE AND NE BLAKELEY ST,0,1,Y,2,3386458,Dry,18,"MOTOR VEHICLE STRUCK PEDALCYCLIST, FRONT END AT ANGLE",,3723,0,2,Injury Collision,,45,Bicycle,Matched,N,1,Overcast,0,"(47.66626671800003, -122.30060497999995)",0,524371,N,13-419864
118796,155070,155090,Intersection,Cycles,0, ,,0,,10/05/2013 12:00:00 AM +0000,10/5/2013 2:07:00 PM,1,30851,At Intersection (intersection related),Daylight,LAKE PARK DR S AND LAKE WASHINGTON BLVD S,0,1,Y,2,3671921,Dry,18,"MOTOR VEHICLE STRUCK PEDALCYCLIST, FRONT END AT ANGLE",,11193,0,2,Injury Collision,,45,Bicycle,Matched,N,1,Clear or Partly Cloudy,0,"(47.58295465400005, -122.28765893499997)",38003,0,N,13-362350
118825,155943,155963,Intersection,Cycles,0, ,,0,Y,10/28/2013 12:00:00 AM +0000,10/28/2013 9:40:00 AM,1,29729,At Intersection (intersection related),Daylight,12TH AVE AND E OLIVE ST,0,1,Y,2,3672575,Dry,18,"MOTOR VEHICLE STRUCK PEDALCYCLIST, FRONT END AT ANGLE",,1548,0,2,Injury Collision,,45,Bicycle,Matched,N,1,Clear or Partly Cloudy,0,"(47.61643219200005, -122.31687284899999)",10853,0,N,13 391218
118963,157631,157651,Block,Cycles,147, ,,0,Y,11/23/2013 12:00:00 AM +0000,11/23/2013 12:38:00 PM,1,,Mid-Block (not related to intersection),Daylight,N 46TH ST BETWEEN BAGLEY AVE N AND CORLISS AVE N,0,1,,3,3508191,Dry,18,"MOTOR VEHICLE STRUCK PEDALCYCLIST, FRONT END AT ANGLE",,15574,0,2,Injury Collision,,45,Bicycle,Matched,N,1,Clear or Partly Cloudy,0,"(47.66262431400003, -122.33194354999995)",0,0,N,13-423816
118976,155948,155968,Intersection,Cycles,0, ,,0,Y,10/27/2013 12:00:00 AM +0000,10/27/2013 9:06:00 AM,1,29158,At Intersection (intersection related),Daylight,BELMONT AVE E AND E DENNY WAY,0,1,,2,3672854,Wet,18,"MOTOR VEHICLE STRUCK PEDALCYCLIST, FRONT END AT ANGLE",,9236,0,2,Injury Collision,,45,Bicycle,Matched,N,1,Raining,0,"(47.618483387000026, -122.324004807)",35198,0,N,2013-390128
118992,155647,155667,Intersection,Cycles,0, ,,0,,10/22/2013 12:00:00 AM +0000,10/22/2013 8:35:00 AM,1,29603,At Intersection (intersection related),Daylight,2ND AVE AND UNIVERSITY ST,0,1,Y,2,3573557,Dry,18,"MOTOR VEHICLE STRUCK PEDALCYCLIST, FRONT END AT ANGLE",,2756,0,2,Injury Collision,,45,Bicycle,Matched,N,1,Overcast,0,"(47.60729905800008, -122.33708679799997)",12162,0,N,13 383390
119033,156138,156158,Intersection,Cycles,0, ,,0,,11/03/2013 12:00:00 AM +0000,11/3/2013 1:10:00 PM,1,27298,At Intersection (intersection related),Daylight,NE PACIFIC PL AND NE PACIFIC ST,0,1,,2,3210215,Dry,51,PEDALCYCLIST STRUCK MOTOR VEHICLE FRONT END AT ANGLE,,18037,0,2,Injury Collision,,45,Bicycle,Matched,N,1,Overcast,0,"(47.650543277000054, -122.30761623199999)",0,524624,N,13-399489
119039,157461,157481,Intersection,Cycles,0, ,,0,,11/22/2013 12:00:00 AM +0000,11/22/2013 8:48:00 AM,1,30409,At Intersection (intersection related),Daylight,13TH AVE AND E YESLER WAY,0,1,,2,3673013,Dry,18,"MOTOR VEHICLE STRUCK PEDALCYCLIST, FRONT END AT ANGLE",,1728,0,2,Injury Collision,,45,Bicycle,Matched,N,1,Clear or Partly Cloudy,0,"(47.60169019500006, -122.31492849999995)",10007,0,N,13-422326
119100,155275,155295,Intersection,Cycles,0, ,,0,,10/11/2013 12:00:00 AM +0000,10/11/2013 5:43:00 PM,1,36202,At Intersection (intersection related),Dusk,35TH AVE NE AND NE 130TH S ST,0,1,,3,3502890,Dry,18,"MOTOR VEHICLE STRUCK PEDALCYCLIST, FRONT END AT ANGLE",,5397,0,2,Injury Collision,,45,Bicycle,Matched,N,1,Clear or Partly Cloudy,0,"(47.72263940000005, -122.29083126699999)",7835,0,N,13-320034
119145,155821,155841,Block,Cycles,213, ,,0,Y,10/24/2013 12:00:00 AM +0000,10/24/2013 10:54:00 PM,1,,Mid-Block (not related to intersection),Dark - Street Lights On,WESTLAKE AVE N BETWEEN THOMAS ST AND HARRISON ST,0,1,,2,3581836,Dry,54,PEDALCYCLIST STRUCK MOTOR VEHICLE REAR END,,13534,0,2,Injury Collision,,45,Bicycle,Matched,N,1,Clear or Partly Cloudy,0,"(47.62145629200006, -122.33846055199996)",25130,0,N,13-386921
119160,157327,157347,Intersection,Cycles,0, ,,0,Y,11/19/2013 12:00:00 AM +0000,11/19/2013 12:47:00 PM,1,27153,At Intersection (intersection related),Daylight,EASTLAKE AVE E AND FUHRMAN AVE E,0,1,,4,3672411,Wet,51,PEDALCYCLIST STRUCK MOTOR VEHICLE FRONT END AT ANGLE,,10579,0,2,Injury Collision,,45,Bicycle,Matched,N,1,Overcast,0,"(47.65157827200005, -122.32127525699997)",15462,0,N,13-418843
119168,156537,156557,Block,Cycles,161, ,,0,,05/04/2011 12:00:00 AM +0000,5/4/2011 9:54:00 AM,1,,Mid-Block (not related to intersection),Daylight,S DEARBORN ST BETWEEN 7TH AVE S AND 8TH AVE S,0,1,Y,2,2898375,Dry,18,"MOTOR VEHICLE STRUCK PEDALCYCLIST, FRONT END AT ANGLE",,19829,0,2,Injury Collision,,45,Bicycle,Matched,N,1,Clear or Partly Cloudy,0,"(47.59583224000005, -122.32311316699997)",0,0,N,11-141785
119196,157645,157665,Block,Cycles,121, ,,0,Y,11/29/2013 12:00:00 AM +0000,11/29/2013 4:34:00 PM,1,,Mid-Block (not related to intersection),Dark - Street Lights On,NE 65TH ST BETWEEN 28TH AVE NE AND 29TH AVE NE,0,1,,2,3572807,Dry,18,"MOTOR VEHICLE STRUCK PEDALCYCLIST, FRONT END AT ANGLE",,17281,0,2,Injury Collision,,45,Bicycle,Matched,N,1,Clear or Partly Cloudy,0,"(47.675777734000064, -122.29692434999998)",29805,0,N,13-430260
119237,155463,155483,Intersection,Cycles,0, ,,0,,10/13/2013 12:00:00 AM +0000,10/13/2013 6:00:00 PM,1,29865,At Intersection (intersection related),Unknown,BOREN AVE AND OLIVE WAY,0,1,,2,3643608,Unknown,51,PEDALCYCLIST STRUCK MOTOR VEHICLE FRONT END AT ANGLE,,9321,0,2,Injury Collision,,45,Bicycle,Matched,N,1,Unknown,0,"(47.615449718000036, -122.33072969599999)",0,523743,N,2013-374618
119242,155833,155853,Intersection,Cycles,0, ,,0,,10/25/2013 12:00:00 AM +0000,10/25/2013 7:14:00 PM,1,25334,At Intersection (intersection related),Dark - Street Lights On,3RD AVE NW AND NW MARKET ST,0,1,,2,3502814,Dry,51,PEDALCYCLIST STRUCK MOTOR VEHICLE FRONT END AT ANGLE,,4454,0,2,Injury Collision,,45,Bicycle,Matched,N,1,Clear or Partly Cloudy,0,"(47.66692039000003, -122.36080133399997)",22096,0,N,13 387979
119245,155831,155851,Block,Cycles,322.5, ,,0,,10/25/2013 12:00:00 AM +0000,10/25/2013 7:41:00 PM,1,,Mid-Block (not related to intersection),Dark - Street Lights On,BROOKLYN AVE NE BETWEEN NE PACIFIC ST AND NE 40TH ST,0,1,Y,2,3582680,Dry,18,"MOTOR VEHICLE STRUCK PEDALCYCLIST, FRONT END AT ANGLE",,9475,0,2,Injury Collision,,45,Bicycle,Matched,N,1,Clear or Partly Cloudy,0,"(47.65448187100003, -122.31446453699999)",0,525567,N,13-388008
119250,155828,155848,Block,Cycles,335, ,,0,,10/28/2013 12:00:00 AM +0000,10/28/2013 11:50:00 AM,1,,Mid-Block (not related to intersection),Daylight,ROOSEVELT WAY NE BETWEEN NE 45TH ST AND NE 47TH ST,0,1,,4,3582523,Dry,56,PEDALCYCLIST STRUCK MOTOR VEHICLE LEFT SIDE SIDESWIPE,,12599,0,2,Injury Collision,,45,Bicycle,Matched,N,2,Clear or Partly Cloudy,0,"(47.662198043000046, -122.31745114299997)",10833,0,N,13-391352
119284,156755,156775,Intersection,Cycles,0, ,,0,,11/07/2013 12:00:00 AM +0000,11/7/2013 5:35:00 PM,1,24304,At Intersection (intersection related),Dark - Street Lights On,GREENWOOD AVE N AND N 77TH ST,0,1,,2,3582178,Wet,51,PEDALCYCLIST STRUCK MOTOR VEHICLE FRONT END AT ANGLE,,10744,0,2,Injury Collision,Y,45,Bicycle,Matched,N,1,Raining,0,"(47.68474778900003, -122.35529822399997)",4477,0,N,13-404586
119331,156937,156957,Intersection,Cycles,0, ,,0,,11/14/2013 12:00:00 AM +0000,11/14/2013 9:58:00 AM,1,35449,At Intersection (intersection related),Daylight,RAINIER AVE S AND S FISHER PL,0,1,,2,3643215,Wet,51,PEDALCYCLIST STRUCK MOTOR VEHICLE FRONT END AT ANGLE,,12423,0,2,Injury Collision,,45,Bicycle,Matched,N,1,Overcast,0,"(47.521410787000036, -122.269997478)",0,0,N,13-412615
119332,156936,156956,Intersection,Cycles,0, ,,0,,11/14/2013 12:00:00 AM +0000,11/14/2013 6:36:00 AM,1,29737,At Intersection (intersection related),Dark - Street Lights On,NAGLE PL AND E PINE ST,0,1,Y,2,3606380,Dry,18,"MOTOR VEHICLE STRUCK PEDALCYCLIST, FRONT END AT ANGLE",,11942,0,2,Injury Collision,,45,Bicycle,Matched,N,1,Clear or Partly Cloudy,0,"(47.61524085500008, -122.32001617599997)",10408,0,N,13-412438
119343,155296,155316,Intersection,Cycles,0, ,,0,,10/12/2013 12:00:00 AM +0000,10/12/2013 7:49:00 PM,1,27094,At Intersection (intersection related),Dark - Street Lights On,9TH AVE NE AND NE 42ND ST,0,1,,4,3284800,Dry,51,PEDALCYCLIST STRUCK MOTOR VEHICLE FRONT END AT ANGLE,,8539,0,2,Injury Collision,,45,Bicycle,Matched,N,1,Clear or Partly Cloudy,0,"(47.657515871000044, -122.31879625099998)",0,0,N,2013-371414
119370,157665,157685,Intersection,Cycles,0, ,,0,Y,12/01/2013 12:00:00 AM +0000,12/1/2013 9:05:00 AM,1,25793,At Intersection (intersection related),Daylight,UNIVERSITY WAY NE AND NE 50TH ST,0,1,,3,3576976,Wet,18,"MOTOR VEHICLE STRUCK PEDALCYCLIST, FRONT END AT ANGLE",,13224,0,2,Injury Collision,,45,Bicycle,Matched,N,1,Overcast,0,"(47.66490072400006, -122.31307415999999)",5611,0,N,2013-432148
119411,155836,155856,Block,Cycles,161, ,,0,Y,10/27/2013 12:00:00 AM +0000,10/27/2013 4:24:00 PM,1,,Mid-Block (but intersection related),Daylight,PIKE ST BETWEEN BOREN AVE AND MELROSE AVE,0,1,,2,3585164,Wet,54,PEDALCYCLIST STRUCK MOTOR VEHICLE REAR END,,12207,0,2,Injury Collision,,45,Bicycle,Matched,N,1,Overcast,0,"(47.61369730700005, -122.32836055699994)",31087,0,N,2013-390500
119479,155302,155322,Intersection,Cycles,0, ,,0,,10/12/2013 12:00:00 AM +0000,10/12/2013 6:56:00 PM,1,34499,At Intersection (intersection related),Dark - Street Lights On,RENTON AVE S AND S CHICAGO ST,0,1,,3,3502043,Dry,18,"MOTOR VEHICLE STRUCK PEDALCYCLIST, FRONT END AT ANGLE",,12514,0,2,Injury Collision,,45,Bicycle,Matched,N,1,Clear or Partly Cloudy,0,"(47.53248587100006, -122.27857513499998)",7620,0,N,2013-371358
119493,157883,157903,Block,Cycles,492, ,,0,,12/04/2013 12:00:00 AM +0000,12/4/2013 6:03:00 PM,1,,Mid-Block (not related to intersection),Dark - Street Lights On,SW AVALON WAY BETWEEN SW GENESEE ST AND 35TH AVE SW,0,1,,2,3386027,Dry,56,PEDALCYCLIST STRUCK MOTOR VEHICLE LEFT SIDE SIDESWIPE,,21820,0,2,Injury Collision,,45,Bicycle,Matched,N,1,Clear or Partly Cloudy,0,"(47.56407560000008, -122.37419372599999)",3532,0,N,13-436100
119571,156768,156788,Intersection,Cycles,0, ,,0,Y,11/12/2013 12:00:00 AM +0000,11/12/2013 8:30:00 PM,1,27090,At Intersection (intersection related),Dark - Street Lights On,UNIVERSITY WAY NE AND NE 42ND ST,0,1,,2,3582682,Dry,18,"MOTOR VEHICLE STRUCK PEDALCYCLIST, FRONT END AT ANGLE",,13220,0,2,Injury Collision,,45,Bicycle,Matched,N,1,Clear or Partly Cloudy,0,"(47.65831484900008, -122.31320716799996)",41818,0,N,13-410758
119573,156011,156031,Intersection,Cycles,0, ,,0,,10/30/2013 12:00:00 AM +0000,10/30/2013 9:52:00 PM,1,27065,At Intersection (intersection related),Dark - Street Lights On,11TH AVE NE AND NE 45TH ST,0,1,,2,3554050,Wet,51,PEDALCYCLIST STRUCK MOTOR VEHICLE FRONT END AT ANGLE,,1409,0,2,Injury Collision,,45,Bicycle,Matched,N,1,Raining,0,"(47.66129196000003, -122.31657893399995)",8938,0,N,13-394539
119603,156965,156985,Intersection,Cycles,0, ,,0,,09/07/2013 12:00:00 AM +0000,9/7/2013 3:50:00 PM,1,35773,At Intersection (intersection related),Daylight,LINDEN AVE N AND N 145TH ST,0,1,,0,E269115,Dry,18,"MOTOR VEHICLE STRUCK PEDALCYCLIST, FRONT END AT ANGLE",,15265,0,2,Injury Collision,,45,Bicycle,Matched,N,1,Clear or Partly Cloudy,0,"(47.734129007000035, -122.34780152899998)",0,523874,N,13-210131