OBJECTID,INCKEY,COLDETKEY,ADDRTYPE,COLLISIONTYPE,DISTANCE,EXCEPTRSNCODE,EXCEPTRSNDESC,FATALITIES,INATTENTIONIND,INCDATE,INCDTTM,INJURIES,INTKEY,JUNCTIONTYPE,LIGHTCOND,LOCATION,PEDCOUNT,PEDCYLCOUNT,PEDROWNOTGRNT,PERSONCOUNT,REPORTNO,ROADCOND,SDOT_COLCODE,SDOT_COLDESC,SDOTCOLNUM,SEGKEY,SERIOUSINJURIES,SEVERITYCODE,SEVERITYDESC,SPEEDING,ST_COLCODE,ST_COLDESC,STATUS,UNDERINFL,VEHCOUNT,WEATHER,WIDTH,Shape,SEGLANEKEY,CROSSWALKKEY,HITPARKEDCAR,SPDCASENO
119619,155497,155517,Block,Cycles,125.5, ,,0,,10/04/2013 12:00:00 AM +0000,10/4/2013 5:32:00 PM,1,,Mid-Block (not related to intersection),Daylight,PHINNEY AVE N BETWEEN N 60TH ST AND N 61ST ST,0,1,,2,3642068,Dry,00,NOT ENOUGH INFORMATION / NOT APPLICABLE,,12155,0,2,Injury Collision,,45,Bicycle,Matched,N,1,Clear or Partly Cloudy,0,"(47.67282886400005, -122.35437723999996)",3848,0,N,13-361208
119624,155333,155353,Block,Cycles,252, ,,0,,10/13/2013 12:00:00 AM +0000,10/13/2013 12:52:00 PM,1,,Mid-Block (not related to intersection),Daylight,FREMONT AVE N BETWEEN N 36TH ST AND N 38TH ST,0,1,Y,4,3465362,Dry,18,"MOTOR VEHICLE STRUCK PEDALCYCLIST, FRONT END AT ANGLE",,10487,0,2,Injury Collision,,45,Bicycle,Matched,N,1,Clear or Partly Cloudy,0,"(47.652037807000056, -122.34992726899998)",8364,0,N,13-372221
119632,155130,155150,Intersection,Cycles,0, ,,0,,10/04/2013 12:00:00 AM +0000,10/4/2013 3:47:00 PM,1,29112,At Intersection (intersection related),Daylight,BELMONT AVE E AND E ROY ST,0,1,,2,3672778,Dry,18,"MOTOR VEHICLE STRUCK PEDALCYCLIST, FRONT END AT ANGLE",,9242,1,2b,Serious Injury Collision,,45,Bicycle,Matched,N,1,Clear or Partly Cloudy,0,"(47.62511809200004, -122.32404140599999)",36113,0,N,13-361093
119663,156014,156034,Intersection,Cycles,0, ,,0,Y,10/30/2013 12:00:00 AM +0000,10/30/2013 9:00:00 AM,1,24372,At Intersection (intersection related),Daylight,ROOSEVELT WAY NE AND NE 84TH ST,0,1,,2,3576776,Dry,51,PEDALCYCLIST STRUCK MOTOR VEHICLE FRONT END AT ANGLE,,12634,0,2,Injury Collision,,45,Bicycle,Matched,N,1,Overcast,0,"(47.68964535500004, -122.31760348899996)",16573,0,N,13-393716
119673,155858,155878,Block,Cycles,213.5, ,,0,,10/29/2013 12:00:00 AM +0000,10/29/2013 7:40:00 AM,1,,Mid-Block (not related to intersection),Daylight,BOREN AVE BETWEEN HOWELL ST AND STEWART ST,0,1,,2,3574503,Dry,55,PEDALCYCLIST STRUCK MOTOR VEHICLE RIGHT SIDE SIDESWIPE,,9322,0,2,Injury Collision,,45,Bicycle,Matched,N,1,Clear or Partly Cloudy,0,"(47.616557131000036, -122.33206585699998)",21773,0,N,13-392395
119712,156780,156800,Block,Cycles,199, ,,0,Y,11/07/2013 12:00:00 AM +0000,11/7/2013 3:58:00 PM,1,,Mid-Block (not related to intersection),Daylight,S MYRTLE PL BETWEEN 33RD AVE S AND 35TH AVE S,0,1,,4,3643568,Dry,51,PEDALCYCLIST STRUCK MOTOR VEHICLE FRONT END AT ANGLE,,20901,0,2,Injury Collision,,45,Bicycle,Matched,N,1,Clear or Partly Cloudy,0,"(47.538125311000044, -122.28926742199997)",0,0,N,2013-404476
119811,156037,156057,Intersection,Cycles,0, ,,0,,10/31/2013 12:00:00 AM +0000,10/31/2013 6:04:00 PM,1,29826,At Intersection (intersection related),Dusk,12TH AVE AND E ALDER ST,0,1,,2,3672785,Dry,18,"MOTOR VEHICLE STRUCK PEDALCYCLIST, FRONT END AT ANGLE",,1526,0,2,Injury Collision,,45,Bicycle,Matched,N,1,Overcast,0,"(47.604360385000064, -122.31678113299995)",10590,0,N,2013-395549
119826,156787,156807,Intersection,Cycles,0, ,,0,,11/13/2013 12:00:00 AM +0000,11/13/2013 2:00:00 PM,0,33128,At Intersection (intersection related),Daylight,13TH AVE S AND S BAILEY ST,0,1,,2,3590137,Dry,51,PEDALCYCLIST STRUCK MOTOR VEHICLE FRONT END AT ANGLE,,1809,0,1,Property Damage Only Collision,,45,Bicycle,Matched,N,1,Clear or Partly Cloudy,0,"(47.54797378100005, -122.31610420199996)",32942,0,N,2013-411620
119827,156786,156806,Block,Cycles,198, ,,0,,11/08/2013 12:00:00 AM +0000,11/8/2013 8:07:00 AM,1,,Mid-Block (not related to intersection),Daylight,ROOSEVELT WAY NE BETWEEN NE 42ND N ST AND NE 43RD S ST,0,1,,3,3646387,Dry,51,PEDALCYCLIST STRUCK MOTOR VEHICLE FRONT END AT ANGLE,,12596,0,2,Injury Collision,,45,Bicycle,Matched,N,2,Overcast,0,"(47.65891124900003, -122.31776594999997)",8990,0,N,13-405221
119998,160091,160111,Intersection,Cycles,0, ,,0,,01/05/2014 12:00:00 AM +0000,1/5/2014 12:24:00 PM,1,31372,At Intersection (intersection related),Daylight,1ST AVE S AND S LANDER ST,0,1,,3,3643157,Dry,18,"MOTOR VEHICLE STRUCK PEDALCYCLIST, FRONT END AT ANGLE",,1208,0,2,Injury Collision,,45,Bicycle,Matched,N,1,Clear or Partly Cloudy,0,"(47.579811138000025, -122.33420081399998)",0,524927,N,2014-4668
120002,160540,160560,Intersection,Cycles,0, ,,0,,01/24/2014 12:00:00 AM +0000,1/24/2014 4:15:00 PM,1,26052,At Intersection (intersection related),Daylight,15TH AVE NE AND NE 50TH ST,0,1,,2,3591306,Dry,18,"MOTOR VEHICLE STRUCK PEDALCYCLIST, FRONT END AT ANGLE",,2037,0,2,Injury Collision,,45,Bicycle,Matched,N,1,Clear or Partly Cloudy,0,"(47.66489281100007, -122.31193741899995)",28979,0,N,14-26153
120050,159086,159106,Intersection,Cycles,0, ,,0,Y,12/28/2013 12:00:00 AM +0000,12/28/2013 5:17:00 PM,0,27110,At Intersection (intersection related),Dark - Street Lights On,UNIVERSITY BR OFF RP AND NE 40TH ST,0,1,,2,3582118,Dry,18,"MOTOR VEHICLE STRUCK PEDALCYCLIST, FRONT END AT ANGLE",,,0,1,Property Damage Only Collision,,45,Bicycle,Matched,N,1,Overcast,0,,30581,0,N,13-462329
120072,159516,159536,Block,Cycles,542.5, ,,0,,01/02/2014 12:00:00 AM +0000,1/2/2014 9:29:00 PM,1,,Mid-Block (not related to intersection),Dark - Street Lights Off,RAINIER AVE S BETWEEN S BAYVIEW ST AND S MCCLELLAN ST,0,1,,4,3504165,Wet,21,"MOTOR VEHICLE STRUCK PEDALCYCLIST, REAR END",,12364,0,2,Injury Collision,,45,Bicycle,Matched,N,1,Raining,0,"(47.57967346300006, -122.29915965999999)",20014,0,N,2014-2107
120105,157937,157957,Intersection,Cycles,0, ,,0,,10/08/2013 12:00:00 AM +0000,10/8/2013 9:34:00 PM,1,28375,At Intersection (intersection related),Dark - Street Lights On,24TH AVE E AND BOYER AVE E,0,1,,3,3606165,Dry,51,PEDALCYCLIST STRUCK MOTOR VEHICLE FRONT END AT ANGLE,,3549,0,2,Injury Collision,,45,Bicycle,Matched,Y,2,Overcast,0,"(47.63524417700006, -122.30156537499994)",22451,0,N,13-366361
120154,158366,158386,Block,Cycles,380, ,,0,,12/13/2013 12:00:00 AM +0000,12/13/2013 2:29:00 PM,1,,Mid-Block (not related to intersection),Unknown,1ST AVE S BETWEEN S STACY ST AND S LANDER ST,0,1,,2,3467437,Wet,51,PEDALCYCLIST STRUCK MOTOR VEHICLE FRONT END AT ANGLE,,1207,1,2b,Serious Injury Collision,,45,Bicycle,Matched,N,1,Clear or Partly Cloudy,0,"(47.58085453500007, -122.33420024799995)",5317,0,N,2013-446230
120225,159944,159964,Intersection,Cycles,0, ,,0,Y,01/05/2014 12:00:00 AM +0000,1/5/2014 12:54:00 PM,1,27153,At Intersection (intersection related),Daylight,EASTLAKE AVE E AND FUHRMAN AVE E,0,1,Y,2,3585837,Dry,51,PEDALCYCLIST STRUCK MOTOR VEHICLE FRONT END AT ANGLE,,10579,0,2,Injury Collision,,45,Bicycle,Matched,N,1,Clear or Partly Cloudy,0,"(47.65157827200005, -122.32127525699997)",6078,0,N,14-4689
120255,160572,160592,Block,Cycles,922.5, ,,0,Y,01/25/2014 12:00:00 AM +0000,1/25/2014 2:42:00 PM,1,,Driveway Junction,Daylight,HARBOR AVE SW BETWEEN SW HARBOR LN AND SW SPOKANE NR ST,0,1,Y,3,3386159,Dry,51,PEDALCYCLIST STRUCK MOTOR VEHICLE FRONT END AT ANGLE,,10821,0,2,Injury Collision,,45,Bicycle,Matched,N,1,Clear or Partly Cloudy,0,"(47.574311359000035, -122.37093230899995)",0,0,N,14-2720
120339,158378,158398,Intersection,Cycles,0, ,,0,,12/13/2013 12:00:00 AM +0000,12/13/2013 7:34:00 AM,1,29862,At Intersection (intersection related),Dawn,BELLEVUE AVE AND E PINE ST,0,1,,2,3585701,Wet,18,"MOTOR VEHICLE STRUCK PEDALCYCLIST, FRONT END AT ANGLE",,9213,0,2,Injury Collision,,45,Bicycle,Matched,N,1,Raining,0,"(47.61521815300006, -122.32680418799998)",10342,0,N,2013-445677
120410,161347,161367,Intersection,Cycles,0, ,,0,,01/28/2014 12:00:00 AM +0000,1/28/2014 8:49:00 AM,1,30177,At Intersection (intersection related),Daylight,19TH AVE AND E CHERRY ST,0,1,,2,3585902,Wet,18,"MOTOR VEHICLE STRUCK PEDALCYCLIST, FRONT END AT ANGLE",,2645,0,2,Injury Collision,,45,Bicycle,Matched,N,1,Overcast,0,"(47.60802107500007, -122.30762262699994)",8657,0,N,2014-30226
120502,158563,158583,Intersection,Cycles,0, ,,0,,12/16/2013 12:00:00 AM +0000,12/16/2013 5:38:00 PM,1,30403,At Intersection (intersection related),Dark - Street Lights On,12TH AVE AND E FIR ST,0,1,Y,2,3585609,Dry,18,"MOTOR VEHICLE STRUCK PEDALCYCLIST, FRONT END AT ANGLE",,1524,0,2,Injury Collision,,45,Bicycle,Matched,N,1,Clear or Partly Cloudy,0,"(47.60268590700008, -122.31678180399996)",10566,0,N,13-449833
120531,160983,161003,Block,Cycles,165, ,,0,Y,01/29/2014 12:00:00 AM +0000,1/29/2014 6:45:00 PM,1,,Driveway Junction,Dark - Street Lights On,N 87TH ST BETWEEN PALATINE AVE N AND GREENWOOD AVE N,0,1,,2,3582445,Wet,18,"MOTOR VEHICLE STRUCK PEDALCYCLIST, FRONT END AT ANGLE",,15975,0,2,Injury Collision,,45,Bicycle,Matched,N,1,Clear or Partly Cloudy,0,"(47.69242228500008, -122.35599290199997)",0,0,N,14-32005
120549,160613,160633,Block,Cycles,396.5, ,,0,Y,01/24/2014 12:00:00 AM +0000,1/24/2014 8:54:00 AM,1,,Driveway Junction,Daylight,STONE WAY N BETWEEN N 36TH ST AND N 38TH ST,0,1,,2,3576878,Dry,18,"MOTOR VEHICLE STRUCK PEDALCYCLIST, FRONT END AT ANGLE",,12957,0,2,Injury Collision,,45,Bicycle,Matched,N,1,Clear or Partly Cloudy,0,"(47.651618651000035, -122.342626914)",6292,0,N,14-25709
120675,161043,161063,Block,Cycles,76, ,,0,,01/30/2014 12:00:00 AM +0000,1/30/2014 8:21:00 PM,1,,Mid-Block (but intersection related),Dark - Street Lights On,E PINE ST BETWEEN BELLEVUE AVE AND CRAWFORD PL,0,1,Y,3,3586079,Wet,18,"MOTOR VEHICLE STRUCK PEDALCYCLIST, FRONT END AT ANGLE",,14628,0,2,Injury Collision,,45,Bicycle,Matched,N,1,Raining,0,"(47.61521616700003, -122.32649732799996)",10348,0,N,2014-33255
120683,159982,160002,Intersection,Cycles,0, ,,0,,01/09/2014 12:00:00 AM +0000,1/9/2014 2:50:00 PM,1,36499,At Intersection (intersection related),Daylight,5TH AVE NE AND NE NORTHGATE WAY,0,1,,2,3591403,Wet,18,"MOTOR VEHICLE STRUCK PEDALCYCLIST, FRONT END AT ANGLE",,7256,0,2,Injury Collision,,45,Bicycle,Matched,N,1,Overcast,0,"(47.708594134000066, -122.32327545299995)",14514,0,N,14-9628
120745,158966,158986,Intersection,Cycles,0, ,,0,,12/24/2013 12:00:00 AM +0000,12/24/2013 2:44:00 PM,1,30492,At Intersection (intersection related),Daylight,2ND AV ET S AND S WASHINGTON ST,0,1,,2,3641010,Dry,18,"MOTOR VEHICLE STRUCK PEDALCYCLIST, FRONT END AT ANGLE",,2926,0,2,Injury Collision,,45,Bicycle,Matched,N,1,Clear or Partly Cloudy,0,"(47.60087849000007, -122.33121486499999)",12011,0,N,2013-458506
120835,158254,158274,Intersection,Cycles,0, ,,0,,12/10/2013 12:00:00 AM +0000,12/10/2013 8:06:00 AM,1,26896,At Intersection (intersection related),Daylight,STONE WAY N AND N 34TH ST,0,1,,5,3501356,Dry,18,"MOTOR VEHICLE STRUCK PEDALCYCLIST, FRONT END AT ANGLE",,12955,0,2,Injury Collision,,45,Bicycle,Matched,N,1,Overcast,0,"(47.64854072800006, -122.34277540199997)",0,523424,N,13-442233
120843,158059,158079,Block,Cycles,124.5, ,,0,Y,10/08/2013 12:00:00 AM +0000,10/8/2013 3:08:00 PM,1,,Mid-Block (not related to intersection),Daylight,NE 45TH ST BETWEEN 1ST AVE NE AND 2ND AVE NE,0,1,,2,3582463,Dry,18,"MOTOR VEHICLE STRUCK PEDALCYCLIST, FRONT END AT ANGLE",,16838,0,2,Injury Collision,,45,Bicycle,Matched,N,1,Clear or Partly Cloudy,0,"(47.661357277000036, -122.32775751099996)",6532,0,N,2013-365932
120891,158415,158435,Intersection,Cycles,0, ,,0,,12/11/2013 12:00:00 AM +0000,12/11/2013 6:56:00 PM,1,36855,At Intersection (intersection related),Dark - Street Lights On,35TH AVE NE AND NE 105TH ST,0,1,,2,3645918,Wet,51,PEDALCYCLIST STRUCK MOTOR VEHICLE FRONT END AT ANGLE,,5388,0,2,Injury Collision,,45,Bicycle,Matched,N,1,Overcast,0,"(47.70478491400007, -122.29087462099994)",4114,0,N,13-444060
120896,159824,159844,Block,Cycles,335.5, ,,0,,01/09/2014 12:00:00 AM +0000,1/9/2014 3:30:00 PM,3,,Mid-Block (not related to intersection),Daylight,HAMLET AVE S BETWEEN 53RD AVE S AND SEWARD PARK AVE S,2,1,,6,3671796,Wet,16,"MOTOR VEHICLE STRUCK MOTOR VEHICLE, LEFT SIDE SIDESWIPE",,10807,0,2,Injury Collision,,45,Bicycle,Matched,N,1,Raining,0,"(47.525137424000036, -122.26556529699997)",0,0,N,14-9265
120972,161406,161426,Block,Cycles,190, ,,0,,02/04/2014 12:00:00 AM +0000,2/4/2014 8:55:00 AM,1,,Mid-Block (not related to intersection),Daylight,MTS N RAINIER CONNCT TRL BETWEEN MTS DEARBORN CONNCTR TRL AND RAINIER AVE S,0,1,,3,3583103,Dry,51,PEDALCYCLIST STRUCK MOTOR VEHICLE FRONT END AT ANGLE,,519922,0,2,Injury Collision,,45,Bicycle,Matched,N,1,Overcast,0,"(47.591175304000046, -122.30720905899994)",0,525602,N,14-30081
121059,160016,160036,Block,Cycles,213, ,,0,Y,01/13/2014 12:00:00 AM +0000,1/13/2014 9:40:00 AM,1,,Mid-Block (not related to intersection),Daylight,DEXTER AVE N BETWEEN THOMAS ST AND HARRISON ST,0,1,,3,3550122,Dry,56,PEDALCYCLIST STRUCK MOTOR VEHICLE LEFT SIDE SIDESWIPE,,10073,0,2,Injury Collision,,45,Bicycle,Matched,N,2,Overcast,0,"(47.62147070300006, -122.34237666999996)",12620,0,N,2014-13328
121111,160424,160444,Intersection,Cycles,0, ,,0,,01/22/2014 12:00:00 AM +0000,1/22/2014 8:20:00 AM,1,37396,At Intersection (intersection related),Daylight,GREENWOOD AVE N AND N 100TH ST,0,1,,3,3582409,Wet,51,PEDALCYCLIST STRUCK MOTOR VEHICLE FRONT END AT ANGLE,,10760,0,2,Injury Collision,,45,Bicycle,Matched,N,1,Overcast,0,"(47.70146108500006, -122.35541487499995)",4755,0,N,2014-23320
121160,158794,158814,Intersection,Cycles,0, ,,0,,12/19/2013 12:00:00 AM +0000,12/19/2013 11:00:00 PM,1,24695,At Intersection (intersection related),Unknown,25TH AVE NE AND NE 65TH ST,0,1,,2,3646175,Unknown,18,"MOTOR VEHICLE STRUCK PEDALCYCLIST, FRONT END AT ANGLE",,3728,0,2,Injury Collision,,45,Bicycle,Matched,N,1,Unknown,0,"(47.67577422000005, -122.30065154699997)",29767,0,N,13-455311
121195,159375,159395,Intersection,Cycles,0, ,,0,,12/31/2013 12:00:00 AM +0000,12/31/2013 8:58:00 PM,1,29939,At Intersection (intersection related),Dark - Street Lights On,COLUMBIA ST AND TERRY AVE,0,1,,3,3585792,Dry,51,PEDALCYCLIST STRUCK MOTOR VEHICLE FRONT END AT ANGLE,,9736,0,2,Injury Collision,,45,Bicycle,Matched,N,1,Clear or Partly Cloudy,0,"(47.607446209000045, -122.324945792)",0,0,N,13-465481
121291,161103,161123,Block,Cycles,100, ,,0,,02/01/2014 12:00:00 AM +0000,2/1/2014 2:40:00 PM,1,,Driveway Junction,Daylight,25TH AVE NE BETWEEN NE 54TH ST AND NE 55TH ST,0,1,Y,4,3591652,Dry,18,"MOTOR VEHICLE STRUCK PEDALCYCLIST, FRONT END AT ANGLE",,3724,0,2,Injury Collision,,45,Bicycle,Matched,N,2,Overcast,0,"(47.66825068600008, -122.30061727099996)",18812,0,N,14-35260
121317,158630,158650,Block,Cycles,213, ,,0,Y,12/19/2013 12:00:00 AM +0000,12/19/2013 4:17:00 PM,1,,Mid-Block (not related to intersection),Dusk,2ND AVE BETWEEN PIKE ST AND PINE ST,0,1,Y,3,3640959,Dry,18,"MOTOR VEHICLE STRUCK PEDALCYCLIST, FRONT END AT ANGLE",,2758,0,2,Injury Collision,,45,Bicycle,Matched,N,1,Clear or Partly Cloudy,0,"(47.609780570000055, -122.33935700699999)",12179,0,N,13-453133
121374,160445,160465,Intersection,Cycles,0, ,,0,,01/22/2014 12:00:00 AM +0000,1/22/2014 11:22:00 AM,1,25416,At Intersection (intersection related),Daylight,15TH AVE NW AND NW MARKET ST,0,1,,2,3608722,Dry,24,MOTOR VEHCILE STRUCK PEDESTRIAN,,2102,0,2,Injury Collision,,45,Bicycle,Matched,N,1,Overcast,0,"(47.668666908000034, -122.376214474)",0,525122,N,2014-23455
121380,160439,160459,Intersection,Cycles,0, ,,0,,01/22/2014 12:00:00 AM +0000,1/22/2014 1:53:00 PM,1,27145,At Intersection (intersection related),Daylight,15TH AVE NE AND NE CAMPUS WB PY,0,1,,2,3591576,Dry,18,"MOTOR VEHICLE STRUCK PEDALCYCLIST, FRONT END AT ANGLE",,2031,0,2,Injury Collision,,45,Bicycle,Matched,N,1,Clear or Partly Cloudy,0,"(47.65620565000006, -122.31212642399998)",21308,0,N,14-23624
121455,158823,158843,Block,Cycles,210, ,,0,Y,12/17/2013 12:00:00 AM +0000,12/17/2013 6:40:00 PM,1,,Mid-Block (not related to intersection),Dark - Street Lights Off,EASTLAKE AVE E BETWEEN THOMAS ST AND HARRISON ST,0,1,,2,3593822,Unknown,56,PEDALCYCLIST STRUCK MOTOR VEHICLE LEFT SIDE SIDESWIPE,,10164,0,2,Injury Collision,,45,Bicycle,Matched,N,1,Unknown,0,"(47.62139831400003, -122.32914562799999)",11566,0,N,2013-455229
121503,159679,159699,Block,Cycles,334, ,,0,,01/06/2014 12:00:00 AM +0000,1/6/2014 7:16:00 AM,1,,Mid-Block (not related to intersection),Dawn,39TH AVE NE BETWEEN NE 62ND ST AND NE 65TH ST,0,1,,2,3646303,Ice,11,"MOTOR VEHICLE STRUCK MOTOR VEHICLE, FRONT END AT ANGLE",,5990,0,2,Injury Collision,,45,Bicycle,Matched,N,1,Clear or Partly Cloudy,0,"(47.674883916000056, -122.28581706599999)",0,0,N,14-5362
121541,160051,160071,Intersection,Cycles,0, ,,0,Y,01/10/2014 12:00:00 AM +0000,1/10/2014 6:00:00 PM,0,29894,At Intersection (intersection related),Dark - Street Lights On,6TH AVE AND PIKE ST,0,1,,2,3577257,Wet,00,NOT ENOUGH INFORMATION / NOT APPLICABLE,,7883,0,1,Property Damage Only Collision,Y,45,Bicycle,Matched,N,1,Overcast,0,"(47.61114239800003, -122.33446376999996)",25508,0,N,14-10656
121544,160050,160070,Intersection,Cycles,0, ,,0,,01/14/2014 12:00:00 AM +0000,1/14/2014 9:00:00 AM,1,29694,At Intersection (intersection related),Daylight,ALASKAN WAY AND CLAY ST,0,1,,2,3288753,Dry,18,"MOTOR VEHICLE STRUCK PEDALCYCLIST, FRONT END AT ANGLE",,8733,0,2,Injury Collision,,45,Bicycle,Matched,N,1,Overcast,0,"(47.61443342600006, -122.35402457599997)",20786,0,N,14-14487
121693,161640,161660,Block,Cycles,330, ,,0,,02/06/2014 12:00:00 AM +0000,2/6/2014 2:50:00 PM,1,,Driveway Junction,Daylight,LAKE CITY WAY NE BETWEEN NE 143RD ST AND NE 145TH ST,0,1,Y,2,3591708,Dry,18,"MOTOR VEHICLE STRUCK PEDALCYCLIST, FRONT END AT ANGLE",,11190,0,2,Injury Collision,,45,Bicycle,Matched,N,1,Overcast,0,"(47.73284649900006, -122.29240305399998)",17683,0,N,14-40307
121709,158308,158328,Intersection,Cycles,0, ,,0,Y,12/12/2013 12:00:00 AM +0000,12/12/2013 2:05:00 PM,1,29865,At Intersection (intersection related),Daylight,BOREN AVE AND OLIVE WAY,0,1,,2,3640932,Wet,18,"MOTOR VEHICLE STRUCK PEDALCYCLIST, FRONT END AT ANGLE",,9321,1,2b,Serious Injury Collision,,45,Bicycle,Matched,Y,1,Raining,0,"(47.615449718000036, -122.33072969599999)",23287,0,N,2013-444868
121717,158145,158165,Block,Cycles,147.5, ,,0,,12/08/2013 12:00:00 AM +0000,12/8/2013 2:58:00 PM,1,,Mid-Block (not related to intersection),Daylight,E MADISON ST BETWEEN 10TH AVE AND E SENECA ST,0,1,,2,3585660,Dry,51,PEDALCYCLIST STRUCK MOTOR VEHICLE FRONT END AT ANGLE,,14339,0,2,Injury Collision,,45,Bicycle,Matched,N,1,Clear or Partly Cloudy,0,"(47.611969455000064, -122.31884003299996)",22951,0,N,2013-440487
121726,161644,161664,Block,Cycles,148, ,,0,,01/23/2014 12:00:00 AM +0000,1/23/2014 2:24:00 PM,1,,Driveway Junction,Daylight,NE 65TH ST BETWEEN 14TH AVE NE AND 15TH AVE NE,0,1,,2,3608723,Dry,18,"MOTOR VEHICLE STRUCK PEDALCYCLIST, FRONT END AT ANGLE",,17265,0,2,Injury Collision,,45,Bicycle,Matched,N,1,Clear or Partly Cloudy,0,"(47.67578858600007, -122.31253248799999)",29273,0,N,14-24867
121780,159461,159481,Block,Cycles,422.5,NEI,"Not Enough Information, or Insufficient Location Information",0,,11/23/2013 12:00:00 AM +0000,11/23/2013 9:00:00 AM,1,,Mid-Block (not related to intersection),Daylight,WALLA WALLA RD NE BETWEEN DEAD END 1 AND MONTLAKE BLVD NE,0,1,,1,3519551,Ice,00,NOT ENOUGH INFORMATION / NOT APPLICABLE,,594822,0,2,Injury Collision,,45,Bicycle,Matched,N,0,Clear or Partly Cloudy,0,"(47.659412607000036, -122.29903422799998)",0,0,N,13-003237
121797,159691,159711,Block,Cycles,160.5, ,,0,Y,01/06/2014 12:00:00 AM +0000,1/6/2014 4:54:00 PM,1,,Mid-Block (not related to intersection),Dark - Street Lights On,E UNION ST BETWEEN 27TH AVE AND M L KING JR WAY,0,1,,2,3567634,Dry,23,"MOTOR VEHICLE STRUCK PEDALCYCLIST, LEFT SIDE SIDESWIPE",,14905,0,2,Injury Collision,,45,Bicycle,Matched,N,1,Clear or Partly Cloudy,0,"(47.61293808800008, -122.29685170899995)",9486,0,N,14-5973
121843,158319,158339,Intersection,Cycles,0, ,,0,Y,12/12/2013 12:00:00 AM +0000,12/12/2013 7:47:00 AM,1,34380,At Intersection (intersection related),Daylight,SWIFT AVE S AND S WARSAW ST,0,1,Y,2,3671689,Wet,18,"MOTOR VEHICLE STRUCK PEDALCYCLIST, FRONT END AT ANGLE",,3475,0,2,Injury Collision,,45,Bicycle,Matched,N,1,Overcast,0,"(47.54406693100003, -122.30416204199997)",13656,0,N,2013-444533
121856,161662,161682,Block,Cycles,329.5, ,,0,,01/24/2014 12:00:00 AM +0000,1/24/2014 9:24:00 AM,1,,Mid-Block (but intersection related),Daylight,YESLER WAY BETWEEN TERRACE ST AND 6TH AVE,0,1,,2,3641488,Dry,51,PEDALCYCLIST STRUCK MOTOR VEHICLE FRONT END AT ANGLE,,13766,0,2,Injury Collision,Y,45,Bicycle,Matched,N,1,Clear or Partly Cloudy,0,"(47.60171208300005, -122.32768801499998)",9972,0,N,2014-25740
121869,158493,158513,Block,Cycles,161, ,,0,,03/13/2013 12:00:00 AM +0000,3/13/2013 7:08:00 AM,1,,Mid-Block (not related to intersection),Daylight,SENECA ST BETWEEN 8TH AVE AND 9TH AVE,0,1,,2,3581414,Dry,51,PEDALCYCLIST STRUCK MOTOR VEHICLE FRONT END AT ANGLE,,12778,0,2,Injury Collision,,45,Bicycle,Matched,N,1,Clear or Partly Cloudy,0,"(47.60960331900003, -122.32922283399995)",9110,0,N,2013-085040
121878,159062,159082,Block,Cycles,273, ,,0,,12/27/2013 12:00:00 AM +0000,12/27/2013 2:54:00 PM,1,,Mid-Block (not related to intersection),Daylight,NW 60TH ST BETWEEN 24TH AVE NW AND DEAD END 3,0,1,,2,3501687,Wet,18,"MOTOR VEHICLE STRUCK PEDALCYCLIST, FRONT END AT ANGLE",,18520,0,2,Injury Collision,,45,Bicycle,Matched,N,1,Overcast,0,"(47.67237565900007, -122.38869305599997)",0,0,N,13-461102
121880,159060,159080,Intersection,Cycles,0, ,,0,Y,12/28/2013 12:00:00 AM +0000,12/28/2013 5:27:00 PM,1,35472,At Intersection (intersection related),Dark - Street Lights On,51ST AVE S AND S ROXBURY ST,0,1,,3,3467439,Dry,51,PEDALCYCLIST STRUCK MOTOR VEHICLE FRONT END AT ANGLE,,7530,0,2,Injury Collision,,45,Bicycle,Matched,N,1,Clear or Partly Cloudy,0,"(47.51685113700006, -122.27002476599995)",0,522022,N,2013-462336
121931,159910,159930,Intersection,Cycles,0, ,,0,,01/06/2014 12:00:00 AM +0000,1/6/2014 8:30:00 AM,1,29082,At Intersection (intersection related),Daylight,FAIRVIEW AVE E AND FAIRVIEW AVE N,0,1,,2,3585008,Dry,51,PEDALCYCLIST STRUCK MOTOR VEHICLE FRONT END AT ANGLE,,10336,0,2,Injury Collision,,45,Bicycle,Matched,N,1,Clear or Partly Cloudy,0,"(47.63190599600006, -122.32688562599998)",41840,0,N,14-5440
122144,162229,162249,Block,Cycles,172.5, ,,0,,02/10/2014 12:00:00 AM +0000,2/10/2014 8:59:00 PM,1,,Driveway Junction,Dark - No Street Lights,LINDEN AVE N BETWEEN N 94TH ST AND N 95TH ST,0,1,,3,3608725,Dry,18,"MOTOR VEHICLE STRUCK PEDALCYCLIST, FRONT END AT ANGLE",,11439,0,2,Injury Collision,,45,Bicycle,Matched,N,1,Clear or Partly Cloudy,0,"(47.69734203200005, -122.34729734899997)",0,0,N,14-44757
122162,165677,165697,Block,Cycles,213, ,,0,,04/10/2014 12:00:00 AM +0000,4/10/2014 10:41:00 AM,1,,Mid-Block (not related to intersection),Daylight,1ST AVE BETWEEN LENORA ST AND BLANCHARD ST,0,1,,2,3641265,Dry,56,PEDALCYCLIST STRUCK MOTOR VEHICLE LEFT SIDE SIDESWIPE,,1013,0,2,Injury Collision,,45,Bicycle,Matched,N,1,Clear or Partly Cloudy,0,"(47.61222096200004, -122.34456117999997)",13230,0,N,14-109305