OBJECTID,INCKEY,COLDETKEY,ADDRTYPE,COLLISIONTYPE,DISTANCE,EXCEPTRSNCODE,EXCEPTRSNDESC,FATALITIES,INATTENTIONIND,INCDATE,INCDTTM,INJURIES,INTKEY,JUNCTIONTYPE,LIGHTCOND,LOCATION,PEDCOUNT,PEDCYLCOUNT,PEDROWNOTGRNT,PERSONCOUNT,REPORTNO,ROADCOND,SDOT_COLCODE,SDOT_COLDESC,SDOTCOLNUM,SEGKEY,SERIOUSINJURIES,SEVERITYCODE,SEVERITYDESC,SPEEDING,ST_COLCODE,ST_COLDESC,STATUS,UNDERINFL,VEHCOUNT,WEATHER,WIDTH,Shape,SEGLANEKEY,CROSSWALKKEY,HITPARKEDCAR,SPDCASENO
122181,163638,163658,Block,Cycles,137.5, ,,0,,03/17/2013 12:00:00 AM +0000,3/17/2013 4:48:00 PM,1,,Mid-Block (not related to intersection),Daylight,EAST GREEN LAKE DR N BETWEEN 4TH AVE NE AND LATONA AVE NE,0,1,,3,3507932,Wet,18,"MOTOR VEHICLE STRUCK PEDALCYCLIST, FRONT END AT ANGLE",,14059,0,2,Injury Collision,,45,Bicycle,Matched,N,1,Raining,0,"(47.68139851700005, -122.32708109099997)",7304,0,N,2013-90639
122199,163003,163023,Block,Cycles,334.5, ,,0,,07/27/2010 12:00:00 AM +0000,7/27/2010 4:45:00 PM,0,,Mid-Block (not related to intersection),Unknown,NW MARKET ST BETWEEN 26TH AVE NW AND 28TH AVE NW,0,1,,2,3345286,Unknown,51,PEDALCYCLIST STRUCK MOTOR VEHICLE FRONT END AT ANGLE,,19237,0,1,Property Damage Only Collision,,45,Bicycle,Matched,N,1,Unknown,0,"(47.66866164900006, -122.39149959699995)",25921,0,N,2010-260315
122205,162998,163018,Block,Cycles,130.5, ,,0,,07/26/2010 12:00:00 AM +0000,7/26/2010 10:30:00 AM,1,,Mid-Block (not related to intersection),Daylight,E PINE ST BETWEEN BELMONT AVE AND BOYLSTON AVE,0,1,Y,3,3332576,Dry,18,"MOTOR VEHICLE STRUCK PEDALCYCLIST, FRONT END AT ANGLE",,14631,0,2,Injury Collision,,45,Bicycle,Matched,N,1,Clear or Partly Cloudy,0,"(47.615228063000075, -122.32394607099997)",10368,0,N,2010-257544
122231,164258,164278,Block,Cycles,366, ,,0,,03/13/2014 12:00:00 AM +0000,3/13/2014 7:14:00 AM,1,,Driveway Junction,Dawn,EAST MARGINAL WAY S BETWEEN S HINDS ST AND S SPOKANE NR ST,0,1,Y,2,3644235,Dry,18,"MOTOR VEHICLE STRUCK PEDALCYCLIST, FRONT END AT ANGLE",,14387,0,2,Injury Collision,,45,Bicycle,Matched,N,1,Clear or Partly Cloudy,0,"(47.57270499800006, -122.33969154099998)",0,0,N,14-77240
122322,162695,162715,Block,Cycles,270.5, ,,0,,02/21/2014 12:00:00 AM +0000,2/21/2014 11:23:00 AM,1,,Mid-Block (not related to intersection),Daylight,15TH AVE NE BETWEEN NE 41ST ST AND NE 42ND ST,0,1,,2,3591584,Wet,51,PEDALCYCLIST STRUCK MOTOR VEHICLE FRONT END AT ANGLE,,2032,0,2,Injury Collision,,45,Bicycle,Matched,N,1,Overcast,0,"(47.657559098000036, -122.31209078899997)",21324,0,N,14-56046
122357,164094,164114,Block,Cycles,161, ,,0,Y,02/28/2014 12:00:00 AM +0000,2/28/2014 2:12:00 PM,1,,Driveway Junction,Daylight,PINE ST BETWEEN 8TH AVE AND 9TH AVE,0,1,Y,3,3583985,Dry,18,"MOTOR VEHICLE STRUCK PEDALCYCLIST, FRONT END AT ANGLE",,12221,0,2,Injury Collision,,45,Bicycle,Matched,N,1,Clear or Partly Cloudy,0,"(47.61329521600004, -122.33259897599999)",21789,0,N,14-63480
122390,165452,165472,Block,Cycles,134.5, ,,0,,04/01/2014 12:00:00 AM +0000,4/1/2014 10:37:00 PM,1,,Mid-Block (not related to intersection),Dark - Street Lights On,ALASKAN WAY BETWEEN YESLER WAY AND COLUMBIA ST,0,1,,2,3576518,Dry,18,"MOTOR VEHICLE STRUCK PEDALCYCLIST, FRONT END AT ANGLE",,8717,0,2,Injury Collision,,45,Bicycle,Matched,Y,1,Clear or Partly Cloudy,0,"(47.602031397000076, -122.33686381999996)",0,0,N,14-99504
122619,164869,164889,Intersection,Cycles,0, ,,0,,03/20/2014 12:00:00 AM +0000,3/20/2014 9:58:00 PM,1,30355,At Intersection (intersection related),Dark - Street Lights On,2ND AVE AND CHERRY ST,0,1,,2,3574805,Dry,18,"MOTOR VEHICLE STRUCK PEDALCYCLIST, FRONT END AT ANGLE",,2750,0,2,Injury Collision,,45,Bicycle,Matched,N,1,Clear or Partly Cloudy,0,"(47.60301939300007, -122.33317224599995)",13300,0,N,14-85932
122629,164866,164886,Intersection,Cycles,0, ,,0,,03/25/2014 12:00:00 AM +0000,3/25/2014 4:45:00 PM,1,30575,At Intersection (intersection related),Daylight,31ST AVE AND E YESLER WAY,0,1,Y,2,3552089,Wet,51,PEDALCYCLIST STRUCK MOTOR VEHICLE FRONT END AT ANGLE,,4766,0,2,Injury Collision,,45,Bicycle,Matched,N,1,Raining,0,"(47.601647584000034, -122.29251724799997)",10096,0,N,2014-91101
122631,164114,164134,Intersection,Cycles,0, ,,0,,03/03/2014 12:00:00 AM +0000,3/3/2014 8:18:00 AM,1,27027,At Intersection (intersection related),Unknown,FREMONT AVE N AND N 36TH ST,0,1,,2,3587264,Wet,51,PEDALCYCLIST STRUCK MOTOR VEHICLE FRONT END AT ANGLE,,10487,0,2,Injury Collision,,45,Bicycle,Matched,N,1,Raining,0,"(47.65134880900007, -122.34993445299995)",8360,0,N,14-66242
122648,164585,164605,Intersection,Cycles,0, ,,0,,03/12/2014 12:00:00 AM +0000,3/12/2014 8:30:00 AM,1,29603,At Intersection (intersection related),Daylight,2ND AVE AND UNIVERSITY ST,0,1,,2,3574442,Unknown,18,"MOTOR VEHICLE STRUCK PEDALCYCLIST, FRONT END AT ANGLE",,2756,0,2,Injury Collision,,45,Bicycle,Matched,N,1,Clear or Partly Cloudy,0,"(47.60729905800008, -122.33708679799997)",12162,0,N,14-76240
122716,162287,162307,Block,Cycles,489, ,,0,,02/11/2014 12:00:00 AM +0000,2/11/2014 12:58:00 PM,1,,Driveway Junction,Daylight,LAKE WASHINGTON BLVD S BETWEEN S ADAMS ST AND S GENESEE WAY,0,1,,2,3643047,Dry,18,"MOTOR VEHICLE STRUCK PEDALCYCLIST, FRONT END AT ANGLE",,11239,0,2,Injury Collision,,45,Bicycle,Matched,N,1,Clear or Partly Cloudy,0,"(47.56409721500006, -122.26874998999995)",38131,0,N,2014-45397
122759,163517,163537,Block,Cycles,372, ,,0,,03/14/2013 12:00:00 AM +0000,3/14/2013 8:20:00 AM,1,,Mid-Block (not related to intersection),Daylight,DEXTER AVE N BETWEEN HAYES ST AND HOWE ST,0,1,Y,2,3581415,Dry,18,"MOTOR VEHICLE STRUCK PEDALCYCLIST, FRONT END AT ANGLE",,10087,0,2,Injury Collision,,45,Bicycle,Matched,N,1,Clear or Partly Cloudy,0,"(47.63498698700005, -122.34228517999998)",12989,0,N,2013-86367
122765,164127,164147,Intersection,Cycles,0, ,,0,,03/05/2014 12:00:00 AM +0000,3/5/2014 5:00:00 PM,1,35813,At Intersection (intersection related),Daylight,LINDEN AVE N AND N 135TH ST,0,1,,2,3587282,Wet,51,PEDALCYCLIST STRUCK MOTOR VEHICLE FRONT END AT ANGLE,,11455,0,2,Injury Collision,,45,Bicycle,Matched,N,1,Overcast,0,"(47.726861271000075, -122.34771350799997)",7611,0,N,14-69039
122791,165151,165171,Intersection,Cycles,0, ,,0,,03/29/2014 12:00:00 AM +0000,3/29/2014 7:44:00 AM,1,26863,At Intersection (intersection related),Daylight,STONE WAY N AND N 39TH ST,0,1,Y,2,3572941,Wet,51,PEDALCYCLIST STRUCK MOTOR VEHICLE FRONT END AT ANGLE,,12959,0,2,Injury Collision,,45,Bicycle,Matched,N,1,Raining,0,"(47.654120093000074, -122.34250125799997)",6311,0,N,14-95255
122909,164887,164907,Intersection,Cycles,0, ,,0,,03/21/2014 12:00:00 AM +0000,3/21/2014 12:24:00 PM,0,29528,At Intersection (intersection related),,LENORA ST AND WESTLAKE AVE,0,1,,2,3574395,Dry,21,"MOTOR VEHICLE STRUCK PEDALCYCLIST, REAR END",,8285,0,1,Property Damage Only Collision,,45,Bicycle,Matched,N,1,Clear or Partly Cloudy,0,"(47.61649020500005, -122.33789362899995)",37233,0,N,14-86455
122966,161963,161983,Intersection,Cycles,0, ,,0,Y,02/11/2014 12:00:00 AM +0000,2/11/2014 7:30:00 PM,1,30436,At Intersection (intersection related),Dark - Street Lights On,12TH AVE S AND S WELLER ST,0,1,,2,3586176,Wet,18,"MOTOR VEHICLE STRUCK PEDALCYCLIST, FRONT END AT ANGLE",,21537,0,2,Injury Collision,,45,Bicycle,Matched,N,1,Raining,0,"(47.59749957200006, -122.31722672699999)",16233,0,N,2014-45975
122976,162854,162874,Intersection,Cycles,0, ,,0,,02/25/2014 12:00:00 AM +0000,2/25/2014 8:00:00 AM,1,28530,At Intersection (intersection related),Daylight,MCGILVRA BLVD E AND E MADISON N ST,0,1,,2,3582366,Dry,18,"MOTOR VEHICLE STRUCK PEDALCYCLIST, FRONT END AT ANGLE",,11721,0,2,Injury Collision,,45,Bicycle,Matched,N,1,Clear or Partly Cloudy,0,"(47.63372768100004, -122.28106301599996)",34286,0,N,14-59806
123012,163533,163553,Intersection,Cycles,0, ,,0,,03/20/2013 12:00:00 AM +0000,3/20/2013 8:50:00 AM,1,37450,At Intersection (intersection related),Daylight,DAYTON AVE N AND N 87TH ST,0,1,,2,3613392,Wet,51,PEDALCYCLIST STRUCK MOTOR VEHICLE FRONT END AT ANGLE,,9929,0,2,Injury Collision,,45,Bicycle,Matched,N,1,Raining,0,"(47.69241034100003, -122.35262053599996)",0,0,N,13-95087
123021,163362,163382,Intersection,Cycles,0, ,,0,,02/01/2013 12:00:00 AM +0000,2/1/2013 3:50:00 PM,1,287157,At Intersection (intersection related),Daylight,ADAMS LN NE AND BURKE GILMAN TRL,0,1,,2,3270335,Dry,18,"MOTOR VEHICLE STRUCK PEDALCYCLIST, FRONT END AT ANGLE",,287254,0,2,Injury Collision,,45,Bicycle,Matched,N,1,Clear or Partly Cloudy,0,"(47.65479501000004, -122.31675463299996)",0,630884,N,13-000305
123121,165566,165586,Block,Cycles,1815.735893094999938, ,,0,,03/07/2014 12:00:00 AM +0000,3/7/2014 4:02:00 PM,1,,Mid-Block (not related to intersection),Daylight,BURKE GILMAN TRL BETWEEN MONTLAKE CUT CONNCTR TRL AND PEND OREILLE RD NE,0,1,,1,3519568,Dry,29,MOTOR VEHICLE OVERTURNED IN ROAD,,287259,0,2,Injury Collision,,45,Bicycle,Matched,N,0,Overcast,0,"(47.655223231000036, -122.30266158799998)",0,0,N,14-000627
123151,163120,163140,Block,Cycles,333.5, ,,0,,03/03/2014 12:00:00 AM +0000,3/3/2014 4:26:00 PM,1,,Mid-Block (not related to intersection),Daylight,15TH AVE W BETWEEN W BERTONA ST AND W RUFFNER ST,0,1,Y,2,3373283,Dry,18,"MOTOR VEHICLE STRUCK PEDALCYCLIST, FRONT END AT ANGLE",,2194,0,2,Injury Collision,,45,Bicycle,Matched,N,1,Clear or Partly Cloudy,0,"(47.65125313600004, -122.37625597999994)",19330,0,N,2014-66760
123167,163105,163125,Intersection,Cycles,0, ,,0,,03/01/2014 12:00:00 AM +0000,3/1/2014 3:40:00 PM,1,30511,At Intersection (intersection related),Daylight,6TH AVE S AND S JACKSON ST,0,1,,4,3574440,Wet,18,"MOTOR VEHICLE STRUCK PEDALCYCLIST, FRONT END AT ANGLE",,7983,0,2,Injury Collision,,45,Bicycle,Matched,N,1,Unknown,0,"(47.599192756000036, -122.326360524)",24416,0,N,14-64696
123223,161803,161823,Intersection,Cycles,0, ,,0,Y,02/01/2014 12:00:00 AM +0000,2/1/2014 2:30:00 AM,1,29775,At Intersection (intersection related),Dark - Street Lights On,13TH AVE AND E SPRING ST,0,1,,2,3586101,Dry,51,PEDALCYCLIST STRUCK MOTOR VEHICLE FRONT END AT ANGLE,,1736,0,2,Injury Collision,,45,Bicycle,Matched,N,1,Clear or Partly Cloudy,0,"(47.61155749300008, -122.31543289299998)",0,0,N,14-34768
123255,163551,163571,Intersection,Cycles,0, ,,0,,03/14/2013 12:00:00 AM +0000,3/14/2013 6:29:00 PM,0,25793,At Intersection (intersection related),Daylight,UNIVERSITY WAY NE AND NE 50TH ST,0,1,Y,2,3609224,Wet,18,"MOTOR VEHICLE STRUCK PEDALCYCLIST, FRONT END AT ANGLE",,13224,0,1,Property Damage Only Collision,,45,Bicycle,Matched,N,1,Raining,0,"(47.66490072400006, -122.31307415999999)",5611,0,N,13-87061
123256,163550,163570,Intersection,Cycles,0, ,,0,Y,03/19/2013 12:00:00 AM +0000,3/19/2013 5:58:00 AM,1,30757,At Intersection (intersection related),Dark - Street Lights On,23RD AVE S AND S JACKSON ST,0,1,Y,2,3476765,Dry,51,PEDALCYCLIST STRUCK MOTOR VEHICLE FRONT END AT ANGLE,,3444,0,2,Injury Collision,,45,Bicycle,Matched,N,1,Clear or Partly Cloudy,0,"(47.59928129300005, -122.30223345099995)",0,525077,N,2013-92442
123275,163558,163578,Intersection,Cycles,0, ,,0,,03/14/2013 12:00:00 AM +0000,3/14/2013 2:02:00 PM,1,28753,At Intersection (intersection related),Daylight,DEXTER AVE N AND LEE ST,0,1,Y,3,3643891,Dry,18,"MOTOR VEHICLE STRUCK PEDALCYCLIST, FRONT END AT ANGLE",,10083,0,2,Injury Collision,,45,Bicycle,Matched,N,1,Clear or Partly Cloudy,0,"(47.631410781000056, -122.34228891699996)",12941,0,N,13-86720
123280,163556,163576,Block,Cycles,161, ,,0,,03/15/2013 12:00:00 AM +0000,3/15/2013 5:30:00 PM,1,,Driveway Junction,Daylight,VIRGINIA ST BETWEEN 8TH AVE AND 9TH AVE,0,1,,2,3643676,Dry,18,"MOTOR VEHICLE STRUCK PEDALCYCLIST, FRONT END AT ANGLE",,13318,0,2,Injury Collision,,45,Bicycle,Matched,N,1,Clear or Partly Cloudy,0,"(47.61605226900008, -122.33616684299994)",0,0,N,2013-88147
123325,163940,163964,Intersection,Cycles,0, ,,0,,03/05/2014 12:00:00 AM +0000,3/5/2014 6:30:00 PM,1,589794,At Intersection (intersection related),Dark - Street Lights On,MERCER NR ST AND WESTLAKE AVE N,0,1,,2,3583611,Wet,18,"MOTOR VEHICLE STRUCK PEDALCYCLIST, FRONT END AT ANGLE",,13537,0,2,Injury Collision,,45,Bicycle,Matched,N,1,Raining,0,"(47.62469578100007, -122.33843433499999)",0,523902,N,2014-69254
123415,163147,163167,Block,Cycles,135.5, ,,0,Y,01/24/2011 12:00:00 AM +0000,1/24/2011 7:18:00 PM,0,,Mid-Block (but intersection related),Dark - Street Lights On,NW 85TH ST BETWEEN 30TH AVE NW AND 31ST AVE NW,0,1,Y,2,3568903,Wet,18,"MOTOR VEHICLE STRUCK PEDALCYCLIST, FRONT END AT ANGLE",,18988,0,1,Property Damage Only Collision,,45,Bicycle,Matched,N,1,Overcast,0,"(47.69056959800008, -122.39637852899995)",0,0,N,11-28489
123503,165283,165303,Intersection,Cycles,0, ,,0,Y,04/01/2014 12:00:00 AM +0000,4/1/2014 8:35:00 PM,0,27089,At Intersection (intersection related),Dark - Street Lights On,BROOKLYN AVE NE AND NE 42ND ST,0,1,Y,2,3582688,Dry,18,"MOTOR VEHICLE STRUCK PEDALCYCLIST, FRONT END AT ANGLE",,9480,0,1,Property Damage Only Collision,,45,Bicycle,Matched,N,1,Clear or Partly Cloudy,0,"(47.65832863700007, -122.31436331399999)",0,0,N,14-99399
123504,165282,165302,Intersection,Cycles,0, ,,0,,04/01/2014 12:00:00 AM +0000,4/1/2014 2:50:00 PM,1,36192,At Intersection (intersection related),Daylight,35TH AVE NE AND NE 125TH ST,0,1,,2,3582546,Dry,18,"MOTOR VEHICLE STRUCK PEDALCYCLIST, FRONT END AT ANGLE",,5396,0,2,Injury Collision,,45,Bicycle,Matched,N,1,Clear or Partly Cloudy,0,"(47.71925343700008, -122.29078406199994)",0,524569,N,14-99003
123507,164981,165001,Intersection,Cycles,0, ,,0,,03/26/2014 12:00:00 AM +0000,3/26/2014 6:52:00 PM,1,29931,At Intersection (intersection related),Unknown,4TH AVE AND UNIVERSITY ST,0,1,,2,3705383,Unknown,18,"MOTOR VEHICLE STRUCK PEDALCYCLIST, FRONT END AT ANGLE",,6129,0,2,Injury Collision,,45,Bicycle,Matched,N,1,Unknown,0,"(47.608227922000026, -122.33486632899996)",12735,0,N,14-92405
123544,163961,163981,Intersection,Cycles,0, ,,0,,03/11/2014 12:00:00 AM +0000,3/11/2014 8:25:00 PM,1,31368,At Intersection (intersection related),Dark - Street Lights On,6TH AVE S AND S LANDER ST,0,1,,2,3579311,Dry,51,PEDALCYCLIST STRUCK MOTOR VEHICLE FRONT END AT ANGLE,,7996,0,2,Injury Collision,,45,Bicycle,Matched,N,1,Clear or Partly Cloudy,0,"(47.57980932500004, -122.32597667499999)",19547,0,N,14-75792
123567,163427,163447,Block,Cycles,146, ,,0,Y,03/15/2013 12:00:00 AM +0000,3/15/2013 2:13:00 PM,1,,Mid-Block (not related to intersection),Daylight,ROOSEVELT WAY NE BETWEEN NE 55TH ST AND NE 56TH ST,0,1,,2,3503236,Dry,53,PEDALCYCLIST STRUCK MOTOR VEHICLE LEFT SIDE AT ANGLE,,12604,0,2,Injury Collision,,45,Bicycle,Matched,N,1,Clear or Partly Cloudy,0,"(47.66897546900003, -122.31736368799994)",9155,0,N,13-87936
123597,163969,163989,Intersection,Cycles,0, ,,0,Y,03/10/2014 12:00:00 AM +0000,3/10/2014 8:28:00 AM,1,29072,At Intersection (intersection related),Daylight,BROADWAY AND E HOWELL ST,0,1,,3,3586228,Wet,18,"MOTOR VEHICLE STRUCK PEDALCYCLIST, FRONT END AT ANGLE",,9450,0,2,Injury Collision,,45,Bicycle,Matched,N,1,Overcast,0,"(47.61757128900007, -122.32083582899998)",6840,0,N,14-73970
123681,163582,163602,Intersection,Cycles,0, ,,0,,03/19/2013 12:00:00 AM +0000,3/19/2013 8:10:00 AM,1,30192,At Intersection (intersection related),Daylight,18TH AVE AND E JEFFERSON ST,0,1,,2,3605931,Dry,51,PEDALCYCLIST STRUCK MOTOR VEHICLE FRONT END AT ANGLE,,2535,1,2b,Serious Injury Collision,,45,Bicycle,Matched,N,1,Clear or Partly Cloudy,0,"(47.60616997200003, -122.30894195199994)",10498,0,N,2013-92547
123683,163580,163600,Intersection,Cycles,0, ,,0,,03/19/2013 12:00:00 AM +0000,3/19/2013 2:42:00 PM,1,29863,At Intersection (intersection related),Daylight,MELROSE AVE AND PINE ST,0,1,Y,2,3599453,Wet,18,"MOTOR VEHICLE STRUCK PEDALCYCLIST, FRONT END AT ANGLE",,11745,0,2,Injury Collision,,45,Bicycle,Matched,N,1,Raining,0,"(47.615238420000026, -122.32790375499997)",10336,0,N,2013-92942
123751,165322,165342,Intersection,Cycles,0, ,,0,,04/02/2014 12:00:00 AM +0000,4/2/2014 5:22:00 PM,1,29932,At Intersection (intersection related),Daylight,4TH AVE AND SENECA ST,0,1,,2,3585080,Dry,54,PEDALCYCLIST STRUCK MOTOR VEHICLE REAR END,,6128,0,2,Injury Collision,,45,Bicycle,Matched,N,1,Clear or Partly Cloudy,0,"(47.607514998000056, -122.33421346899996)",12713,0,N,2014-100416
123757,165065,165085,Intersection,Cycles,0, ,,0,Y,03/20/2014 12:00:00 AM +0000,3/20/2014 4:25:00 PM,1,33305,At Intersection (intersection related),Daylight,COLUMBIA DR S AND S COLUMBIAN WAY,0,1,,2,3579369,Dry,51,PEDALCYCLIST STRUCK MOTOR VEHICLE FRONT END AT ANGLE,,9717,0,2,Injury Collision,,45,Bicycle,Matched,N,1,Clear or Partly Cloudy,0,"(47.55985332400007, -122.30553772099995)",14103,0,N,14-85600
123873,165334,165354,Intersection,Cycles,0, ,,0,,03/27/2014 12:00:00 AM +0000,3/27/2014 8:15:00 AM,0,27064,At Intersection (intersection related),Daylight,12TH AVE NE AND NE 45TH ST,0,1,,3,3587555,Wet,51,PEDALCYCLIST STRUCK MOTOR VEHICLE FRONT END AT ANGLE,,1568,0,1,Property Damage Only Collision,,45,Bicycle,Matched,N,1,Raining,0,"(47.661284581000075, -122.31544243799999)",7000,0,N,2014-92882
123874,165333,165353,Intersection,Cycles,0, ,,0,,03/25/2014 12:00:00 AM +0000,3/25/2014 5:25:00 PM,1,27070,At Intersection (intersection related),Daylight,7TH AVE NE AND NE 45TH ST,0,1,,2,3587552,Wet,18,"MOTOR VEHICLE STRUCK PEDALCYCLIST, FRONT END AT ANGLE",,8174,0,2,Injury Collision,,45,Bicycle,Matched,N,1,Overcast,0,"(47.661319003000074, -122.32072786099997)",0,522070,N,14-91226
124018,165079,165099,Intersection,Cycles,0, ,,0,,03/28/2014 12:00:00 AM +0000,3/28/2014 9:00:00 PM,1,26679,At Intersection (intersection related),Dark - Street Lights On,1ST AVE NW AND NW 36TH ST,0,1,,2,3503327,Dry,18,"MOTOR VEHICLE STRUCK PEDALCYCLIST, FRONT END AT ANGLE",,1115,0,2,Injury Collision,,45,Bicycle,Matched,N,1,Clear or Partly Cloudy,0,"(47.65296538800004, -122.35766174699995)",0,0,N,14-96531
124071,162666,162686,Block,Cycles,153, ,,0,,02/17/2014 12:00:00 AM +0000,2/17/2014 5:35:00 PM,1,,Mid-Block (not related to intersection),Dark - Street Lights On,4TH AVE BETWEEN VINE ST AND CEDAR ST,0,1,Y,2,3644022,Dry,18,"MOTOR VEHICLE STRUCK PEDALCYCLIST, FRONT END AT ANGLE",,6143,0,2,Injury Collision,,45,Bicycle,Matched,N,1,Clear or Partly Cloudy,0,"(47.61751842100006, -122.34757051799994)",12874,0,N,14-52189
124078,163460,163480,Intersection,Cycles,0, ,,0,Y,03/03/2014 12:00:00 AM +0000,3/3/2014 8:30:00 AM,0,24276,At Intersection (intersection related),Daylight,AURORA AVE N AND GREEN LAKE DR N,0,1,,2,3583606,Dry,18,"MOTOR VEHICLE STRUCK PEDALCYCLIST, FRONT END AT ANGLE",,8961,0,1,Property Damage Only Collision,,45,Bicycle,Matched,N,1,Clear or Partly Cloudy,0,"(47.68911276600005, -122.34451443499995)",0,524409,N,2014-66664
124109,164239,164259,Intersection,Cycles,0, ,,0,Y,03/08/2014 12:00:00 AM +0000,3/8/2014 5:58:00 PM,2,29621,At Intersection (intersection related),Dark - Street Lights On,1ST AVE AND MADISON ST,0,2,,6,3640992,Wet,51,PEDALCYCLIST STRUCK MOTOR VEHICLE FRONT END AT ANGLE,,1004,0,2,Injury Collision,,45,Bicycle,Matched,N,1,Raining,0,"(47.604695047000064, -122.33623843299995)",36771,0,N,14-72578
124131,163607,163627,Intersection,Cycles,0, ,,0,,03/18/2013 12:00:00 AM +0000,3/18/2013 8:35:00 AM,1,26710,At Intersection (intersection related),Daylight,9TH AVE NW AND NW 45TH ST,0,1,Y,2,3503389,Dry,18,"MOTOR VEHICLE STRUCK PEDALCYCLIST, FRONT END AT ANGLE",,8563,0,2,Injury Collision,,45,Bicycle,Matched,N,1,Overcast,0,"(47.66146692900003, -122.36861555399997)",0,0,N,13-91365
124159,165348,165368,Intersection,Cycles,0, ,,0,Y,04/01/2014 12:00:00 AM +0000,4/1/2014 6:02:00 PM,1,30482,At Intersection (intersection related),Daylight,2ND AVE AND JAMES ST,0,1,,2,3641261,Dry,18,"MOTOR VEHICLE STRUCK PEDALCYCLIST, FRONT END AT ANGLE",,2749,0,2,Injury Collision,,45,Bicycle,Matched,N,1,Clear or Partly Cloudy,0,"(47.60230560100007, -122.33251943999994)",12029,0,N,14-99254
124187,162677,162697,Block,Cycles,367, ,,0,,02/22/2014 12:00:00 AM +0000,2/22/2014 10:25:00 AM,1,,Mid-Block (not related to intersection),Daylight,BEACON AVE S BETWEEN S STEVENS ST AND S HANFORD ST,0,1,Y,2,3583007,Wet,18,"MOTOR VEHICLE STRUCK PEDALCYCLIST, FRONT END AT ANGLE",,9122,0,2,Injury Collision,,45,Bicycle,Matched,N,1,Overcast,0,"(47.576073543000064, -122.30951713499996)",13386,0,N,2014-57122
124224,162991,163011,Block,Cycles,357, ,,0,,07/26/2010 12:00:00 AM +0000,7/26/2010 6:44:00 AM,1,,Mid-Block (but intersection related),Daylight,EASTLAKE AVE E BETWEEN E ALLISON ST AND HARVARD AVE E,0,1,Y,2,3329197,Dry,18,"MOTOR VEHICLE STRUCK PEDALCYCLIST, FRONT END AT ANGLE",,10183,0,2,Injury Collision,,45,Bicycle,Matched,N,1,Clear or Partly Cloudy,0,"(47.64965019300007, -122.32276631399998)",6064,0,N,10-259345
124287,164252,164272,Intersection,Cycles,0, ,,0,,03/13/2014 12:00:00 AM +0000,3/13/2014 7:30:00 AM,1,29878,At Intersection (intersection related),Daylight,BOREN AVE AND PIKE ST,0,1,Y,2,3584027,Dry,18,"MOTOR VEHICLE STRUCK PEDALCYCLIST, FRONT END AT ANGLE",,9319,0,2,Injury Collision,,45,Bicycle,Matched,N,1,Clear or Partly Cloudy,0,"(47.613465820000044, -122.32891310199994)",25242,0,N,14-77254
124289,163839,163859,Block,Cycles,260, ,,0,Y,02/12/2014 12:00:00 AM +0000,2/12/2014 8:15:00 PM,0,,Mid-Block (but intersection related),Dark - Street Lights On,MELROSE AVE BETWEEN E OLIVE PL AND E DENNY WAY,0,1,,2,3577412,Dry,18,"MOTOR VEHICLE STRUCK PEDALCYCLIST, FRONT END AT ANGLE",,11757,0,1,Property Damage Only Collision,,45,Bicycle,Matched,N,1,Clear or Partly Cloudy,0,"(47.61778204700005, -122.32786403299997)",11531,0,N,14-47029
124297,169307,169327,Intersection,Cycles,0, ,,0,,06/05/2014 12:00:00 AM +0000,6/5/2014 8:20:00 AM,1,25409,At Intersection (intersection related),Daylight,8TH AVE NW AND NW 57TH ST,0,1,Y,2,3703406,Dry,18,"MOTOR VEHICLE STRUCK PEDALCYCLIST, FRONT END AT ANGLE",,8386,0,2,Injury Collision,,45,Bicycle,Matched,N,1,Clear or Partly Cloudy,0,"(47.67016023200006, -122.36617439599996)",2433,0,N,14-177567
124302,169302,169322,Intersection,Cycles,0, ,,0,,06/04/2014 12:00:00 AM +0000,6/4/2014 6:22:00 PM,1,24438,At Intersection (intersection related),Daylight,5TH AVE NE AND NE 73RD ST,0,1,,2,3702766,Dry,18,"MOTOR VEHICLE STRUCK PEDALCYCLIST, FRONT END AT ANGLE",,7306,0,2,Injury Collision,,45,Bicycle,Matched,N,1,Clear or Partly Cloudy,0,"(47.68162465700004, -122.32288264499999)",7457,0,N,14-176965
124305,165368,165388,Intersection,Cycles,0, ,,0,Y,03/20/2014 12:00:00 AM +0000,3/20/2014 1:00:00 PM,1,27153,At Intersection (intersection related),Daylight,EASTLAKE AVE E AND FUHRMAN AVE E,0,1,Y,2,3672737,Dry,51,PEDALCYCLIST STRUCK MOTOR VEHICLE FRONT END AT ANGLE,,10579,0,2,Injury Collision,,45,Bicycle,Matched,N,1,Clear or Partly Cloudy,0,"(47.65157827200005, -122.32127525699997)",6078,0,N,2014-85349
124334,166269,166289,Block,Cycles,161, ,,0,,04/19/2014 12:00:00 AM +0000,4/19/2014 12:15:00 AM,1,,Mid-Block (not related to intersection),Dark - Street Lights On,PIKE ST BETWEEN BOREN AVE AND MELROSE AVE,0,1,,3,3573276,Dry,18,"MOTOR VEHICLE STRUCK PEDALCYCLIST, FRONT END AT ANGLE",,12207,1,2b,Serious Injury Collision,,45,Bicycle,Matched,Y,1,Clear or Partly Cloudy,0,"(47.61369730700005, -122.32836055699994)",31079,0,N,14-119500