OBJECTID,INCKEY,COLDETKEY,ADDRTYPE,COLLISIONTYPE,DISTANCE,EXCEPTRSNCODE,EXCEPTRSNDESC,FATALITIES,INATTENTIONIND,INCDATE,INCDTTM,INJURIES,INTKEY,JUNCTIONTYPE,LIGHTCOND,LOCATION,PEDCOUNT,PEDCYLCOUNT,PEDROWNOTGRNT,PERSONCOUNT,REPORTNO,ROADCOND,SDOT_COLCODE,SDOT_COLDESC,SDOTCOLNUM,SEGKEY,SERIOUSINJURIES,SEVERITYCODE,SEVERITYDESC,SPEEDING,ST_COLCODE,ST_COLDESC,STATUS,UNDERINFL,VEHCOUNT,WEATHER,WIDTH,Shape,SEGLANEKEY,CROSSWALKKEY,HITPARKEDCAR,SPDCASENO
124351,165905,165925,Block,Cycles,161, ,,0,,04/03/2014 12:00:00 AM +0000,4/3/2014 8:00:00 AM,1,,Mid-Block (not related to intersection),Daylight,PINE ST BETWEEN 7TH AVE AND 8TH AVE,0,1,Y,2,3641280,Dry,51,PEDALCYCLIST STRUCK MOTOR VEHICLE FRONT END AT ANGLE,,12220,0,2,Injury Collision,,45,Bicycle,Matched,N,1,Clear or Partly Cloudy,0,"(47.61283148000007, -122.33370924999997)",21826,0,N,14-101017
124354,165903,165923,Intersection,Cycles,0, ,,0,Y,04/13/2014 12:00:00 AM +0000,4/13/2014 2:52:00 PM,1,31973,At Intersection (intersection related),Daylight,49TH AVE SW AND SW ANDOVER ST,0,1,,2,3571356,Dry,51,PEDALCYCLIST STRUCK MOTOR VEHICLE FRONT END AT ANGLE,,7205,0,2,Injury Collision,,45,Bicycle,Matched,N,1,Clear or Partly Cloudy,0,"(47.56848232200008, -122.39478873699994)",0,0,N,14-113126
124368,167663,167683,Intersection,Cycles,0, ,,0,,05/08/2014 12:00:00 AM +0000,5/8/2014 4:02:00 PM,1,29872,At Intersection (intersection related),Daylight,BOREN AVE AND PINE ST,0,1,Y,2,3641160,Wet,51,PEDALCYCLIST STRUCK MOTOR VEHICLE FRONT END AT ANGLE,,9320,0,2,Injury Collision,,45,Bicycle,Matched,N,1,Raining,0,"(47.61445724200007, -122.32982243299995)",10320,0,N,14-142588
124369,167662,167682,Intersection,Cycles,0, ,,0,Y,04/29/2014 12:00:00 AM +0000,4/29/2014 5:40:00 PM,1,29894,At Intersection (intersection related),Daylight,6TH AVE AND PIKE ST,0,1,,2,3641146,Dry,18,"MOTOR VEHICLE STRUCK PEDALCYCLIST, FRONT END AT ANGLE",,7883,0,2,Injury Collision,,45,Bicycle,Matched,N,1,Clear or Partly Cloudy,0,"(47.61114239800003, -122.33446376999996)",0,523698,N,14-131491
124380,167029,167049,Intersection,Cycles,0, ,,0,,05/02/2014 12:00:00 AM +0000,5/2/2014 8:00:00 PM,0,35167,At Intersection (intersection related),Unknown,5TH AVE S AND S TRENTON S ST,0,1,,3,3295722,Unknown,51,PEDALCYCLIST STRUCK MOTOR VEHICLE FRONT END AT ANGLE,,7386,0,1,Property Damage Only Collision,,45,Bicycle,Matched,N,1,Unknown,0,"(47.524628654000026, -122.32822898199998)",0,0,N,14-135678
124381,167028,167048,Block,Cycles,161, ,,0,,04/27/2014 12:00:00 AM +0000,4/27/2014 10:18:00 PM,1,,Mid-Block (not related to intersection),Dark - Street Lights On,E PINE ST BETWEEN 11TH AVE AND 12TH AVE,0,1,,2,3701629,Dry,14,"MOTOR VEHICLE STRUCK MOTOR VEHICLE, REAR END",,14637,1,2b,Serious Injury Collision,,45,Bicycle,Matched,Y,1,Clear or Partly Cloudy,0,"(47.61525914900005, -122.31750882199998)",10420,0,N,14-129333
124383,167026,167046,Block,Cycles,420, ,,0,Y,04/23/2014 12:00:00 AM +0000,4/23/2014 12:53:00 PM,1,,Mid-Block (not related to intersection),Unknown,EASTLAKE AVE E BETWEEN E LYNN ST AND E LOUISA ST,0,1,,2,3701627,Dry,51,PEDALCYCLIST STRUCK MOTOR VEHICLE FRONT END AT ANGLE,,10177,0,2,Injury Collision,,45,Bicycle,Matched,N,1,Clear or Partly Cloudy,0,"(47.64087739100006, -122.325889916)",24736,0,N,14-124255
124391,166713,166733,Intersection,Cycles,0, ,,0,,04/30/2014 12:00:00 AM +0000,4/30/2014 7:14:00 PM,1,27070,At Intersection (intersection related),Daylight,7TH AVE NE AND NE 45TH ST,0,1,,2,3552911,Dry,18,"MOTOR VEHICLE STRUCK PEDALCYCLIST, FRONT END AT ANGLE",,8174,0,2,Injury Collision,,45,Bicycle,Matched,N,1,Clear or Partly Cloudy,0,"(47.661319003000074, -122.32072786099997)",7057,0,N,2014-132847
124416,168297,168317,Block,Cycles,380, ,,0,Y,05/16/2014 12:00:00 AM +0000,5/16/2014 1:57:00 PM,0,,Driveway Junction,Daylight,4TH AVE S BETWEEN S STACY ST AND S LANDER ST,0,1,,2,3580839,Dry,18,"MOTOR VEHICLE STRUCK PEDALCYCLIST, FRONT END AT ANGLE",,6239,0,1,Property Damage Only Collision,,45,Bicycle,Matched,N,1,Clear or Partly Cloudy,0,"(47.58085270600003, -122.329055961)",18729,0,N,2014-152706
124429,168112,168132,Intersection,Cycles,0, ,,0,,05/05/2014 12:00:00 AM +0000,5/5/2014 8:31:00 AM,1,25015,At Intersection (intersection related),Daylight,34TH AVE NW AND NW 64TH ST,0,1,,2,3702929,Dry,18,"MOTOR VEHICLE STRUCK PEDALCYCLIST, FRONT END AT ANGLE",,5246,0,2,Injury Collision,,45,Bicycle,Matched,N,1,Clear or Partly Cloudy,0,"(47.67484972600005, -122.40106987599995)",26258,0,N,14-138195
124449,169622,169642,Block,Cycles,210, ,,0,Y,06/06/2014 12:00:00 AM +0000,6/6/2014 11:26:00 AM,1,,Driveway Junction,Daylight,YALE AVE N BETWEEN THOMAS ST AND HARRISON ST,0,1,,3,3705481,Dry,51,PEDALCYCLIST STRUCK MOTOR VEHICLE FRONT END AT ANGLE,,13747,0,2,Injury Collision,,45,Bicycle,Matched,N,1,Clear or Partly Cloudy,0,"(47.62139465200005, -122.33042621599998)",0,0,N,14-178962
124465,169311,169331,Intersection,Cycles,0, ,,0,,06/05/2014 12:00:00 AM +0000,6/5/2014 5:29:00 PM,2,30379,At Intersection (intersection related),Daylight,ALASKAN WAY AND MARION ST,1,1,Y,2,3704977,Dry,64,PEDALCYCLIST STRUCK PEDESTRIAN,,8719,0,2,Injury Collision,,45,Bicycle,Matched,N,0,Clear or Partly Cloudy,0,"(47.60306058300006, -122.33778754599996)",38506,522401,N,2014-178145
124482,167032,167052,Intersection,Cycles,0, ,,0,,04/30/2014 12:00:00 AM +0000,4/30/2014 4:55:00 PM,1,29826,At Intersection (intersection related),Daylight,12TH AVE AND E ALDER ST,0,1,,2,3476714,Dry,18,"MOTOR VEHICLE STRUCK PEDALCYCLIST, FRONT END AT ANGLE",,1526,0,2,Injury Collision,Y,45,Bicycle,Matched,N,1,Clear or Partly Cloudy,0,"(47.604360385000064, -122.31678113299995)",10590,0,N,14-132685
124489,166718,166738,Intersection,Cycles,0, ,,0,,04/30/2014 12:00:00 AM +0000,4/30/2014 4:54:00 PM,1,29826,At Intersection (intersection related),Daylight,12TH AVE AND E ALDER ST,0,1,,2,3575045,Dry,18,"MOTOR VEHICLE STRUCK PEDALCYCLIST, FRONT END AT ANGLE",,1526,0,2,Injury Collision,,45,Bicycle,Matched,N,1,Clear or Partly Cloudy,0,"(47.604360385000064, -122.31678113299995)",10590,0,N,14-132682
124514,168335,168355,Intersection,Cycles,0, ,,0,,05/27/2014 12:00:00 AM +0000,5/27/2014 9:58:00 AM,1,29860,At Intersection (intersection related),Daylight,SUMMIT AVE AND E PINE ST,0,1,Y,2,3701733,Dry,18,"MOTOR VEHICLE STRUCK PEDALCYCLIST, FRONT END AT ANGLE",,12987,1,2b,Serious Injury Collision,,45,Bicycle,Matched,N,1,Clear or Partly Cloudy,0,"(47.615218748000075, -122.325528841)",10354,0,N,2014-165974
124519,168124,168144,Intersection,Cycles,0, ,,0,,05/20/2014 12:00:00 AM +0000,5/20/2014 7:00:00 AM,1,25815,At Intersection (intersection related),Daylight,1ST AVE NE AND NE 63RD ST,0,1,,2,3703227,Dry,51,PEDALCYCLIST STRUCK MOTOR VEHICLE FRONT END AT ANGLE,,1081,0,2,Injury Collision,Y,45,Bicycle,Matched,N,1,Clear or Partly Cloudy,0,"(47.674399453000035, -122.32817890899997)",0,0,N,14-15271
124524,168119,168139,Intersection,Cycles,0, ,,0,,05/08/2014 12:00:00 AM +0000,5/8/2014 5:39:00 PM,1,27014,At Intersection (intersection related),Daylight,GREENWOOD AVE N AND N 39TH ST,0,1,Y,2,3702982,Wet,18,"MOTOR VEHICLE STRUCK PEDALCYCLIST, FRONT END AT ANGLE",,10701,1,2b,Serious Injury Collision,,45,Bicycle,Matched,N,1,Overcast,0,"(47.65415337600007, -122.35548709599999)",27015,0,N,2014-142818
124538,167673,167693,Intersection,Cycles,0, ,,0,,05/02/2014 12:00:00 AM +0000,5/2/2014 10:58:00 AM,1,36054,At Intersection (intersection related),Daylight,30TH AVE NE AND NE 130TH ST,0,1,Y,2,3642240,Dry,51,PEDALCYCLIST STRUCK MOTOR VEHICLE FRONT END AT ANGLE,,4635,0,2,Injury Collision,,45,Bicycle,Matched,N,1,Clear or Partly Cloudy,0,"(47.72290005100007, -122.29635851799998)",0,521376,N,14-134997
124569,168952,168972,Block,Cycles,237, ,,0,Y,05/30/2014 12:00:00 AM +0000,5/30/2014 5:45:00 PM,1,,Driveway Junction,Daylight,18TH AVE S BETWEEN S ORCAS ST AND S JUNEAU ST,0,1,,2,3581161,Dry,18,"MOTOR VEHICLE STRUCK PEDALCYCLIST, FRONT END AT ANGLE",,2616,0,2,Injury Collision,,45,Bicycle,Matched,N,1,Clear or Partly Cloudy,0,"(47.55058510600003, -122.30989504899998)",0,0,N,14-170313
124608,166110,166130,Block,Cycles,121, ,,0,Y,04/10/2014 12:00:00 AM +0000,4/10/2014 10:09:00 AM,1,,Mid-Block (not related to intersection),Daylight,LAKE WASHINGTON BLVD BETWEEN LAKESIDE AVE AND E ALDER ST,0,1,,2,3701467,Dry,18,"MOTOR VEHICLE STRUCK PEDALCYCLIST, FRONT END AT ANGLE",,11174,0,2,Injury Collision,,45,Bicycle,Matched,N,1,Clear or Partly Cloudy,0,"(47.60330695700003, -122.28448725599998)",35157,0,N,2014-109275
124618,165925,165945,Intersection,Cycles,0, ,,0,,04/07/2014 12:00:00 AM +0000,4/7/2014 3:55:00 PM,1,29807,At Intersection (intersection related),Daylight,13TH AVE AND E JEFFERSON ST,0,1,,2,3579394,Dry,55,PEDALCYCLIST STRUCK MOTOR VEHICLE RIGHT SIDE SIDESWIPE,,1730,0,2,Injury Collision,,45,Bicycle,Matched,N,1,Clear or Partly Cloudy,0,"(47.60619746400005, -122.31547073999997)",10463,0,N,14-106032
124638,167702,167722,Block,Cycles,1087.5, ,,0,,05/01/2014 12:00:00 AM +0000,5/1/2014 5:30:00 PM,1,,Driveway Junction,Daylight,WEST GREEN LAKE WAY N BETWEEN GREEN LAKE TURN RD AND N 63RD ST,0,1,Y,2,3576788,Dry,18,"MOTOR VEHICLE STRUCK PEDALCYCLIST, FRONT END AT ANGLE",,23399,0,2,Injury Collision,,45,Bicycle,Matched,N,1,Clear or Partly Cloudy,0,"(47.67149845500006, -122.34367493899998)",10109,0,N,2014-135300
124639,167701,167721,Block,Cycles,90.5, ,,0,,05/01/2014 12:00:00 AM +0000,5/1/2014 6:34:00 PM,1,,Mid-Block (but intersection related),Daylight,EAST GREEN LAKE WAY N BETWEEN 2ND AVE NE AND 4TH AVE NE,0,1,,2,3576496,Dry,18,"MOTOR VEHICLE STRUCK PEDALCYCLIST, FRONT END AT ANGLE",,14082,0,2,Injury Collision,,45,Bicycle,Matched,N,1,Clear or Partly Cloudy,0,"(47.67843998600006, -122.32716208399995)",7406,0,N,2014-134228
124644,167416,167436,Block,Cycles,160.5, ,,0,Y,05/10/2014 12:00:00 AM +0000,5/10/2014 2:29:00 PM,1,,Mid-Block (not related to intersection),Daylight,E JOHN ST BETWEEN 13TH AVE E AND 14TH AVE E,0,1,,2,3585771,Dry,51,PEDALCYCLIST STRUCK MOTOR VEHICLE FRONT END AT ANGLE,,14247,0,2,Injury Collision,,45,Bicycle,Matched,N,1,Clear or Partly Cloudy,0,"(47.61995095100008, -122.31496985099994)",35234,0,N,2014-144882
124693,168128,168148,Intersection,Cycles,0, ,,0,,05/19/2014 12:00:00 AM +0000,5/19/2014 6:07:00 PM,1,26925,At Intersection (intersection related),Daylight,FREMONT AVE N AND N 45TH ST,0,1,Y,2,3703254,Dry,18,"MOTOR VEHICLE STRUCK PEDALCYCLIST, FRONT END AT ANGLE",,10498,0,2,Injury Collision,,45,Bicycle,Matched,N,1,Clear or Partly Cloudy,0,"(47.66139442700006, -122.35003951099998)",8454,0,N,2014-156738
124727,166116,166136,Intersection,Cycles,0, ,,0,,04/09/2014 12:00:00 AM +0000,4/9/2014 2:47:00 PM,0,29625,At Intersection (intersection related),Daylight,ALASKAN E RDWY WAY AND SPRING ST,0,1,,2,3583509,Dry,18,"MOTOR VEHICLE STRUCK PEDALCYCLIST, FRONT END AT ANGLE",,8748,0,1,Property Damage Only Collision,,45,Bicycle,Matched,N,1,Clear or Partly Cloudy,0,"(47.60465157800007, -122.33869324299997)",0,0,N,14-108366
124732,169161,169181,Intersection,Cycles,0, ,,0,,06/04/2014 12:00:00 AM +0000,6/4/2014 5:29:00 PM,1,30373,At Intersection (intersection related),Daylight,ALASKAN E RDWY WAY S AND S MAIN ST,0,1,Y,2,3584996,Dry,51,PEDALCYCLIST STRUCK MOTOR VEHICLE FRONT END AT ANGLE,,8755,0,2,Injury Collision,,45,Bicycle,Matched,N,1,Clear or Partly Cloudy,0,"(47.60004622300005, -122.33546646299999)",20619,0,N,14-176906
124737,166740,166760,Intersection,Cycles,0, ,,0,Y,04/29/2014 12:00:00 AM +0000,4/29/2014 5:41:00 PM,1,28775,At Intersection (intersection related),Daylight,DEXTER AVE N AND REPUBLICAN ST,0,1,Y,2,3583592,Dry,51,PEDALCYCLIST STRUCK MOTOR VEHICLE FRONT END AT ANGLE,,10075,0,2,Injury Collision,,45,Bicycle,Matched,N,1,Clear or Partly Cloudy,0,"(47.62322375000008, -122.34236126699994)",31186,0,N,14-131500
124845,168588,168608,Block,Cycles,133, ,,0,Y,05/13/2014 12:00:00 AM +0000,5/13/2014 10:58:00 AM,1,,Mid-Block (not related to intersection),Daylight,NE 45TH ST RP BETWEEN MONTLAKE BLVD NE AND NE 45TH ST,0,1,,2,3702963,Dry,51,PEDALCYCLIST STRUCK MOTOR VEHICLE FRONT END AT ANGLE,,11915,0,2,Injury Collision,,45,Bicycle,Matched,N,1,Clear or Partly Cloudy,0,"(47.66097420700004, -122.29915194999995)",0,0,N,14-148388
124848,168357,168377,Block,Cycles,307, ,,0,,05/10/2014 12:00:00 AM +0000,5/10/2014 9:21:00 AM,2,,Mid-Block (not related to intersection),Daylight,LAKE WASHINGTON BLVD S BETWEEN 43RD AVE S AND 46TH AVE S,0,2,,2,3580936,Dry,14,"MOTOR VEHICLE STRUCK MOTOR VEHICLE, REAR END",,11233,0,2,Injury Collision,,45,Bicycle,Matched,N,0,Clear or Partly Cloudy,0,"(47.57002063500005, -122.27834393699999)",38095,0,N,2014-144602
124866,166125,166145,Block,Cycles,165.5, ,,0,Y,04/18/2014 12:00:00 AM +0000,4/18/2014 7:50:00 AM,1,,Driveway Junction,Daylight,MERIDIAN AVE N BETWEEN N NORTHGATE WAY AND N 112TH ST,0,1,,2,3502018,Dry,18,"MOTOR VEHICLE STRUCK PEDALCYCLIST, FRONT END AT ANGLE",,11826,0,2,Injury Collision,,45,Bicycle,Matched,N,1,Clear or Partly Cloudy,0,"(47.70911521200003, -122.33400094399997)",0,0,N,14-118434
124868,165955,165975,Block,Cycles,153, ,,0,Y,03/27/2014 12:00:00 AM +0000,3/27/2014 6:25:00 PM,1,,Mid-Block (not related to intersection),Daylight,ALASKAN E RDWY WAY BETWEEN COLUMBIA ST AND MARION ST,0,1,Y,2,3705404,Dry,18,"MOTOR VEHICLE STRUCK PEDALCYCLIST, FRONT END AT ANGLE",,8745,0,2,Injury Collision,,45,Bicycle,Matched,N,1,Clear or Partly Cloudy,0,"(47.602859616000046, -122.33708628)",0,0,N,14-93545
124872,166588,166608,Block,Cycles,166, ,,0,,04/21/2014 12:00:00 AM +0000,4/21/2014 4:32:00 PM,1,,Driveway Junction,Daylight,LAKE CITY WAY NE BETWEEN NE 89TH ST AND NE 90TH ST,0,1,Y,2,3587558,Dry,18,"MOTOR VEHICLE STRUCK PEDALCYCLIST, FRONT END AT ANGLE",,11154,0,2,Injury Collision,,45,Bicycle,Matched,N,1,Overcast,0,"(47.69347500900005, -122.30547684299995)",0,0,N,14-122246
125013,166140,166160,Intersection,Cycles,0, ,,0,,04/12/2014 12:00:00 AM +0000,4/12/2014 7:38:00 AM,1,24506,At Intersection (intersection related),Daylight,15TH AVE NE AND NE 65TH ST,0,1,,2,3587310,Dry,18,"MOTOR VEHICLE STRUCK PEDALCYCLIST, FRONT END AT ANGLE",,2048,0,2,Injury Collision,,45,Bicycle,Matched,N,1,Clear or Partly Cloudy,0,"(47.67578344000003, -122.31192972199995)",29283,0,N,14-111677
125038,166770,166790,Block,Cycles,161.5, ,,0,,04/22/2014 12:00:00 AM +0000,4/22/2014 5:24:00 PM,0,,Mid-Block (but intersection related),Daylight,VALLEY ST BETWEEN TAYLOR AVE N AND 6TH AVE N,0,1,,2,3641130,Dry,11,"MOTOR VEHICLE STRUCK MOTOR VEHICLE, FRONT END AT ANGLE",,13261,0,1,Property Damage Only Collision,,45,Bicycle,Matched,N,1,Overcast,0,"(47.62627430100008, -122.34559826099996)",30835,0,N,2014-123429
125079,167977,167997,Intersection,Cycles,0, ,,0,Y,05/17/2014 12:00:00 AM +0000,5/17/2014 3:07:00 PM,2,35826,At Intersection (intersection related),Daylight,LINDEN AVE N AND N 130TH ST,0,1,Y,2,3576561,Dry,18,"MOTOR VEHICLE STRUCK PEDALCYCLIST, FRONT END AT ANGLE",,11453,0,2,Injury Collision,,45,Bicycle,Matched,N,1,Clear or Partly Cloudy,0,"(47.72321837800007, -122.34819529899994)",7600,0,N,14-154119
125126,166142,166162,Intersection,Cycles,0, ,,0,,04/02/2014 12:00:00 AM +0000,4/2/2014 10:08:00 AM,1,27100,At Intersection (intersection related),Daylight,ROOSEVELT WAY NE AND NE 41ST ST,0,1,Y,3,3587468,Dry,18,"MOTOR VEHICLE STRUCK PEDALCYCLIST, FRONT END AT ANGLE",,12594,0,2,Injury Collision,,45,Bicycle,Matched,N,1,Overcast,0,"(47.65688930500005, -122.31781902899996)",8967,0,N,2014-99890
125133,169189,169209,Block,Cycles,321, ,,0,,06/04/2014 12:00:00 AM +0000,6/4/2014 11:41:00 AM,1,,Driveway Junction,Daylight,2ND AVE S BETWEEN S HUDSON ST AND S DAWSON ST,0,1,Y,2,3581352,Dry,18,"MOTOR VEHICLE STRUCK PEDALCYCLIST, FRONT END AT ANGLE",,2877,0,2,Injury Collision,,45,Bicycle,Matched,N,1,Clear or Partly Cloudy,0,"(47.556532857000036, -122.33236426799999)",0,0,N,2014-176457
125148,167146,167166,Intersection,Cycles,0, ,,0,,05/05/2014 12:00:00 AM +0000,5/5/2014 9:35:00 PM,0,29657,At Intersection (intersection related),Dark - Street Lights On,BROAD ST AND DENNY WAY,0,1,,2,3581992,Dry,00,NOT ENOUGH INFORMATION / NOT APPLICABLE,,9416,0,1,Property Damage Only Collision,,45,Bicycle,Matched,N,1,Clear or Partly Cloudy,0,"(47.618581919000064, -122.35035531499994)",0,522701,N,2014-139064
125150,167144,167164,Intersection,Cycles,0, ,,0,Y,05/06/2014 12:00:00 AM +0000,5/6/2014 5:42:00 PM,1,34317,At Intersection (intersection related),Daylight,BEACON WR AVE S AND MILITARY RD S,0,1,,2,3580927,Dry,51,PEDALCYCLIST STRUCK MOTOR VEHICLE FRONT END AT ANGLE,,9152,0,2,Injury Collision,,45,Bicycle,Matched,N,1,Clear or Partly Cloudy,0,"(47.54042771200005, -122.29842577999995)",12059,0,N,14-140126
125185,168631,168651,Intersection,Cycles,0, ,,0,Y,05/31/2014 12:00:00 AM +0000,5/31/2014 5:56:00 PM,1,25785,At Intersection (intersection related),Daylight,5TH AVE NE AND NE 50TH ST,0,1,,2,3613569,Dry,51,PEDALCYCLIST STRUCK MOTOR VEHICLE FRONT END AT ANGLE,,7290,0,2,Injury Collision,,45,Bicycle,Matched,N,1,Clear or Partly Cloudy,0,"(47.66497536500003, -122.32286255999998)",21506,0,N,14-17604
125211,168640,168660,Intersection,Cycles,0, ,,0,,05/30/2014 12:00:00 AM +0000,5/30/2014 2:27:00 PM,1,29863,At Intersection (intersection related),Daylight,MELROSE AVE AND PINE ST,0,1,,2,3701853,Dry,51,PEDALCYCLIST STRUCK MOTOR VEHICLE FRONT END AT ANGLE,,11745,0,2,Injury Collision,,45,Bicycle,Matched,N,1,Clear or Partly Cloudy,0,"(47.615238420000026, -122.32790375499997)",10336,0,N,14-170018
125225,165991,166011,Block,Cycles,237.5, ,,0,Y,04/16/2014 12:00:00 AM +0000,4/16/2014 3:38:00 PM,1,,Driveway Junction,Daylight,EASTLAKE AVE E BETWEEN E ROANOKE ST AND E EDGAR ST,0,1,,2,3567639,Wet,51,PEDALCYCLIST STRUCK MOTOR VEHICLE FRONT END AT ANGLE,,10179,0,2,Injury Collision,,45,Bicycle,Matched,N,1,Raining,0,"(47.64384056200004, -122.32588475799997)",0,0,N,14-116583
125247,165792,165812,Block,Cycles,130, ,,0,Y,03/31/2014 12:00:00 AM +0000,3/31/2014 1:06:00 PM,1,,Ramp Junction,Daylight,STONE WAY N BETWEEN N 44TH ST AND N ALLEN PL,0,1,,2,3597123,Dry,51,PEDALCYCLIST STRUCK MOTOR VEHICLE FRONT END AT ANGLE,,12967,0,2,Injury Collision,,45,Bicycle,Matched,N,1,Clear or Partly Cloudy,0,"(47.660314449000055, -122.34219936299996)",6370,0,N,14-97570
125275,166804,166824,Block,Cycles,160.5, ,,0,,04/11/2014 12:00:00 AM +0000,4/11/2014 2:55:00 PM,1,,Mid-Block (not related to intersection),Daylight,S JACKSON ST BETWEEN 2ND AVE S AND 3RD AVE S,0,1,,1,3641332,Dry,69,PEDALCYCLIST OVERTURNED IN ROAD,,20484,0,2,Injury Collision,,45,Bicycle,Matched,N,0,Clear or Partly Cloudy,0,"(47.59919974400003, -122.33092876799998)",0,0,N,14-110833
125286,167577,167597,Intersection,Cycles,0, ,,0,,05/13/2014 12:00:00 AM +0000,5/13/2014 8:01:00 AM,1,29603,At Intersection (intersection related),Daylight,2ND AVE AND UNIVERSITY ST,0,1,Y,2,3549702,Dry,18,"MOTOR VEHICLE STRUCK PEDALCYCLIST, FRONT END AT ANGLE",,2756,0,2,Injury Collision,,45,Bicycle,Matched,N,1,Clear or Partly Cloudy,0,"(47.60729905800008, -122.33708679799997)",12162,0,N,2014-148185
125311,166158,166178,Intersection,Cycles,0, ,,0,Y,03/28/2014 12:00:00 AM +0000,3/28/2014 7:30:00 AM,1,29536,At Intersection (intersection related),Daylight,7TH AVE AND LENORA ST,0,1,,2,3641264,Wet,51,PEDALCYCLIST STRUCK MOTOR VEHICLE FRONT END AT ANGLE,,8164,0,2,Injury Collision,,45,Bicycle,Matched,N,1,Raining,0,"(47.61582545500005, -122.33875323399997)",13747,0,N,2014-94048
125337,167999,168019,Block,Cycles,256.5, ,,0,,05/06/2014 12:00:00 AM +0000,5/6/2014 7:07:00 PM,1,,Driveway Junction,Daylight,NW 54TH ST BETWEEN NW MARKET ST AND 30TH WR AVE NW,0,1,,3,3702952,Dry,18,"MOTOR VEHICLE STRUCK PEDALCYCLIST, FRONT END AT ANGLE",,18440,0,2,Injury Collision,,45,Bicycle,Matched,N,1,Clear or Partly Cloudy,0,"(47.66827122900003, -122.39537296699996)",25972,0,N,14-140215
125349,168642,168662,Intersection,Cycles,0, ,,0,Y,06/02/2014 12:00:00 AM +0000,6/2/2014 1:36:00 PM,1,30426,At Intersection (intersection related),Daylight,10TH AVE S AND S JACKSON ST,0,1,,2,3701856,Dry,18,"MOTOR VEHICLE STRUCK PEDALCYCLIST, FRONT END AT ANGLE",,1324,0,2,Injury Collision,,45,Bicycle,Matched,N,1,Clear or Partly Cloudy,0,"(47.59918404800004, -122.31963858299997)",24474,0,N,2014-173959
125365,166160,166180,Intersection,Cycles,0, ,,0,,04/03/2014 12:00:00 AM +0000,4/3/2014 8:12:00 AM,0,30542,At Intersection (intersection related),Daylight,6TH AVE S AND S DEARBORN ST,0,1,,3,3641279,Dry,18,"MOTOR VEHICLE STRUCK PEDALCYCLIST, FRONT END AT ANGLE",,7987,0,1,Property Damage Only Collision,,45,Bicycle,Matched,N,1,Clear or Partly Cloudy,0,"(47.59583727300003, -122.32637379799996)",5806,0,N,2014-100996
125392,169038,169058,Block,Cycles,213, ,,0,,05/22/2014 12:00:00 AM +0000,5/22/2014 12:55:00 PM,1,,Mid-Block (not related to intersection),Daylight,1ST AVE BETWEEN BELL ST AND BATTERY ST,1,1,,2,3704931,Dry,64,PEDALCYCLIST STRUCK PEDESTRIAN,,1015,0,2,Injury Collision,,45,Bicycle,Matched,N,0,Clear or Partly Cloudy,0,"(47.61375831000004, -122.34716210299996)",0,0,N,14-160131
125481,166013,166033,Intersection,Cycles,0, ,,0,,04/04/2014 12:00:00 AM +0000,4/4/2014 9:09:00 PM,1,29575,At Intersection (intersection related),Dark - Street Lights On,6TH AVE AND DENNY WAY,0,1,,5,3581843,Wet,18,"MOTOR VEHICLE STRUCK PEDALCYCLIST, FRONT END AT ANGLE",,7895,0,2,Injury Collision,,45,Bicycle,Matched,N,1,Raining,0,"(47.618560546000026, -122.34500581799995)",23463,0,N,14-103057
125547,166630,166650,Block,Cycles,137.5, ,,0,Y,04/27/2014 12:00:00 AM +0000,4/27/2014 12:10:00 PM,1,,Mid-Block (not related to intersection),Unknown,EAST GREEN LAKE WAY N BETWEEN SUNNYSIDE AVE N AND 1ST AVE NE,0,1,Y,3,3572921,Unknown,18,"MOTOR VEHICLE STRUCK PEDALCYCLIST, FRONT END AT ANGLE",,14080,0,2,Injury Collision,,45,Bicycle,Matched,N,1,Unknown,0,"(47.67833493400008, -122.32883586599996)",7398,0,N,14-128842
125571,168021,168035,Intersection,Cycles,0, ,,0,Y,05/15/2014 12:00:00 AM +0000,5/15/2014 6:09:00 AM,1,34147,At Intersection (intersection related),Dawn,16TH AVE SW AND SW HOLDEN ST,0,1,,2,3582918,Dry,51,PEDALCYCLIST STRUCK MOTOR VEHICLE FRONT END AT ANGLE,,2340,0,2,Injury Collision,,45,Bicycle,Matched,N,1,Clear or Partly Cloudy,0,"(47.533680428000025, -122.35503244799997)",1793,0,N,14-150836
125630,168758,168778,Block,Cycles,42, ,,0,,05/08/2014 12:00:00 AM +0000,5/8/2014 6:46:00 PM,1,,Mid-Block (not related to intersection),Daylight,3RD AVE W BETWEEN W EWING S ST AND SHIP CANAL TRL,0,1,,2,3705184,Wet,51,PEDALCYCLIST STRUCK MOTOR VEHICLE FRONT END AT ANGLE,,4571,1,2b,Serious Injury Collision,,45,Bicycle,Matched,N,1,Clear or Partly Cloudy,0,"(47.651679812000054, -122.36087040999996)",0,617898,N,14-142774
125660,166179,166199,Intersection,Cycles,0, ,,0,,04/04/2014 12:00:00 AM +0000,4/4/2014 9:29:00 PM,1,29698,At Intersection (intersection related),Dark - No Street Lights,WALL ST AND WESTERN AVE,0,1,,4,3641306,Dry,11,"MOTOR VEHICLE STRUCK MOTOR VEHICLE, FRONT END AT ANGLE",,13354,0,2,Injury Collision,,45,Bicycle,Matched,N,1,Clear or Partly Cloudy,0,"(47.61403121800004, -122.34960608399996)",37190,0,N,2014-103071
125663,167215,167235,Block,Cycles,530, ,,0,Y,05/02/2014 12:00:00 AM +0000,5/2/2014 10:37:00 PM,1,,Mid-Block (not related to intersection),Dark - Street Lights Off,1ST AVE S BETWEEN 1ST AV S VI AND S HUDSON ST,0,1,,2,3504168,Wet,21,"MOTOR VEHICLE STRUCK PEDALCYCLIST, REAR END",,1216,0,2,Injury Collision,,45,Bicycle,Matched,N,1,Raining,0,"(47.55886679900004, -122.33421306599996)",1350,0,N,2014-135886