OBJECTID,INCKEY,COLDETKEY,ADDRTYPE,COLLISIONTYPE,DISTANCE,EXCEPTRSNCODE,EXCEPTRSNDESC,FATALITIES,INATTENTIONIND,INCDATE,INCDTTM,INJURIES,INTKEY,JUNCTIONTYPE,LIGHTCOND,LOCATION,PEDCOUNT,PEDCYLCOUNT,PEDROWNOTGRNT,PERSONCOUNT,REPORTNO,ROADCOND,SDOT_COLCODE,SDOT_COLDESC,SDOTCOLNUM,SEGKEY,SERIOUSINJURIES,SEVERITYCODE,SEVERITYDESC,SPEEDING,ST_COLCODE,ST_COLDESC,STATUS,UNDERINFL,VEHCOUNT,WEATHER,WIDTH,Shape,SEGLANEKEY,CROSSWALKKEY,HITPARKEDCAR,SPDCASENO
125690,165832,165846,Block,Cycles,243, ,,0,,04/11/2014 12:00:00 AM +0000,4/11/2014 7:22:00 AM,1,,Mid-Block (not related to intersection),Daylight,WALLINGFORD AVE N BETWEEN N 39TH ST AND N 40TH ST,0,1,,2,3572494,Dry,18,"MOTOR VEHICLE STRUCK PEDALCYCLIST, FRONT END AT ANGLE",,13367,1,2b,Serious Injury Collision,,45,Bicycle,Matched,N,1,Clear or Partly Cloudy,0,"(47.65498100700006, -122.33626629899999)",6189,0,N,14-110359
125696,168452,168472,Block,Cycles,93.5, ,,0,Y,05/22/2014 12:00:00 AM +0000,5/22/2014 5:15:00 PM,1,,Mid-Block (not related to intersection),Daylight,BALLARD AVE NW BETWEEN NW IONE PL AND 20TH AVE NW,0,1,,2,3552825,Dry,11,"MOTOR VEHICLE STRUCK MOTOR VEHICLE, FRONT END AT ANGLE",,9043,0,2,Injury Collision,,45,Bicycle,Matched,N,1,Clear or Partly Cloudy,0,"(47.66530412000003, -122.38189667699999)",26305,0,N,2014-160487
125701,168048,168068,Intersection,Cycles,0, ,,0,,05/15/2014 12:00:00 AM +0000,5/15/2014 12:21:00 PM,1,29966,At Intersection (intersection related),Daylight,4TH AVE AND COLUMBIA ST,1,1,Y,2,3588880,Dry,64,PEDALCYCLIST STRUCK PEDESTRIAN,,6124,0,2,Injury Collision,,45,Bicycle,Matched,N,0,Clear or Partly Cloudy,0,"(47.60466155800003, -122.33160430899994)",12651,521848,N,14-151220
125717,168448,168468,Block,Cycles,330.5, ,,0,Y,05/22/2014 12:00:00 AM +0000,5/22/2014 8:55:00 AM,1,,Mid-Block (not related to intersection),Daylight,25TH AVE NE BETWEEN NE 125TH ST AND NE 126TH ST,0,1,,1,3504294,Dry,66,PEDALCYCLIST STRUCK OBJECT IN ROAD,,3746,0,2,Injury Collision,Y,45,Bicycle,Matched,N,0,Clear or Partly Cloudy,0,"(47.72022111000007, -122.30186929099995)",0,0,N,2014-159897
125823,166429,166449,Intersection,Cycles,0, ,,0,Y,04/18/2014 12:00:00 AM +0000,4/18/2014 8:10:00 PM,1,29177,At Intersection (intersection related),Dusk,E HOWELL ST AND E OLIVE WAY,0,1,,2,3701535,Dry,18,"MOTOR VEHICLE STRUCK PEDALCYCLIST, FRONT END AT ANGLE",,14170,0,2,Injury Collision,,45,Bicycle,Matched,N,1,Clear or Partly Cloudy,0,"(47.61773646800003, -122.32625385499995)",0,0,N,2014-119228
125830,166192,166212,Intersection,Cycles,0, ,,0,,04/08/2014 12:00:00 AM +0000,4/8/2014 7:52:00 PM,1,29878,At Intersection (intersection related),Dark - Street Lights On,BOREN AVE AND PIKE ST,0,1,,3,3643982,Wet,18,"MOTOR VEHICLE STRUCK PEDALCYCLIST, FRONT END AT ANGLE",,9319,0,2,Injury Collision,,45,Bicycle,Matched,N,1,Overcast,0,"(47.613465820000044, -122.32891310199994)",31090,0,N,2014-107596
125847,168462,168482,Block,Cycles,142.5, ,,0,,05/29/2014 12:00:00 AM +0000,5/29/2014 2:15:00 PM,1,,Driveway Junction,Daylight,NE 42ND ST BETWEEN BROOKLYN AVE NE AND UNIVERSITY WAY NE,0,1,,3,3591672,Dry,18,"MOTOR VEHICLE STRUCK PEDALCYCLIST, FRONT END AT ANGLE",,16791,0,2,Injury Collision,,45,Bicycle,Matched,N,2,Clear or Partly Cloudy,0,"(47.658321769000054, -122.31378726199995)",0,0,N,14-168782
125922,166196,166216,Intersection,Cycles,0, ,,0,Y,04/09/2014 12:00:00 AM +0000,4/9/2014 2:07:00 PM,1,29739,At Intersection (intersection related),Daylight,11TH AVE AND E PINE ST,0,1,Y,2,3673052,Dry,18,"MOTOR VEHICLE STRUCK PEDALCYCLIST, FRONT END AT ANGLE",,1383,0,2,Injury Collision,,45,Bicycle,Matched,N,1,Clear or Partly Cloudy,0,"(47.615254391000065, -122.318159434)",10420,0,N,14-108321
125962,167631,167651,Intersection,Cycles,0, ,,0,,05/12/2014 12:00:00 AM +0000,5/12/2014 6:11:00 PM,1,29515,At Intersection (intersection related),Unknown,DENNY WAY AND DEXTER AVE,0,1,,3,3585023,Dry,51,PEDALCYCLIST STRUCK MOTOR VEHICLE FRONT END AT ANGLE,,10011,0,2,Injury Collision,,45,Bicycle,Matched,N,1,Clear or Partly Cloudy,0,"(47.618550165000045, -122.34240185299996)",13736,0,N,2014-147403
125988,169558,169578,Intersection,Cycles,0, ,,0,,06/05/2014 12:00:00 AM +0000,6/5/2014 5:07:00 PM,1,34786,At Intersection (intersection related),Daylight,FAUNTLEROY WAY SW AND SW CLOVERDALE ST,0,1,Y,2,3644829,Dry,18,"MOTOR VEHICLE STRUCK PEDALCYCLIST, FRONT END AT ANGLE",,10419,0,2,Injury Collision,,45,Bicycle,Matched,N,1,Clear or Partly Cloudy,0,"(47.52678336500003, -122.39275578799999)",3021,0,N,2014-178139
126017,168252,168272,Intersection,Cycles,0, ,,0,,05/26/2014 12:00:00 AM +0000,5/26/2014 10:20:00 AM,0,36419,At Intersection (intersection related),Daylight,GREENWOOD AVE N AND HOLMAN RD N,0,1,,2,3582772,Dry,18,"MOTOR VEHICLE STRUCK PEDALCYCLIST, FRONT END AT ANGLE",,10765,0,1,Property Damage Only Collision,,45,Bicycle,Matched,Y,1,Overcast,0,"(47.70508354100008, -122.35545274599997)",18854,0,N,2014-164800
126035,165862,165882,Intersection,Cycles,0, ,,0,,04/09/2014 12:00:00 AM +0000,4/9/2014 6:15:00 PM,1,28724,At Intersection (intersection related),Daylight,DEXTER AVE N AND HIGHLAND DR,0,1,,3,3505815,Dry,18,"MOTOR VEHICLE STRUCK PEDALCYCLIST, FRONT END AT ANGLE",,10081,0,2,Injury Collision,,45,Bicycle,Matched,N,1,Clear or Partly Cloudy,0,"(47.62971974100003, -122.34230363299997)",12797,0,N,2014-108637
126054,166949,166969,Block,Cycles,121.5, ,,0,,04/21/2014 12:00:00 AM +0000,4/21/2014 5:52:00 PM,1,,Mid-Block (not related to intersection),Daylight,NW 45TH ST BETWEEN 8TH AVE NW AND LEARY WAY NW,0,1,,2,3591189,Dry,21,"MOTOR VEHICLE STRUCK PEDALCYCLIST, REAR END",,18334,0,2,Injury Collision,,45,Bicycle,Matched,N,1,Clear or Partly Cloudy,0,"(47.66146315200007, -122.36666425599998)",0,0,N,14-122349
126069,166678,166698,Block,Cycles,66.5, ,,0,Y,04/25/2014 12:00:00 AM +0000,4/25/2014 6:00:00 PM,1,,Mid-Block (not related to intersection),Daylight,8TH AVE NW BETWEEN NW 62ND S ST AND NW 62ND N ST,0,1,,2,3282644,Dry,18,"MOTOR VEHICLE STRUCK PEDALCYCLIST, FRONT END AT ANGLE",,8391,0,2,Injury Collision,,45,Bicycle,Matched,N,1,Clear or Partly Cloudy,0,"(47.67398833000004, -122.36610321199998)",2460,0,N,14-126917
126098,168263,168283,Intersection,Cycles,0, ,,0,,05/22/2014 12:00:00 AM +0000,5/22/2014 9:17:00 PM,1,32204,At Intersection (intersection related),Dark - Street Lights On,11TH CR AVE SW AND SW SPOKANE ST,0,1,,2,3582925,Dry,18,"MOTOR VEHICLE STRUCK PEDALCYCLIST, FRONT END AT ANGLE",,1509,1,2b,Serious Injury Collision,,45,Bicycle,Matched,N,1,Overcast,0,"(47.571413018000044, -122.34880038699998)",39178,0,N,2014-160778
126117,168913,168933,Intersection,Cycles,0, ,,0,,04/30/2014 12:00:00 AM +0000,4/30/2014 9:09:00 AM,1,287070,At Intersection (intersection related),Daylight,3RD AVE W AND SHIP CANAL TRL,0,1,,2,3705302,Dry,18,"MOTOR VEHICLE STRUCK PEDALCYCLIST, FRONT END AT ANGLE",,287076,0,2,Injury Collision,,45,Bicycle,Matched,N,1,Clear or Partly Cloudy,0,"(47.65173653000005, -122.36086912799999)",0,617898,N,14-132170
126177,166687,166707,Block,Cycles,354.5, ,,0,Y,04/25/2014 12:00:00 AM +0000,4/25/2014 8:35:00 AM,1,,Mid-Block (but intersection related),Daylight,DENNY WAY BETWEEN STEWART ST AND MELROSE AVE,0,1,,3,3583705,Dry,54,PEDALCYCLIST STRUCK MOTOR VEHICLE REAR END,,10023,0,2,Injury Collision,,45,Bicycle,Matched,N,1,Clear or Partly Cloudy,0,"(47.61844935400006, -122.32929210599997)",23551,0,N,14-126256
126208,168268,168288,Intersection,Cycles,0, ,,0,,05/26/2014 12:00:00 AM +0000,5/26/2014 2:20:00 PM,0,29872,At Intersection (intersection related),Daylight,BOREN AVE AND PINE ST,0,1,,2,3585085,Dry,21,"MOTOR VEHICLE STRUCK PEDALCYCLIST, REAR END",,9320,0,1,Property Damage Only Collision,,45,Bicycle,Matched,N,1,Clear or Partly Cloudy,0,"(47.61445724200007, -122.32982243299995)",10321,0,N,2014-165039
126213,168266,168286,Intersection,Cycles,0, ,,0,,05/27/2014 12:00:00 AM +0000,5/27/2014 8:50:00 AM,1,28762,At Intersection (intersection related),Daylight,BOREN AVE N AND MERCER SR ST,0,1,,2,3584030,Dry,18,"MOTOR VEHICLE STRUCK PEDALCYCLIST, FRONT END AT ANGLE",,11775,0,2,Injury Collision,,45,Bicycle,Matched,N,1,Clear or Partly Cloudy,0,"(47.62454274700008, -122.33582712499998)",0,0,N,14-165904
126231,167266,167286,Intersection,Cycles,0, ,,0,,05/05/2014 12:00:00 AM +0000,5/5/2014 6:08:00 PM,1,24097,At Intersection (intersection related),Daylight,7TH AVE NW AND NW 70TH ST,0,1,Y,2,3582218,Dry,18,"MOTOR VEHICLE STRUCK PEDALCYCLIST, FRONT END AT ANGLE",,8193,0,2,Injury Collision,,45,Bicycle,Matched,N,1,Clear or Partly Cloudy,0,"(47.679553895000026, -122.36451286099998)",0,0,N,14-138876
126238,168076,168096,Intersection,Cycles,0, ,,0,,04/27/2014 12:00:00 AM +0000,4/27/2014 1:18:00 AM,1,29165,At Intersection (intersection related),Dark - Street Lights On,MELROSE AVE AND E DENNY WAY,0,1,Y,3,3701658,Wet,18,"MOTOR VEHICLE STRUCK PEDALCYCLIST, FRONT END AT ANGLE",,11758,0,2,Injury Collision,,45,Bicycle,Matched,Y,1,Clear or Partly Cloudy,0,"(47.61849674100006, -122.32785352399998)",23555,0,N,14-128475
126256,168486,168506,Block,Cycles,129, ,,0,,05/26/2014 12:00:00 AM +0000,5/26/2014 8:40:00 PM,1,,Mid-Block (not related to intersection),Dusk,ALKI AVE SW BETWEEN 58TH AVE SW AND MARINE AVE SW,0,1,,2,3570926,Dry,18,"MOTOR VEHICLE STRUCK PEDALCYCLIST, FRONT END AT ANGLE",,8794,0,2,Injury Collision,,45,Bicycle,Matched,N,1,Clear or Partly Cloudy,0,"(47.580671239000026, -122.40659696499995)",3629,0,N,4
126257,168485,168505,Block,Cycles,265, ,,0,Y,05/27/2014 12:00:00 AM +0000,5/27/2014 5:54:00 PM,0,,Driveway Junction,Daylight,SW ANDOVER ST BETWEEN DELRIDGE WAY SW AND 26TH AVE SW,0,1,,4,3570885,Dry,18,"MOTOR VEHICLE STRUCK PEDALCYCLIST, FRONT END AT ANGLE",,21754,0,1,Property Damage Only Collision,,45,Bicycle,Matched,N,1,Clear or Partly Cloudy,0,"(47.56834594600008, -122.36435375099995)",0,0,N,14-166524
126267,168488,168508,Block,Cycles,215, ,,0,,05/26/2014 12:00:00 AM +0000,5/26/2014 4:07:00 PM,1,,Mid-Block (not related to intersection),Daylight,BEACH DR SW BETWEEN 61ST AVE SW AND SW CHARLESTOWN ST,0,1,,3,3571080,Dry,18,"MOTOR VEHICLE STRUCK PEDALCYCLIST, FRONT END AT ANGLE",,9093,0,2,Injury Collision,,45,Bicycle,Matched,N,2,Clear or Partly Cloudy,0,"(47.57069104400006, -122.41043936299997)",3999,0,N,2014-165145
126319,167017,167037,Block,Cycles,139, ,,0,Y,04/18/2014 12:00:00 AM +0000,4/18/2014 5:12:00 PM,1,,Driveway Junction,Daylight,HARVARD AVE BETWEEN BROADWAY AND SPRING ST,0,1,,2,3701396,Dry,18,"MOTOR VEHICLE STRUCK PEDALCYCLIST, FRONT END AT ANGLE",,10774,0,2,Injury Collision,,45,Bicycle,Matched,N,1,Clear or Partly Cloudy,0,"(47.61158282700006, -122.32105473599995)",0,0,N,14-119035
126320,166997,167017,Block,Cycles,237.5, ,,0,Y,04/07/2014 12:00:00 AM +0000,4/7/2014 5:18:00 PM,1,,Mid-Block (not related to intersection),Daylight,BOYER AVE E BETWEEN E HAMLIN ST AND FUHRMAN AVE E,0,1,,3,3701501,Dry,56,PEDALCYCLIST STRUCK MOTOR VEHICLE LEFT SIDE SIDESWIPE,,9366,0,2,Injury Collision,,45,Bicycle,Matched,N,1,Clear or Partly Cloudy,0,"(47.64626477100006, -122.31707234699996)",6002,0,N,14-106168
126335,166702,166722,Block,Cycles,325, ,,0,,04/29/2014 12:00:00 AM +0000,4/29/2014 10:38:00 AM,0,,Mid-Block (but intersection related),Daylight,PALATINE AVE N BETWEEN N 65TH ST AND N 67TH ST,0,1,,2,3582217,Dry,18,"MOTOR VEHICLE STRUCK PEDALCYCLIST, FRONT END AT ANGLE",,12083,0,1,Property Damage Only Collision,,45,Bicycle,Matched,N,1,Clear or Partly Cloudy,0,"(47.67688978700005, -122.35642063799997)",0,0,N,14-130982
126361,167273,167293,Intersection,Cycles,0, ,,0,,05/01/2014 12:00:00 AM +0000,5/1/2014 5:28:00 PM,1,30758,At Intersection (intersection related),Daylight,20TH PL S AND S JACKSON ST,0,1,Y,4,3585614,Dry,51,PEDALCYCLIST STRUCK MOTOR VEHICLE FRONT END AT ANGLE,,3093,1,2b,Serious Injury Collision,,45,Bicycle,Matched,N,1,Clear or Partly Cloudy,0,"(47.599264825000034, -122.30459823799998)",11066,0,N,14-134141
126362,167272,167292,Intersection,Cycles,0, ,,0,,05/08/2014 12:00:00 AM +0000,5/8/2014 5:00:00 PM,1,29528,At Intersection (intersection related),Daylight,LENORA ST AND WESTLAKE AVE,0,1,,2,3585084,Wet,51,PEDALCYCLIST STRUCK MOTOR VEHICLE FRONT END AT ANGLE,,8285,0,2,Injury Collision,,45,Bicycle,Matched,N,1,Raining,0,"(47.61649020500005, -122.33789362899995)",37186,0,N,2014-142679
126395,168279,168299,Intersection,Cycles,0, ,,0,,05/24/2014 12:00:00 AM +0000,5/24/2014 7:00:00 AM,1,29748,At Intersection (intersection related),Daylight,12TH AVE AND E PIKE ST,0,1,,3,3672691,Dry,18,"MOTOR VEHICLE STRUCK PEDALCYCLIST, FRONT END AT ANGLE",,1546,1,2b,Serious Injury Collision,,45,Bicycle,Matched,N,1,Overcast,0,"(47.61410376900005, -122.31683584899997)",31283,0,N,14-162496
126448,170580,170600,Block,Cycles,338.5, ,,0,Y,06/25/2014 12:00:00 AM +0000,6/25/2014 5:01:00 PM,1,,Driveway Junction,Daylight,15TH AVE NW BETWEEN NW 73RD ST AND NW 75TH ST,0,1,,3,3587657,Dry,18,"MOTOR VEHICLE STRUCK PEDALCYCLIST, FRONT END AT ANGLE",,2115,0,2,Injury Collision,,45,Bicycle,Matched,N,1,Clear or Partly Cloudy,0,"(47.682308412000054, -122.37677695899998)",18388,0,N,14-204076
126463,170362,170382,Intersection,Cycles,0, ,,0,,06/12/2014 12:00:00 AM +0000,6/12/2014 1:16:00 PM,1,29533,At Intersection (intersection related),Daylight,4TH AVE AND BELL ST,0,1,,2,3583788,Dry,18,"MOTOR VEHICLE STRUCK PEDALCYCLIST, FRONT END AT ANGLE",,6140,0,2,Injury Collision,,45,Bicycle,Matched,N,1,Clear or Partly Cloudy,0,"(47.61536891700007, -122.34393441299994)",14229,0,N,14-187022
126472,170181,170201,Block,Cycles,324, ,,0,,06/17/2014 12:00:00 AM +0000,6/17/2014 5:23:00 AM,1,,Mid-Block (not related to intersection),Dawn,ALASKAN WAY S BETWEEN YESLER WAY AND S MAIN ST,0,1,,2,3549703,Wet,51,PEDALCYCLIST STRUCK MOTOR VEHICLE FRONT END AT ANGLE,,8735,0,2,Injury Collision,,45,Bicycle,Matched,N,1,Overcast,0,"(47.60093100200004, -122.33599368499995)",0,0,N,2014-192808
126475,171779,171799,Intersection,Cycles,0, ,,0,,07/10/2014 12:00:00 AM +0000,7/10/2014 3:19:00 PM,1,27111,At Intersection (intersection related),Daylight,EASTLAKE AVE NE AND ROOSEVELT WAY NE,0,1,Y,2,3706729,Dry,18,"MOTOR VEHICLE STRUCK PEDALCYCLIST, FRONT END AT ANGLE",,10186,0,2,Injury Collision,,45,Bicycle,Matched,N,1,Clear or Partly Cloudy,0,"(47.65601781700008, -122.31784158899995)",11675,0,N,2014-224477
126478,171776,171796,Intersection,Cycles,0, ,,0,,07/12/2014 12:00:00 AM +0000,7/12/2014 7:20:00 PM,1,35902,At Intersection (intersection related),Daylight,ROOSEVELT WAY NE AND NE 125TH N ST,0,1,,2,3706730,Dry,51,PEDALCYCLIST STRUCK MOTOR VEHICLE FRONT END AT ANGLE,,1305,0,2,Injury Collision,,45,Bicycle,Matched,N,1,Clear or Partly Cloudy,0,"(47.71974505000003, -122.31813230799997)",0,520783,N,14-227598
126490,171449,171469,Block,Cycles,298, ,,0,Y,07/05/2014 12:00:00 AM +0000,7/5/2014 7:00:00 PM,1,,Mid-Block (not related to intersection),Daylight,26TH AVE BETWEEN E FIR ST AND E ALDER ST,0,1,,2,3706577,Dry,54,PEDALCYCLIST STRUCK MOTOR VEHICLE REAR END,,3829,0,2,Injury Collision,,45,Bicycle,Matched,N,1,Overcast,0,"(47.60347707600005, -122.29890750399994)",0,0,N,2014-217919
126575,173129,173149,Intersection,Cycles,0, ,,0,Y,08/02/2014 12:00:00 AM +0000,8/2/2014 10:34:00 AM,1,23895,At Intersection (intersection related),Daylight,15TH AVE NW AND NW 75TH ST,0,1,,2,3582741,Dry,11,"MOTOR VEHICLE STRUCK MOTOR VEHICLE, FRONT END AT ANGLE",,2116,0,2,Injury Collision,,45,Bicycle,Matched,N,1,Clear or Partly Cloudy,0,"(47.68323791900008, -122.37678003499997)",0,0,N,2014-253969
126576,170186,170206,Block,Cycles,161, ,,0,,06/16/2014 12:00:00 AM +0000,6/16/2014 11:24:00 AM,1,,Mid-Block (not related to intersection),Daylight,S JACKSON ST BETWEEN MAYNARD AVE S AND 7TH AVE S,0,1,,1,3583855,Wet,69,PEDALCYCLIST OVERTURNED IN ROAD,,20490,1,2b,Serious Injury Collision,,45,Bicycle,Matched,N,0,Overcast,0,"(47.59918968200003, -122.32440465099995)",244715,0,N,14-191799
126577,173128,173148,Intersection,Cycles,0, ,,0,,08/01/2014 12:00:00 AM +0000,8/1/2014 9:14:00 PM,1,29865,At Intersection (intersection related),Dark - Street Lights On,BOREN AVE AND OLIVE WAY,0,1,,2,3581849,Dry,18,"MOTOR VEHICLE STRUCK PEDALCYCLIST, FRONT END AT ANGLE",,9321,0,2,Injury Collision,,45,Bicycle,Matched,N,1,Clear or Partly Cloudy,0,"(47.615449718000036, -122.33072969599999)",24933,0,N,14-253312
126606,170372,170392,Intersection,Cycles,0, ,,0,Y,06/13/2014 12:00:00 AM +0000,6/13/2014 8:31:00 AM,1,28661,At Intersection (intersection related),Daylight,JOHN ST AND QUEEN ANNE AVE N,0,1,,3,3583792,Wet,51,PEDALCYCLIST STRUCK MOTOR VEHICLE FRONT END AT ANGLE,,11068,0,2,Injury Collision,,45,Bicycle,Matched,N,1,Raining,0,"(47.619773260000045, -122.35674674399996)",0,0,N,2014-187964
126618,172038,172058,Block,Cycles,129, ,,0,,07/14/2014 12:00:00 AM +0000,7/14/2014 4:22:00 PM,1,,Mid-Block (not related to intersection),Daylight,ALKI AVE SW BETWEEN 58TH AVE SW AND MARINE AVE SW,0,1,,2,3644934,Dry,56,PEDALCYCLIST STRUCK MOTOR VEHICLE LEFT SIDE SIDESWIPE,,8794,0,2,Injury Collision,,45,Bicycle,Matched,N,1,Clear or Partly Cloudy,0,"(47.580671239000026, -122.40659696499995)",3626,0,N,2014-229951
126623,171805,171825,Block,Cycles,154.5, ,,0,Y,07/13/2014 12:00:00 AM +0000,7/13/2014 4:20:00 PM,1,,Mid-Block (not related to intersection),Daylight,ALASKAN WAY BETWEEN WALL ST AND VINE ST,0,1,,2,3705515,Dry,56,PEDALCYCLIST STRUCK MOTOR VEHICLE LEFT SIDE SIDESWIPE,,8731,0,2,Injury Collision,,45,Bicycle,Matched,N,1,Overcast,0,"(47.613073246000056, -122.35167784699996)",20821,0,N,14-228667
126629,171797,171817,Block,Cycles,132, ,,0,,07/11/2014 12:00:00 AM +0000,7/11/2014 6:41:00 PM,0,,Mid-Block (but intersection related),Daylight,15TH AVE NE BETWEEN NE 65TH ST AND NE 66TH ST,0,1,,2,3706728,Dry,21,"MOTOR VEHICLE STRUCK PEDALCYCLIST, REAR END",,2048,0,1,Property Damage Only Collision,,45,Bicycle,Matched,N,1,Clear or Partly Cloudy,0,"(47.676143911000054, -122.31193708799998)",29280,0,N,2014-226124
126648,171254,171274,Block,Cycles,183, ,,0,,06/03/2014 12:00:00 AM +0000,6/3/2014 3:02:00 PM,1,,Mid-Block (not related to intersection),Daylight,25TH AVE E BETWEEN E PROSPECT ST AND E HIGHLAND DR,0,1,,3,3701858,Dry,56,PEDALCYCLIST STRUCK MOTOR VEHICLE LEFT SIDE SIDESWIPE,,3707,0,2,Injury Collision,,45,Bicycle,Matched,N,1,Clear or Partly Cloudy,0,"(47.629760642000065, -122.30033358799994)",0,0,N,2014-175412
126652,172043,172063,Block,Cycles,153, ,,0,Y,07/14/2014 12:00:00 AM +0000,7/14/2014 12:55:00 PM,1,,Mid-Block (not related to intersection),Daylight,WESTERN AVE BETWEEN SPRING ST AND SENECA ST,0,1,,2,3705347,Dry,54,PEDALCYCLIST STRUCK MOTOR VEHICLE REAR END,,13500,0,2,Injury Collision,Y,45,Bicycle,Matched,N,1,Clear or Partly Cloudy,0,"(47.60529909600007, -122.33832642499999)",12911,0,N,2014-229693
126659,173145,173165,Block,Cycles,425, ,,0,Y,08/01/2014 12:00:00 AM +0000,8/1/2014 2:17:00 PM,1,,Mid-Block (not related to intersection),Daylight,11TH AVE NE BETWEEN NE 56TH ST AND NE RAVENNA EB BV,0,1,Y,2,3646471,Dry,18,"MOTOR VEHICLE STRUCK PEDALCYCLIST, FRONT END AT ANGLE",,1414,0,2,Injury Collision,,45,Bicycle,Matched,N,1,Overcast,0,"(47.67059462900005, -122.31628657099998)",9056,0,N,14-252785
126702,170593,170613,Intersection,Cycles,0, ,,0,,06/13/2014 12:00:00 AM +0000,6/13/2014 9:10:00 PM,1,25181,At Intersection (intersection related),Dark - Street Lights On,LEARY AVE NW AND NW LEARY WAY,0,1,,3,3643416,Dry,18,"MOTOR VEHICLE STRUCK PEDALCYCLIST, FRONT END AT ANGLE",,2430,0,2,Injury Collision,,45,Bicycle,Matched,N,1,Overcast,0,"(47.663956821000056, -122.37889320099998)",23674,0,N,2014-188924
126707,170382,170402,Intersection,Cycles,0, ,,0,,06/13/2014 12:00:00 AM +0000,6/13/2014 4:28:00 PM,1,26079,At Intersection (intersection related),Daylight,20TH AVE NE AND NE 45TH ST,0,1,Y,3,3587609,Dry,18,"MOTOR VEHICLE STRUCK PEDALCYCLIST, FRONT END AT ANGLE",,2960,0,2,Injury Collision,,45,Bicycle,Matched,N,1,Clear or Partly Cloudy,0,"(47.66125713000008, -122.30652821299998)",0,524701,N,14-188566
126725,170193,170213,,Cycles,,NEI,"Not Enough Information, or Insufficient Location Information",0,Y,05/30/2014 12:00:00 AM +0000,5/30/2014 8:50:00 AM,1,,At Intersection (intersection related),Daylight,,0,1,,2,3580965,Dry,00,NOT ENOUGH INFORMATION / NOT APPLICABLE,,,0,2,Injury Collision,,45,Bicycle,Matched,N,1,Clear or Partly Cloudy,0,,0,0,N,2014-169647
126750,171263,171283,Intersection,Cycles,0, ,,0,,07/05/2014 12:00:00 AM +0000,7/5/2014 5:28:00 PM,1,27039,At Intersection (intersection related),Daylight,FREMONT AVE N AND N 34TH ST,0,1,,2,3702770,Dry,18,"MOTOR VEHICLE STRUCK PEDALCYCLIST, FRONT END AT ANGLE",,10485,0,2,Injury Collision,,45,Bicycle,Matched,N,1,Clear or Partly Cloudy,0,"(47.64958972900007, -122.34974744899995)",8240,0,N,14-217831
126751,171262,171282,Intersection,Cycles,0, ,,0,,07/06/2014 12:00:00 AM +0000,7/6/2014 6:44:00 PM,2,29760,At Intersection (intersection related),Daylight,11TH AVE AND E UNION ST,0,1,,2,3701896,Dry,51,PEDALCYCLIST STRUCK MOTOR VEHICLE FRONT END AT ANGLE,,1381,0,2,Injury Collision,,45,Bicycle,Matched,N,1,Clear or Partly Cloudy,0,"(47.612931253000056, -122.31812237799994)",0,0,N,14-219141
126760,172345,172365,Intersection,Cycles,0, ,,0,,07/16/2014 12:00:00 AM +0000,7/16/2014 10:54:00 PM,1,27281,At Intersection (intersection related),Dark - Street Lights On,MERIDIAN AVE N AND N NORTHLAKE WAY,0,1,,2,3695437,Dry,18,"MOTOR VEHICLE STRUCK PEDALCYCLIST, FRONT END AT ANGLE",,11780,0,2,Injury Collision,,45,Bicycle,Matched,N,1,Clear or Partly Cloudy,0,"(47.64686731000006, -122.33392663499995)",0,630857,N,2014-233089
126811,173422,173442,Block,Cycles,81, ,,0,,07/24/2014 12:00:00 AM +0000,7/24/2014 7:30:00 AM,1,,Mid-Block (not related to intersection),Daylight,BROAD ST BETWEEN 3RD AVE AND DENNY WAY,0,1,,2,3705309,Wet,51,PEDALCYCLIST STRUCK MOTOR VEHICLE FRONT END AT ANGLE,,9415,0,2,Injury Collision,,45,Bicycle,Matched,N,1,Overcast,0,"(47.618413849000035, -122.35057261099996)",20163,0,N,14-242016
126817,173151,173171,Block,Cycles,160, ,,0,Y,07/29/2014 12:00:00 AM +0000,7/29/2014 5:21:00 PM,1,,Mid-Block (not related to intersection),Daylight,DEXTER AVE N BETWEEN VALLEY ST AND ALOHA ST,0,1,,2,3696526,Dry,16,"MOTOR VEHICLE STRUCK MOTOR VEHICLE, LEFT SIDE SIDESWIPE",,10079,0,2,Injury Collision,,45,Bicycle,Matched,N,1,Clear or Partly Cloudy,0,"(47.62669856800005, -122.34233050699999)",12729,0,N,14-249055
126825,172855,172875,Intersection,Cycles,0, ,,0,,07/25/2014 12:00:00 AM +0000,7/25/2014 7:49:00 PM,1,30428,At Intersection (intersection related),Daylight,BOREN AVE S AND RAINIER AVE S,0,1,,2,3702023,Dry,18,"MOTOR VEHICLE STRUCK PEDALCYCLIST, FRONT END AT ANGLE",,12340,1,2b,Serious Injury Collision,,45,Bicycle,Matched,N,1,Clear or Partly Cloudy,0,"(47.599210087000074, -122.31413725499999)",25279,0,N,2014-244056
126829,172851,172871,Block,Cycles,874.5, ,,0,Y,06/07/2014 12:00:00 AM +0000,6/7/2014 9:34:00 AM,1,,Mid-Block (not related to intersection),Daylight,AURORA AVE N BETWEEN N 117TH PL AND N 125TH ST,0,1,,2,3501813,Dry,51,PEDALCYCLIST STRUCK MOTOR VEHICLE FRONT END AT ANGLE,,8991,0,2,Injury Collision,,45,Bicycle,Matched,N,1,Clear or Partly Cloudy,0,"(47.71717310100007, -122.34489607899997)",0,0,N,2014-180207