OBJECTID,INCKEY,COLDETKEY,ADDRTYPE,COLLISIONTYPE,DISTANCE,EXCEPTRSNCODE,EXCEPTRSNDESC,FATALITIES,INATTENTIONIND,INCDATE,INCDTTM,INJURIES,INTKEY,JUNCTIONTYPE,LIGHTCOND,LOCATION,PEDCOUNT,PEDCYLCOUNT,PEDROWNOTGRNT,PERSONCOUNT,REPORTNO,ROADCOND,SDOT_COLCODE,SDOT_COLDESC,SDOTCOLNUM,SEGKEY,SERIOUSINJURIES,SEVERITYCODE,SEVERITYDESC,SPEEDING,ST_COLCODE,ST_COLDESC,STATUS,UNDERINFL,VEHCOUNT,WEATHER,WIDTH,Shape,SEGLANEKEY,CROSSWALKKEY,HITPARKEDCAR,SPDCASENO
126838,170604,170624,Intersection,Cycles,0, ,,0,,06/12/2014 12:00:00 AM +0000,6/12/2014 5:51:00 PM,1,29538,At Intersection (intersection related),Daylight,9TH AVE AND STEWART ST,0,1,,2,3696776,Dry,18,"MOTOR VEHICLE STRUCK PEDALCYCLIST, FRONT END AT ANGLE",,8524,0,2,Injury Collision,,45,Bicycle,Matched,N,1,Overcast,0,"(47.61561648000003, -122.33443632099994)",13684,0,N,14-187350
126885,171579,171599,Intersection,Cycles,0, ,,0,Y,07/07/2014 12:00:00 AM +0000,7/7/2014 12:16:00 PM,1,29526,At Intersection (intersection related),Daylight,STEWART ST AND TERRY AVE,0,1,,2,3643695,Dry,21,"MOTOR VEHICLE STRUCK PEDALCYCLIST, REAR END",,12907,0,2,Injury Collision,,45,Bicycle,Matched,N,1,Clear or Partly Cloudy,0,"(47.61628073000003, -122.33357713099997)",13691,0,N,2014-220063
126896,171057,171077,Intersection,Cycles,0, ,,0,,07/02/2014 12:00:00 AM +0000,7/2/2014 7:49:00 AM,1,28605,At Intersection (intersection related),Daylight,ALOHA ST AND QUEEN ANNE AVE N,0,1,,1,3585323,Dry,51,PEDALCYCLIST STRUCK MOTOR VEHICLE FRONT END AT ANGLE,,8804,0,2,Injury Collision,,45,Bicycle,Matched,N,0,Clear or Partly Cloudy,0,"(47.62719238600005, -122.35668955499995)",30638,0,N,14-212869
126919,172605,172625,Block,Cycles,129, ,,0,Y,07/25/2014 12:00:00 AM +0000,7/25/2014 3:30:00 PM,1,,Mid-Block (not related to intersection),Daylight,6TH AVE S BETWEEN S DEARBORN ST AND SEATTLE W BLVD S,0,1,,2,3599491,Dry,56,PEDALCYCLIST STRUCK MOTOR VEHICLE LEFT SIDE SIDESWIPE,,7987,0,2,Injury Collision,,45,Bicycle,Matched,N,1,Clear or Partly Cloudy,0,"(47.59548532000008, -122.32637522499999)",5797,0,N,14-243722
126932,172060,172080,Block,Cycles,192, ,,0,,07/17/2014 12:00:00 AM +0000,7/17/2014 6:39:00 AM,0,,Driveway Junction,Dawn,ALKI AVE SW BETWEEN 59TH AVE SW AND 60TH AVE SW,0,1,,2,3505141,Dry,18,"MOTOR VEHICLE STRUCK PEDALCYCLIST, FRONT END AT ANGLE",,8796,0,1,Property Damage Only Collision,,45,Bicycle,Matched,N,1,Overcast,0,"(47.57977779200007, -122.40866226299994)",3638,0,N,14-233342
126934,173155,173175,Block,Cycles,447, ,,0,,08/01/2014 12:00:00 AM +0000,8/1/2014 3:15:00 AM,1,,Mid-Block (not related to intersection),Dark - Street Lights On,15TH AVE NE BETWEEN NE 104TH ST AND NE 106TH ST,0,1,,1,3695633,Dry,18,"MOTOR VEHICLE STRUCK PEDALCYCLIST, FRONT END AT ANGLE",,2076,1,2b,Serious Injury Collision,,45,Bicycle,Matched,N,0,Clear or Partly Cloudy,0,"(47.70519882600007, -122.31242979499996)",27979,0,N,14-252258
126958,169977,169997,Intersection,Cycles,0, ,,0,,06/09/2014 12:00:00 AM +0000,6/9/2014 8:55:00 PM,2,30410,At Intersection (but not related to intersection),Dusk,12TH AVE AND E YESLER WAY,0,1,,2,2617125,Dry,26,MOTOR VEHICLE STRUCK OBJECT IN ROAD,,1523,1,2b,Serious Injury Collision,,45,Bicycle,Matched,N,0,Clear or Partly Cloudy,0,"(47.60169336800004, -122.31678189299998)",10531,0,N,2014-183613
127000,171063,171083,Intersection,Cycles,0, ,,0,,07/02/2014 12:00:00 AM +0000,7/2/2014 12:48:00 PM,1,24457,At Intersection (intersection related),Daylight,5TH AVE NE AND NE 71ST ST,0,1,,2,3703356,Dry,51,PEDALCYCLIST STRUCK MOTOR VEHICLE FRONT END AT ANGLE,,7304,0,2,Injury Collision,,45,Bicycle,Matched,N,1,Clear or Partly Cloudy,0,"(47.680163099000026, -122.32285939299999)",0,521889,N,14/213167
127034,172361,172381,Block,Cycles,354.5, ,,0,,07/21/2014 12:00:00 AM +0000,7/21/2014 9:00:00 PM,1,,Mid-Block (not related to intersection),Daylight,DENNY WAY BETWEEN STEWART ST AND MELROSE AVE,0,1,,3,3574798,Dry,56,PEDALCYCLIST STRUCK MOTOR VEHICLE LEFT SIDE SIDESWIPE,,10023,0,2,Injury Collision,Y,45,Bicycle,Matched,N,2,Clear or Partly Cloudy,0,"(47.61844935400006, -122.32929210599997)",23551,0,N,14-239236
127066,171840,171860,Intersection,Cycles,0, ,,0,,07/12/2014 12:00:00 AM +0000,7/12/2014 5:27:00 PM,1,29748,At Intersection (intersection related),Daylight,12TH AVE AND E PIKE ST,0,1,,1,3642351,Dry,11,"MOTOR VEHICLE STRUCK MOTOR VEHICLE, FRONT END AT ANGLE",,1546,0,2,Injury Collision,,45,Bicycle,Matched,N,0,Clear or Partly Cloudy,0,"(47.61410376900005, -122.31683584899997)",10785,0,N,14-227475
127167,171611,171631,Block,Cycles,153.5, ,,0,,07/09/2014 12:00:00 AM +0000,7/9/2014 6:01:00 PM,1,,Mid-Block (but intersection related),Daylight,ALASKAN E RDWY WAY S BETWEEN S WASHINGTON ST AND S MAIN ST,0,1,,3,3574933,Dry,18,"MOTOR VEHICLE STRUCK PEDALCYCLIST, FRONT END AT ANGLE",,8754,0,2,Injury Collision,,45,Bicycle,Matched,N,1,Clear or Partly Cloudy,0,"(47.60046898500008, -122.335456567)",0,522619,N,14-223322
127277,170037,170057,Block,Cycles,218, ,,0,Y,06/12/2014 12:00:00 AM +0000,6/12/2014 10:37:00 AM,1,,Mid-Block (not related to intersection),Daylight,EASTLAKE AVE E BETWEEN HARVARD AVE E AND FUHRMAN AVE E,0,1,Y,2,3565810,Dry,18,"MOTOR VEHICLE STRUCK PEDALCYCLIST, FRONT END AT ANGLE",,10184,0,2,Injury Collision,,45,Bicycle,Matched,N,1,Clear or Partly Cloudy,0,"(47.65104751100006, -122.32168580199999)",6078,0,N,14-186838
127293,171864,171884,Intersection,Cycles,0, ,,0,Y,07/12/2014 12:00:00 AM +0000,7/12/2014 1:47:00 PM,1,31514,At Intersection (intersection related),Daylight,23RD AVE S AND S MASSACHUSETTS ST,0,1,,5,3698996,Dry,18,"MOTOR VEHICLE STRUCK PEDALCYCLIST, FRONT END AT ANGLE",,3452,0,2,Injury Collision,,45,Bicycle,Matched,N,1,Clear or Partly Cloudy,0,"(47.58837465200003, -122.30259364599999)",0,630858,N,2014-227238
127347,173459,173479,Intersection,Cycles,0,NEI,"Not Enough Information, or Insufficient Location Information",0,,08/09/2014 12:00:00 AM +0000,8/9/2014 5:00:00 PM,0,29553,At Intersection (intersection related),Daylight,7TH AVE AND OLIVE WAY,0,1,,2,3571015,Dry,00,NOT ENOUGH INFORMATION / NOT APPLICABLE,,8160,0,1,Property Damage Only Collision,,45,Bicycle,Matched,N,1,Clear or Partly Cloudy,0,"(47.613595528000076, -122.33517270199997)",37052,0,N,2014-263779
127349,172424,172444,Intersection,Cycles,0, ,,0,,07/21/2014 12:00:00 AM +0000,7/21/2014 9:40:00 PM,1,27091,At Intersection (intersection related),Dark - Street Lights Off,15TH AVE NE AND NE 42ND ST,0,1,,2,3706790,Wet,18,"MOTOR VEHICLE STRUCK PEDALCYCLIST, FRONT END AT ANGLE",,2033,0,2,Injury Collision,,45,Bicycle,Matched,N,1,Overcast,0,"(47.65830145700005, -122.31207124999997)",0,520846,N,14-239272
127351,172423,172443,Intersection,Cycles,0, ,,0,,07/22/2014 12:00:00 AM +0000,7/22/2014 10:28:00 AM,1,25744,At Intersection (intersection related),Daylight,8TH AVE NE AND NE 56TH ST,0,1,,2,3706791,Dry,51,PEDALCYCLIST STRUCK MOTOR VEHICLE FRONT END AT ANGLE,,8313,0,2,Injury Collision,,45,Bicycle,Matched,N,1,Overcast,0,"(47.66932091600006, -122.32010139999994)",0,0,N,14-239754
127380,170038,170058,Block,Cycles,161, ,,0,,06/12/2014 12:00:00 AM +0000,6/12/2014 3:42:00 PM,1,,Mid-Block (not related to intersection),Daylight,E PINE ST BETWEEN 10TH AVE AND 11TH AVE,0,1,,2,3575046,Dry,51,PEDALCYCLIST STRUCK MOTOR VEHICLE FRONT END AT ANGLE,,14636,1,2b,Serious Injury Collision,,45,Bicycle,Matched,N,1,Clear or Partly Cloudy,0,"(47.61524975200007, -122.31881447599994)",10420,0,N,14-187189
127387,169728,169748,Block,Cycles,153, ,,0,,06/09/2014 12:00:00 AM +0000,6/9/2014 7:30:00 AM,1,,Mid-Block (not related to intersection),Daylight,1ST AVE BETWEEN MADISON ST AND SPRING ST,0,1,,2,3583780,Dry,23,"MOTOR VEHICLE STRUCK PEDALCYCLIST, LEFT SIDE SIDESWIPE",,1004,0,2,Injury Collision,,45,Bicycle,Matched,N,1,Clear or Partly Cloudy,0,"(47.605050498000026, -122.33656362299996)",36774,0,N,14-182666
127446,172708,172728,Block,Cycles,153, ,,0,,07/25/2014 12:00:00 AM +0000,7/25/2014 7:34:00 PM,1,,Mid-Block (not related to intersection),Daylight,1ST AVE BETWEEN MADISON ST AND SPRING ST,0,1,,2,3696476,Dry,54,PEDALCYCLIST STRUCK MOTOR VEHICLE REAR END,,1004,0,2,Injury Collision,,45,Bicycle,Matched,N,1,Clear or Partly Cloudy,0,"(47.605050498000026, -122.33656362299996)",36768,0,N,14-244039
127479,171876,171896,Block,Cycles,138.5, ,,0,Y,07/14/2014 12:00:00 AM +0000,7/14/2014 2:58:00 PM,1,,Driveway Junction,Daylight,NE 42ND ST BETWEEN ROOSEVELT N WAY NE AND 11TH AVE NE,0,1,,2,3587650,Dry,51,PEDALCYCLIST STRUCK MOTOR VEHICLE FRONT END AT ANGLE,,16788,0,2,Injury Collision,,45,Bicycle,Matched,N,1,Clear or Partly Cloudy,0,"(47.658362648000036, -122.31721991299997)",0,0,N,14-229837
127497,170665,170685,Intersection,Cycles,0, ,,0,,06/20/2014 12:00:00 AM +0000,6/20/2014 1:05:00 PM,2,24501,At Intersection (intersection related),Daylight,12TH AVE NE AND NE 65TH ST,1,1,,2,3706356,Dry,64,PEDALCYCLIST STRUCK PEDESTRIAN,,1580,0,2,Injury Collision,,45,Bicycle,Matched,N,0,Clear or Partly Cloudy,0,"(47.67581492800008, -122.31565804799999)",29263,524481,N,14-197263
127507,169781,169801,Block,Cycles,319, ,,0,,06/07/2014 12:00:00 AM +0000,6/7/2014 2:32:00 PM,1,,Mid-Block (not related to intersection),Daylight,HARBOR AVE SW BETWEEN ALKI AVE SW AND SW CALIFORNIA PL,0,1,Y,2,3644730,Dry,51,PEDALCYCLIST STRUCK MOTOR VEHICLE FRONT END AT ANGLE,,10812,0,2,Injury Collision,,45,Bicycle,Matched,N,1,Clear or Partly Cloudy,0,"(47.59461876200004, -122.38425378099998)",4093,0,N,14-180451
127528,173477,173497,Block,Cycles,551.5, ,,0,Y,08/08/2014 12:00:00 AM +0000,8/8/2014 12:37:00 PM,2,,Mid-Block (not related to intersection),Daylight,ALKI AVE SW BETWEEN SW ARKANSAS ST AND SW HAMPSHIRE ST,0,1,,4,3570949,Dry,18,"MOTOR VEHICLE STRUCK PEDALCYCLIST, FRONT END AT ANGLE",,8785,0,2,Injury Collision,,45,Bicycle,Matched,N,1,Clear or Partly Cloudy,0,"(47.589503782000065, -122.39412509399995)",3593,0,N,14-261983
127535,171648,171668,Block,Cycles,667, ,,0,,06/30/2014 12:00:00 AM +0000,6/30/2014 10:45:00 AM,1,,Mid-Block (not related to intersection),Daylight,LINDEN AVE N BETWEEN N 130TH ST AND N 135TH ST,0,1,,2,3706488,Dry,18,"MOTOR VEHICLE STRUCK PEDALCYCLIST, FRONT END AT ANGLE",,11453,0,2,Injury Collision,,45,Bicycle,Matched,N,1,Clear or Partly Cloudy,0,"(47.72503747500008, -122.34793329699994)",40833,0,N,14-222993
127546,171904,171924,Intersection,Cycles,0, ,,0,,07/09/2014 12:00:00 AM +0000,7/9/2014 4:18:00 PM,1,26698,At Intersection (intersection related),Daylight,3RD AVE W AND W CREMONA ST,0,1,Y,2,3696611,Dry,51,PEDALCYCLIST STRUCK MOTOR VEHICLE FRONT END AT ANGLE,,4568,0,2,Injury Collision,,45,Bicycle,Matched,N,1,Clear or Partly Cloudy,0,"(47.64954528900006, -122.36088259399997)",30261,0,N,2014-223194
127599,172478,172498,Block,Cycles,174, ,,0,,07/22/2014 12:00:00 AM +0000,7/22/2014 9:00:00 AM,1,,Mid-Block (not related to intersection),Daylight,30TH AVE NE BETWEEN UNION BAY PL NE AND BURKE GILMAN TRL,0,1,Y,3,3646365,Dry,18,"MOTOR VEHICLE STRUCK PEDALCYCLIST, FRONT END AT ANGLE",,4598,0,2,Injury Collision,,45,Bicycle,Matched,N,1,Overcast,0,"(47.664214558000026, -122.29561594399996)",31966,0,N,14-239678
127623,170259,170279,Block,Cycles,242, ,,0,,06/18/2014 12:00:00 AM +0000,6/18/2014 6:45:00 AM,1,,Mid-Block (but intersection related),Daylight,DEXTER AVE N BETWEEN REPUBLICAN ST AND MERCER ST,0,1,,2,3591492,Dry,18,"MOTOR VEHICLE STRUCK PEDALCYCLIST, FRONT END AT ANGLE",,10075,0,2,Injury Collision,,45,Bicycle,Matched,N,1,Overcast,0,"(47.62388537100003, -122.34235544599994)",0,0,N,2014-194145
127638,170492,170512,Block,Cycles,155.5, ,,0,,06/23/2014 12:00:00 AM +0000,6/23/2014 5:08:00 PM,1,,Mid-Block (not related to intersection),Daylight,1ST AVE BETWEEN YESLER WAY AND CHERRY ST,0,1,,2,3696601,Dry,54,PEDALCYCLIST STRUCK MOTOR VEHICLE REAR END,,1000,0,2,Injury Collision,,45,Bicycle,Matched,N,1,Clear or Partly Cloudy,0,"(47.602147599000034, -122.33417685699999)",36854,0,N,2014-201302
127687,170887,170907,Block,Cycles,161, ,,0,,06/30/2014 12:00:00 AM +0000,6/30/2014 12:38:00 AM,1,,Mid-Block (not related to intersection),Dark - Street Lights On,PIKE ST BETWEEN 8TH AVE AND CONVENTION PL,0,1,,1,3580717,Dry,66,PEDALCYCLIST STRUCK OBJECT IN ROAD,,12204,1,2b,Serious Injury Collision,,45,Bicycle,Matched,N,0,,0,"(47.61230225300005, -122.33169068899997)",24896,0,N,14-209878
127728,172497,172517,Block,Cycles,169, ,,0,,07/21/2014 12:00:00 AM +0000,7/21/2014 7:35:00 PM,1,,Mid-Block (not related to intersection),Daylight,RAINIER AVE S BETWEEN S MCCLELLAN ST AND S FOREST ST,0,1,,2,3699216,Dry,11,"MOTOR VEHICLE STRUCK MOTOR VEHICLE, FRONT END AT ANGLE",,12365,0,2,Injury Collision,,45,Bicycle,Matched,N,1,Clear or Partly Cloudy,0,"(47.577939162000064, -122.29783735399997)",0,0,N,14-239142
127766,170098,170118,Intersection,Cycles,0, ,,0,,06/13/2014 12:00:00 AM +0000,6/13/2014 1:10:00 AM,0,28375,At Intersection (but not related to intersection),Unknown,24TH AVE E AND BOYER AVE E,0,1,,2,3585583,Wet,55,PEDALCYCLIST STRUCK MOTOR VEHICLE RIGHT SIDE SIDESWIPE,,3549,0,1,Property Damage Only Collision,,45,Bicycle,Matched,N,1,Raining,0,"(47.63524417700006, -122.30156537499994)",22452,0,N,2014-188067
127817,171929,171949,Intersection,Cycles,0, ,,0,Y,07/07/2014 12:00:00 AM +0000,7/7/2014 4:06:00 PM,1,37550,At Intersection (intersection related),Daylight,5TH AVE NE AND NE 85TH ST,0,1,,2,3706583,Dry,51,PEDALCYCLIST STRUCK MOTOR VEHICLE FRONT END AT ANGLE,,7320,0,2,Injury Collision,,45,Bicycle,Matched,N,1,Clear or Partly Cloudy,0,"(47.69039693000008, -122.323000434)",7339,0,N,14-220359
127864,172506,172526,Block,Cycles,160.5, ,,0,,07/21/2014 12:00:00 AM +0000,7/21/2014 6:12:00 PM,1,,Mid-Block (not related to intersection),Daylight,S JACKSON ST BETWEEN 4TH AVE S AND 5TH AVE S,0,1,,4,3705129,Dry,56,PEDALCYCLIST STRUCK MOTOR VEHICLE LEFT SIDE SIDESWIPE,,20487,0,2,Injury Collision,,45,Bicycle,Matched,N,1,Overcast,0,"(47.59919591100004, -122.32831927399997)",4877,0,N,14-239063
127875,172165,172185,Block,Cycles,150, ,,0,,07/17/2014 12:00:00 AM +0000,7/17/2014 5:35:00 PM,1,,Mid-Block (not related to intersection),Daylight,24TH AVE E BETWEEN E NEWTON N ST AND E BOSTON ST,0,1,,2,3702008,Dry,23,"MOTOR VEHICLE STRUCK PEDALCYCLIST, LEFT SIDE SIDESWIPE",,3551,0,2,Injury Collision,,45,Bicycle,Matched,N,1,Clear or Partly Cloudy,0,"(47.63831191300005, -122.30165337399995)",22322,0,N,14-234084
127913,173514,173534,Block,Cycles,124.5, ,,0,,08/05/2014 12:00:00 AM +0000,8/5/2014 8:53:00 PM,0,,Driveway Junction,Dusk,NE 45TH ST BETWEEN 1ST AVE NE AND 2ND AVE NE,0,1,,2,3582744,Dry,51,PEDALCYCLIST STRUCK MOTOR VEHICLE FRONT END AT ANGLE,,16838,0,1,Property Damage Only Collision,,45,Bicycle,Matched,Y,1,Clear or Partly Cloudy,0,"(47.661357277000036, -122.32775751099996)",6532,0,N,2014-258562
127914,170524,170544,Block,Cycles,107, ,,0,Y,06/23/2014 12:00:00 AM +0000,6/23/2014 3:08:00 PM,1,,Mid-Block (not related to intersection),Daylight,ROOSEVELT WAY NE BETWEEN NE 40TH ALLEY ST AND NE 41ST ST,0,1,,2,3703185,Dry,18,"MOTOR VEHICLE STRUCK PEDALCYCLIST, FRONT END AT ANGLE",,12593,0,2,Injury Collision,,45,Bicycle,Matched,N,1,Clear or Partly Cloudy,0,"(47.65659421100003, -122.31782666799995)",11665,0,N,14-201140
127959,171940,171960,Block,Cycles,420, ,,0,,07/15/2014 12:00:00 AM +0000,7/15/2014 9:20:00 AM,1,,Mid-Block (not related to intersection),Daylight,EASTLAKE AVE E BETWEEN E LYNN ST AND E LOUISA ST,0,1,,2,3696659,Dry,56,PEDALCYCLIST STRUCK MOTOR VEHICLE LEFT SIDE SIDESWIPE,,10177,0,2,Injury Collision,,45,Bicycle,Matched,N,1,Clear or Partly Cloudy,0,"(47.64087739100006, -122.325889916)",24732,0,N,14-230800
127982,172792,172812,Block,Cycles,110, ,,0,,07/03/2014 12:00:00 AM +0000,7/3/2014 1:08:00 PM,1,,Mid-Block (not related to intersection),Daylight,11TH AVE NE BETWEEN NE 41ST ST AND EASTLAKE AVE NE,1,1,,2,3587647,Dry,14,"MOTOR VEHICLE STRUCK MOTOR VEHICLE, REAR END",,1405,0,2,Injury Collision,,45,Bicycle,Matched,N,0,Overcast,0,"(47.65717540600008, -122.31668458899998)",0,0,N,14-214636
128006,172182,172202,Intersection,Cycles,0, ,,0,Y,07/15/2014 12:00:00 AM +0000,7/15/2014 8:30:00 AM,1,30544,At Intersection (intersection related),Daylight,7TH AVE S AND S DEARBORN ST,0,1,,2,3550028,Dry,18,"MOTOR VEHICLE STRUCK PEDALCYCLIST, FRONT END AT ANGLE",,8211,0,2,Injury Collision,,45,Bicycle,Matched,N,1,Clear or Partly Cloudy,0,"(47.59583330500004, -122.32376363099996)",5835,0,N,2014-230751
128024,171941,171961,Block,Cycles,241, ,,0,,07/11/2014 12:00:00 AM +0000,7/11/2014 8:25:00 PM,1,,Mid-Block (not related to intersection),Daylight,50TH AVE S BETWEEN S DIRECTOR ST AND S BARTON ST,0,1,,3,3699080,Dry,51,PEDALCYCLIST STRUCK MOTOR VEHICLE FRONT END AT ANGLE,,7455,0,2,Injury Collision,,45,Bicycle,Matched,N,1,Clear or Partly Cloudy,0,"(47.52167545900005, -122.27137685899999)",0,0,N,14-226264
128025,172999,173019,Intersection,Cycles,0, ,,0,,08/01/2014 12:00:00 AM +0000,8/1/2014 7:02:00 PM,1,34556,At Intersection (intersection related),Daylight,33RD AVE S AND S MYRTLE PL,0,1,,2,3699287,Dry,18,"MOTOR VEHICLE STRUCK PEDALCYCLIST, FRONT END AT ANGLE",,5176,0,2,Injury Collision,,45,Bicycle,Matched,N,1,Clear or Partly Cloudy,0,"(47.53837242700007, -122.28998367999998)",24166,0,N,14-253156
128078,171740,171760,Intersection,Cycles,0,NEI,"Not Enough Information, or Insufficient Location Information",0,,07/10/2014 12:00:00 AM +0000,7/10/2014 5:05:00 PM,0,29929,At Intersection (intersection related),Daylight,5TH AVE AND SENECA ST,0,1,,2,3375894,Dry,00,NOT ENOUGH INFORMATION / NOT APPLICABLE,,7232,0,1,Property Damage Only Collision,,45,Bicycle,Matched,N,1,Clear or Partly Cloudy,0,"(47.607979458000045, -122.33310387099999)",9043,0,N,14-224618
128097,172197,172217,Intersection,Cycles,0, ,,0,,07/17/2014 12:00:00 AM +0000,7/17/2014 5:37:00 PM,1,34816,At Intersection (intersection related),Daylight,45TH AVE SW AND SW BRACE POINT DR,0,1,,2,3570964,Dry,51,PEDALCYCLIST STRUCK MOTOR VEHICLE FRONT END AT ANGLE,,6876,0,2,Injury Collision,,45,Bicycle,Matched,N,1,Clear or Partly Cloudy,0,"(47.52019340800007, -122.39041308299994)",31715,0,N,14-234088
128139,172801,172821,Block,Cycles,465.5, ,,0,Y,07/02/2014 12:00:00 AM +0000,7/2/2014 7:50:00 AM,1,,Mid-Block (not related to intersection),Daylight,W NICKERSON ST BETWEEN 3RD AVE W AND 6TH AVE W,0,1,,1,3696677,Dry,28,MOTOR VEHICLE RAN OFF ROAD - HIT FIXED OBJECT,,23612,0,2,Injury Collision,,45,Bicycle,Matched,N,0,Clear or Partly Cloudy,0,"(47.65123294000006, -122.36266768499996)",0,0,N,14-212871
128153,173559,173579,Block,Cycles,1355, ,,0,,08/07/2014 12:00:00 AM +0000,8/7/2014 5:40:00 PM,1,,Mid-Block (not related to intersection),Daylight,INTERLAKEN DR E BETWEEN E GALER ST AND E INTERLAKEN BLVD,0,1,,2,3642387,Dry,14,"MOTOR VEHICLE STRUCK MOTOR VEHICLE, REAR END",,11030,0,2,Injury Collision,,45,Bicycle,Matched,N,1,Clear or Partly Cloudy,0,"(47.635420185000044, -122.30783441999995)",0,0,N,14-261063
128164,172539,172559,Intersection,Cycles,0, ,,0,,07/29/2014 12:00:00 AM +0000,7/29/2014 2:58:00 PM,1,30135,At Intersection (intersection related),Daylight,15TH AVE AND E PINE ST,0,1,,2,3575048,Dry,18,"MOTOR VEHICLE STRUCK PEDALCYCLIST, FRONT END AT ANGLE",,1998,0,2,Injury Collision,,45,Bicycle,Matched,N,1,Clear or Partly Cloudy,0,"(47.61528703600004, -122.31276624799995)",10433,0,N,14-248880
128179,170537,170557,Block,Cycles,374.5, ,,0,,06/26/2014 12:00:00 AM +0000,6/26/2014 9:03:00 PM,1,,Mid-Block (but intersection related),Dusk,W EMERSON PL BETWEEN FISHERMAN TERM DR AND 21ST AVE W,0,1,,2,2618804,Dry,18,"MOTOR VEHICLE STRUCK PEDALCYCLIST, FRONT END AT ANGLE",,23271,0,2,Injury Collision,,45,Bicycle,Matched,N,1,Clear or Partly Cloudy,0,"(47.65497774500005, -122.38222576399994)",0,525463,N,14-205690
128208,169863,169883,Intersection,Cycles,0, ,,0,,06/11/2014 12:00:00 AM +0000,6/11/2014 4:16:00 PM,1,29761,At Intersection (intersection related),Daylight,12TH AVE AND E MADISON ST,0,1,,2,3701772,Dry,51,PEDALCYCLIST STRUCK MOTOR VEHICLE FRONT END AT ANGLE,,1536,0,2,Injury Collision,,45,Bicycle,Matched,N,1,Clear or Partly Cloudy,0,"(47.61288923600006, -122.31673339099996)",10754,0,N,14-185923
128209,171960,171980,Block,Cycles,218, ,,0,Y,07/15/2014 12:00:00 AM +0000,7/15/2014 7:40:00 AM,1,,Mid-Block (not related to intersection),Daylight,EASTLAKE AVE E BETWEEN HARVARD AVE E AND FUHRMAN AVE E,0,1,,2,3702004,Dry,69,PEDALCYCLIST OVERTURNED IN ROAD,,10184,0,2,Injury Collision,,45,Bicycle,Matched,N,1,Clear or Partly Cloudy,0,"(47.65104751100006, -122.32168580199999)",6060,0,N,2014-231461
128229,171399,171419,Intersection,Cycles,0, ,,0,,07/08/2014 12:00:00 AM +0000,7/8/2014 7:32:00 PM,1,29167,At Intersection (intersection related),Daylight,STEWART ST AND YALE AVE N,0,1,,3,3696683,Dry,51,PEDALCYCLIST STRUCK MOTOR VEHICLE FRONT END AT ANGLE,,12912,1,2b,Serious Injury Collision,,45,Bicycle,Matched,N,1,Clear or Partly Cloudy,0,"(47.618727490000026, -122.33041260399995)",23731,0,N,14-222010
128253,173077,173097,Block,Cycles,213, ,,0,Y,07/19/2014 12:00:00 AM +0000,7/19/2014 5:12:00 PM,1,,Mid-Block (not related to intersection),Daylight,8TH AVE BETWEEN PINE ST AND OLIVE WAY,0,1,,2,3584104,Dry,18,"MOTOR VEHICLE STRUCK PEDALCYCLIST, FRONT END AT ANGLE",,8281,0,2,Injury Collision,,45,Bicycle,Matched,N,1,Clear or Partly Cloudy,0,"(47.61355908100006, -122.33360568199998)",14004,0,N,2014-236629
128260,172811,172831,Intersection,Cycles,0, ,,0,,07/17/2014 12:00:00 AM +0000,7/17/2014 8:46:00 AM,1,29863,At Intersection (intersection related),Daylight,MELROSE AVE AND PINE ST,0,1,,2,3702006,Dry,18,"MOTOR VEHICLE STRUCK PEDALCYCLIST, FRONT END AT ANGLE",,11745,0,2,Injury Collision,,45,Bicycle,Matched,N,1,Clear or Partly Cloudy,0,"(47.615238420000026, -122.32790375499997)",10336,0,N,2014-233446
128268,172807,172827,Block,Cycles,89.5,NEI,"Not Enough Information, or Insufficient Location Information",0,,06/30/2014 12:00:00 AM +0000,6/30/2014 5:30:00 PM,2,,,Daylight,25TH AVE E BETWEEN E ROANOKE ST AND DEAD END,0,1,,2,3701573,Dry,00,NOT ENOUGH INFORMATION / NOT APPLICABLE,,3718,0,2,Injury Collision,,45,Bicycle,Matched,N,1,Clear or Partly Cloudy,0,"(47.64339049900008, -122.30021414899994)",0,0,N,14-210838
128273,169878,169898,Intersection,Cycles,0, ,,0,,06/15/2014 12:00:00 AM +0000,6/15/2014 3:24:00 PM,0,27130,At Intersection (intersection related),Daylight,ROOSEVELT WAY NE AND NE 40TH ALLEY ST,0,1,,2,3503330,Dry,51,PEDALCYCLIST STRUCK MOTOR VEHICLE FRONT END AT ANGLE,,12593,0,1,Property Damage Only Collision,,45,Bicycle,Matched,N,1,Clear or Partly Cloudy,0,"(47.656301849000045, -122.31783423699994)",11662,0,N,14-190945
128280,172552,172572,Intersection,Cycles,0, ,,0,Y,07/29/2014 12:00:00 AM +0000,7/29/2014 7:21:00 PM,1,28669,At Intersection (intersection related),Dusk,ELLIOTT AVE W AND WESTERN AVE W,0,1,,2,3696505,Dry,00,NOT ENOUGH INFORMATION / NOT APPLICABLE,,10213,1,2b,Serious Injury Collision,,45,Bicycle,Matched,N,1,Clear or Partly Cloudy,0,"(47.62066370800005, -122.36092838499997)",0,0,N,2014-249199