OBJECTID,INCKEY,COLDETKEY,ADDRTYPE,COLLISIONTYPE,DISTANCE,EXCEPTRSNCODE,EXCEPTRSNDESC,FATALITIES,INATTENTIONIND,INCDATE,INCDTTM,INJURIES,INTKEY,JUNCTIONTYPE,LIGHTCOND,LOCATION,PEDCOUNT,PEDCYLCOUNT,PEDROWNOTGRNT,PERSONCOUNT,REPORTNO,ROADCOND,SDOT_COLCODE,SDOT_COLDESC,SDOTCOLNUM,SEGKEY,SERIOUSINJURIES,SEVERITYCODE,SEVERITYDESC,SPEEDING,ST_COLCODE,ST_COLDESC,STATUS,UNDERINFL,VEHCOUNT,WEATHER,WIDTH,Shape,SEGLANEKEY,CROSSWALKKEY,HITPARKEDCAR,SPDCASENO
128285,172550,172570,Intersection,Cycles,0, ,,0,Y,07/28/2014 12:00:00 AM +0000,7/28/2014 2:58:00 PM,1,31918,At Intersection (intersection related),Daylight,41ST AVE SW AND SW ALASKA ST,0,1,,2,3644938,Dry,51,PEDALCYCLIST STRUCK MOTOR VEHICLE FRONT END AT ANGLE,,6460,0,2,Injury Collision,,45,Bicycle,Matched,N,1,Clear or Partly Cloudy,0,"(47.56106419300005, -122.38413694099995)",41740,0,N,14-247508
128337,170153,170173,Intersection,Cycles,0, ,,0,,06/14/2014 12:00:00 AM +0000,6/14/2014 5:13:00 PM,0,34479,At Intersection (intersection related),Daylight,RAINIER AVE S AND S AUSTIN ST,0,1,Y,2,3581148,Dry,51,PEDALCYCLIST STRUCK MOTOR VEHICLE FRONT END AT ANGLE,,12411,0,1,Property Damage Only Collision,Y,45,Bicycle,Matched,N,1,Clear or Partly Cloudy,0,"(47.53467180200005, -122.26999025799995)",0,0,N,2014-189920
128338,170931,170951,Intersection,Cycles,0, ,,0,Y,06/30/2014 12:00:00 AM +0000,6/30/2014 6:18:00 AM,1,36599,At Intersection (intersection related),Dawn,33RD AVE NE AND NE 125TH ST,0,1,,2,3706427,Dry,18,"MOTOR VEHICLE STRUCK PEDALCYCLIST, FRONT END AT ANGLE",,5132,0,2,Injury Collision,,45,Bicycle,Matched,N,1,Clear or Partly Cloudy,0,"(47.719264671000076, -122.29272976099998)",0,0,N,14-210039
128398,173126,173146,Intersection,Cycles,0, ,,0,,08/04/2014 12:00:00 AM +0000,8/4/2014 3:10:00 PM,1,32356,At Intersection (intersection related),Daylight,4TH AVE S AND S SPOKANE NR ST,0,1,,2,3581338,Dry,18,"MOTOR VEHICLE STRUCK PEDALCYCLIST, FRONT END AT ANGLE",,6246,1,2b,Serious Injury Collision,,45,Bicycle,Matched,N,1,Clear or Partly Cloudy,0,"(47.57167786600007, -122.32910307599997)",19625,0,N,2014-25799
128444,170939,170959,Block,Cycles,165.5, ,,0,,06/30/2014 12:00:00 AM +0000,6/30/2014 7:13:00 PM,1,,Mid-Block (not related to intersection),Daylight,5TH AVE NE BETWEEN NE 100TH ST AND NE 102ND ST,0,1,,2,3703312,Dry,18,"MOTOR VEHICLE STRUCK PEDALCYCLIST, FRONT END AT ANGLE",,7331,0,2,Injury Collision,,45,Bicycle,Matched,N,1,Clear or Partly Cloudy,0,"(47.70177731000007, -122.32313249099997)",7275,0,N,14-210880
128448,170780,170800,Block,Cycles,384.5, ,,0,Y,06/22/2014 12:00:00 AM +0000,6/22/2014 11:34:00 AM,1,,Mid-Block (not related to intersection),Daylight,SHILSHOLE AVE NW BETWEEN 20TH AVE NW AND NW VERNON PL,0,1,,4,3591344,Dry,51,PEDALCYCLIST STRUCK MOTOR VEHICLE FRONT END AT ANGLE,,12830,0,2,Injury Collision,,45,Bicycle,Matched,N,1,Clear or Partly Cloudy,0,"(47.665083726000034, -122.38310489199995)",17202,0,N,14-199678
128461,171441,171461,Block,Cycles,127.5, ,,0,Y,07/07/2014 12:00:00 AM +0000,7/7/2014 7:06:00 PM,1,,Mid-Block (not related to intersection),Daylight,DEXTER AVE N BETWEEN GALER ST AND GARFIELD S ST,0,1,,2,3704986,Dry,51,PEDALCYCLIST STRUCK MOTOR VEHICLE FRONT END AT ANGLE,,10084,0,2,Injury Collision,,45,Bicycle,Matched,N,1,Clear or Partly Cloudy,0,"(47.632648234000044, -122.342281878)",12941,0,N,14-219846
128510,171997,172017,Block,Cycles,112, ,,0,Y,07/15/2014 12:00:00 AM +0000,7/15/2014 8:30:00 AM,0,,Mid-Block (not related to intersection),Daylight,WESTERN AVE W BETWEEN 2ND AVE W AND ELLIOTT ER AVE W,0,1,,2,3700296,Dry,23,"MOTOR VEHICLE STRUCK PEDALCYCLIST, LEFT SIDE SIDESWIPE",,13521,0,1,Property Damage Only Collision,,45,Bicycle,Matched,N,1,Clear or Partly Cloudy,0,"(47.619985977000056, -122.35969870899999)",19126,0,N,2014-231475
128540,174320,174340,Intersection,Cycles,0, ,,0,,08/23/2014 12:00:00 AM +0000,8/23/2014 5:49:00 PM,1,29112,At Intersection (intersection related),Daylight,BELMONT AVE E AND E ROY ST,0,1,,5,3642513,Dry,18,"MOTOR VEHICLE STRUCK PEDALCYCLIST, FRONT END AT ANGLE",,9242,0,2,Injury Collision,,45,Bicycle,Matched,N,1,Clear or Partly Cloudy,0,"(47.62511809200004, -122.32404140599999)",36113,0,N,2014-281282
128541,174319,174339,Intersection,Cycles,0, ,,0,Y,08/22/2014 12:00:00 AM +0000,8/22/2014 9:18:00 PM,1,29761,At Intersection (intersection related),Dark - Street Lights On,12TH AVE AND E MADISON ST,0,1,Y,2,3642510,Dry,51,PEDALCYCLIST STRUCK MOTOR VEHICLE FRONT END AT ANGLE,,1536,0,2,Injury Collision,,45,Bicycle,Matched,N,1,Clear or Partly Cloudy,0,"(47.61288923600006, -122.31673339099996)",22953,0,N,14-280243
128546,174316,174336,Intersection,Cycles,0, ,,0,,08/25/2014 12:00:00 AM +0000,8/25/2014 1:32:00 PM,1,28753,At Intersection (intersection related),Daylight,DEXTER AVE N AND LEE ST,0,1,,2,3588802,Dry,18,"MOTOR VEHICLE STRUCK PEDALCYCLIST, FRONT END AT ANGLE",,10083,0,2,Injury Collision,,45,Bicycle,Matched,N,1,Clear or Partly Cloudy,0,"(47.631410781000056, -122.34228891699996)",12941,0,N,14-283368
128564,174085,174105,Intersection,Cycles,0, ,,0,,08/15/2014 12:00:00 AM +0000,8/15/2014 6:00:00 PM,1,33566,At Intersection (intersection related),Daylight,35TH AVE S AND S EDMUNDS ST,0,1,,2,3699301,Dry,51,PEDALCYCLIST STRUCK MOTOR VEHICLE FRONT END AT ANGLE,,5423,1,2b,Serious Injury Collision,,45,Bicycle,Matched,N,1,Unknown,0,"(47.55866289800008, -122.28881787399996)",0,0,N,14-273129
128578,174839,174859,Block,Cycles,692.5, ,,0,,09/01/2014 12:00:00 AM +0000,9/1/2014 10:20:00 AM,1,,Driveway Junction,Daylight,HARBOR AVE SW BETWEEN SW MARYLAND PL AND CALIFORNIA WAY SW,0,1,Y,2,3571518,Dry,18,"MOTOR VEHICLE STRUCK PEDALCYCLIST, FRONT END AT ANGLE",,10814,0,2,Injury Collision,,45,Bicycle,Matched,N,1,Clear or Partly Cloudy,0,"(47.59131555300007, -122.38237552699997)",0,0,N,14-291629
128624,175504,175524,Block,Cycles,246, ,,0,Y,08/26/2014 12:00:00 AM +0000,8/26/2014 6:35:00 PM,0,,Mid-Block (not related to intersection),Daylight,WESTLAKE EAST RDWY AVE N BETWEEN HIGHLAND DR AND COMSTOCK ST,0,1,,2,3641104,Dry,54,PEDALCYCLIST STRUCK MOTOR VEHICLE REAR END,,13550,0,1,Property Damage Only Collision,,45,Bicycle,Matched,N,1,Clear or Partly Cloudy,0,"(47.630262952000066, -122.34074680299994)",0,0,N,14-285022
128666,174094,174114,Intersection,Cycles,0, ,,0,Y,08/19/2014 12:00:00 AM +0000,8/19/2014 11:40:00 PM,1,30410,At Intersection (intersection related),Dark - Street Lights On,12TH AVE AND E YESLER WAY,0,1,Y,2,3701811,Dry,18,"MOTOR VEHICLE STRUCK PEDALCYCLIST, FRONT END AT ANGLE",,1523,0,2,Injury Collision,,45,Bicycle,Matched,N,1,Clear or Partly Cloudy,0,"(47.60169336800004, -122.31678189299998)",10532,0,N,2014-276505
128720,174357,174377,Intersection,Cycles,0, ,,0,,08/27/2014 12:00:00 AM +0000,8/27/2014 5:52:00 PM,1,28531,At Intersection (intersection related),Daylight,MCGILVRA BLVD E AND E MADISON S ST,0,1,,3,2621621,Dry,51,PEDALCYCLIST STRUCK MOTOR VEHICLE FRONT END AT ANGLE,,14052,0,2,Injury Collision,,45,Bicycle,Matched,N,1,Clear or Partly Cloudy,0,"(47.63337181300005, -122.28157849399997)",34300,0,N,14-286198
128759,175740,175760,Intersection,Cycles,0, ,,0,,09/24/2014 12:00:00 AM +0000,9/24/2014 12:06:00 PM,1,29504,At Intersection (intersection related),Daylight,DENNY WAY AND FAIRVIEW AVE,0,1,,2,3583515,Wet,18,"MOTOR VEHICLE STRUCK PEDALCYCLIST, FRONT END AT ANGLE",,10019,0,2,Injury Collision,,45,Bicycle,Matched,N,1,Overcast,0,"(47.61851728800008, -122.33425488099999)",0,522949,N,14-319678
128785,176886,176906,Block,Cycles,132, ,,0,,10/02/2014 12:00:00 AM +0000,10/2/2014 3:43:00 PM,1,,Driveway Junction,Daylight,AURORA AVE N BETWEEN N 85TH ST AND N 86TH ST,0,1,Y,2,3591813,Dry,18,"MOTOR VEHICLE STRUCK PEDALCYCLIST, FRONT END AT ANGLE",,8963,0,2,Injury Collision,,45,Bicycle,Matched,N,1,Clear or Partly Cloudy,0,"(47.69092351900008, -122.34452620899998)",0,0,N,2014-329805
128799,174365,174385,Intersection,Cycles,0, ,,0,,08/26/2014 12:00:00 AM +0000,8/26/2014 7:56:00 AM,0,29863,At Intersection (intersection related),Daylight,MELROSE AVE AND PINE ST,0,1,,2,3642554,Dry,18,"MOTOR VEHICLE STRUCK PEDALCYCLIST, FRONT END AT ANGLE",,11745,0,1,Property Damage Only Collision,,45,Bicycle,Matched,N,1,Clear or Partly Cloudy,0,"(47.615238420000026, -122.32790375499997)",11518,0,N,14-284276
128832,175021,175041,Intersection,Cycles,0, ,,0,,09/10/2014 12:00:00 AM +0000,9/10/2014 7:53:00 AM,1,37430,At Intersection (intersection related),Daylight,DAYTON AVE N AND N 92ND ST,0,1,,2,3608744,Dry,18,"MOTOR VEHICLE STRUCK PEDALCYCLIST, FRONT END AT ANGLE",,9931,0,2,Injury Collision,,45,Bicycle,Matched,N,1,Overcast,0,"(47.696020184000076, -122.35266730799998)",0,0,N,2014-302499
128914,176457,176477,Intersection,Cycles,0, ,,0,,07/29/2014 12:00:00 AM +0000,7/29/2014 7:41:00 PM,1,35813,At Intersection (intersection related),Daylight,LINDEN AVE N AND N 135TH ST,0,1,Y,2,3695601,Dry,11,"MOTOR VEHICLE STRUCK MOTOR VEHICLE, FRONT END AT ANGLE",,11455,0,2,Injury Collision,,45,Bicycle,Matched,N,1,Clear or Partly Cloudy,0,"(47.726861271000075, -122.34771350799997)",40851,0,N,2014-249227
128927,174118,174138,Intersection,Cycles,0, ,,0,,07/29/2014 12:00:00 AM +0000,7/29/2014 2:13:00 PM,1,30367,At Intersection (intersection related),Daylight,ALASKAN WAY S AND S KING ST,0,1,,2,3705131,Dry,51,PEDALCYCLIST STRUCK MOTOR VEHICLE FRONT END AT ANGLE,,8739,0,2,Injury Collision,,45,Bicycle,Matched,N,1,Clear or Partly Cloudy,0,"(47.59829223200006, -122.33590723199995)",0,0,N,14-248829
128961,174868,174888,Block,Cycles,127.5, ,,0,,09/02/2014 12:00:00 AM +0000,9/2/2014 11:50:00 AM,1,,Mid-Block (not related to intersection),Daylight,6TH AVE BETWEEN OLIVE WAY AND STEWART ST,0,1,Y,2,3588763,Dry,18,"MOTOR VEHICLE STRUCK PEDALCYCLIST, FRONT END AT ANGLE",,7886,0,2,Injury Collision,,45,Bicycle,Matched,N,1,Clear or Partly Cloudy,0,"(47.61337526800003, -122.33664679399999)",25430,0,N,14-292852
128972,174685,174705,Intersection,Cycles,0, ,,0,Y,09/01/2014 12:00:00 AM +0000,9/1/2014 10:41:00 PM,1,36585,At Intersection (intersection related),Dark - Street Lights On,CORLISS AVE N AND N NORTHGATE WAY,0,1,,2,3562221,Dry,18,"MOTOR VEHICLE STRUCK PEDALCYCLIST, FRONT END AT ANGLE",,16120,0,2,Injury Collision,,45,Bicycle,Matched,N,1,Clear or Partly Cloudy,0,"(47.70864592500004, -122.33131365399998)",0,525659,N,14-292344
128973,174684,174704,Intersection,Cycles,0, ,,0,,09/04/2014 12:00:00 AM +0000,9/4/2014 11:49:00 AM,1,24581,At Intersection (intersection related),Daylight,EAST GREEN LAKE DR N AND NE RAVENNA EB BV,0,1,,2,3553107,Dry,18,"MOTOR VEHICLE STRUCK PEDALCYCLIST, FRONT END AT ANGLE",,14056,0,2,Injury Collision,,45,Bicycle,Matched,N,1,Clear or Partly Cloudy,0,"(47.679817015000026, -122.32571289799995)",0,631431,N,14-295319
128992,175766,175786,Intersection,Cycles,0, ,,0,Y,09/23/2014 12:00:00 AM +0000,9/23/2014 1:41:00 PM,1,29601,At Intersection (intersection related),Daylight,3RD AVE AND UNIVERSITY ST,0,1,,2,3641116,Wet,18,"MOTOR VEHICLE STRUCK PEDALCYCLIST, FRONT END AT ANGLE",,4382,0,2,Injury Collision,,45,Bicycle,Matched,N,1,Raining,0,"(47.60776317700004, -122.33597579399998)",35841,0,N,14-318632
129075,174126,174146,Intersection,Cycles,0, ,,0,,08/07/2014 12:00:00 AM +0000,8/7/2014 6:14:00 PM,1,26710,At Intersection (intersection related),Daylight,9TH AVE NW AND NW 45TH ST,0,1,,2,3706316,Dry,18,"MOTOR VEHICLE STRUCK PEDALCYCLIST, FRONT END AT ANGLE",,8563,0,2,Injury Collision,,45,Bicycle,Matched,N,1,Clear or Partly Cloudy,0,"(47.66146692900003, -122.36861555399997)",0,630875,N,14-261112
129081,175042,175062,Intersection,Cycles,0, ,,0,,09/10/2014 12:00:00 AM +0000,9/10/2014 5:23:00 PM,1,30732,At Intersection (intersection related),Daylight,22ND AVE AND E YESLER WAY,0,1,,3,3705290,Dry,51,PEDALCYCLIST STRUCK MOTOR VEHICLE FRONT END AT ANGLE,,3220,0,2,Injury Collision,,45,Bicycle,Matched,N,1,Clear or Partly Cloudy,0,"(47.60166927600005, -122.30373893499996)",10042,0,N,2014-303112
129102,174383,174403,Intersection,Cycles,0, ,,0,,08/25/2014 12:00:00 AM +0000,8/25/2014 3:30:00 PM,1,33108,At Intersection (intersection related),Daylight,AIRPORT WAY S AND CORSON AVE S,0,1,,3,3699478,Dry,18,"MOTOR VEHICLE STRUCK PEDALCYCLIST, FRONT END AT ANGLE",,8691,0,2,Injury Collision,,45,Bicycle,Matched,N,1,Clear or Partly Cloudy,0,"(47.55208187900007, -122.31975399399994)",0,522394,N,2014-283485
129103,174382,174402,Intersection,Cycles,0, ,,0,,08/25/2014 12:00:00 AM +0000,8/25/2014 3:46:00 PM,1,33108,At Intersection (intersection related),Daylight,AIRPORT WAY S AND CORSON AVE S,0,1,,3,3699431,Dry,24,MOTOR VEHCILE STRUCK PEDESTRIAN,,8691,0,2,Injury Collision,,45,Bicycle,Matched,N,1,Clear or Partly Cloudy,0,"(47.55208187900007, -122.31975399399994)",0,522394,N,14-283511
129169,176260,176280,Block,Cycles,154.5, ,,0,,08/02/2014 12:00:00 AM +0000,8/2/2014 8:57:00 AM,1,,Mid-Block (not related to intersection),Daylight,ALASKAN WAY BETWEEN WALL ST AND VINE ST,0,1,Y,2,2599444,Wet,18,"MOTOR VEHICLE STRUCK PEDALCYCLIST, FRONT END AT ANGLE",,8731,0,2,Injury Collision,,45,Bicycle,Matched,N,1,Clear or Partly Cloudy,0,"(47.613073246000056, -122.35167784699996)",20821,0,N,14-033234
129233,174698,174718,Intersection,Cycles,0, ,,0,,09/04/2014 12:00:00 AM +0000,9/4/2014 5:38:00 PM,1,29552,At Intersection (intersection related),Daylight,7TH AVE AND STEWART ST,0,1,Y,2,3641403,Dry,18,"MOTOR VEHICLE STRUCK PEDALCYCLIST, FRONT END AT ANGLE",,8161,0,2,Injury Collision,,45,Bicycle,Matched,N,1,Clear or Partly Cloudy,0,"(47.61428794700004, -122.33615476799997)",37031,0,N,14-295685
129247,175781,175801,Intersection,Cycles,0, ,,0,,09/22/2014 12:00:00 AM +0000,9/22/2014 8:31:00 AM,0,27153,At Intersection (intersection related),Daylight,EASTLAKE AVE E AND FUHRMAN AVE E,0,1,,2,3642766,Wet,51,PEDALCYCLIST STRUCK MOTOR VEHICLE FRONT END AT ANGLE,,10579,0,1,Property Damage Only Collision,,45,Bicycle,Matched,N,1,Raining,0,"(47.65157827200005, -122.32127525699997)",6078,0,N,2014-317085
129276,175943,175963,Block,Cycles,326.5, ,,0,,09/25/2014 12:00:00 AM +0000,9/25/2014 9:00:00 AM,0,,Driveway Junction,Daylight,BROOKLYN AVE NE BETWEEN NE BOAT ST AND NE PACIFIC ST,0,1,,2,3695998,Wet,18,"MOTOR VEHICLE STRUCK PEDALCYCLIST, FRONT END AT ANGLE",,9474,0,1,Property Damage Only Collision,,45,Bicycle,Matched,N,1,Raining,0,"(47.652702530000056, -122.31451186799995)",10739,0,N,14-320666
129292,176929,176949,Intersection,Cycles,0, ,,0,,10/02/2014 12:00:00 AM +0000,10/2/2014 7:11:00 PM,1,24242,At Intersection (intersection related),Dark - Street Lights On,WINONA AVE N AND WEST GREEN LAKE DR N,0,1,,2,3591789,Dry,18,"MOTOR VEHICLE STRUCK PEDALCYCLIST, FRONT END AT ANGLE",,8866,1,2b,Serious Injury Collision,,45,Bicycle,Matched,N,1,Clear or Partly Cloudy,0,"(47.68513193200005, -122.33908871699998)",27881,0,N,14-330064
129324,174394,174414,Intersection,Cycles,0, ,,0,Y,08/24/2014 12:00:00 AM +0000,8/24/2014 1:53:00 PM,1,29968,At Intersection (intersection related),Daylight,2ND AVE AND MARION ST,0,1,Y,2,3705093,Dry,18,"MOTOR VEHICLE STRUCK PEDALCYCLIST, FRONT END AT ANGLE",,2752,0,2,Injury Collision,,45,Bicycle,Matched,N,1,Clear or Partly Cloudy,0,"(47.60444646500008, -122.33447723499995)",12103,0,N,14-282233
129366,175340,175360,Block,Cycles,328.5, ,,0,,09/05/2014 12:00:00 AM +0000,9/5/2014 5:30:00 PM,1,,Mid-Block (not related to intersection),Daylight,3RD AVE NW BETWEEN NW 62ND ST AND NW 65TH ST,0,1,,4,3576638,Dry,18,"MOTOR VEHICLE STRUCK PEDALCYCLIST, FRONT END AT ANGLE",,4460,0,2,Injury Collision,,45,Bicycle,Matched,N,1,Clear or Partly Cloudy,0,"(47.67510648900003, -122.36077430199998)",33534,0,N,14-298160
129399,176511,176531,Intersection,Cycles,0, ,,0,Y,10/02/2014 12:00:00 AM +0000,10/2/2014 12:11:00 PM,0,29861,At Intersection (intersection related),Daylight,CRAWFORD PL AND E PINE ST,0,1,,2,3642888,Dry,51,PEDALCYCLIST STRUCK MOTOR VEHICLE FRONT END AT ANGLE,,9853,0,1,Property Damage Only Collision,,45,Bicycle,Matched,N,1,Clear or Partly Cloudy,0,"(47.61521476100006, -122.32618642899996)",10348,0,N,14-329536
129432,176933,176953,Intersection,Cycles,0, ,,0,,10/04/2014 12:00:00 AM +0000,10/4/2014 12:30:00 PM,0,30304,At Intersection (intersection related),Daylight,33RD AVE AND E COLUMBIA ST,0,1,,2,3642708,Dry,51,PEDALCYCLIST STRUCK MOTOR VEHICLE FRONT END AT ANGLE,,5105,0,1,Property Damage Only Collision,,45,Bicycle,Matched,N,1,Clear or Partly Cloudy,0,"(47.60926581100006, -122.29045197399995)",0,0,N,14-332183
129441,176930,176950,Intersection,Cycles,0, ,,0,Y,10/06/2014 12:00:00 AM +0000,10/6/2014 9:47:00 AM,1,24431,At Intersection (intersection related),Daylight,ROOSEVELT WAY NE AND NE 75TH ST,0,1,,2,3591792,Dry,18,"MOTOR VEHICLE STRUCK PEDALCYCLIST, FRONT END AT ANGLE",,12626,0,2,Injury Collision,,45,Bicycle,Matched,N,1,Clear or Partly Cloudy,0,"(47.68311118200006, -122.317489508)",0,522365,N,2014-334258
129477,174895,174915,Block,Cycles,298, ,,0,,09/09/2014 12:00:00 AM +0000,9/9/2014 4:19:00 PM,1,,Mid-Block (not related to intersection),Daylight,S JACKSON ST BETWEEN 10TH AVE S AND 12TH AVE S,0,1,,1,3593963,Dry,29,MOTOR VEHICLE OVERTURNED IN ROAD,,20493,0,2,Injury Collision,,45,Bicycle,Matched,N,0,Clear or Partly Cloudy,0,"(47.59918655700005, -122.31843273799996)",24479,0,N,14-301806
129549,176753,176773,Block,Cycles,213, ,,0,,10/06/2014 12:00:00 AM +0000,10/6/2014 7:30:00 AM,1,,Driveway Junction,Daylight,2ND AVE BETWEEN UNION ST AND PIKE ST,0,1,,2,3584148,Dry,18,"MOTOR VEHICLE STRUCK PEDALCYCLIST, FRONT END AT ANGLE",,2757,0,2,Injury Collision,,45,Bicycle,Matched,N,1,Clear or Partly Cloudy,0,"(47.60878749200003, -122.33844845799996)",42160,0,N,14-334146
129584,173709,173729,Block,Cycles,213, ,,0,,08/14/2014 12:00:00 AM +0000,8/14/2014 5:10:00 PM,1,,Mid-Block (not related to intersection),Daylight,4TH AVE BETWEEN UNION ST AND PIKE ST,0,1,,2,3584044,Dry,51,PEDALCYCLIST STRUCK MOTOR VEHICLE FRONT END AT ANGLE,,6130,1,2b,Serious Injury Collision,,45,Bicycle,Matched,N,1,Clear or Partly Cloudy,0,"(47.60971641300006, -122.33622826899995)",12755,0,N,14-269711
129612,174207,174227,Intersection,Cycles,0, ,,0,Y,08/22/2014 12:00:00 AM +0000,8/22/2014 6:14:00 PM,1,24291,At Intersection (intersection related),Daylight,GREENWOOD AVE N AND N 79TH ST,0,1,,3,3572711,Dry,51,PEDALCYCLIST STRUCK MOTOR VEHICLE FRONT END AT ANGLE,,10746,0,2,Injury Collision,,45,Bicycle,Matched,N,1,Clear or Partly Cloudy,0,"(47.686215109000045, -122.35529915999996)",4491,0,N,2014-280044
129643,174422,174442,Block,Cycles,161, ,,0,Y,08/26/2014 12:00:00 AM +0000,8/26/2014 12:10:00 PM,1,,Mid-Block (but intersection related),Daylight,VIRGINIA ST BETWEEN 7TH AVE AND 8TH AVE,0,1,,2,3584908,Dry,54,PEDALCYCLIST STRUCK MOTOR VEHICLE REAR END,,13317,0,2,Injury Collision,,45,Bicycle,Matched,N,1,Clear or Partly Cloudy,0,"(47.61538794900008, -122.33702606099996)",14311,0,N,14-284518
129672,175644,175664,Intersection,Cycles,0, ,,0,,09/22/2014 12:00:00 AM +0000,9/22/2014 5:17:00 PM,0,30423,At Intersection (intersection related),Daylight,12TH AVE S AND S MAIN ST,0,1,,2,3585591,Dry,51,PEDALCYCLIST STRUCK MOTOR VEHICLE FRONT END AT ANGLE,,1653,0,1,Property Damage Only Collision,,45,Bicycle,Matched,N,1,Clear or Partly Cloudy,0,"(47.600014558000055, -122.31722977699997)",34821,0,N,2014-317898
129673,176530,176550,Block,Cycles,328.5, ,,0,Y,09/23/2014 12:00:00 AM +0000,9/23/2014 10:14:00 PM,1,,Mid-Block (not related to intersection),Dark - Street Lights On,CALIFORNIA AVE SW BETWEEN SW COLLEGE ST AND SW ADMIRAL WAY,0,1,,2,3386346,Wet,56,PEDALCYCLIST STRUCK MOTOR VEHICLE LEFT SIDE SIDESWIPE,,9539,0,2,Injury Collision,,45,Bicycle,Matched,N,1,Raining,0,"(47.58209667400007, -122.38651233599995)",32696,0,N,2014-319178
129684,175385,175405,Block,Cycles,105, ,,0,,07/31/2014 12:00:00 AM +0000,7/31/2014 11:40:00 AM,1,,Driveway Junction,Daylight,RAINIER AVE S BETWEEN S WALKER ST AND S COLLEGE N ST,0,1,Y,2,3705363,Dry,18,"MOTOR VEHICLE STRUCK PEDALCYCLIST, FRONT END AT ANGLE",,12360,0,2,Injury Collision,,45,Bicycle,Matched,N,1,Clear or Partly Cloudy,0,"(47.583402041000056, -122.30200503499998)",0,0,N,14-252613
129705,176960,176980,Intersection,Cycles,0, ,,0,,10/04/2014 12:00:00 AM +0000,10/4/2014 4:50:00 PM,0,35575,At Intersection (intersection related),Daylight,53RD AVE S AND LAKE WASHINGTON BLVD S,0,1,,2,3693751,Dry,21,"MOTOR VEHICLE STRUCK PEDALCYCLIST, REAR END",,7623,0,1,Property Damage Only Collision,,45,Bicycle,Matched,N,1,Clear or Partly Cloudy,0,"(47.56159252400005, -122.266947115)",38134,0,N,14-332408
129707,176958,176978,Intersection,Cycles,0, ,,0,,10/06/2014 12:00:00 AM +0000,10/6/2014 4:41:00 PM,1,33303,At Intersection (intersection related),Daylight,24TH AVE S AND S COLUMBIAN WAY,0,1,,2,3693637,Dry,51,PEDALCYCLIST STRUCK MOTOR VEHICLE FRONT END AT ANGLE,,3645,0,2,Injury Collision,,45,Bicycle,Matched,N,1,Clear or Partly Cloudy,0,"(47.55983480500004, -122.30311153799994)",8636,0,N,2014-334735
129759,174911,174931,Block,Cycles,213, ,,0,Y,08/22/2014 12:00:00 AM +0000,8/22/2014 9:46:00 AM,1,,Driveway Junction,Daylight,QUEEN ANNE AVE N BETWEEN JOHN ST AND THOMAS ST,0,1,Y,2,3705085,Dry,51,PEDALCYCLIST STRUCK MOTOR VEHICLE FRONT END AT ANGLE,,12295,0,2,Injury Collision,,45,Bicycle,Matched,N,1,Clear or Partly Cloudy,0,"(47.620355765000056, -122.35674263399994)",12314,0,N,14-279388
129776,175397,175417,Intersection,Cycles,0, ,,0,,09/15/2014 12:00:00 AM +0000,9/15/2014 10:00:00 AM,2,29256,At Intersection (intersection related),Daylight,26TH AVE E AND E MADISON ST,1,1,,2,3606317,Dry,64,PEDALCYCLIST STRUCK PEDESTRIAN,,3843,0,2,Injury Collision,,45,Bicycle,Matched,N,0,Clear or Partly Cloudy,0,"(47.62200681600007, -122.29835907999995)",34580,0,N,14-308711
129794,174918,174938,Intersection,Cycles,0, ,,0,,09/04/2014 12:00:00 AM +0000,9/4/2014 11:30:00 AM,1,29826,At Intersection (intersection related),Daylight,12TH AVE AND E ALDER ST,0,1,,2,3593962,Unknown,18,"MOTOR VEHICLE STRUCK PEDALCYCLIST, FRONT END AT ANGLE",,1526,0,2,Injury Collision,,45,Bicycle,Matched,N,1,Unknown,0,"(47.604360385000064, -122.31678113299995)",10590,0,N,14-300247
129814,176787,176807,Block,Cycles,39.5, ,,0,Y,10/04/2014 12:00:00 AM +0000,10/4/2014 10:22:00 AM,0,,Mid-Block (but intersection related),Daylight,SW CAMBRIDGE ST BETWEEN 17TH AVE SW AND DELRIDGE WAY SW,0,1,,2,2896188,Dry,18,"MOTOR VEHICLE STRUCK PEDALCYCLIST, FRONT END AT ANGLE",,21922,0,1,Property Damage Only Collision,,45,Bicycle,Matched,N,1,Clear or Partly Cloudy,0,"(47.51919636100007, -122.35664862599998)",0,0,N,14-332061
129850,173995,174015,Intersection,Cycles,0, ,,0,,08/14/2014 12:00:00 AM +0000,8/14/2014 4:00:00 PM,1,26684,At Intersection (intersection related),Daylight,6TH AVE W AND W NICKERSON ST,0,1,,2,3696355,Dry,51,PEDALCYCLIST STRUCK MOTOR VEHICLE FRONT END AT ANGLE,,8049,0,2,Injury Collision,,45,Bicycle,Matched,N,1,Clear or Partly Cloudy,0,"(47.651637513000026, -122.36446199)",12512,0,N,14-269621
129851,173993,174013,Intersection,Cycles,0, ,,0,,08/14/2014 12:00:00 AM +0000,8/14/2014 7:53:00 PM,1,37733,At Intersection (intersection related),Daylight,LAKE CITY WAY NE AND NE 95TH ST,0,1,,3,3696004,Dry,18,"MOTOR VEHICLE STRUCK PEDALCYCLIST, FRONT END AT ANGLE",,11159,0,2,Injury Collision,,45,Bicycle,Matched,N,1,Clear or Partly Cloudy,0,"(47.69756885600003, -122.30546672499997)",0,524607,N,2014-269897