OBJECTID,INCKEY,COLDETKEY,ADDRTYPE,COLLISIONTYPE,DISTANCE,EXCEPTRSNCODE,EXCEPTRSNDESC,FATALITIES,INATTENTIONIND,INCDATE,INCDTTM,INJURIES,INTKEY,JUNCTIONTYPE,LIGHTCOND,LOCATION,PEDCOUNT,PEDCYLCOUNT,PEDROWNOTGRNT,PERSONCOUNT,REPORTNO,ROADCOND,SDOT_COLCODE,SDOT_COLDESC,SDOTCOLNUM,SEGKEY,SERIOUSINJURIES,SEVERITYCODE,SEVERITYDESC,SPEEDING,ST_COLCODE,ST_COLDESC,STATUS,UNDERINFL,VEHCOUNT,WEATHER,WIDTH,Shape,SEGLANEKEY,CROSSWALKKEY,HITPARKEDCAR,SPDCASENO
129864,173723,173743,Intersection,Cycles,0, ,,0,Y,08/14/2014 12:00:00 AM +0000,8/14/2014 5:36:00 PM,1,30436,At Intersection (intersection related),Daylight,12TH AVE S AND S WELLER ST,0,2,,3,3642477,Dry,14,"MOTOR VEHICLE STRUCK MOTOR VEHICLE, REAR END",,21537,0,2,Injury Collision,,45,Bicycle,Matched,N,1,Clear or Partly Cloudy,0,"(47.59749957200006, -122.31722672699999)",16241,0,N,14-269755
129869,176984,177004,Block,Cycles,121.5,NEI,"Not Enough Information, or Insufficient Location Information",0,Y,10/01/2014 12:00:00 AM +0000,10/1/2014 8:20:00 AM,1,,Mid-Block (not related to intersection),Daylight,8TH AVE NW BETWEEN NW 44TH ST AND NW 45TH ST,0,1,,2,3586245,Dry,18,"MOTOR VEHICLE STRUCK PEDALCYCLIST, FRONT END AT ANGLE",,8373,0,2,Injury Collision,,45,Bicycle,Matched,N,1,Clear or Partly Cloudy,0,"(47.661127168000064, -122.36616500699995)",2291,0,N,2014-328044
129873,174451,174471,Intersection,Cycles,0, ,,0,,08/26/2014 12:00:00 AM +0000,8/26/2014 5:15:00 PM,0,26848,At Intersection (intersection related),Daylight,STONE WAY N AND N 40TH ST,0,1,,2,3700492,Dry,51,PEDALCYCLIST STRUCK MOTOR VEHICLE FRONT END AT ANGLE,,12961,0,1,Property Damage Only Collision,,45,Bicycle,Matched,N,1,Clear or Partly Cloudy,0,"(47.65538287600003, -122.34243924099997)",6322,0,N,14-284910
129875,175402,175422,Intersection,Cycles,0, ,,0,Y,09/14/2014 12:00:00 AM +0000,9/14/2014 11:49:00 AM,1,28403,At Intersection (intersection related),Daylight,24TH AVE E AND E MILLER ST,0,1,,3,3672984,Dry,18,"MOTOR VEHICLE STRUCK PEDALCYCLIST, FRONT END AT ANGLE",,3556,0,2,Injury Collision,,45,Bicycle,Matched,N,1,Clear or Partly Cloudy,0,"(47.64171803000005, -122.30205864599998)",22289,0,N,14-307663
129881,175178,175198,Block,Cycles,213, ,,0,,09/03/2014 12:00:00 AM +0000,9/3/2014 7:50:00 PM,1,,Mid-Block (but intersection related),Dusk,7TH AVE BETWEEN PIKE ST AND PINE ST,0,1,,3,3588809,Dry,11,"MOTOR VEHICLE STRUCK MOTOR VEHICLE, FRONT END AT ANGLE",,8158,0,2,Injury Collision,,45,Bicycle,Matched,N,1,Clear or Partly Cloudy,0,"(47.61210222900007, -122.33380703999995)",37081,0,N,14-294645
129883,175177,175197,Block,Cycles,88.5, ,,0,,09/11/2014 12:00:00 AM +0000,9/11/2014 1:29:00 PM,1,,Mid-Block (but intersection related),Daylight,BEACON ER AVE S BETWEEN S ANGELINE ST AND S COLUMBIAN WAY,0,1,,3,3587368,Dry,18,"MOTOR VEHICLE STRUCK PEDALCYCLIST, FRONT END AT ANGLE",,166925,0,2,Injury Collision,,45,Bicycle,Matched,N,1,Clear or Partly Cloudy,0,"(47.55987646800003, -122.30445987299998)",15929,0,N,2014-304048
129913,176151,176171,Intersection,Cycles,0, ,,0,,09/27/2014 12:00:00 AM +0000,9/27/2014 2:05:00 PM,1,29577,At Intersection (intersection related),Daylight,5TH AVE AND PINE ST,0,1,,2,3584116,Dry,18,"MOTOR VEHICLE STRUCK PEDALCYCLIST, FRONT END AT ANGLE",,7239,0,2,Injury Collision,,45,Bicycle,Matched,N,1,Clear or Partly Cloudy,0,"(47.61167201000006, -122.33648396599995)",21832,0,N,2014-323622
129939,175409,175429,Intersection,Cycles,0, ,,0,,09/16/2014 12:00:00 AM +0000,9/16/2014 8:48:00 AM,1,27043,At Intersection (intersection related),Daylight,TROLL AVE N AND N 34TH ST,0,1,,2,3695809,Dry,51,PEDALCYCLIST STRUCK MOTOR VEHICLE FRONT END AT ANGLE,,9002,0,2,Injury Collision,,45,Bicycle,Matched,N,1,Overcast,0,"(47.64924012200004, -122.34741874299999)",8816,0,N,14-309955
130000,174481,174501,Intersection,Cycles,0, ,,0,,08/28/2014 12:00:00 AM +0000,8/28/2014 7:08:00 AM,1,27093,At Intersection (intersection related),Daylight,ROOSEVELT WAY NE AND NE 42ND S ST,0,1,Y,3,3695915,Dry,51,PEDALCYCLIST STRUCK MOTOR VEHICLE FRONT END AT ANGLE,,12595,0,2,Injury Collision,,45,Bicycle,Matched,N,1,Clear or Partly Cloudy,0,"(47.65751422500006, -122.31780212899997)",8985,0,N,14-286795
130002,174479,174499,Intersection,Cycles,0, ,,0,,08/28/2014 12:00:00 AM +0000,8/28/2014 9:50:00 AM,0,29053,At Intersection (intersection related),Daylight,10TH AVE E AND E JOHN ST,0,1,Y,2,3606316,Dry,18,"MOTOR VEHICLE STRUCK PEDALCYCLIST, FRONT END AT ANGLE",,1198,0,1,Property Damage Only Collision,,45,Bicycle,Matched,N,1,Overcast,0,"(47.61991720000003, -122.31953929199994)",35215,0,N,14-286959
130067,177253,177273,Intersection,Cycles,0, ,,0,Y,10/09/2014 12:00:00 AM +0000,10/9/2014 8:06:00 PM,1,29653,At Intersection (intersection related),Dark - Street Lights On,5TH AVE AND DENNY WAY,0,1,,5,3696242,Dry,51,PEDALCYCLIST STRUCK MOTOR VEHICLE FRONT END AT ANGLE,,7250,0,2,Injury Collision,,45,Bicycle,Matched,N,1,Clear or Partly Cloudy,0,"(47.61857115500004, -122.34762113899995)",41816,0,N,14-338522
130077,177038,177058,Intersection,Cycles,0, ,,0,,10/10/2014 12:00:00 AM +0000,10/10/2014 8:06:00 PM,2,23872,At Intersection (intersection related),Dark - Street Lights On,24TH AVE NW AND NW 80TH ST,0,2,Y,3,3577045,Dry,18,"MOTOR VEHICLE STRUCK PEDALCYCLIST, FRONT END AT ANGLE",,3606,0,2,Injury Collision,,45,Bicycle,Matched,N,1,Overcast,0,"(47.68680276500004, -122.38759276999997)",0,520932,N,14-339772
130117,174803,174823,Intersection,Cycles,0, ,,0,,09/03/2014 12:00:00 AM +0000,9/3/2014 3:01:00 PM,1,36602,At Intersection (intersection related),Daylight,30TH AVE NE AND NE 125TH ST,0,1,,2,3702917,Dry,18,"MOTOR VEHICLE STRUCK PEDALCYCLIST, FRONT END AT ANGLE",,4633,0,2,Injury Collision,,45,Bicycle,Matched,N,1,Clear or Partly Cloudy,0,"(47.71928489100003, -122.29631399599998)",0,524529,N,2014-294307
130156,175852,175872,Intersection,Cycles,0, ,,0,,09/23/2014 12:00:00 AM +0000,9/23/2014 5:46:00 PM,1,25482,At Intersection (intersection related),Daylight,KENWOOD PL N AND EAST GREEN LAKE WAY N,0,1,Y,2,3703270,Wet,18,"MOTOR VEHICLE STRUCK PEDALCYCLIST, FRONT END AT ANGLE",,14074,0,2,Injury Collision,,45,Bicycle,Matched,N,1,Raining,0,"(47.672184092000066, -122.33762007199999)",0,524207,N,14-318948
130215,176583,176603,Block,Cycles,153, ,,0,,08/03/2014 12:00:00 AM +0000,8/3/2014 11:31:00 AM,1,,Mid-Block (not related to intersection),Daylight,3RD AVE BETWEEN WALL ST AND VINE ST,0,1,,0,E346362,Dry,21,"MOTOR VEHICLE STRUCK PEDALCYCLIST, REAR END",,4392,0,2,Injury Collision,,45,Bicycle,Matched,N,1,Clear or Partly Cloudy,0,"(47.61630150600007, -122.34749461599995)",35635,0,N,140256825
130225,176363,176383,Block,Cycles,211.5, ,,0,Y,10/01/2014 12:00:00 AM +0000,10/1/2014 4:30:00 PM,1,,Mid-Block (not related to intersection),Daylight,FAIRVIEW AVE N BETWEEN THOMAS ST AND HARRISON ST,0,1,,2,3591031,Dry,51,PEDALCYCLIST STRUCK MOTOR VEHICLE FRONT END AT ANGLE,,10347,0,2,Injury Collision,,45,Bicycle,Matched,N,1,Clear or Partly Cloudy,0,"(47.621418160000076, -122.33427101199999)",25099,0,N,14-328867
130239,177069,177089,Intersection,Cycles,0, ,,0,Y,10/12/2014 12:00:00 AM +0000,10/12/2014 12:06:00 PM,1,25415,At Intersection (intersection related),Daylight,15TH AVE NW AND NW 56TH ST,0,1,,3,3588829,Dry,18,"MOTOR VEHICLE STRUCK PEDALCYCLIST, FRONT END AT ANGLE",,2103,0,2,Injury Collision,,45,Bicycle,Matched,N,1,Clear or Partly Cloudy,0,"(47.66944247300006, -122.37621377399995)",0,0,N,14-341593
130247,174043,174063,Intersection,Cycles,0, ,,0,Y,08/19/2014 12:00:00 AM +0000,8/19/2014 7:28:00 PM,1,36693,At Intersection (intersection related),Daylight,20TH AVE NE AND NE 125TH ST,0,1,,2,3696007,Dry,51,PEDALCYCLIST STRUCK MOTOR VEHICLE FRONT END AT ANGLE,,3003,0,2,Injury Collision,,45,Bicycle,Matched,N,1,Clear or Partly Cloudy,0,"(47.71936523200003, -122.30727176399995)",7908,0,N,14-276286
130279,174537,174557,Intersection,Cycles,0, ,,1,,08/29/2014 12:00:00 AM +0000,8/29/2014 8:46:00 AM,0,29603,At Intersection (intersection related),Daylight,2ND AVE AND UNIVERSITY ST,0,1,,3,3588758,Dry,18,"MOTOR VEHICLE STRUCK PEDALCYCLIST, FRONT END AT ANGLE",,2756,0,3,Fatality Collision,,45,Bicycle,Matched,N,1,Clear or Partly Cloudy,0,"(47.60729905800008, -122.33708679799997)",12162,0,N,14-288179
130286,175222,175242,Block,Cycles,154, ,,0,Y,08/14/2014 12:00:00 AM +0000,8/14/2014 6:31:00 PM,1,,Mid-Block (not related to intersection),Daylight,FREMONT AVE N BETWEEN N 34TH ST AND FREMONT PL N,0,1,,2,3702914,Dry,51,PEDALCYCLIST STRUCK MOTOR VEHICLE FRONT END AT ANGLE,,10485,0,2,Injury Collision,,45,Bicycle,Matched,N,1,Overcast,0,"(47.650009011000066, -122.34979103399996)",8236,0,N,2014-269809
130294,174967,174987,Block,Cycles,95.5, ,,0,Y,09/01/2014 12:00:00 AM +0000,9/1/2014 2:20:00 PM,1,,Mid-Block (not related to intersection),,EAST GREEN LAKE WAY N BETWEEN 4TH AVE NE AND NE RAVENNA SR BV,0,1,,2,3582642,Dry,18,"MOTOR VEHICLE STRUCK PEDALCYCLIST, FRONT END AT ANGLE",,14083,0,2,Injury Collision,,45,Bicycle,Matched,N,1,Clear or Partly Cloudy,0,"(47.67871258200006, -122.32652875699995)",7410,0,N,14-291852
130332,176204,176224,Block,Cycles,113, ,,0,,09/03/2014 12:00:00 AM +0000,9/3/2014 5:30:00 PM,1,,Mid-Block (not related to intersection),Daylight,UNIVERSITY WAY NE BETWEEN NE CAMPUS WB PY AND NE 41ST ST,0,1,,2,3706342,Dry,51,PEDALCYCLIST STRUCK MOTOR VEHICLE FRONT END AT ANGLE,,13218,0,2,Injury Collision,,45,Bicycle,Matched,N,1,Clear or Partly Cloudy,0,"(47.65652344700004, -122.31325415999999)",5673,0,N,14-294485
130342,175883,175903,Block,Cycles,40.5, ,,0,,09/17/2014 12:00:00 AM +0000,9/17/2014 7:40:00 AM,2,,Mid-Block (not related to intersection),,7TH AVE BETWEEN DEXTER AVE AND BATTERY ST,0,2,,2,3705095,,58,PEDALCYCLIST STRUCK PEDALCYCLIST FRONT END AT ANGLE,,166563,0,2,Injury Collision,,45,Bicycle,Matched,N,0,,0,"(47.61805889200008, -122.34253044599996)",13733,0,N,2014-311317
130383,177076,177096,Intersection,Cycles,0, ,,0,,10/10/2014 12:00:00 AM +0000,10/10/2014 5:33:00 PM,1,29839,At Intersection (intersection related),Daylight,12TH AVE AND E SPRUCE ST,0,1,,2,3642931,Dry,18,"MOTOR VEHICLE STRUCK PEDALCYCLIST, FRONT END AT ANGLE",,1525,0,2,Injury Collision,,45,Bicycle,Matched,N,1,Clear or Partly Cloudy,0,"(47.60351416000003, -122.31678152399996)",10576,0,N,2014-339620
130400,174299,174319,Intersection,Cycles,0, ,,0,,08/25/2014 12:00:00 AM +0000,8/25/2014 1:34:00 PM,1,37172,At Intersection (intersection related),Daylight,3RD AVE NW AND NW 87TH N ST,0,1,Y,2,3466837,Dry,51,PEDALCYCLIST STRUCK MOTOR VEHICLE FRONT END AT ANGLE,,4480,0,2,Injury Collision,,45,Bicycle,Matched,N,1,Clear or Partly Cloudy,0,"(47.69244889600003, -122.360662247)",28425,0,N,14-283379
130413,174824,174844,Block,Cycles,213, ,,0,Y,08/20/2014 12:00:00 AM +0000,8/20/2014 7:15:00 AM,1,,Mid-Block (not related to intersection),Daylight,12TH AVE E BETWEEN E DENNY WAY AND E JOHN ST,0,1,,2,3672243,Dry,18,"MOTOR VEHICLE STRUCK PEDALCYCLIST, FRONT END AT ANGLE",,1550,0,2,Injury Collision,,45,Bicycle,Matched,N,1,Overcast,0,"(47.61935121000005, -122.31691908399995)",10874,0,N,14-276763
130499,176620,176640,Block,Cycles,245.5, ,,0,Y,09/23/2014 12:00:00 AM +0000,9/23/2014 7:56:00 AM,1,,Mid-Block (not related to intersection),Daylight,DEXTER AVE N BETWEEN WHEELER ST AND HALLADAY ST,0,1,,2,3591001,Dry,51,PEDALCYCLIST STRUCK MOTOR VEHICLE FRONT END AT ANGLE,,10093,0,2,Injury Collision,,45,Bicycle,Matched,N,1,Overcast,0,"(47.64157769800005, -122.34467325099996)",13853,0,N,14-318230
130544,174057,174077,Intersection,Cycles,0, ,,0,,08/08/2014 12:00:00 AM +0000,8/8/2014 3:14:00 PM,1,32694,At Intersection (intersection related),Daylight,34TH AVE S AND S DAKOTA ST,0,1,,2,3699292,Dry,18,"MOTOR VEHICLE STRUCK PEDALCYCLIST, FRONT END AT ANGLE",,5274,0,2,Injury Collision,,45,Bicycle,Matched,N,1,Clear or Partly Cloudy,0,"(47.566178050000076, -122.29094097899997)",0,0,N,2014-262161
130565,176219,176239,Intersection,Cycles,0, ,,0,Y,09/30/2014 12:00:00 AM +0000,9/30/2014 7:27:00 PM,0,30114,At Intersection (intersection related),Dark - Street Lights On,20TH AVE AND E MADISON ST,0,1,,2,3642884,,11,"MOTOR VEHICLE STRUCK MOTOR VEHICLE, FRONT END AT ANGLE",,2942,0,1,Property Damage Only Collision,,45,Bicycle,Matched,N,1,Clear or Partly Cloudy,0,"(47.61726331600005, -122.30613644099998)",23081,0,N,2014-327525
130568,176217,176237,Intersection,Cycles,0, ,,0,,09/30/2014 12:00:00 AM +0000,9/30/2014 2:05:00 PM,0,28889,At Intersection (intersection related),Daylight,ROY ST AND TAYLOR AVE N,0,1,,2,3591009,Dry,51,PEDALCYCLIST STRUCK MOTOR VEHICLE FRONT END AT ANGLE,,12687,0,1,Property Damage Only Collision,,45,Bicycle,Matched,N,1,Clear or Partly Cloudy,0,"(47.62541810300007, -122.34625917399995)",11276,0,N,14-327144
130629,176857,176877,Block,Cycles,213, ,,0,,10/08/2014 12:00:00 AM +0000,10/8/2014 8:10:00 AM,1,,Driveway Junction,Daylight,2ND AVE BETWEEN UNION ST AND PIKE ST,0,1,Y,2,3696240,Dry,18,"MOTOR VEHICLE STRUCK PEDALCYCLIST, FRONT END AT ANGLE",,2757,0,2,Injury Collision,,45,Bicycle,Matched,N,1,Clear or Partly Cloudy,0,"(47.60878749200003, -122.33844845799996)",42160,0,N,2014-336528
130634,176854,176874,Block,Cycles,166.5, ,,0,,10/02/2014 12:00:00 AM +0000,10/2/2014 8:29:00 AM,1,,Mid-Block (not related to intersection),Daylight,SW THISTLE ST BETWEEN 26TH AVE SW AND 27TH AVE SW,0,1,,3,3644525,Dry,51,PEDALCYCLIST STRUCK MOTOR VEHICLE FRONT END AT ANGLE,,22891,0,2,Injury Collision,,45,Bicycle,Matched,N,1,Clear or Partly Cloudy,0,"(47.528280755000026, -122.36652818899995)",4346,0,N,14-329276
130644,178527,178567,Intersection,Cycles,0, ,,0,Y,10/01/2014 12:00:00 AM +0000,10/1/2014 6:51:00 PM,1,34911,At Intersection (intersection related),Dusk,17TH AVE SW AND SW ROXBURY ST,0,1,Y,2,2546098,Dry,24,MOTOR VEHCILE STRUCK PEDESTRIAN,,22763,0,2,Injury Collision,,45,Bicycle,Matched,N,1,Clear or Partly Cloudy,0,"(47.51736130100005, -122.35651080599996)",0,520767,N,14-262544
130699,179620,179680,Block,Cycles,153.5, ,,0,,11/20/2014 12:00:00 AM +0000,11/20/2014 8:40:00 AM,0,,Driveway Junction,Daylight,DENNY WAY BETWEEN 6TH AVE AND AURORA SB AVE N,0,1,Y,2,3585140,Wet,18,"MOTOR VEHICLE STRUCK PEDALCYCLIST, FRONT END AT ANGLE",,10008,0,1,Property Damage Only Collision,,45,Bicycle,Matched,N,1,Overcast,0,"(47.61855815700005, -122.34438586999994)",0,0,N,14-388245
130726,179020,179060,Block,Cycles,453, ,,0,Y,11/04/2014 12:00:00 AM +0000,11/4/2014 7:53:00 AM,1,,Mid-Block (not related to intersection),Daylight,HARVARD AVE E BETWEEN LAKEVIEW BLVD E AND E BOSTON ST,0,1,,2,3642290,Wet,18,"MOTOR VEHICLE STRUCK PEDALCYCLIST, FRONT END AT ANGLE",,10854,0,2,Injury Collision,,45,Bicycle,Matched,N,1,Raining,0,"(47.63714221200007, -122.32241106099997)",8271,0,N,14-369133
130729,179019,179059,Block,Cycles,254.5, ,,0,,11/05/2014 12:00:00 AM +0000,11/5/2014 9:15:00 AM,1,,Mid-Block (not related to intersection),Daylight,LAKEVIEW BLVD E BETWEEN E GARFIELD ST AND HARVARD AVE E,0,1,,4,3606321,Dry,18,"MOTOR VEHICLE STRUCK PEDALCYCLIST, FRONT END AT ANGLE",,11281,0,2,Injury Collision,,45,Bicycle,Matched,N,1,Overcast,0,"(47.63520625500007, -122.32239428099996)",8269,0,N,14-370492
130747,181496,181536,Intersection,Cycles,0, ,,0,,10/31/2014 12:00:00 AM +0000,10/31/2014 7:26:00 PM,1,27093,At Intersection (intersection related),Dark - Street Lights On,ROOSEVELT WAY NE AND NE 42ND S ST,0,1,Y,2,3645840,Wet,51,PEDALCYCLIST STRUCK MOTOR VEHICLE FRONT END AT ANGLE,,12595,0,2,Injury Collision,,45,Bicycle,Matched,N,1,Raining,0,"(47.65751422500006, -122.31780212899997)",8985,0,N,14-365161
130786,178751,178792,Intersection,Cycles,0, ,,0,,10/31/2014 12:00:00 AM +0000,10/31/2014 7:40:00 PM,1,24331,At Intersection (intersection related),Dark - Street Lights On,LINDEN AVE N AND N 71ST ST,0,1,,2,3579824,Wet,51,PEDALCYCLIST STRUCK MOTOR VEHICLE FRONT END AT ANGLE,,11416,0,2,Injury Collision,,45,Bicycle,Matched,N,1,Raining,0,"(47.680307018000065, -122.34727118499995)",10138,0,N,14-364170
130797,178548,178588,Block,Cycles,467, ,,0,,10/31/2014 12:00:00 AM +0000,10/31/2014 9:48:00 AM,1,,Mid-Block (but intersection related),Daylight,12TH AVE S BETWEEN XW S LANE ST AND GOLF DR S,0,1,,2,3606367,Wet,54,PEDALCYCLIST STRUCK MOTOR VEHICLE REAR END,,1656,0,2,Injury Collision,,45,Bicycle,Matched,N,1,Raining,0,"(47.59540739500005, -122.31726196999995)",16241,0,N,2014-364550
130800,178545,178585,Block,Cycles,332.5, ,,0,,10/31/2014 12:00:00 AM +0000,10/31/2014 5:24:00 PM,1,,Mid-Block (but intersection related),Daylight,1ST AVE S BETWEEN S KING ST AND RAILROAD N WAY S,0,1,,2,3590608,Dry,51,PEDALCYCLIST STRUCK MOTOR VEHICLE FRONT END AT ANGLE,,1189,0,2,Injury Collision,,45,Bicycle,Matched,N,1,Clear or Partly Cloudy,0,"(47.59738155900004, -122.33419171799994)",0,521026,N,14-365053
130819,178247,178267,Block,Cycles,1142, ,,0,,10/15/2014 12:00:00 AM +0000,10/15/2014 6:58:00 AM,1,,Mid-Block (not related to intersection),Daylight,EAST MARGINAL WAY S BETWEEN S STACY ST AND S HANFORD ST,0,1,,1,3583536,Wet,18,"MOTOR VEHICLE STRUCK PEDALCYCLIST, FRONT END AT ANGLE",,14384,1,2b,Serious Injury Collision,,45,Bicycle,Matched,N,0,Raining,0,"(47.57871214800008, -122.33998271099995)",4708,0,N,14-344885
130903,180464,180524,Intersection,Cycles,0, ,,0,,12/02/2014 12:00:00 AM +0000,12/2/2014 3:00:00 PM,1,30542,At Intersection (intersection related),Daylight,6TH AVE S AND S DEARBORN ST,0,1,,2,3588501,Dry,18,"MOTOR VEHICLE STRUCK PEDALCYCLIST, FRONT END AT ANGLE",,7987,0,2,Injury Collision,,45,Bicycle,Matched,N,1,Clear or Partly Cloudy,0,"(47.59583727300003, -122.32637379799996)",5806,0,N,14-400799
130908,180462,180522,Intersection,Cycles,0, ,,0,,12/02/2014 12:00:00 AM +0000,12/2/2014 5:32:00 PM,1,26877,At Intersection (intersection related),Dark - Street Lights On,DENSMORE AVE N AND N 38TH ST,0,1,,2,3586999,Dry,51,PEDALCYCLIST STRUCK MOTOR VEHICLE FRONT END AT ANGLE,,10030,0,2,Injury Collision,,45,Bicycle,Matched,N,1,Clear or Partly Cloudy,0,"(47.65315214300006, -122.33748929199999)",0,0,N,14-400957
130914,180460,180520,Intersection,Cycles,0, ,,0,,12/02/2014 12:00:00 AM +0000,12/2/2014 5:20:00 PM,1,35826,At Intersection (intersection related),Dark - Street Lights On,LINDEN AVE N AND N 130TH ST,0,1,Y,2,3575459,Dry,18,"MOTOR VEHICLE STRUCK PEDALCYCLIST, FRONT END AT ANGLE",,11453,0,2,Injury Collision,,45,Bicycle,Matched,N,1,Clear or Partly Cloudy,0,"(47.72321837800007, -122.34819529899994)",22990,0,N,14-400941
130996,180626,180686,Intersection,Cycles,0, ,,0,Y,12/10/2014 12:00:00 AM +0000,12/10/2014 12:38:00 PM,1,29531,At Intersection (intersection related),Daylight,5TH AVE AND BELL ST,0,1,,2,3573248,Wet,18,"MOTOR VEHICLE STRUCK PEDALCYCLIST, FRONT END AT ANGLE",,7246,0,2,Injury Collision,,45,Bicycle,Matched,N,1,Raining,0,"(47.616032939000036, -122.34307495299998)",14240,0,N,14-408943
131053,178297,178317,Intersection,Cycles,0, ,,0,Y,10/27/2014 12:00:00 AM +0000,10/27/2014 6:20:00 AM,1,30453,At Intersection (intersection related),Dark - Street Lights On,GOLF DR S AND S CHARLES ST,0,1,,2,3581104,Unknown,18,"MOTOR VEHICLE STRUCK PEDALCYCLIST, FRONT END AT ANGLE",,10668,0,2,Injury Collision,,45,Bicycle,Matched,N,1,Overcast,0,"(47.594281684000066, -122.31657709199999)",14097,0,N,14-359381
131057,179047,179087,Intersection,Cycles,0, ,,0,Y,11/06/2014 12:00:00 AM +0000,11/6/2014 12:57:00 PM,1,36586,At Intersection (intersection related),Daylight,1ST AVE NE AND NE NORTHGATE WAY,0,1,,2,3586985,Wet,18,"MOTOR VEHICLE STRUCK PEDALCYCLIST, FRONT END AT ANGLE",,1099,0,2,Injury Collision,,45,Bicycle,Matched,N,1,Overcast,0,"(47.708628720000036, -122.328634266)",0,521147,N,2014-371950
131066,178284,178304,Intersection,Cycles,0, ,,0,,10/24/2014 12:00:00 AM +0000,10/24/2014 6:38:00 PM,1,25793,At Intersection (intersection related),Dark - Street Lights On,UNIVERSITY WAY NE AND NE 50TH ST,0,1,Y,2,3575551,Dry,18,"MOTOR VEHICLE STRUCK PEDALCYCLIST, FRONT END AT ANGLE",,13224,0,2,Injury Collision,,45,Bicycle,Matched,N,1,Overcast,0,"(47.66490072400006, -122.31307415999999)",21411,0,N,14-356496
131111,180176,180236,Block,Cycles,237.5, ,,0,,12/02/2014 12:00:00 AM +0000,12/2/2014 12:35:00 PM,1,,Mid-Block (not related to intersection),Daylight,HARVARD AVE E BETWEEN HAMLIN ST ON RP AND E SHELBY ST,0,1,,2,3585950,Dry,11,"MOTOR VEHICLE STRUCK MOTOR VEHICLE, FRONT END AT ANGLE",,10859,0,2,Injury Collision,,45,Bicycle,Matched,N,1,Clear or Partly Cloudy,0,"(47.64626955600005, -122.32210425299996)",37474,0,N,14-400677
131235,178601,178641,Intersection,Cycles,0, ,,0,,10/15/2014 12:00:00 AM +0000,10/15/2014 4:19:00 PM,1,33620,At Intersection (intersection related),Daylight,M L KING JR WR WAY S AND S ORCAS ST,0,1,,2,3642837,Dry,18,"MOTOR VEHICLE STRUCK PEDALCYCLIST, FRONT END AT ANGLE",,485859,0,2,Injury Collision,,45,Bicycle,Matched,N,1,Overcast,0,"(47.551230271000065, -122.28809573499996)",20856,0,N,14-345530
131238,178310,178330,Intersection,Cycles,0, ,,0,,10/29/2014 12:00:00 AM +0000,10/29/2014 7:00:00 AM,1,27114,At Intersection (intersection related),Dawn,7TH AVE NE AND NE 40TH ST,0,1,,2,3642821,Wet,18,"MOTOR VEHICLE STRUCK PEDALCYCLIST, FRONT END AT ANGLE",,8170,0,2,Injury Collision,,45,Bicycle,Matched,N,1,Unknown,0,"(47.655893253000045, -122.32085414499994)",0,524351,N,2014-361877
131318,177817,177837,Intersection,Cycles,0, ,,0,,10/22/2014 12:00:00 AM +0000,10/22/2014 5:16:00 PM,1,24351,At Intersection (intersection related),Dusk,PHINNEY AVE N AND N 67TH S ST,0,1,Y,3,3575329,Wet,18,"MOTOR VEHICLE STRUCK PEDALCYCLIST, FRONT END AT ANGLE",,12161,0,2,Injury Collision,,45,Bicycle,Matched,N,1,Raining,0,"(47.677668261000065, -122.35467757899994)",4288,0,N,14-354033
131369,179380,179440,Intersection,Cycles,0, ,,0,,11/13/2014 12:00:00 AM +0000,11/13/2014 9:25:00 AM,1,37406,At Intersection (intersection related),Daylight,LINDEN AVE N AND N 100TH ST,0,1,,2,3575309,Dry,18,"MOTOR VEHICLE STRUCK PEDALCYCLIST, FRONT END AT ANGLE",,11444,0,2,Injury Collision,,45,Bicycle,Matched,N,1,Clear or Partly Cloudy,0,"(47.701437859000066, -122.34734430499998)",0,0,N,2014-380201
131394,179677,179737,Block,Cycles,221.5, ,,0,,11/05/2014 12:00:00 AM +0000,11/5/2014 6:30:00 PM,1,,Mid-Block (not related to intersection),Dusk,QUEEN ANNE AVE N BETWEEN BOSTON ST AND MCGRAW ST,0,1,,2,3591137,Wet,18,"MOTOR VEHICLE STRUCK PEDALCYCLIST, FRONT END AT ANGLE",,12314,0,2,Injury Collision,,45,Bicycle,Matched,N,1,Raining,0,"(47.63898781200004, -122.35691931799994)",10905,0,N,2014-379084
131403,181378,181418,Block,Cycles,95, ,,0,,12/15/2014 12:00:00 AM +0000,12/15/2014 6:50:00 AM,1,,Mid-Block (but intersection related),Dark - Street Lights On,S LANDER ST BETWEEN 5TH AVE S AND 5TH PL S,0,1,,2,3583415,Dry,18,"MOTOR VEHICLE STRUCK PEDALCYCLIST, FRONT END AT ANGLE",,20627,0,2,Injury Collision,,45,Bicycle,Matched,N,1,Clear or Partly Cloudy,0,"(47.579809383000054, -122.32713344799998)",0,524931,N,14-414191
131411,180822,180882,Block,Cycles,322.5, ,,0,Y,12/09/2014 12:00:00 AM +0000,12/9/2014 10:37:00 PM,1,,Mid-Block (but intersection related),Dark - Street Lights On,N 70TH ST BETWEEN FREMONT AVE N AND LINDEN AVE N,0,1,,2,3707838,Wet,11,"MOTOR VEHICLE STRUCK MOTOR VEHICLE, FRONT END AT ANGLE",,15823,0,2,Injury Collision,,45,Bicycle,Matched,N,1,Raining,0,"(47.67959898300006, -122.34858971099999)",0,0,N,14-408360