OBJECTID,INCKEY,COLDETKEY,ADDRTYPE,COLLISIONTYPE,DISTANCE,EXCEPTRSNCODE,EXCEPTRSNDESC,FATALITIES,INATTENTIONIND,INCDATE,INCDTTM,INJURIES,INTKEY,JUNCTIONTYPE,LIGHTCOND,LOCATION,PEDCOUNT,PEDCYLCOUNT,PEDROWNOTGRNT,PERSONCOUNT,REPORTNO,ROADCOND,SDOT_COLCODE,SDOT_COLDESC,SDOTCOLNUM,SEGKEY,SERIOUSINJURIES,SEVERITYCODE,SEVERITYDESC,SPEEDING,ST_COLCODE,ST_COLDESC,STATUS,UNDERINFL,VEHCOUNT,WEATHER,WIDTH,Shape,SEGLANEKEY,CROSSWALKKEY,HITPARKEDCAR,SPDCASENO
131412,180821,180881,Intersection,Cycles,0, ,,0,,11/17/2014 12:00:00 AM +0000,11/17/2014 10:02:00 AM,1,29161,At Intersection (intersection related),Daylight,SUMMIT AVE E AND E OLIVE WAY,0,1,,2,3626351,Dry,51,PEDALCYCLIST STRUCK MOTOR VEHICLE FRONT END AT ANGLE,,12991,1,2b,Serious Injury Collision,,45,Bicycle,Matched,N,1,Clear or Partly Cloudy,0,"(47.61889599600005, -122.32528836099999)",23263,0,N,14-384792
131460,177823,177843,Intersection,Cycles,0, ,,0,,09/14/2014 12:00:00 AM +0000,9/14/2014 1:15:00 PM,1,25791,At Intersection (intersection related),Daylight,12TH AVE NE AND NE 50TH ST,0,1,,2,3591817,Dry,18,"MOTOR VEHICLE STRUCK PEDALCYCLIST, FRONT END AT ANGLE",,1570,0,2,Injury Collision,,45,Bicycle,Matched,N,1,Clear or Partly Cloudy,0,"(47.66491734200008, -122.31523873699996)",21425,0,N,2014-352699
131483,178620,178660,Block,Cycles,149, ,,0,,09/29/2014 12:00:00 AM +0000,9/29/2014 4:07:00 PM,1,,Mid-Block (not related to intersection),Daylight,NE PACIFIC ST BETWEEN BROOKLYN AVE NE AND UNIVERSITY WAY NE,0,1,,1,3519947,Dry,69,PEDALCYCLIST OVERTURNED IN ROAD,,18044,0,2,Injury Collision,,45,Bicycle,Matched,Y,0,Clear or Partly Cloudy,0,"(47.65355966100003, -122.31389078099994)",0,0,N,14-002602
131516,179439,179499,Intersection,Cycles,0, ,,0,,11/13/2014 12:00:00 AM +0000,11/13/2014 9:35:00 AM,1,29592,At Intersection (intersection related),Daylight,2ND AVE AND PIKE ST,0,1,,1,3586053,Dry,18,"MOTOR VEHICLE STRUCK PEDALCYCLIST, FRONT END AT ANGLE",,2758,0,2,Injury Collision,,45,Bicycle,Matched,N,0,Clear or Partly Cloudy,0,"(47.60928514300008, -122.33890369399995)",42178,0,N,14-380224
131577,177597,177617,Intersection,Cycles,0, ,,0,Y,10/15/2014 12:00:00 AM +0000,10/15/2014 10:37:00 AM,1,27093,At Intersection (intersection related),Daylight,ROOSEVELT WAY NE AND NE 42ND S ST,0,1,Y,2,3503337,Dry,51,PEDALCYCLIST STRUCK MOTOR VEHICLE FRONT END AT ANGLE,,12595,0,2,Injury Collision,,45,Bicycle,Matched,N,1,Clear or Partly Cloudy,0,"(47.65751422500006, -122.31780212899997)",8985,0,N,14-345099
131586,181398,181438,Block,Cycles,161, ,,0,,12/07/2014 12:00:00 AM +0000,12/7/2014 2:00:00 PM,0,,Driveway Junction,Daylight,ROY ST BETWEEN 2ND AVE N AND 3RD AVE N,0,1,,2,3590526,Dry,18,"MOTOR VEHICLE STRUCK PEDALCYCLIST, FRONT END AT ANGLE",,12682,0,1,Property Damage Only Collision,,45,Bicycle,Matched,N,1,Clear or Partly Cloudy,0,"(47.62544012800004, -122.35213460799997)",12407,0,N,14-405819
131663,181402,181442,Block,Cycles,332.5, ,,0,Y,12/05/2014 12:00:00 AM +0000,12/5/2014 10:25:00 AM,1,,Driveway Junction,Daylight,N 84TH ST BETWEEN GREENWOOD AVE N AND DAYTON AVE N,0,1,,2,3597049,Wet,18,"MOTOR VEHICLE STRUCK PEDALCYCLIST, FRONT END AT ANGLE",,15943,0,2,Injury Collision,,45,Bicycle,Matched,N,1,Clear or Partly Cloudy,0,"(47.689836609000054, -122.35395389399997)",0,0,N,14-403601
131745,178384,178404,Block,Cycles,160.5, ,,0,,10/29/2014 12:00:00 AM +0000,10/29/2014 7:25:00 AM,1,,Mid-Block (not related to intersection),Daylight,S JACKSON ST BETWEEN 4TH AVE S AND 5TH AVE S,0,1,,2,3588649,Wet,18,"MOTOR VEHICLE STRUCK PEDALCYCLIST, FRONT END AT ANGLE",,20487,1,2b,Serious Injury Collision,,45,Bicycle,Matched,N,1,Overcast,0,"(47.59919591100004, -122.32831927399997)",4880,0,N,14-361852
131747,178382,178402,Block,Cycles,298.5, ,,0,,10/28/2014 12:00:00 AM +0000,10/28/2014 3:34:00 PM,1,,Driveway Junction,Daylight,EASTLAKE AVE E BETWEEN FAIRVIEW AVE N AND E GARFIELD ST,0,1,Y,2,3588647,Wet,18,"MOTOR VEHICLE STRUCK PEDALCYCLIST, FRONT END AT ANGLE",,10171,0,2,Injury Collision,,45,Bicycle,Matched,N,1,Overcast,0,"(47.63305620800003, -122.32582946499997)",25391,0,N,14-361198
131788,179163,179203,Block,Cycles,210, ,,0,Y,11/06/2014 12:00:00 AM +0000,11/6/2014 7:08:00 PM,1,,Mid-Block (not related to intersection),Unknown,SUMMIT AVE E BETWEEN E HARRISON ST AND E REPUBLICAN ST,0,1,,2,3642965,Unknown,51,PEDALCYCLIST STRUCK MOTOR VEHICLE FRONT END AT ANGLE,,12995,0,2,Injury Collision,,45,Bicycle,Matched,N,1,Unknown,0,"(47.622560485000065, -122.32530890499999)",0,0,N,2014-372436
131826,181410,181450,Intersection,Cycles,0, ,,0,,11/26/2014 12:00:00 AM +0000,11/26/2014 3:10:00 PM,0,29592,At Intersection (intersection related),Daylight,2ND AVE AND PIKE ST,1,1,Y,2,3641216,Dry,64,PEDALCYCLIST STRUCK PEDESTRIAN,,2758,0,1,Property Damage Only Collision,,45,Bicycle,Matched,N,0,Clear or Partly Cloudy,0,"(47.60928514300008, -122.33890369399995)",12173,525565,N,14-395279
131850,177399,177419,Block,Cycles,641.5, ,,0,Y,10/13/2014 12:00:00 AM +0000,10/13/2014 2:55:00 PM,1,,Driveway Junction,Daylight,4TH AVE S BETWEEN COSTCO DR AND 4TH AV S VI,0,1,,3,3642830,Dry,18,"MOTOR VEHICLE STRUCK PEDALCYCLIST, FRONT END AT ANGLE",,163834,0,2,Injury Collision,,45,Bicycle,Matched,N,1,Clear or Partly Cloudy,0,,0,0,N,2014-342903
131857,181418,181458,Block,Cycles,74, ,,0,Y,12/15/2014 12:00:00 AM +0000,12/15/2014 6:00:00 PM,1,,Driveway Junction,Dark - Street Lights On,PHINNEY AVE N BETWEEN N 67TH S ST AND GREENWOOD AVE N,0,1,,3,3646275,Dry,18,"MOTOR VEHICLE STRUCK PEDALCYCLIST, FRONT END AT ANGLE",,12161,0,2,Injury Collision,,45,Bicycle,Matched,N,1,Clear or Partly Cloudy,0,"(47.677764825000054, -122.354939393)",4308,0,N,14-414814
131860,178063,178083,Block,Cycles,161, ,,0,Y,10/27/2014 12:00:00 AM +0000,10/27/2014 10:06:00 AM,1,,Mid-Block (not related to intersection),Daylight,PIKE ST BETWEEN 5TH AVE AND 6TH AVE,0,1,,2,3696182,Dry,11,"MOTOR VEHICLE STRUCK MOTOR VEHICLE, FRONT END AT ANGLE",,12201,0,2,Injury Collision,,45,Bicycle,Matched,N,1,Clear or Partly Cloudy,0,"(47.610908289000065, -122.33501959699998)",21851,0,N,2014-359558
131935,179513,179573,Intersection,Cycles,0, ,,0,,10/30/2014 12:00:00 AM +0000,10/30/2014 9:42:00 AM,1,27190,At Intersection (intersection related),Daylight,BAGLEY AVE N AND N 44TH ST,0,1,,2,3609361,Wet,18,"MOTOR VEHICLE STRUCK PEDALCYCLIST, FRONT END AT ANGLE",,9019,0,2,Injury Collision,,45,Bicycle,Matched,N,1,Raining,0,"(47.66029141300004, -122.332563817)",0,0,N,14-363269
132024,179716,179776,Intersection,Cycles,0, ,,0,Y,11/21/2014 12:00:00 AM +0000,11/21/2014 4:47:00 PM,1,30514,At Intersection (intersection related),Dark - Street Lights On,7TH AVE S AND S KING ST,0,1,,2,3588666,Wet,18,"MOTOR VEHICLE STRUCK PEDALCYCLIST, FRONT END AT ANGLE",,8208,0,2,Injury Collision,,45,Bicycle,Matched,N,1,Raining,0,"(47.598349840000026, -122.32375375199996)",5767,0,N,14-389943
132201,181454,181494,Intersection,Cycles,0, ,,0,Y,11/07/2014 12:00:00 AM +0000,11/7/2014 11:33:00 AM,1,29238,At Intersection (intersection related),Daylight,LAKE WASHINGTON BLVD E AND E MADISON ST,0,1,Y,3,3642495,Dry,51,PEDALCYCLIST STRUCK MOTOR VEHICLE FRONT END AT ANGLE,,4786,0,2,Injury Collision,,45,Bicycle,Matched,N,1,Clear or Partly Cloudy,0,"(47.626017801000046, -122.29244003299999)",8965,0,N,
132204,181451,181491,Intersection,Cycles,0, ,,0,,12/10/2014 12:00:00 AM +0000,12/10/2014 4:49:00 PM,1,25489,At Intersection (intersection related),Dark - Street Lights On,EAST GREEN LAKE WAY N AND WEST GREEN LAKE WAY N,0,1,Y,2,3642243,Wet,18,"MOTOR VEHICLE STRUCK PEDALCYCLIST, FRONT END AT ANGLE",,14071,0,2,Injury Collision,,45,Bicycle,Matched,N,1,Raining,0,"(47.66934432100004, -122.33996379199999)",42025,0,N,14-409229
132230,180569,180629,Block,Cycles,156.5, ,,0,,11/19/2014 12:00:00 AM +0000,11/19/2014 12:31:00 PM,1,,Driveway Junction,Daylight,ROOSEVELT WAY NE BETWEEN NE 42ND S ST AND NE 42ND N ST,0,1,,4,3703324,Dry,51,PEDALCYCLIST STRUCK MOTOR VEHICLE FRONT END AT ANGLE,,12595,0,2,Injury Collision,,45,Bicycle,Matched,N,1,Clear or Partly Cloudy,0,"(47.65794175700006, -122.31779112599997)",8985,0,N,14-387213
132289,179983,180043,Block,Cycles,153, ,,0,,11/19/2014 12:00:00 AM +0000,11/19/2014 8:41:00 AM,1,,Mid-Block (but intersection related),Daylight,S COLLEGE ST BETWEEN RAINIER S AVE S AND 25TH AVE S,0,1,,1,3693860,Dry,69,PEDALCYCLIST OVERTURNED IN ROAD,,19683,0,2,Injury Collision,,45,Bicycle,Matched,N,0,Clear or Partly Cloudy,0,"(47.58293882100003, -122.30096407499997)",0,0,N,2014-386790
132308,179583,179643,Intersection,Cycles,0, ,,0,,11/07/2014 12:00:00 AM +0000,11/7/2014 8:00:00 AM,1,28725,At Intersection (intersection related),Daylight,HIGHLAND DR AND WESTLAKE AVE N,0,1,,2,3696670,Dry,51,PEDALCYCLIST STRUCK MOTOR VEHICLE FRONT END AT ANGLE,,13541,0,2,Injury Collision,,45,Bicycle,Matched,N,1,Clear or Partly Cloudy,0,"(47.62971165700003, -122.34100743599998)",0,574129,N,14-372915
132315,179208,179248,Block,Cycles,276, ,,0,,11/06/2014 12:00:00 AM +0000,11/6/2014 2:13:00 PM,1,,Mid-Block (not related to intersection),Daylight,S FRONT ST BETWEEN 5TH AVE S AND 6TH AVE S,0,1,,3,3693983,Wet,14,"MOTOR VEHICLE STRUCK MOTOR VEHICLE, REAR END",,20065,0,2,Injury Collision,,45,Bicycle,Matched,N,1,Raining,0,"(47.54804935000004, -122.32727000599999)",0,0,N,14-372019
132430,178686,178726,Intersection,Cycles,0, ,,0,,11/01/2014 12:00:00 AM +0000,11/1/2014 6:33:00 PM,1,24149,At Intersection (intersection related),Dark - Street Lights On,MARY AVE NW AND NW 77TH ST,0,1,,4,3572722,Dry,18,"MOTOR VEHICLE STRUCK PEDALCYCLIST, FRONT END AT ANGLE",,11682,0,2,Injury Collision,,45,Bicycle,Matched,N,1,Clear or Partly Cloudy,0,"(47.68506369800008, -122.37544780399998)",0,0,N,2014-366379
132619,180398,180458,Intersection,Cycles,0, ,,0,,12/04/2014 12:00:00 AM +0000,12/4/2014 2:30:00 PM,1,30541,At Intersection (intersection related),Daylight,6TH AVE S AND SEATTLE W BLVD S,0,1,,2,3584001,Wet,51,PEDALCYCLIST STRUCK MOTOR VEHICLE FRONT END AT ANGLE,,8652,0,2,Injury Collision,,45,Bicycle,Matched,N,1,Raining,0,"(47.59513063900005, -122.32637666299996)",5794,0,N,14-402787
132629,178221,178241,Block,Cycles,92, ,,0,Y,10/26/2014 12:00:00 AM +0000,10/26/2014 3:15:00 PM,1,,Mid-Block (not related to intersection),Daylight,NE 65TH ST BETWEEN 21ST E AVE NE AND 22ND AVE NE,0,1,,2,3575337,Wet,18,"MOTOR VEHICLE STRUCK PEDALCYCLIST, FRONT END AT ANGLE",,17273,0,2,Injury Collision,,45,Bicycle,Matched,N,1,Clear or Partly Cloudy,0,"(47.67577700000004, -122.30479451399998)",29728,0,N,14-358805
132650,178515,178555,Block,Cycles,270.5, ,,0,Y,10/14/2014 12:00:00 AM +0000,10/14/2014 3:07:00 PM,1,,Mid-Block (not related to intersection),Daylight,15TH AVE NE BETWEEN NE 41ST ST AND NE 42ND ST,0,1,,2,3706271,Dry,14,"MOTOR VEHICLE STRUCK MOTOR VEHICLE, REAR END",,2032,0,2,Injury Collision,,45,Bicycle,Matched,N,1,Overcast,0,"(47.657559098000036, -122.31209078899997)",21309,0,N,14-344161
132684,178725,178766,Block,Cycles,161, ,,0,,10/11/2014 12:00:00 AM +0000,10/11/2014 11:26:00 AM,1,,Mid-Block (not related to intersection),Daylight,MERCER NR ST BETWEEN WESTLAKE AVE N AND TERRY AVE N,0,1,,2,3705316,Dry,18,"MOTOR VEHICLE STRUCK PEDALCYCLIST, FRONT END AT ANGLE",,589800,0,2,Injury Collision,,45,Bicycle,Matched,N,1,Clear or Partly Cloudy,0,"(47.62469047500008, -122.33778440699996)",24589,0,N,14-340439
132716,180406,180466,Block,Cycles,161, ,,0,,12/08/2014 12:00:00 AM +0000,12/8/2014 6:04:00 AM,1,,Driveway Junction,Dark - Street Lights On,VIRGINIA ST BETWEEN 7TH AVE AND 8TH AVE,0,1,,2,3588432,Wet,51,PEDALCYCLIST STRUCK MOTOR VEHICLE FRONT END AT ANGLE,,13317,0,2,Injury Collision,,45,Bicycle,Matched,N,1,Clear or Partly Cloudy,0,"(47.61538794900008, -122.33702606099996)",14306,0,N,2014-406341
132749,185457,185537,Intersection,Cycles,0, ,,0,,02/13/2015 12:00:00 AM +0000,2/13/2015 5:20:00 PM,1,30015,At Intersection (intersection related),Daylight,26TH AVE AND E PIKE ST,0,1,,2,3626826,Dry,00,NOT ENOUGH INFORMATION / NOT APPLICABLE,,3837,0,2,Injury Collision,,45,Bicycle,Matched,N,1,Clear or Partly Cloudy,0,"(47.614133587000026, -122.29879217599995)",0,0,N,2015-50798
132752,185445,185525,Intersection,Cycles,0, ,,0,,02/12/2015 12:00:00 AM +0000,2/12/2015 5:07:00 PM,1,29937,At Intersection (intersection related),Dusk,8TH AVE AND MARION ST,0,1,,2,3626801,Dry,18,"MOTOR VEHICLE STRUCK PEDALCYCLIST, FRONT END AT ANGLE",,8275,0,2,Injury Collision,,45,Bicycle,Matched,N,1,Clear or Partly Cloudy,0,"(47.60723100700005, -122.32781844699997)",0,0,N,15-49520
132757,185441,185521,Intersection,Cycles,0, ,,0,Y,02/17/2015 12:00:00 AM +0000,2/17/2015 2:55:00 PM,1,25966,At Intersection (intersection related),Daylight,NE 45TH PL AND NE 45TH ST,0,1,,2,3576968,Dry,18,"MOTOR VEHICLE STRUCK PEDALCYCLIST, FRONT END AT ANGLE",,13188,0,2,Injury Collision,,45,Bicycle,Matched,N,1,Clear or Partly Cloudy,0,"(47.661243306000074, -122.292863523)",0,0,N,2015-55122
132841,184194,184274,Intersection,Cycles,0, ,,0,,01/28/2015 12:00:00 AM +0000,1/28/2015 8:46:00 AM,1,27079,At Intersection (intersection related),Daylight,ROOSEVELT WAY NE AND NE 43RD S ST,0,1,Y,2,3552744,Dry,51,PEDALCYCLIST STRUCK MOTOR VEHICLE FRONT END AT ANGLE,,12597,0,2,Injury Collision,,45,Bicycle,Matched,N,1,Clear or Partly Cloudy,0,"(47.65945594600004, -122.31775170599997)",0,0,N,2015-31437
132894,185481,185561,Intersection,Cycles,0, ,,0,,02/13/2015 12:00:00 AM +0000,2/13/2015 6:08:00 PM,1,24908,At Intersection (intersection related),Dark - Street Lights On,35TH AVE NE AND NE 80TH ST,0,1,,2,3707971,Dry,18,"MOTOR VEHICLE STRUCK PEDALCYCLIST, FRONT END AT ANGLE",,5365,0,2,Injury Collision,,45,Bicycle,Matched,N,1,Overcast,0,"(47.68667846300008, -122.29059807399994)",0,0,N,15-50856
132898,185477,185557,Block,Cycles,213, ,,0,,02/17/2015 12:00:00 AM +0000,2/17/2015 8:09:00 AM,1,,Driveway Junction,Daylight,2ND AVE BETWEEN UNIVERSITY ST AND UNION ST,0,1,Y,2,3591048,Dry,18,"MOTOR VEHICLE STRUCK PEDALCYCLIST, FRONT END AT ANGLE",,2756,0,2,Injury Collision,Y,45,Bicycle,Matched,N,1,Clear or Partly Cloudy,0,"(47.60779445000003, -122.33754000999994)",0,0,N,15-54718
132943,182773,182833,Intersection,Cycles,0, ,,0,,12/16/2014 12:00:00 AM +0000,12/16/2014 6:08:00 PM,1,30507,At Intersection (intersection related),Dark - Street Lights On,3RD AVE S AND S JACKSON ST,0,1,,2,3732477,Dry,51,PEDALCYCLIST STRUCK MOTOR VEHICLE FRONT END AT ANGLE,,20485,0,2,Injury Collision,,45,Bicycle,Matched,N,1,Clear or Partly Cloudy,0,"(47.59919869200007, -122.33027580699996)",4852,0,N,14-416084
133014,181521,181561,Intersection,Cycles,0, ,,0,,11/05/2014 12:00:00 AM +0000,11/5/2014 7:33:00 PM,0,29052,At Intersection (intersection related),Dark - Street Lights On,BROADWAY E AND E OLIVE WAY,0,1,,3,3672874,Wet,18,"MOTOR VEHICLE STRUCK PEDALCYCLIST, FRONT END AT ANGLE",,9452,0,1,Property Damage Only Collision,,45,Bicycle,Matched,N,1,Raining,0,"(47.61990774700007, -122.32087289199995)",6798,0,N,2014-371215
133067,182785,182845,Intersection,Cycles,0, ,,0,,12/12/2014 12:00:00 AM +0000,12/12/2014 6:12:00 PM,1,30480,At Intersection (intersection related),Dark - Street Lights On,3RD AVE AND JAMES ST,0,1,,2,3732528,Wet,18,"MOTOR VEHICLE STRUCK PEDALCYCLIST, FRONT END AT ANGLE",,4375,0,2,Injury Collision,,45,Bicycle,Matched,N,1,Raining,0,"(47.60276917600004, -122.33140852799994)",35934,0,N,14-411666
133086,183324,183404,Intersection,Cycles,0, ,,0,,01/13/2015 12:00:00 AM +0000,1/13/2015 5:57:00 PM,1,29809,At Intersection (intersection related),Daylight,12TH AVE AND E JEFFERSON ST,0,1,Y,2,3626471,Dry,51,PEDALCYCLIST STRUCK MOTOR VEHICLE FRONT END AT ANGLE,,1529,0,2,Injury Collision,Y,45,Bicycle,Matched,N,1,Clear or Partly Cloudy,0,"(47.60620304500003, -122.31678046599995)",0,0,N,2015-14107
133127,183821,183901,Intersection,Cycles,0, ,,0,,01/08/2015 12:00:00 AM +0000,1/8/2015 6:55:00 PM,1,26896,At Intersection (intersection related),Dark - Street Lights On,STONE WAY N AND N 34TH ST,0,1,,2,3706720,Dry,51,PEDALCYCLIST STRUCK MOTOR VEHICLE FRONT END AT ANGLE,,12955,0,2,Injury Collision,,45,Bicycle,Matched,N,1,Clear or Partly Cloudy,0,"(47.64854072800006, -122.34277540199997)",0,0,N,2015-008370
133143,181533,181573,Intersection,Cycles,0, ,,0,Y,11/20/2014 12:00:00 AM +0000,11/20/2014 6:49:00 AM,1,31369,At Intersection (intersection related),Dawn,4TH AVE S AND S LANDER ST,0,1,,2,3693861,Wet,18,"MOTOR VEHICLE STRUCK PEDALCYCLIST, FRONT END AT ANGLE",,6240,0,2,Injury Collision,,45,Bicycle,Matched,N,1,Clear or Partly Cloudy,0,"(47.579809451000074, -122.32905650499998)",18786,0,N,14-388108
133192,182795,182855,Intersection,Cycles,0, ,,0,,12/21/2014 12:00:00 AM +0000,12/21/2014 2:11:00 AM,1,30371,At Intersection (intersection related),Dark - Street Lights On,ALASKAN E RDWY WAY S AND S KING ST,0,1,,2,3732703,Wet,51,PEDALCYCLIST STRUCK MOTOR VEHICLE FRONT END AT ANGLE,,12336,0,2,Injury Collision,,45,Bicycle,Matched,N,1,Overcast,0,"(47.59829391100004, -122.33540490099995)",0,0,N,2014-420843
133226,182030,182103,Block,Cycles,408, ,,0,,12/23/2014 12:00:00 AM +0000,12/23/2014 5:25:00 PM,1,,Driveway Junction,Dark - Street Lights On,5TH AVE NE BETWEEN NE 112TH N ST AND NE 115TH ST,0,1,Y,2,3575589,Wet,11,"MOTOR VEHICLE STRUCK MOTOR VEHICLE, FRONT END AT ANGLE",,7258,0,2,Injury Collision,,45,Bicycle,Matched,N,1,Raining,0,"(47.711112409000066, -122.32334878899997)",27414,0,N,14-423648
133284,181857,181917,Block,Cycles,113.5, ,,0,,12/19/2014 12:00:00 AM +0000,12/19/2014 5:12:00 PM,1,,Mid-Block (not related to intersection),Dark - No Street Lights,5TH AVE BETWEEN 5TH AVE S AND TERRACE ST,0,1,,2,3696642,Dry,54,PEDALCYCLIST STRUCK MOTOR VEHICLE REAR END,,7223,0,2,Injury Collision,,45,Bicycle,Matched,N,1,Clear or Partly Cloudy,0,"(47.601992342000074, -122.32768409899995)",36365,0,N,1-419290
133341,182998,183078,Block,Cycles,333.5, ,,0,Y,01/01/2015 12:00:00 AM +0000,1/1/2015 6:01:00 PM,0,,Mid-Block (not related to intersection),Dark - Street Lights On,LAKE CITY WAY NE BETWEEN NE 140TH ST AND NE 143RD ST,0,1,,2,3575357,Dry,18,"MOTOR VEHICLE STRUCK PEDALCYCLIST, FRONT END AT ANGLE",,11189,0,1,Property Damage Only Collision,,45,Bicycle,Matched,N,1,Clear or Partly Cloudy,0,"(47.73102706700007, -122.29234202699996)",0,0,N,15-775
133346,183643,183723,Intersection,Cycles,0, ,,0,,01/17/2015 12:00:00 AM +0000,1/17/2015 2:42:00 PM,1,37769,At Intersection (intersection related),Daylight,20TH AVE NE AND LAKE CITY WAY NE,0,1,,2,3575098,Wet,18,"MOTOR VEHICLE STRUCK PEDALCYCLIST, FRONT END AT ANGLE",,2980,0,2,Injury Collision,,45,Bicycle,Matched,N,1,Raining,0,"(47.691236167000056, -122.30684853599996)",0,0,N,15-18671
133353,182802,182862,Intersection,Cycles,0, ,,0,Y,12/15/2014 12:00:00 AM +0000,12/15/2014 8:36:00 PM,1,37461,At Intersection (intersection related),Dark - Street Lights On,DAYTON AVE N AND N 85TH ST,0,1,,2,3736334,Dry,18,"MOTOR VEHICLE STRUCK PEDALCYCLIST, FRONT END AT ANGLE",,9927,0,2,Injury Collision,,45,Bicycle,Matched,N,1,Clear or Partly Cloudy,0,"(47.690587073000074, -122.35260172799997)",21493,0,N,2014-415011
133376,184775,184855,Block,Cycles,185,NEI,"Not Enough Information, or Insufficient Location Information",0,,01/26/2015 12:00:00 AM +0000,1/26/2015 10:00:00 AM,0,,Mid-Block (not related to intersection),Unknown,15TH AVE E BETWEEN E HARRISON N ST AND E REPUBLICAN S ST,0,1,,2,3732390,Unknown,00,NOT ENOUGH INFORMATION / NOT APPLICABLE,,2007,0,1,Property Damage Only Collision,,45,Bicycle,Matched,N,1,Unknown,0,"(47.62259390200006, -122.31263653499997)",0,0,N,15-31931
133425,182050,182123,Block,Cycles,160.5, ,,0,Y,12/23/2014 12:00:00 AM +0000,12/23/2014 3:47:00 PM,1,,Driveway Junction,Daylight,THOMAS ST BETWEEN 9TH AVE N AND WESTLAKE AVE N,0,1,,2,3732513,Dry,51,PEDALCYCLIST STRUCK MOTOR VEHICLE FRONT END AT ANGLE,,13139,0,2,Injury Collision,,45,Bicycle,Matched,N,1,Raining,0,"(47.62087651600007, -122.33911914799995)",0,0,N,14-423520
133436,181885,181945,Block,Cycles,323.5, ,,0,,12/20/2014 12:00:00 AM +0000,12/20/2014 10:01:00 AM,1,,Driveway Junction,Daylight,NW MARKET ST BETWEEN 14TH AVE NW AND 15TH AVE NW,0,1,,2,3706464,Wet,51,PEDALCYCLIST STRUCK MOTOR VEHICLE FRONT END AT ANGLE,,19226,0,2,Injury Collision,,45,Bicycle,Matched,N,1,Raining,0,"(47.66866614400004, -122.37489946299996)",21795,0,N,14-420051
133440,181882,181942,Block,Cycles,330, ,,0,,12/22/2014 12:00:00 AM +0000,12/22/2014 12:00:00 PM,1,,Driveway Junction,Daylight,NE NORTHGATE WAY BETWEEN 3RD AVE NE AND 5TH AVE NE,0,1,,2,3706324,Dry,51,PEDALCYCLIST STRUCK MOTOR VEHICLE FRONT END AT ANGLE,,18012,0,2,Injury Collision,,45,Bicycle,Matched,N,1,Clear or Partly Cloudy,0,"(47.70860281500006, -122.32461717999996)",0,0,N,14-422176
133449,181554,181594,Intersection,Cycles,0, ,,0,,11/03/2014 12:00:00 AM +0000,11/3/2014 5:39:00 PM,0,32737,At Intersection (intersection related),Dark - Street Lights On,RAINIER AVE S AND S ALASKA ST,0,1,Y,2,3693979,Wet,51,PEDALCYCLIST STRUCK MOTOR VEHICLE FRONT END AT ANGLE,,12384,0,1,Property Damage Only Collision,,45,Bicycle,Matched,N,1,Raining,0,"(47.56074767600006, -122.28702675999995)",8800,0,N,14-368611
133516,185069,185149,Intersection,Cycles,0, ,,0,Y,02/04/2015 12:00:00 AM +0000,2/4/2015 6:13:00 AM,1,36622,At Intersection (intersection related),Dark - Street Lights On,LAKE CITY WAY NE AND NE 120TH ST,0,1,Y,2,3641744,Dry,18,"MOTOR VEHICLE STRUCK PEDALCYCLIST, FRONT END AT ANGLE",,11179,0,2,Injury Collision,,45,Bicycle,Matched,N,1,Clear or Partly Cloudy,0,"(47.71561398600005, -122.29740077499997)",0,0,N,2015-39624
133569,182068,182141,Intersection,Cycles,0,NEI,"Not Enough Information, or Insufficient Location Information",0,,12/16/2014 12:00:00 AM +0000,12/16/2014 6:00:00 PM,0,23882,At Intersection (but not related to intersection),Unknown,15TH AVE NW AND NW 80TH ST,0,1,Y,2,3583746,Unknown,00,NOT ENOUGH INFORMATION / NOT APPLICABLE,,2118,0,1,Property Damage Only Collision,,45,Bicycle,Matched,N,1,Unknown,0,"(47.68687813100007, -122.37679291599994)",0,0,N,14-418958
133592,182564,182624,Intersection,Cycles,0, ,,0,,11/14/2014 12:00:00 AM +0000,11/14/2014 2:14:00 PM,1,37448,At Intersection (intersection related),Daylight,GREENWOOD AVE N AND N 87TH ST,0,1,Y,2,3706867,Dry,11,"MOTOR VEHICLE STRUCK MOTOR VEHICLE, FRONT END AT ANGLE",,10754,0,2,Injury Collision,,45,Bicycle,Matched,N,1,Clear or Partly Cloudy,0,"(47.69241843800006, -122.35532084599998)",0,0,N,14-381650
133613,183660,183740,Intersection,Cycles,0, ,,0,,01/05/2015 12:00:00 AM +0000,1/5/2015 8:00:00 AM,1,27155,At Intersection (intersection related),Unknown,15TH AVE NE AND NE BOAT E ST,0,1,,2,3613293,Wet,51,PEDALCYCLIST STRUCK MOTOR VEHICLE FRONT END AT ANGLE,,,0,2,Injury Collision,,45,Bicycle,Matched,N,1,Raining,0,,0,0,N,2015-4073
133644,185320,185400,Block,Cycles,177.5, ,,0,,02/11/2015 12:00:00 AM +0000,2/11/2015 6:08:00 AM,1,,Mid-Block (not related to intersection),Dark - Street Lights On,WOODLAWN AVE N BETWEEN N 64TH ST AND N 65TH ST,0,1,,2,3582391,Dry,21,"MOTOR VEHICLE STRUCK PEDALCYCLIST, REAR END",,13698,0,2,Injury Collision,,45,Bicycle,Matched,N,1,Overcast,0,"(47.675589374000026, -122.33180673399994)",0,0,N,15-47644