OBJECTID,INCKEY,COLDETKEY,ADDRTYPE,COLLISIONTYPE,DISTANCE,EXCEPTRSNCODE,EXCEPTRSNDESC,FATALITIES,INATTENTIONIND,INCDATE,INCDTTM,INJURIES,INTKEY,JUNCTIONTYPE,LIGHTCOND,LOCATION,PEDCOUNT,PEDCYLCOUNT,PEDROWNOTGRNT,PERSONCOUNT,REPORTNO,ROADCOND,SDOT_COLCODE,SDOT_COLDESC,SDOTCOLNUM,SEGKEY,SERIOUSINJURIES,SEVERITYCODE,SEVERITYDESC,SPEEDING,ST_COLCODE,ST_COLDESC,STATUS,UNDERINFL,VEHCOUNT,WEATHER,WIDTH,Shape,SEGLANEKEY,CROSSWALKKEY,HITPARKEDCAR,SPDCASENO
133687,184246,184326,Block,Cycles,154.5, ,,0,,01/21/2015 12:00:00 AM +0000,1/21/2015 6:10:00 PM,0,,Mid-Block (not related to intersection),Dark - Street Lights On,ALASKAN WAY BETWEEN CLAY ST AND BROAD ST,0,1,,2,3732412,Dry,21,"MOTOR VEHICLE STRUCK PEDALCYCLIST, REAR END",,8733,0,1,Property Damage Only Collision,,45,Bicycle,Matched,N,1,Clear or Partly Cloudy,0,"(47.61471048400006, -122.35449693499999)",0,0,N,15-23454
133702,183046,183126,Block,Cycles,251, ,,0,,12/31/2014 12:00:00 AM +0000,12/31/2014 1:55:00 PM,1,,Mid-Block (not related to intersection),Daylight,MIDVALE AVE N BETWEEN N 41ST ST AND N 42ND ST,0,1,,2,3575641,Dry,54,PEDALCYCLIST STRUCK MOTOR VEHICLE REAR END,,11838,0,2,Injury Collision,,45,Bicycle,Matched,N,1,Clear or Partly Cloudy,0,"(47.657332146000044, -122.34355347999997)",0,0,N,2014-430707
133716,182853,182913,Intersection,Cycles,0, ,,0,Y,01/05/2015 12:00:00 AM +0000,1/5/2015 5:02:00 PM,1,25178,At Intersection (intersection related),Dark - Street Lights On,BALLARD AVE NW AND NW DOCK PL,0,1,,2,3575705,Wet,18,"MOTOR VEHICLE STRUCK PEDALCYCLIST, FRONT END AT ANGLE",,9042,0,2,Injury Collision,,45,Bicycle,Matched,N,1,Overcast,0,"(47.664461851000056, -122.38090587099998)",0,0,N,2015-4658
133729,181902,181962,Intersection,Cycles,0, ,,0,Y,10/18/2014 12:00:00 AM +0000,10/18/2014 7:14:00 PM,1,28046,At Intersection (intersection related),Dark - Street Lights On,FLORENTIA ST AND NICKERSON ST,0,1,Y,2,3696221,Dry,18,"MOTOR VEHICLE STRUCK PEDALCYCLIST, FRONT END AT ANGLE",,4416,0,2,Injury Collision,,45,Bicycle,Matched,Y,1,Overcast,0,"(47.64688457700004, -122.35135310999999)",0,525260,N,2014-349440
133731,181901,181961,Intersection,Cycles,0, ,,0,,10/17/2014 12:00:00 AM +0000,10/17/2014 2:30:00 PM,1,28771,At Intersection (intersection related),Daylight,REPUBLICAN ST AND TERRY AVE N,0,1,,2,3696220,Wet,51,PEDALCYCLIST STRUCK MOTOR VEHICLE FRONT END AT ANGLE,,12563,0,2,Injury Collision,,45,Bicycle,Matched,N,1,Raining,0,"(47.62320451700003, -122.33714239299997)",41799,0,N,14-347995
133785,184255,184335,Intersection,Cycles,0, ,,0,Y,01/18/2015 12:00:00 AM +0000,1/18/2015 5:34:00 PM,1,34901,At Intersection (intersection related),Dark - Street Lights On,17TH AVE SW AND DELRIDGE WAY SW,0,1,Y,3,3732586,Wet,18,"MOTOR VEHICLE STRUCK PEDALCYCLIST, FRONT END AT ANGLE",,2513,0,2,Injury Collision,,45,Bicycle,Matched,N,1,Raining,0,"(47.51884270200003, -122.35649408999996)",0,0,N,2015-19851
133808,185333,185413,Block,Cycles,126.5, ,,0,Y,02/11/2015 12:00:00 AM +0000,2/11/2015 6:58:00 AM,1,,Mid-Block (but intersection related),Unknown,CORLISS AVE N BETWEEN N NORTHLAKE WAY AND N 36TH ST,0,1,,2,3708008,Wet,18,"MOTOR VEHICLE STRUCK PEDALCYCLIST, FRONT END AT ANGLE",,9763,0,2,Injury Collision,,45,Bicycle,Matched,N,1,Overcast,0,"(47.65022619600006, -122.33138953999998)",0,0,N,15-47662
133810,185331,185411,Block,Cycles,132, ,,0,,02/11/2015 12:00:00 AM +0000,2/11/2015 12:58:00 PM,1,,Driveway Junction,Daylight,3RD AVE NW BETWEEN NW 83RD ST AND NW 84TH ST,0,1,,3,3707730,Dry,18,"MOTOR VEHICLE STRUCK PEDALCYCLIST, FRONT END AT ANGLE",,4475,0,2,Injury Collision,,45,Bicycle,Matched,N,1,Clear or Partly Cloudy,0,"(47.68947201100008, -122.36064830099997)",0,0,N,2015-48022
133873,182173,182233,Block,Cycles,114, ,,0,Y,12/26/2014 12:00:00 AM +0000,12/26/2014 6:38:00 AM,1,,Mid-Block (but intersection related),Dark - Street Lights On,15TH AVE W BETWEEN NICKERSON 15TH RP AND 15TH EMERSON RP,0,1,,3,3588402,Dry,21,"MOTOR VEHICLE STRUCK PEDALCYCLIST, REAR END",,2196,0,2,Injury Collision,,45,Bicycle,Matched,N,1,Clear or Partly Cloudy,0,"(47.65274205800006, -122.37621035099994)",19350,0,N,2014-425578
133887,182166,182226,Intersection,Cycles,0, ,,0,Y,11/09/2014 12:00:00 AM +0000,11/9/2014 12:55:00 PM,1,25717,At Intersection (intersection related),Daylight,9TH AVE NE AND NE 62ND ST,0,1,,2,3706859,Wet,18,"MOTOR VEHICLE STRUCK PEDALCYCLIST, FRONT END AT ANGLE",,8548,0,2,Injury Collision,,45,Bicycle,Matched,N,1,Raining,0,"(47.673341168000036, -122.318707373)",0,0,N,14-375734
134019,184273,184353,Block,Cycles,123, ,,0,,01/07/2015 12:00:00 AM +0000,1/7/2015 7:00:00 AM,1,,Mid-Block (not related to intersection),Unknown,FAIRVIEW AVE N BETWEEN FAIRVIEW AVE E AND EASTLAKE AVE E,0,1,,2,3552740,Unknown,21,"MOTOR VEHICLE STRUCK PEDALCYCLIST, REAR END",,10358,1,2b,Serious Injury Collision,,45,Bicycle,Matched,N,1,Unknown,0,"(47.63213204600004, -122.32651934899997)",0,0,N,15-27581
134031,184116,184196,Block,Cycles,213, ,,0,,01/08/2015 12:00:00 AM +0000,1/8/2015 5:12:00 PM,1,,Driveway Junction,Dark - Street Lights On,2ND AVE BETWEEN UNION ST AND PIKE ST,0,1,,2,3732177,Dry,18,"MOTOR VEHICLE STRUCK PEDALCYCLIST, FRONT END AT ANGLE",,2757,0,2,Injury Collision,,45,Bicycle,Matched,N,1,Clear or Partly Cloudy,0,"(47.60878749200003, -122.33844845799996)",0,0,N,2015-8242
134043,183137,183217,Intersection,Cycles,0, ,,0,,12/15/2014 12:00:00 AM +0000,12/15/2014 8:10:00 AM,1,29147,At Intersection (intersection related),Daylight,THOMAS ST AND YALE AVE N,0,1,,0,E384042,Dry,18,"MOTOR VEHICLE STRUCK PEDALCYCLIST, FRONT END AT ANGLE",,13146,0,2,Injury Collision,,45,Bicycle,Matched,N,2,Overcast,0,"(47.62082023800008, -122.33042342499999)",0,0,N,14-414248
134097,181658,181698,Block,Cycles,94, ,,0,Y,12/09/2014 12:00:00 AM +0000,12/9/2014 11:36:00 AM,1,,Mid-Block (not related to intersection),Daylight,S ATLANTIC ST BETWEEN COLORADO AVE S AND EAST FRONTAGE RD S,0,1,Y,2,3326508,Wet,18,"MOTOR VEHICLE STRUCK PEDALCYCLIST, FRONT END AT ANGLE",,547745,0,2,Injury Collision,,45,Bicycle,Matched,N,1,Clear or Partly Cloudy,0,"(47.59031954400007, -122.33620704099997)",0,0,N,2014-407669
134119,182879,182939,Intersection,Cycles,0, ,,0,,01/02/2015 12:00:00 AM +0000,1/2/2015 6:25:00 PM,1,27153,At Intersection (intersection related),Dark - Street Lights On,EASTLAKE AVE E AND FUHRMAN AVE E,0,1,Y,3,3626457,Wet,51,PEDALCYCLIST STRUCK MOTOR VEHICLE FRONT END AT ANGLE,,10579,1,2b,Serious Injury Collision,,45,Bicycle,Matched,N,1,Raining,0,"(47.65157827200005, -122.32127525699997)",0,0,N,2015-1763
134184,184545,184625,Block,Cycles,136.5, ,,0,,01/31/2015 12:00:00 AM +0000,1/31/2015 12:47:00 PM,1,,Mid-Block (but intersection related),Daylight,EAST MONTLAKE PL E BETWEEN E ROANOKE ST AND 22ND AVE E,0,1,,4,3626670,Dry,51,PEDALCYCLIST STRUCK MOTOR VEHICLE FRONT END AT ANGLE,,14517,0,2,Injury Collision,,45,Bicycle,Matched,N,1,Clear or Partly Cloudy,0,"(47.643427847000055, -122.30343617299997)",0,0,N,2015-35332
134244,182675,182735,Intersection,Cycles,0, ,,0,,12/18/2014 12:00:00 AM +0000,12/18/2014 7:24:00 AM,1,25836,At Intersection (intersection related),Dark - Street Lights On,1ST AVE NE AND NE 58TH ST,0,1,,2,3706319,Wet,18,"MOTOR VEHICLE STRUCK PEDALCYCLIST, FRONT END AT ANGLE",,1076,0,2,Injury Collision,,45,Bicycle,Matched,N,1,Overcast,0,"(47.67085623300005, -122.32823458499996)",0,0,N,14-417611
134270,183956,184036,Block,Cycles,152, ,,0,Y,01/14/2015 12:00:00 AM +0000,1/14/2015 6:50:00 PM,1,,Mid-Block (not related to intersection),Dark - Street Lights On,ALASKAN WAY BETWEEN COLUMBIA ST AND MARION ST,0,1,,3,3708052,Dry,18,"MOTOR VEHICLE STRUCK PEDALCYCLIST, FRONT END AT ANGLE",,8718,0,2,Injury Collision,,45,Bicycle,Matched,N,1,Clear or Partly Cloudy,0,"(47.60270291300003, -122.33746652099995)",0,0,N,15-15391
134342,185394,185474,Intersection,Cycles,0, ,,0,,02/15/2015 12:00:00 AM +0000,2/15/2015 10:12:00 AM,1,28205,At Intersection (intersection related),Daylight,10TH AVE E AND E ROANOKE W ST,0,1,,3,3706926,Dry,18,"MOTOR VEHICLE STRUCK PEDALCYCLIST, FRONT END AT ANGLE",,14728,0,2,Injury Collision,,45,Bicycle,Matched,N,1,Clear or Partly Cloudy,0,"(47.643194556000026, -122.32005642799999)",0,0,N,2015-52715
134356,184883,184963,Block,Cycles,403, ,,0,,02/05/2015 12:00:00 AM +0000,2/5/2015 7:06:00 PM,1,,Ramp Junction,Dark - Street Lights On,NORTHGATE I5 NB ON RP BETWEEN NE NORTHGATE WAY AND 1ST AV NE I5 NB ON RP,0,1,,2,3587172,Wet,51,PEDALCYCLIST STRUCK MOTOR VEHICLE FRONT END AT ANGLE,,492953,0,2,Injury Collision,,45,Bicycle,Matched,N,1,Raining,0,"(47.709609691000026, -122.32923339799999)",0,0,N,
134394,181697,181737,Block,Cycles,161, ,,0,,12/18/2014 12:00:00 AM +0000,12/18/2014 8:39:00 AM,1,,Mid-Block (not related to intersection),Daylight,PIKE ST BETWEEN 1ST AVE AND 2ND AVE,0,1,,2,3640950,Dry,29,MOTOR VEHICLE OVERTURNED IN ROAD,,12197,0,2,Injury Collision,,45,Bicycle,Matched,N,1,Clear or Partly Cloudy,0,"(47.60905233400007, -122.33946028099996)",36905,0,N,14-417679
134508,182699,182759,Intersection,Cycles,0, ,,0,,12/28/2014 12:00:00 AM +0000,12/28/2014 9:10:00 AM,1,24392,At Intersection (intersection related),Daylight,5TH AVE NE AND NE 80TH ST,0,1,,2,3707928,Wet,18,"MOTOR VEHICLE STRUCK PEDALCYCLIST, FRONT END AT ANGLE",,7314,0,2,Injury Collision,,45,Bicycle,Matched,Y,1,Clear or Partly Cloudy,0,"(47.68678736500004, -122.32295135999999)",28530,0,N,2014-427562
134522,182442,182502,Intersection,Cycles,0, ,,0,,12/23/2014 12:00:00 AM +0000,12/23/2014 10:26:00 PM,1,29875,At Intersection (intersection related),Dark - Street Lights Off,SUMMIT AVE AND E PIKE ST,0,1,,2,3701872,Wet,18,"MOTOR VEHICLE STRUCK PEDALCYCLIST, FRONT END AT ANGLE",,12986,0,2,Injury Collision,,45,Bicycle,Matched,N,1,Raining,0,"(47.614088508000066, -122.32551417499997)",31153,0,N,14-423914
134578,184169,184249,Block,Cycles,71.5, ,,0,Y,01/25/2015 12:00:00 AM +0000,1/25/2015 4:08:00 PM,1,,Mid-Block (not related to intersection),Daylight,HARBOR AVE SW BETWEEN LOTUS AV ACCESS RD AND FAUNTLEROY AVE SW,0,1,Y,3,3694851,Dry,18,"MOTOR VEHICLE STRUCK PEDALCYCLIST, FRONT END AT ANGLE",,10818,0,2,Injury Collision,,45,Bicycle,Matched,N,1,Clear or Partly Cloudy,0,"(47.58249942400005, -122.37352160499995)",0,0,N,2015-27891
134618,185201,185281,Intersection,Cycles,0, ,,0,,02/09/2015 12:00:00 AM +0000,2/9/2015 9:13:00 AM,1,28023,At Intersection (intersection related),Unknown,DEXTER AVE N AND HOWE ST,0,1,Y,2,3696162,Wet,51,PEDALCYCLIST STRUCK MOTOR VEHICLE FRONT END AT ANGLE,,10088,0,2,Injury Collision,,45,Bicycle,Matched,N,1,Raining,0,"(47.63599560900008, -122.34240755499997)",0,0,N,15-45427
134690,183986,184066,Intersection,Cycles,0, ,,0,,01/16/2015 12:00:00 AM +0000,1/16/2015 5:00:00 PM,1,30730,At Intersection (intersection related),Dusk,20TH AVE AND E YESLER WAY,0,1,,2,3626551,Dry,51,PEDALCYCLIST STRUCK MOTOR VEHICLE FRONT END AT ANGLE,,2929,0,2,Injury Collision,,45,Bicycle,Matched,N,1,Clear or Partly Cloudy,0,"(47.60167383500004, -122.30635179799998)",0,0,N,2015-17752
134705,183498,183578,Intersection,Cycles,0, ,,0,,01/15/2015 12:00:00 AM +0000,1/15/2015 6:41:00 PM,1,37769,At Intersection (intersection related),Dark - Street Lights On,20TH AVE NE AND LAKE CITY WAY NE,0,1,,2,3703073,Wet,51,PEDALCYCLIST STRUCK MOTOR VEHICLE FRONT END AT ANGLE,,2980,0,2,Injury Collision,,45,Bicycle,Matched,N,1,Raining,0,"(47.691236167000056, -122.30684853599996)",0,0,N,2015-016632
134748,181994,182067,Intersection,Cycles,0, ,,0,Y,12/17/2014 12:00:00 AM +0000,12/17/2014 8:56:00 AM,1,29082,At Intersection (intersection related),Daylight,FAIRVIEW AVE E AND FAIRVIEW AVE N,0,1,,2,3732479,Dry,18,"MOTOR VEHICLE STRUCK PEDALCYCLIST, FRONT END AT ANGLE",,10336,0,2,Injury Collision,,45,Bicycle,Matched,N,1,Raining,0,"(47.63190599600006, -122.32688562599998)",41464,0,N,14-416616
134783,181996,182069,Block,Cycles,153, ,,0,,12/18/2014 12:00:00 AM +0000,12/18/2014 9:08:00 AM,0,,Mid-Block (but intersection related),Daylight,4TH AVE S BETWEEN S MAIN ST AND S JACKSON ST,0,1,,2,3732483,Dry,54,PEDALCYCLIST STRUCK MOTOR VEHICLE REAR END,,6228,0,1,Property Damage Only Collision,,45,Bicycle,Matched,N,1,Overcast,0,"(47.59961782000005, -122.32896629899994)",5750,0,N,14-417693
134802,182462,182522,Block,Cycles,213.5, ,,0,,12/23/2014 12:00:00 AM +0000,12/23/2014 4:08:00 PM,0,,Mid-Block (but intersection related),Dark - Street Lights On,HARVARD AVE BETWEEN E HOWELL ST AND E DENNY WAY,0,1,,2,3626323,Wet,52,PEDALCYCLIST STRUCK MOTOR VEHICLE RIGHT SIDE AT ANGLE,,10844,0,1,Property Damage Only Collision,,45,Bicycle,Matched,N,1,Raining,0,"(47.618146660000036, -122.32217728199998)",0,0,N,14-423555
134803,183288,183368,Block,Cycles,286.5, ,,0,,12/11/2014 12:00:00 AM +0000,12/11/2014 6:30:00 PM,0,,Mid-Block (not related to intersection),Dark - Street Lights On,NICKERSON ST BETWEEN CREMONA ST AND DRAVUS ST,0,1,,0,E385650,Dry,12,"MOTOR VEHICLE STRUCK MOTOR VEHICLE, RIGHT SIDE AT ANGLE",,11967,0,1,Property Damage Only Collision,,45,Bicycle,Matched,N,1,Raining,0,"(47.64909962000007, -122.35620819599995)",0,0,N,14-412553
134804,183287,183367,Block,Cycles,432, ,,0,,01/03/2015 12:00:00 AM +0000,1/3/2015 6:26:00 PM,1,,Mid-Block (not related to intersection),,22ND AVE BETWEEN E UNION ST AND E PINE ST,0,1,,3,3626459,Dry,22,"MOTOR VEHICLE STRUCK PEDALCYCLIST, RIGHT SIDE SIDESWIPE",,3232,0,2,Injury Collision,,45,Bicycle,Matched,N,1,Clear or Partly Cloudy,0,"(47.61411623300006, -122.30360491999994)",0,0,N,2051-2717
134822,183991,184071,Intersection,Cycles,0, ,,0,,01/24/2015 12:00:00 AM +0000,1/24/2015 5:31:00 PM,1,28473,At Intersection (intersection related),Dark - Street Lights On,18TH AVE E AND BOYER AVE E,0,1,,3,3626604,Dry,18,"MOTOR VEHICLE STRUCK PEDALCYCLIST, FRONT END AT ANGLE",,9358,0,2,Injury Collision,,45,Bicycle,Matched,N,1,Clear or Partly Cloudy,0,"(47.63858826000006, -122.30869534099998)",0,0,N,15-26843
134847,183998,184078,Intersection,Cycles,0, ,,0,,01/19/2015 12:00:00 AM +0000,1/19/2015,1,28788,At Intersection (intersection related),Unknown,DEXTER AVE N AND THOMAS ST,0,1,Y,2,3641353,Dry,51,PEDALCYCLIST STRUCK MOTOR VEHICLE FRONT END AT ANGLE,,10073,0,2,Injury Collision,,45,Bicycle,Matched,N,1,Clear or Partly Cloudy,0,"(47.620888395000065, -122.34238173099999)",0,0,N,15-20889
134852,183995,184075,Intersection,Cycles,0, ,,0,,01/20/2015 12:00:00 AM +0000,1/20/2015 10:25:00 PM,1,29162,At Intersection (intersection related),Dark - Street Lights On,E DENNY WAY AND E OLIVE WAY,0,1,,3,3626654,Dry,18,"MOTOR VEHICLE STRUCK PEDALCYCLIST, FRONT END AT ANGLE",,13947,0,2,Injury Collision,,45,Bicycle,Matched,N,1,Clear or Partly Cloudy,0,"(47.61848878100005, -122.32563295099999)",0,0,N,2015-022450
134907,186323,186403,Block,Cycles,161, ,,0,,02/12/2015 12:00:00 AM +0000,2/12/2015 12:42:00 PM,1,,Mid-Block (not related to intersection),Daylight,STEWART ST BETWEEN 6TH AVE AND 7TH AVE,0,1,,3,3591056,Dry,56,PEDALCYCLIST STRUCK MOTOR VEHICLE LEFT SIDE SIDESWIPE,,12903,0,2,Injury Collision,,45,Bicycle,Matched,N,1,Clear or Partly Cloudy,0,"(47.613954110000066, -122.33658602599996)",136480,0,N,15-49154
134975,186327,186407,Block,Cycles,262, ,,0,,02/25/2015 12:00:00 AM +0000,2/25/2015 4:36:00 PM,1,,Driveway Junction,Daylight,S ALASKA ST BETWEEN RAINIER AVE S AND 38TH AVE S,0,1,,1,3708986,Wet,69,PEDALCYCLIST OVERTURNED IN ROAD,,19311,0,2,Injury Collision,,45,Bicycle,Matched,N,0,Overcast,0,"(47.56074452000007, -122.28596862299997)",0,0,N,2015-64057
135001,188730,188810,Intersection,Cycles,0, ,,0,Y,03/24/2015 12:00:00 AM +0000,3/24/2015 12:04:00 PM,1,35788,At Intersection (intersection related),Daylight,GREENWOOD AVE N AND N 140TH ST,0,1,,2,3575519,Dry,18,"MOTOR VEHICLE STRUCK PEDALCYCLIST, FRONT END AT ANGLE",,10793,0,2,Injury Collision,,45,Bicycle,Matched,N,1,Clear or Partly Cloudy,0,"(47.73049746300006, -122.35556310999999)",0,0,N,2015-95842
135002,188020,188100,Intersection,Cycles,0, ,,0,,03/23/2015 12:00:00 AM +0000,3/23/2015 10:24:00 AM,1,27093,At Intersection (intersection related),Daylight,ROOSEVELT WAY NE AND NE 42ND S ST,0,1,Y,2,3642095,Wet,51,PEDALCYCLIST STRUCK MOTOR VEHICLE FRONT END AT ANGLE,,12595,0,2,Injury Collision,,45,Bicycle,Matched,N,1,Raining,0,"(47.65751422500006, -122.31780212899997)",8985,0,N,2015-94553
135057,186338,186418,Block,Cycles,372, ,,0,,02/23/2015 12:00:00 AM +0000,2/23/2015 1:35:00 PM,1,,Driveway Junction,Daylight,RAILROAD WAY S BETWEEN S KING ST AND 1ST N AVE S,0,1,,2,3732531,Dry,51,PEDALCYCLIST STRUCK MOTOR VEHICLE FRONT END AT ANGLE,,12336,0,2,Injury Collision,,45,Bicycle,Matched,N,1,Clear or Partly Cloudy,0,"(47.59734160000005, -122.33496056299998)",0,0,N,15-61625
135067,186078,186158,Block,Cycles,48.5, ,,0,,02/25/2015 12:00:00 AM +0000,2/25/2015 5:28:00 PM,1,,Mid-Block (but intersection related),Daylight,DELRIDGE WAY SW BETWEEN SW SPOKANE ST AND CHELAN SR AVE SW,0,1,,2,3644466,Wet,18,"MOTOR VEHICLE STRUCK PEDALCYCLIST, FRONT END AT ANGLE",,9956,0,2,Injury Collision,,45,Bicycle,Matched,N,1,Raining,0,"(47.57196645200003, -122.36004532199996)",0,0,N,2015-64116
135218,186671,186751,Intersection,Cycles,0, ,,0,,02/28/2015 12:00:00 AM +0000,2/28/2015 12:00:00 PM,1,25659,At Intersection (intersection related),Daylight,DAYTON AVE N AND N 50TH ST,0,1,,2,3645946,Unknown,24,MOTOR VEHCILE STRUCK PEDESTRIAN,,15640,0,2,Injury Collision,,45,Bicycle,Matched,N,1,Unknown,0,"(47.66501761200004, -122.35271069499998)",0,524115,N,2015-69352
135225,186666,186746,Block,Cycles,213, ,,0,,03/04/2015 12:00:00 AM +0000,3/4/2015 6:19:00 PM,1,,Driveway Junction,Dark - Street Lights On,DEXTER AVE N BETWEEN THOMAS ST AND HARRISON ST,0,1,,2,3585106,Dry,18,"MOTOR VEHICLE STRUCK PEDALCYCLIST, FRONT END AT ANGLE",,10073,0,2,Injury Collision,,45,Bicycle,Matched,N,1,Clear or Partly Cloudy,0,"(47.62147070300006, -122.34237666999996)",12620,0,N,2015-72423
135227,186347,186427,Block,Cycles,213, ,,0,Y,02/23/2015 12:00:00 AM +0000,2/23/2015 3:59:00 PM,1,,Mid-Block (not related to intersection),Daylight,9TH AVE N BETWEEN JOHN ST AND THOMAS ST,0,1,,2,3733205,Dry,51,PEDALCYCLIST STRUCK MOTOR VEHICLE FRONT END AT ANGLE,,8530,0,2,Injury Collision,,45,Bicycle,Matched,N,1,Clear or Partly Cloudy,0,"(47.62029333900006, -122.33977366199997)",15960,0,N,15-61775
135262,188038,188118,Intersection,Cycles,0, ,,0,,03/19/2015 12:00:00 AM +0000,3/19/2015 7:25:00 PM,1,287164,At Intersection (intersection related),Dusk,30TH AVE NE AND BURKE GILMAN TRL,0,1,,2,3575438,Dry,18,"MOTOR VEHICLE STRUCK PEDALCYCLIST, FRONT END AT ANGLE",,287208,0,2,Injury Collision,,45,Bicycle,Matched,N,1,Clear or Partly Cloudy,0,"(47.66444733600008, -122.29561786299996)",287208,0,N,2015-90547
135332,188779,188859,Intersection,Cycles,0, ,,0,,02/14/2015 12:00:00 AM +0000,2/14/2015 3:23:00 PM,1,29603,At Intersection (intersection related),Daylight,2ND AVE AND UNIVERSITY ST,0,1,,2,3571411,Dry,18,"MOTOR VEHICLE STRUCK PEDALCYCLIST, FRONT END AT ANGLE",,2756,0,2,Injury Collision,,45,Bicycle,Matched,N,1,Clear or Partly Cloudy,0,"(47.60729905800008, -122.33708679799997)",2756,0,N,2015-51884
135348,186094,186174,Block,Cycles,232.5, ,,0,,02/24/2015 12:00:00 AM +0000,2/24/2015 6:12:00 AM,1,,Driveway Junction,Dark - Street Lights On,LINDEN AVE N BETWEEN N 141ST ST AND N 143RD ST,0,1,,2,3708252,Dry,51,PEDALCYCLIST STRUCK MOTOR VEHICLE FRONT END AT ANGLE,,11459,0,2,Injury Collision,,45,Bicycle,Matched,N,1,Clear or Partly Cloudy,0,"(47.73167559800004, -122.34777181299995)",0,0,N,2015-62395
135394,187496,187576,Intersection,Cycles,0, ,,0,,03/14/2015 12:00:00 AM +0000,3/14/2015 12:45:00 PM,2,27149,At Intersection (intersection related),Daylight,15TH AVE NE AND NE PACIFIC ST,0,1,Y,6,3576969,Dry,18,"MOTOR VEHICLE STRUCK PEDALCYCLIST, FRONT END AT ANGLE",,2028,0,2,Injury Collision,,45,Bicycle,Matched,N,1,Overcast,0,"(47.65297596400006, -122.31246414499998)",0,0,N,2015-84112
135398,187492,187572,,Cycles,,NEI,"Not Enough Information, or Insufficient Location Information",0,,03/13/2015 12:00:00 AM +0000,3/13/2015 7:41:00 AM,1,,At Intersection (intersection related),Daylight,,0,1,,2,3549709,Dry,18,"MOTOR VEHICLE STRUCK PEDALCYCLIST, FRONT END AT ANGLE",,,0,2,Injury Collision,,45,Bicycle,Matched,N,1,Clear or Partly Cloudy,0,,0,0,N,2015-82491
135427,188820,188900,Block,Cycles,56, ,,0,Y,03/19/2015 12:00:00 AM +0000,3/19/2015 9:55:00 AM,1,,Driveway Junction,Daylight,NE NORTHGATE WAY BETWEEN NE NORTHGATE DR AND 3RD AVE NE,0,1,,2,3591794,Dry,18,"MOTOR VEHICLE STRUCK PEDALCYCLIST, FRONT END AT ANGLE",,18011,1,2b,Serious Injury Collision,,45,Bicycle,Matched,N,1,Overcast,0,"(47.70861294100007, -122.32618522199999)",18010,0,N,2015-89793
135436,188583,188663,Block,Cycles,610.5, ,,0,,03/26/2015 12:00:00 AM +0000,3/26/2015 11:53:00 PM,1,,Driveway Junction,Dark - Street Lights On,HARBOR AVE SW BETWEEN CALIFORNIA WAY SW AND FAIRMOUNT AVE SW,0,1,Y,3,3587701,Dry,18,"MOTOR VEHICLE STRUCK PEDALCYCLIST, FRONT END AT ANGLE",,10815,0,2,Injury Collision,,45,Bicycle,Matched,N,1,Clear or Partly Cloudy,0,"(47.588294606000034, -122.37982308899996)",4189,0,N,2015-99168
135527,186356,186436,Block,Cycles,213, ,,0,,02/24/2015 12:00:00 AM +0000,2/24/2015 5:48:00 PM,1,,Driveway Junction,Dark - Street Lights On,2ND AVE BETWEEN UNIVERSITY ST AND UNION ST,0,1,,2,3733287,Wet,18,"MOTOR VEHICLE STRUCK PEDALCYCLIST, FRONT END AT ANGLE",,2756,0,2,Injury Collision,,45,Bicycle,Matched,N,1,Clear or Partly Cloudy,0,"(47.60779445000003, -122.33754000999994)",12161,0,N,2015-63076
135573,189177,189257,Intersection,Cycles,0, ,,0,,02/04/2015 12:00:00 AM +0000,2/4/2015 5:38:00 PM,1,24573,At Intersection (intersection related),Dark - Street Lights On,LATONA AVE NE AND EAST GREEN LAKE DR N,0,1,,0,E406929,Wet,18,"MOTOR VEHICLE STRUCK PEDALCYCLIST, FRONT END AT ANGLE",,11313,0,2,Injury Collision,,45,Bicycle,Matched,N,1,Raining,0,"(47.68165808100008, -122.32748855199998)",14060,0,N,2015-40371
135634,185546,185626,Block,Cycles,760, ,,0,Y,02/17/2015 12:00:00 AM +0000,2/17/2015 6:26:00 AM,1,,Mid-Block (not related to intersection),Dawn,6TH AVE S BETWEEN S ROYAL BROUGHAM WAY AND S MASSACHUSETTS ST,0,1,,2,3708811,Dry,21,"MOTOR VEHICLE STRUCK PEDALCYCLIST, REAR END",,7989,0,2,Injury Collision,,45,Bicycle,Matched,N,1,Clear or Partly Cloudy,0,"(47.59031121100003, -122.32596914999999)",0,0,N,2015-54642
135741,187760,187840,Intersection,Cycles,0, ,,0,Y,03/17/2015 12:00:00 AM +0000,3/17/2015 6:06:00 PM,1,29937,At Intersection (intersection related),Dusk,8TH AVE AND MARION ST,0,1,,2,3626556,Wet,18,"MOTOR VEHICLE STRUCK PEDALCYCLIST, FRONT END AT ANGLE",,8275,0,2,Injury Collision,,45,Bicycle,Matched,N,1,Overcast,0,"(47.60723100700005, -122.32781844699997)",0,0,N,2015-87861
135882,189449,189529,Intersection,Cycles,0, ,,0,,04/09/2015 12:00:00 AM +0000,4/9/2015 1:43:00 PM,1,27124,At Intersection (intersection related),Daylight,PASADENA PL NE AND NE 40 UPPER ST,0,1,,2,3736778,Dry,51,PEDALCYCLIST STRUCK MOTOR VEHICLE FRONT END AT ANGLE,,12120,1,2b,Serious Injury Collision,,45,Bicycle,Matched,N,1,Clear or Partly Cloudy,0,"(47.65588798300007, -122.32189084899994)",0,0,N,2015-115977
135919,186506,186586,Block,Cycles,74.5, ,,0,,02/02/2015 12:00:00 AM +0000,2/2/2015 1:15:00 PM,1,,Mid-Block (but intersection related),Daylight,SUMMIT AVE E BETWEEN E DENNY WAY AND E OLIVE WAY,0,1,,0,E397192,Wet,54,PEDALCYCLIST STRUCK MOTOR VEHICLE REAR END,,12990,0,2,Injury Collision,,45,Bicycle,Matched,N,1,Overcast,0,"(47.61869046000004, -122.32528706899996)",0,0,N,2015-37604