OBJECTID,INCKEY,COLDETKEY,ADDRTYPE,COLLISIONTYPE,DISTANCE,EXCEPTRSNCODE,EXCEPTRSNDESC,FATALITIES,INATTENTIONIND,INCDATE,INCDTTM,INJURIES,INTKEY,JUNCTIONTYPE,LIGHTCOND,LOCATION,PEDCOUNT,PEDCYLCOUNT,PEDROWNOTGRNT,PERSONCOUNT,REPORTNO,ROADCOND,SDOT_COLCODE,SDOT_COLDESC,SDOTCOLNUM,SEGKEY,SERIOUSINJURIES,SEVERITYCODE,SEVERITYDESC,SPEEDING,ST_COLCODE,ST_COLDESC,STATUS,UNDERINFL,VEHCOUNT,WEATHER,WIDTH,Shape,SEGLANEKEY,CROSSWALKKEY,HITPARKEDCAR,SPDCASENO
135948,185927,186007,Intersection,Cycles,0, ,,0,Y,02/22/2015 12:00:00 AM +0000,2/22/2015 4:12:00 PM,1,25785,At Intersection (intersection related),Daylight,5TH AVE NE AND NE 50TH ST,0,1,,2,3707982,Dry,18,"MOTOR VEHICLE STRUCK PEDALCYCLIST, FRONT END AT ANGLE",,7290,0,2,Injury Collision,Y,45,Bicycle,Matched,N,1,Clear or Partly Cloudy,0,"(47.66497536500003, -122.32286255999998)",0,0,N,2015-60742
135974,187286,187366,Intersection,Cycles,0, ,,0,Y,03/11/2015 12:00:00 AM +0000,3/11/2015 6:47:00 AM,1,29508,At Intersection (intersection related),Dawn,DENNY WAY AND TERRY AVE,0,1,Y,2,3733265,Wet,18,"MOTOR VEHICLE STRUCK PEDALCYCLIST, FRONT END AT ANGLE",,10016,0,2,Injury Collision,,45,Bicycle,Matched,N,1,Raining,0,"(47.61852939200003, -122.33728173199995)",0,0,N,2015-79931
135978,187039,187119,Intersection,Cycles,0, ,,0,Y,02/26/2015 12:00:00 AM +0000,2/26/2015 12:04:00 PM,1,37441,At Intersection (intersection related),Daylight,EVANSTON AVE N AND N 90TH ST,0,1,,2,3587344,Dry,51,PEDALCYCLIST STRUCK MOTOR VEHICLE FRONT END AT ANGLE,,10288,0,2,Injury Collision,,45,Bicycle,Matched,N,1,Clear or Partly Cloudy,0,"(47.69420515500008, -122.35125422299996)",0,0,N,15-64960
135980,187037,187117,Intersection,Cycles,0, ,,0,,03/01/2015 12:00:00 AM +0000,3/1/2015 6:33:00 AM,1,35906,At Intersection (intersection related),Dawn,1ST AVE NE AND NE 145TH ST,0,1,Y,2,3575317,Dry,51,PEDALCYCLIST STRUCK MOTOR VEHICLE FRONT END AT ANGLE,,16678,0,2,Injury Collision,,45,Bicycle,Matched,N,1,Clear or Partly Cloudy,0,"(47.73409487400005, -122.32887983699999)",0,0,N,2015-68296
135983,187018,187098,Intersection,Cycles,0, ,,0,,10/31/2014 12:00:00 AM +0000,10/31/2014 7:00:00 PM,1,27105,At Intersection (intersection related),Dark - Street Lights On,UNIVERSITY WAY NE AND NE 41ST ST,0,1,,3,3571107,Dry,18,"MOTOR VEHICLE STRUCK PEDALCYCLIST, FRONT END AT ANGLE",,13219,0,2,Injury Collision,,45,Bicycle,Matched,N,1,Raining,0,"(47.656834220000064, -122.31324600799996)",5667,0,N,14-365136
135987,187012,187092,Intersection,Cycles,0, ,,0,,03/04/2015 12:00:00 AM +0000,3/4/2015 8:50:00 AM,1,30436,At Intersection (intersection related),Daylight,12TH AVE S AND S WELLER ST,0,1,Y,2,3559910,Dry,51,PEDALCYCLIST STRUCK MOTOR VEHICLE FRONT END AT ANGLE,,21537,0,2,Injury Collision,,45,Bicycle,Matched,N,1,Clear or Partly Cloudy,0,"(47.59749957200006, -122.31722672699999)",16237,0,N,15-71754
136096,187044,187124,Intersection,Cycles,0, ,,0,,03/03/2015 12:00:00 AM +0000,3/3/2015 6:48:00 PM,0,25786,At Intersection (intersection related),Dark - Street Lights On,7TH AVE NE AND NE 50TH ST,0,1,Y,2,3702773,Dry,18,"MOTOR VEHICLE STRUCK PEDALCYCLIST, FRONT END AT ANGLE",,8178,0,1,Property Damage Only Collision,,45,Bicycle,Matched,N,1,Clear or Partly Cloudy,0,"(47.66495773100007, -122.32070290399997)",0,522071,N,2015-071220
136159,188915,188995,Intersection,Cycles,0, ,,0,Y,03/30/2015 12:00:00 AM +0000,3/30/2015 1:30:00 PM,1,36592,At Intersection (intersection related),Daylight,BAGLEY AVE N AND N 106TH ST,0,1,,2,3706892,Dry,51,PEDALCYCLIST STRUCK MOTOR VEHICLE FRONT END AT ANGLE,,9027,0,2,Injury Collision,,45,Bicycle,Matched,N,1,Clear or Partly Cloudy,0,"(47.705933635000065, -122.332603974)",0,0,N,15-105807
136182,189693,189773,Block,Cycles,418, ,,0,,04/10/2015 12:00:00 AM +0000,4/10/2015 8:23:00 AM,1,,Mid-Block (not related to intersection),Daylight,EASTLAKE AVE E BETWEEN PROSPECT ST AND E NELSON PL,0,1,,3,3591000,Dry,51,PEDALCYCLIST STRUCK MOTOR VEHICLE FRONT END AT ANGLE,,334269,0,2,Injury Collision,,45,Bicycle,Matched,N,1,Clear or Partly Cloudy,0,"(47.62965397600004, -122.32861177999996)",11616,0,N,2015-116870
136187,185957,186037,Block,Cycles,332, ,,0,Y,02/24/2015 12:00:00 AM +0000,2/24/2015 6:16:00 AM,1,,Mid-Block (not related to intersection),Dawn,35TH AVE SW BETWEEN SW BRANDON ST AND SW FINDLAY ST,0,1,,2,3571156,Dry,18,"MOTOR VEHICLE STRUCK PEDALCYCLIST, FRONT END AT ANGLE",,5456,0,2,Injury Collision,,45,Bicycle,Matched,N,1,Clear or Partly Cloudy,0,"(47.552872249000075, -122.37629143199996)",0,0,N,15-62400
136246,187051,187131,Intersection,Cycles,0, ,,0,,03/03/2015 12:00:00 AM +0000,3/3/2015 4:17:00 PM,1,28783,At Intersection (intersection related),Daylight,DEXTER AVE N AND HARRISON ST,0,1,,4,3733351,Dry,51,PEDALCYCLIST STRUCK MOTOR VEHICLE FRONT END AT ANGLE,,10074,0,2,Injury Collision,,45,Bicycle,Matched,N,1,Clear or Partly Cloudy,0,"(47.62205574500007, -122.34237158599996)",0,0,N,15-71042
136249,187049,187129,Intersection,Cycles,0, ,,0,,02/26/2015 12:00:00 AM +0000,2/26/2015 2:00:00 PM,1,30783,At Intersection (intersection related),Daylight,RAINIER AVE S AND S LANE ST,0,1,,2,3707759,Dry,18,"MOTOR VEHICLE STRUCK PEDALCYCLIST, FRONT END AT ANGLE",,12344,0,2,Injury Collision,,45,Bicycle,Matched,N,1,Clear or Partly Cloudy,0,"(47.59665174500003, -122.31212118199994)",0,0,N,2015-65108
136254,186257,186337,Block,Cycles,211.5, ,,0,Y,02/26/2015 12:00:00 AM +0000,2/26/2015 7:40:00 PM,1,,Mid-Block (but intersection related),Dark - Street Lights On,12TH AVE BETWEEN E PIKE ST AND E PINE ST,0,1,,2,3626711,Dry,18,"MOTOR VEHICLE STRUCK PEDALCYCLIST, FRONT END AT ANGLE",,1546,0,2,Injury Collision,,45,Bicycle,Matched,N,1,Clear or Partly Cloudy,0,"(47.61468248300008, -122.31684498699997)",10956,0,N,2015-65481
136284,187568,187648,Intersection,Cycles,0, ,,0,Y,03/16/2015 12:00:00 AM +0000,3/16/2015 8:11:00 AM,1,36084,At Intersection (intersection related),Daylight,17TH AVE NE AND NE 140TH ST,0,1,Y,2,3736427,Dry,18,"MOTOR VEHICLE STRUCK PEDALCYCLIST, FRONT END AT ANGLE",,2426,0,2,Injury Collision,,45,Bicycle,Matched,N,1,Clear or Partly Cloudy,0,"(47.73027352100007, -122.31000536199997)",0,0,N,2015-85901
136321,189304,189384,Intersection,Cycles,0, ,,0,,03/18/2015 12:00:00 AM +0000,3/18/2015 8:12:00 AM,1,29734,At Intersection (intersection related),Daylight,BOYLSTON AVE AND E PINE ST,0,1,,0,E409647,Dry,18,"MOTOR VEHICLE STRUCK PEDALCYCLIST, FRONT END AT ANGLE",,9375,0,2,Injury Collision,,45,Bicycle,Matched,N,1,Overcast,0,"(47.61523114200003, -122.32341547099998)",14632,0,N,2015-88444
136382,187063,187143,Block,Cycles,213, ,,0,,03/05/2015 12:00:00 AM +0000,3/5/2015 5:29:00 PM,1,,Driveway Junction,Daylight,2ND AVE BETWEEN UNIVERSITY ST AND UNION ST,0,1,Y,2,3733354,Dry,18,"MOTOR VEHICLE STRUCK PEDALCYCLIST, FRONT END AT ANGLE",,2756,0,2,Injury Collision,,45,Bicycle,Matched,N,1,Clear or Partly Cloudy,0,"(47.60779445000003, -122.33754000999994)",12161,0,N,15-73648
136389,187377,187457,Block,Cycles,222, ,,0,,03/12/2015 12:00:00 AM +0000,3/12/2015 11:35:00 AM,1,,Mid-Block (not related to intersection),Daylight,12TH AVE BETWEEN E MADISON ST AND E PIKE ST,0,1,,2,3626555,Dry,51,PEDALCYCLIST STRUCK MOTOR VEHICLE FRONT END AT ANGLE,,1536,0,2,Injury Collision,,45,Bicycle,Matched,N,1,Clear or Partly Cloudy,0,"(47.613495138000076, -122.31678450399994)",10778,0,N,2015-81444
136449,188926,189006,Intersection,Cycles,0, ,,0,Y,04/04/2015 12:00:00 AM +0000,4/4/2015 6:19:00 PM,1,24267,At Intersection (intersection related),Daylight,GREENWOOD AVE N AND N 84TH ST,0,1,,2,3736832,Dry,51,PEDALCYCLIST STRUCK MOTOR VEHICLE FRONT END AT ANGLE,,10751,0,2,Injury Collision,,45,Bicycle,Matched,N,1,Clear or Partly Cloudy,0,"(47.68983726600004, -122.35530146599996)",0,0,N,2015-110231
136538,187077,187157,Block,Cycles,168, ,,0,,02/28/2015 12:00:00 AM +0000,2/28/2015 7:00:00 PM,1,,Driveway Junction,Dark - Street Lights On,N NORTHGATE WAY BETWEEN AURORA AVE N AND MIDVALE AVE N,0,1,,0,E404165,Dry,18,"MOTOR VEHICLE STRUCK PEDALCYCLIST, FRONT END AT ANGLE",,16111,0,2,Injury Collision,,45,Bicycle,Matched,N,1,Clear or Partly Cloudy,0,"(47.70505030700008, -122.34401368799996)",0,0,N,2015-067831
136617,185982,186062,Block,Cycles,132, ,,0,,02/18/2015 12:00:00 AM +0000,2/18/2015 6:59:00 PM,1,,Mid-Block (but intersection related),Dark - Street Lights On,NE 50TH ST BETWEEN ROOSEVELT WAY NE AND 11TH AVE NE,0,1,,2,3706724,Dry,54,PEDALCYCLIST STRUCK MOTOR VEHICLE REAR END,,16930,0,2,Injury Collision,,45,Bicycle,Matched,N,1,Overcast,0,"(47.664932528000065, -122.31687117199999)",0,0,N,2015-56519
136627,185617,185697,Intersection,Cycles,0, ,,0,Y,02/12/2015 12:00:00 AM +0000,2/12/2015 1:31:00 PM,1,24455,At Intersection (intersection related),Daylight,6TH AVE NE AND NE 72ND ST,0,1,Y,2,3706753,Dry,18,"MOTOR VEHICLE STRUCK PEDALCYCLIST, FRONT END AT ANGLE",,7917,0,2,Injury Collision,,45,Bicycle,Matched,N,1,Clear or Partly Cloudy,0,"(47.68090114200004, -122.32176953799996)",0,0,N,15-49208
136652,186280,186360,Block,Cycles,133, ,,0,,03/02/2015 12:00:00 AM +0000,3/2/2015 7:13:00 AM,1,,Mid-Block (but intersection related),Daylight,8TH AVE NW BETWEEN NW 56TH ST AND NW 57TH ST,0,1,,2,3575114,Dry,51,PEDALCYCLIST STRUCK MOTOR VEHICLE FRONT END AT ANGLE,,8385,0,2,Injury Collision,,45,Bicycle,Matched,N,1,Clear or Partly Cloudy,0,"(47.669793983000034, -122.36617636099999)",24240,0,N,15-69192
136674,187397,187477,Intersection,Cycles,0, ,,0,,02/24/2015 12:00:00 AM +0000,2/24/2015 8:15:00 AM,1,26735,At Intersection (intersection related),Unknown,15TH AV W OFF RP AND W NICKERSON ST,0,1,,2,3506001,Unknown,18,"MOTOR VEHICLE STRUCK PEDALCYCLIST, FRONT END AT ANGLE",,2204,0,2,Injury Collision,,45,Bicycle,Matched,N,1,Unknown,0,"(47.65393223500007, -122.37570239699994)",0,0,N,2015-65911
136724,188978,189058,Intersection,Cycles,0, ,,0,,03/19/2015 12:00:00 AM +0000,3/19/2015 5:28:00 PM,1,29757,At Intersection (intersection related),Daylight,BROADWAY AND E UNION ST,0,1,,0,E409518,Wet,51,PEDALCYCLIST STRUCK MOTOR VEHICLE FRONT END AT ANGLE,,9446,0,2,Injury Collision,,45,Bicycle,Matched,N,1,Raining,0,"(47.61296336300006, -122.32076237799998)",9445,0,N,2015-090408
136800,186294,186374,Intersection,Cycles,0, ,,0,,01/26/2015 12:00:00 AM +0000,1/26/2015 1:50:00 PM,1,27123,At Intersection (intersection related),Daylight,6TH AVE NE AND NE 40TH ST,0,1,,2,3448938,Dry,51,PEDALCYCLIST STRUCK MOTOR VEHICLE FRONT END AT ANGLE,,16732,0,2,Injury Collision,,45,Bicycle,Matched,N,1,Clear or Partly Cloudy,0,"(47.65551733600006, -122.32269173899999)",0,0,N,15-000163
136813,185697,185777,Block,Cycles,238, ,,0,,02/12/2015 12:00:00 AM +0000,2/12/2015 6:30:00 PM,0,,Mid-Block (not related to intersection),Unknown,LAKE WASHINGTON BLVD BETWEEN E TERRACE ST AND E JEFFERSON ST,0,1,,2,3701157,Unknown,18,"MOTOR VEHICLE STRUCK PEDALCYCLIST, FRONT END AT ANGLE",,11194,0,1,Property Damage Only Collision,,45,Bicycle,Matched,N,1,Unknown,0,"(47.60527694600006, -122.28350343499994)",0,0,N,15-49655
136843,187139,187219,Intersection,Cycles,0, ,,0,,02/20/2015 12:00:00 AM +0000,2/20/2015 12:24:00 PM,1,35449,At Intersection (intersection related),Daylight,RAINIER AVE S AND S FISHER PL,0,1,,0,E402191,Dry,18,"MOTOR VEHICLE STRUCK PEDALCYCLIST, FRONT END AT ANGLE",,12423,0,2,Injury Collision,,45,Bicycle,Matched,N,1,Clear or Partly Cloudy,0,"(47.521410787000036, -122.269997478)",0,0,N,2015-058392
136909,189081,189161,Intersection,Cycles,0, ,,0,,04/06/2015 12:00:00 AM +0000,4/6/2015 9:05:00 AM,1,29579,At Intersection (intersection related),Daylight,4TH AVE AND PINE ST,0,1,Y,2,3590992,Dry,18,"MOTOR VEHICLE STRUCK PEDALCYCLIST, FRONT END AT ANGLE",,6133,0,2,Injury Collision,,45,Bicycle,Matched,N,1,Clear or Partly Cloudy,0,"(47.61120737300007, -122.33759198199999)",12764,0,N,2015-111935
136943,185704,185784,Block,Cycles,213, ,,0,Y,02/19/2015 12:00:00 AM +0000,2/19/2015 11:01:00 AM,1,,Mid-Block (not related to intersection),Daylight,DEXTER AVE N BETWEEN HARRISON ST AND REPUBLICAN ST,0,1,,2,3641236,Wet,51,PEDALCYCLIST STRUCK MOTOR VEHICLE FRONT END AT ANGLE,,10074,0,2,Injury Collision,,45,Bicycle,Matched,N,1,Overcast,0,"(47.62263838000007, -122.34236643899999)",0,0,N,2015-57157
136977,186857,186937,Block,Cycles,321.5, ,,0,,03/06/2015 12:00:00 AM +0000,3/6/2015 12:28:00 PM,1,,Driveway Junction,Daylight,MARION ST BETWEEN MINOR AVE AND BOYLSTON AVE,0,1,,3,3626554,Dry,11,"MOTOR VEHICLE STRUCK MOTOR VEHICLE, FRONT END AT ANGLE",,11673,0,2,Injury Collision,,45,Bicycle,Matched,N,1,Clear or Partly Cloudy,0,"(47.609552001000054, -122.32226920799997)",0,0,N,2015-74460
136978,186840,186920,Intersection,Cycles,0, ,,0,,02/12/2015 12:00:00 AM +0000,2/12/2015 7:45:00 PM,1,30727,At Intersection (intersection related),Dark - Street Lights On,17TH AVE AND E YESLER WAY,0,1,,0,E401312,Dry,18,"MOTOR VEHICLE STRUCK PEDALCYCLIST, FRONT END AT ANGLE",,2356,0,2,Injury Collision,,45,Bicycle,Matched,N,1,Clear or Partly Cloudy,0,"(47.60168055300005, -122.31026488399999)",0,0,N,2015-49710
136979,186839,186919,Intersection,Cycles,0, ,,0,,02/18/2015 12:00:00 AM +0000,2/18/2015 6:34:00 AM,1,29613,At Intersection (intersection related),Dark - Street Lights On,2ND AVE AND SPRING ST,0,1,,0,E401616,Dry,51,PEDALCYCLIST STRUCK MOTOR VEHICLE FRONT END AT ANGLE,,2754,0,2,Injury Collision,,45,Bicycle,Matched,N,1,Clear or Partly Cloudy,0,"(47.605872617000045, -122.33578172399996)",2754,0,N,2015-55813
137124,186310,186390,,Cycles,,NEI,"Not Enough Information, or Insufficient Location Information",0,,01/21/2015 12:00:00 AM +0000,1/21/2015 1:47:00 PM,0,,Mid-Block (not related to intersection),Daylight,,0,1,,2,3519585,Dry,00,NOT ENOUGH INFORMATION / NOT APPLICABLE,,,0,1,Property Damage Only Collision,,45,Bicycle,Matched,N,1,Clear or Partly Cloudy,0,,0,0,N,115000131
137156,187434,187514,Block,Cycles,610.5, ,,0,,03/12/2015 12:00:00 AM +0000,3/12/2015 2:59:00 PM,1,,Mid-Block (not related to intersection),Daylight,HARBOR AVE SW BETWEEN CALIFORNIA WAY SW AND FAIRMOUNT AVE SW,0,1,,2,3588327,Dry,51,PEDALCYCLIST STRUCK MOTOR VEHICLE FRONT END AT ANGLE,,10815,1,2b,Serious Injury Collision,,45,Bicycle,Matched,N,1,Clear or Partly Cloudy,0,"(47.588294606000034, -122.37982308899996)",0,0,N,2015-81707
137157,187433,187513,Block,Cycles,629, ,,0,,03/13/2015 12:00:00 AM +0000,3/13/2015 3:47:00 PM,1,,Mid-Block (not related to intersection),Daylight,DELRIDGE WAY SW BETWEEN SW JUNEAU ST AND 24TH AVE SW,0,1,,2,3587754,Dry,51,PEDALCYCLIST STRUCK MOTOR VEHICLE FRONT END AT ANGLE,,9970,0,2,Injury Collision,,45,Bicycle,Matched,N,1,Clear or Partly Cloudy,0,"(47.548385256000074, -122.36303174499994)",0,0,N,15-83055
137225,190116,190196,Intersection,Cycles,0, ,,0,,03/26/2015 12:00:00 AM +0000,3/26/2015 10:45:00 AM,1,24570,At Intersection (intersection related),Daylight,SUNNYSIDE AVE N AND EAST GREEN LAKE DR N,0,1,,2,3549634,Dry,51,PEDALCYCLIST STRUCK MOTOR VEHICLE FRONT END AT ANGLE,,13016,0,2,Injury Collision,,45,Bicycle,Matched,N,1,Clear or Partly Cloudy,0,"(47.682641587000035, -122.32958468499999)",0,0,N,15-98225
137233,192228,192308,Block,Cycles,380.5, ,,0,,05/04/2015 12:00:00 AM +0000,5/4/2015 7:52:00 AM,1,,Mid-Block (not related to intersection),Daylight,S JACKSON ST BETWEEN 12TH AVE S AND 14TH AVE S,0,1,,1,E421520,Dry,69,PEDALCYCLIST OVERTURNED IN ROAD,,20494,1,2b,Serious Injury Collision,,45,Bicycle,Matched,N,1,Clear or Partly Cloudy,0,"(47.59919951900008, -122.31568207499998)",0,0,N,2015-145264
137271,193386,193466,Block,Cycles,153, ,,0,,05/13/2015 12:00:00 AM +0000,5/13/2015 3:55:00 PM,1,,Mid-Block (but intersection related),Daylight,5TH AVE BETWEEN SENECA ST AND UNIVERSITY ST,0,1,,5,3739656,Wet,55,PEDALCYCLIST STRUCK MOTOR VEHICLE RIGHT SIDE SIDESWIPE,,7232,0,2,Injury Collision,,45,Bicycle,Matched,N,1,Raining,0,"(47.60833487000008, -122.333429277)",0,0,N,15-157178
137273,193384,193464,Intersection,Cycles,0, ,,0,Y,05/16/2015 12:00:00 AM +0000,5/16/2015 10:02:00 PM,1,29510,At Intersection (intersection related),Dark - Street Lights On,DENNY WAY AND WESTLAKE AVE,0,1,Y,5,3739300,Dry,18,"MOTOR VEHICLE STRUCK PEDALCYCLIST, FRONT END AT ANGLE",,10015,0,2,Injury Collision,,45,Bicycle,Matched,N,1,Overcast,0,"(47.618534269000065, -122.33848456799996)",0,0,N,2015-161360
137280,193120,193200,Block,Cycles,160, ,,0,,05/09/2015 12:00:00 AM +0000,5/9/2015 3:43:00 PM,1,,Driveway Junction,Daylight,NE 108TH ST BETWEEN 11TH AVE NE AND 12TH AVE NE,0,1,,0,E423181,Dry,51,PEDALCYCLIST STRUCK MOTOR VEHICLE FRONT END AT ANGLE,,16279,0,2,Injury Collision,,45,Bicycle,Matched,N,1,Clear or Partly Cloudy,0,"(47.70716868300008, -122.31607137699996)",0,0,N,2015-152274
137331,194027,194107,,Cycles,,NEI,"Not Enough Information, or Insufficient Location Information",0,,05/23/2015 12:00:00 AM +0000,5/23/2015 6:41:00 PM,0,,,Daylight,,0,1,,0,E427320,Dry,00,NOT ENOUGH INFORMATION / NOT APPLICABLE,,,0,1,Property Damage Only Collision,,45,Bicycle,Matched,N,1,Clear or Partly Cloudy,0,,0,0,N,2015-169953
137387,192238,192318,Intersection,Cycles,0, ,,0,,04/18/2015 12:00:00 AM +0000,4/18/2015 11:41:00 AM,1,31507,At Intersection (intersection related),Daylight,M L KING JR WAY S AND S BAYVIEW S ST,0,1,,0,E417181,Dry,18,"MOTOR VEHICLE STRUCK PEDALCYCLIST, FRONT END AT ANGLE",,11518,0,2,Injury Collision,,45,Bicycle,Matched,N,1,Clear or Partly Cloudy,0,"(47.58126700100007, -122.29699071399995)",0,0,N,2015-126537
137388,192236,192316,Block,Cycles,213.5, ,,0,,04/17/2015 12:00:00 AM +0000,4/17/2015 9:22:00 AM,1,,Mid-Block (not related to intersection),Daylight,6TH AVE BETWEEN PINE ST AND OLIVE WAY,0,1,,0,E417132,Dry,18,"MOTOR VEHICLE STRUCK PEDALCYCLIST, FRONT END AT ANGLE",,7884,0,2,Injury Collision,,45,Bicycle,Matched,N,1,Clear or Partly Cloudy,0,"(47.612633294000034, -122.33582748299995)",0,0,N,2015-124992
137399,191972,192052,Intersection,Cycles,0, ,,0,,04/07/2015 12:00:00 AM +0000,4/7/2015 8:43:00 AM,1,25418,At Intersection (intersection related),Daylight,8TH AVE NW AND NW 56TH ST,0,1,,0,E416522,Dry,18,"MOTOR VEHICLE STRUCK PEDALCYCLIST, FRONT END AT ANGLE",,8385,0,2,Injury Collision,,45,Bicycle,Matched,N,1,Overcast,0,"(47.66943046700004, -122.36617831099994)",8384,0,N,2015-113095
137501,191258,191338,Block,Cycles,213, ,,0,,04/21/2015 12:00:00 AM +0000,4/21/2015 8:53:00 AM,2,,Mid-Block (not related to intersection),Daylight,2ND AVE BETWEEN UNION ST AND PIKE ST,0,2,,4,3739580,Dry,18,"MOTOR VEHICLE STRUCK PEDALCYCLIST, FRONT END AT ANGLE",,2757,0,2,Injury Collision,,45,Bicycle,Matched,N,1,Clear or Partly Cloudy,0,"(47.60878749200003, -122.33844845799996)",0,0,N,2015-129977
137567,194058,194138,Intersection,Cycles,0, ,,0,Y,05/29/2015 12:00:00 AM +0000,5/29/2015 6:03:00 PM,1,36584,At Intersection (intersection related),Daylight,MERIDIAN AVE N AND N NORTHGATE WAY,0,1,,2,3738783,Dry,18,"MOTOR VEHICLE STRUCK PEDALCYCLIST, FRONT END AT ANGLE",,11826,0,2,Injury Collision,,45,Bicycle,Matched,N,1,Clear or Partly Cloudy,0,"(47.70866306600004, -122.33399304399995)",0,0,N,15-178071
137568,194057,194137,Intersection,Cycles,0, ,,0,,05/19/2015 12:00:00 AM +0000,5/19/2015 10:19:00 AM,1,25657,At Intersection (intersection related),Daylight,EVANSTON AVE N AND N 50TH ST,0,1,,2,3738444,Dry,18,"MOTOR VEHICLE STRUCK PEDALCYCLIST, FRONT END AT ANGLE",,15641,0,2,Injury Collision,,45,Bicycle,Matched,N,1,Clear or Partly Cloudy,0,"(47.66501582700005, -122.35146177899998)",0,0,N,15-164192
137590,189918,189998,Intersection,Cycles,0, ,,0,Y,03/27/2015 12:00:00 AM +0000,3/27/2015 6:20:00 PM,0,25183,At Intersection (intersection related),Daylight,17TH AVE NW AND SHILSHOLE AVE NW,0,1,,2,3736353,Dry,18,"MOTOR VEHICLE STRUCK PEDALCYCLIST, FRONT END AT ANGLE",,2428,0,1,Property Damage Only Collision,,45,Bicycle,Matched,N,1,Clear or Partly Cloudy,0,"(47.66238965500003, -122.37889419899994)",0,0,N,2015-100169
137591,193157,193237,Block,Cycles,667, ,,0,,05/06/2015 12:00:00 AM +0000,5/6/2015 8:12:00 AM,1,,Driveway Junction,Daylight,LINDEN AVE N BETWEEN N 130TH ST AND N 135TH ST,0,1,Y,2,3501825,Dry,18,"MOTOR VEHICLE STRUCK PEDALCYCLIST, FRONT END AT ANGLE",,11453,0,2,Injury Collision,,45,Bicycle,Matched,N,1,Clear or Partly Cloudy,0,"(47.72503747500008, -122.34793329699994)",0,0,N,2015-147723
137674,193433,193513,Block,Cycles,213, ,,0,Y,05/17/2015 12:00:00 AM +0000,5/17/2015 6:30:00 PM,1,,Mid-Block (but intersection related),Daylight,16TH AVE BETWEEN E OLIVE ST AND E HOWELL ST,0,1,,2,3707251,Dry,51,PEDALCYCLIST STRUCK MOTOR VEHICLE FRONT END AT ANGLE,,2231,0,2,Injury Collision,,45,Bicycle,Matched,N,1,Clear or Partly Cloudy,0,"(47.61702818900005, -122.31145033699994)",0,0,N,2015-163254
137688,192898,192978,,Cycles,,NEI,"Not Enough Information, or Insufficient Location Information",0,,04/13/2015 12:00:00 AM +0000,4/13/2015 6:10:00 PM,0,,,Unknown,,0,1,,2,3733006,Unknown,00,NOT ENOUGH INFORMATION / NOT APPLICABLE,,,0,1,Property Damage Only Collision,,45,Bicycle,Matched,N,1,Unknown,0,,0,0,N,2015-120955
137698,193738,193818,Block,Cycles,211.5, ,,0,,05/26/2015 12:00:00 AM +0000,5/26/2015 6:50:00 PM,1,,Driveway Junction,Daylight,BROADWAY BETWEEN E PIKE ST AND E PINE ST,0,1,Y,2,3626634,Dry,18,"MOTOR VEHICLE STRUCK PEDALCYCLIST, FRONT END AT ANGLE",,9447,0,2,Injury Collision,,45,Bicycle,Matched,N,1,Clear or Partly Cloudy,0,"(47.61465412100006, -122.32078948899999)",0,0,N,2015-173907
137878,191058,191138,Block,Cycles,324.5, ,,0,,04/19/2015 12:00:00 AM +0000,4/19/2015 2:38:00 PM,1,,Driveway Junction,Daylight,47TH AVE S BETWEEN S GRAHAM ST AND S MORGAN ST,0,1,,2,3730165,Dry,51,PEDALCYCLIST STRUCK MOTOR VEHICLE FRONT END AT ANGLE,,7024,0,2,Injury Collision,,45,Bicycle,Matched,N,1,Clear or Partly Cloudy,0,"(47.54515463200005, -122.27371077699996)",7024,0,N,2015-127936
137903,191282,191362,Intersection,Cycles,0, ,,0,,04/22/2015 12:00:00 AM +0000,4/22/2015 9:34:00 PM,0,29587,At Intersection (intersection related),Dark - Street Lights On,3RD AVE AND PIKE ST,0,1,Y,2,3739533,Dry,18,"MOTOR VEHICLE STRUCK PEDALCYCLIST, FRONT END AT ANGLE",,4384,0,1,Property Damage Only Collision,,45,Bicycle,Matched,N,1,Clear or Partly Cloudy,0,"(47.60974973300006, -122.33779291599996)",0,0,N,2015-132031
137929,192101,192181,Intersection,Cycles,0, ,,0,,05/02/2015 12:00:00 AM +0000,5/2/2015 12:20:00 PM,1,30348,At Intersection (intersection related),Daylight,1ST AVE AND COLUMBIA ST,0,1,Y,3,3739231,Dry,18,"MOTOR VEHICLE STRUCK PEDALCYCLIST, FRONT END AT ANGLE",,1002,0,2,Injury Collision,,45,Bicycle,Matched,N,1,Clear or Partly Cloudy,0,"(47.60326855800008, -122.33493456599996)",1002,0,N,2015-143385
137940,191498,191578,Block,Cycles,115, ,,0,,03/31/2015 12:00:00 AM +0000,3/31/2015 3:19:00 PM,1,,Mid-Block (not related to intersection),Daylight,PINE ST BETWEEN MINOR AVE AND MELROSE AVE,0,1,,0,E412383,Wet,23,"MOTOR VEHICLE STRUCK PEDALCYCLIST, LEFT SIDE SIDESWIPE",,12225,0,2,Injury Collision,,45,Bicycle,Matched,N,1,Overcast,0,"(47.61508065500004, -122.32831087699998)",10330,0,N,2015-104918