OBJECTID,INCKEY,COLDETKEY,ADDRTYPE,COLLISIONTYPE,DISTANCE,EXCEPTRSNCODE,EXCEPTRSNDESC,FATALITIES,INATTENTIONIND,INCDATE,INCDTTM,INJURIES,INTKEY,JUNCTIONTYPE,LIGHTCOND,LOCATION,PEDCOUNT,PEDCYLCOUNT,PEDROWNOTGRNT,PERSONCOUNT,REPORTNO,ROADCOND,SDOT_COLCODE,SDOT_COLDESC,SDOTCOLNUM,SEGKEY,SERIOUSINJURIES,SEVERITYCODE,SEVERITYDESC,SPEEDING,ST_COLCODE,ST_COLDESC,STATUS,UNDERINFL,VEHCOUNT,WEATHER,WIDTH,Shape,SEGLANEKEY,CROSSWALKKEY,HITPARKEDCAR,SPDCASENO
138016,191078,191158,Block,Cycles,253, ,,0,Y,04/22/2015 12:00:00 AM +0000,4/22/2015 7:03:00 PM,1,,Driveway Junction,Daylight,RAINIER AVE S BETWEEN S HUDSON ST AND 39TH N AVE S,0,1,Y,2,3730170,Dry,18,"MOTOR VEHICLE STRUCK PEDALCYCLIST, FRONT END AT ANGLE",,12388,0,2,Injury Collision,,45,Bicycle,Matched,N,1,Clear or Partly Cloudy,0,"(47.55645156800006, -122.28410238699996)",0,0,N,2015-131901
138050,191537,191617,Intersection,Cycles,0, ,,0,,04/18/2015 12:00:00 AM +0000,4/18/2015 10:45:00 AM,1,30510,At Intersection (intersection related),Daylight,5TH AVE S AND S JACKSON ST,0,1,,1,3739577,Dry,29,MOTOR VEHICLE OVERTURNED IN ROAD,,7359,0,2,Injury Collision,,45,Bicycle,Matched,N,0,Clear or Partly Cloudy,0,"(47.599194924000074, -122.32766699399997)",0,0,N,2015-126486
138117,193797,193877,Intersection,Cycles,0, ,,0,Y,05/26/2015 12:00:00 AM +0000,5/26/2015 8:13:00 PM,1,25757,At Intersection (intersection related),Daylight,11TH AVE NE AND NE RAVENNA WB BV,0,1,,2,3706666,Dry,51,PEDALCYCLIST STRUCK MOTOR VEHICLE FRONT END AT ANGLE,,1575,0,2,Injury Collision,,45,Bicycle,Matched,N,1,Clear or Partly Cloudy,0,"(47.671896987000025, -122.31577275399997)",0,0,N,15-173983
138120,193560,193640,Intersection,Cycles,0, ,,0,,05/19/2015 12:00:00 AM +0000,5/19/2015 9:53:00 AM,1,29863,At Intersection (intersection related),Daylight,MELROSE AVE AND PINE ST,0,1,,2,3626512,Dry,51,PEDALCYCLIST STRUCK MOTOR VEHICLE FRONT END AT ANGLE,,11745,0,2,Injury Collision,,45,Bicycle,Matched,N,1,Clear or Partly Cloudy,0,"(47.615238420000026, -122.32790375499997)",41973,0,N,2015-164159
138187,191309,191389,Block,Cycles,212.5, ,,0,,04/27/2015 12:00:00 AM +0000,4/27/2015 4:10:00 PM,1,,Mid-Block (but intersection related),Daylight,MERIDIAN AVE N BETWEEN N NORTHLAKE WAY AND N 34TH ST,0,1,,3,3591819,Dry,11,"MOTOR VEHICLE STRUCK MOTOR VEHICLE, FRONT END AT ANGLE",,11780,0,2,Injury Collision,Y,45,Bicycle,Matched,N,1,Clear or Partly Cloudy,0,"(47.64744824100006, -122.33392032899997)",0,0,N,2015-137733
138200,192138,192218,Block,Cycles,128, ,,0,,04/07/2015 12:00:00 AM +0000,4/7/2015 9:43:00 AM,1,,Mid-Block (not related to intersection),Daylight,15TH AVE S BETWEEN 15TH AVS TURN RD AND S COLUMBIAN N WAY,0,1,,0,E414454,Dry,51,PEDALCYCLIST STRUCK MOTOR VEHICLE FRONT END AT ANGLE,,2153,0,2,Injury Collision,,45,Bicycle,Matched,N,1,Overcast,0,"(47.569518121000044, -122.31342877599997)",0,0,N,2015-113162
138230,193564,193644,Intersection,Cycles,0, ,,0,,05/15/2015 12:00:00 AM +0000,5/15/2015 5:45:00 AM,1,27440,At Intersection (intersection related),Dawn,36TH AVE W AND W BARRETT ST,0,1,,2,3739292,Dry,18,"MOTOR VEHICLE STRUCK PEDALCYCLIST, FRONT END AT ANGLE",,5656,0,2,Injury Collision,,45,Bicycle,Matched,N,1,Overcast,0,"(47.646816612000066, -122.40361794699999)",0,0,N,2015-159072
138236,193562,193642,Intersection,Cycles,0, ,,0,,05/20/2015 12:00:00 AM +0000,5/20/2015 5:29:00 PM,1,27034,At Intersection (intersection related),Daylight,TROLL AVE N AND N 35TH ST,0,1,,2,3736365,Dry,18,"MOTOR VEHICLE STRUCK PEDALCYCLIST, FRONT END AT ANGLE",,9003,0,2,Injury Collision,,45,Bicycle,Matched,N,1,Clear or Partly Cloudy,0,"(47.65015880000004, -122.34742988899995)",0,0,N,2015-166066
138249,193215,193295,Block,Cycles,255.5, ,,0,,04/16/2015 12:00:00 AM +0000,4/16/2015 4:18:00 PM,1,,Mid-Block (not related to intersection),Daylight,M L KING JR ER WAY S BETWEEN S ROSE ST AND S THISTLE ST,0,1,,0,E418701,Dry,18,"MOTOR VEHICLE STRUCK PEDALCYCLIST, FRONT END AT ANGLE",,11567,0,2,Injury Collision,,45,Bicycle,Matched,N,1,Clear or Partly Cloudy,0,"(47.52853365000004, -122.28025718699996)",0,525484,N,15-106326
138296,193578,193658,Intersection,Cycles,0, ,,0,Y,05/14/2015 12:00:00 AM +0000,5/14/2015 6:13:00 PM,1,28797,At Intersection (intersection related),Daylight,DEXTER AVE N AND JOHN ST,0,1,,2,3739791,Dry,51,PEDALCYCLIST STRUCK MOTOR VEHICLE FRONT END AT ANGLE,,10072,0,2,Injury Collision,,45,Bicycle,Matched,N,1,Clear or Partly Cloudy,0,"(47.61971961300003, -122.342391712)",0,0,N,2015-158332
138358,191659,191739,Block,Cycles,192, ,,0,Y,05/03/2015 12:00:00 AM +0000,5/3/2015 5:25:00 PM,1,,Mid-Block (not related to intersection),Daylight,ALKI AVE SW BETWEEN 59TH AVE SW AND 60TH AVE SW,0,1,,2,3385966,Dry,18,"MOTOR VEHICLE STRUCK PEDALCYCLIST, FRONT END AT ANGLE",,8796,0,2,Injury Collision,,45,Bicycle,Matched,N,1,Clear or Partly Cloudy,0,"(47.57977779200007, -122.40866226299994)",0,0,N,2015-144747
138415,193858,193938,Block,Cycles,140, ,,0,,05/26/2015 12:00:00 AM +0000,5/26/2015 3:35:00 PM,0,,Mid-Block (not related to intersection),Daylight,NE NORTHLAKE WAY BETWEEN LATONA AVE NE AND 4TH AVE NE,0,1,,2,3503349,Dry,51,PEDALCYCLIST STRUCK MOTOR VEHICLE FRONT END AT ANGLE,,18031,0,1,Property Damage Only Collision,,45,Bicycle,Matched,N,1,Clear or Partly Cloudy,0,"(47.65378517900007, -122.32515355599998)",0,0,N,2015-173689
138446,193898,193978,Block,Cycles,161.5, ,,0,,05/18/2015 12:00:00 AM +0000,5/18/2015 5:06:00 PM,1,,Mid-Block (not related to intersection),Daylight,E CHERRY ST BETWEEN 18TH AVE AND 19TH AVE,0,1,,0,E426893,Dry,18,"MOTOR VEHICLE STRUCK PEDALCYCLIST, FRONT END AT ANGLE",,13887,0,2,Injury Collision,,45,Bicycle,Matched,N,1,Clear or Partly Cloudy,0,"(47.60802362000004, -122.30827862499996)",0,0,N,2015-163394
138459,191359,191439,Intersection,Cycles,0, ,,0,,04/16/2015 12:00:00 AM +0000,4/16/2015 11:24:00 AM,1,27093,At Intersection (intersection related),Daylight,ROOSEVELT WAY NE AND NE 42ND S ST,0,1,,2,3591200,Dry,51,PEDALCYCLIST STRUCK MOTOR VEHICLE FRONT END AT ANGLE,,12595,0,2,Injury Collision,,45,Bicycle,Matched,N,1,Clear or Partly Cloudy,0,"(47.65751422500006, -122.31780212899997)",8985,0,N,15-123843
138532,192568,192668,Intersection,Cycles,0, ,,0,,05/06/2015 12:00:00 AM +0000,5/6/2015 3:20:00 PM,1,26039,At Intersection (intersection related),Daylight,20TH AVE NE AND NE 54TH ST,0,1,,0,E423324,Dry,51,PEDALCYCLIST STRUCK MOTOR VEHICLE FRONT END AT ANGLE,,2964,0,2,Injury Collision,,45,Bicycle,Matched,N,1,Clear or Partly Cloudy,0,"(47.66800627300006, -122.30648740199996)",0,0,N,15-148215
138596,191160,191240,Intersection,Cycles,0, ,,0,Y,04/20/2015 12:00:00 AM +0000,4/20/2015 3:17:00 PM,1,27079,At Intersection (intersection related),Daylight,ROOSEVELT WAY NE AND NE 43RD S ST,0,1,,3,3736780,Dry,18,"MOTOR VEHICLE STRUCK PEDALCYCLIST, FRONT END AT ANGLE",,12597,0,2,Injury Collision,,45,Bicycle,Matched,N,1,Clear or Partly Cloudy,0,"(47.65945594600004, -122.31775170599997)",8995,0,N,2015-129172
138625,191370,191450,Intersection,Cycles,0, ,,0,Y,04/16/2015 12:00:00 AM +0000,4/16/2015 8:33:00 PM,1,37375,At Intersection (intersection related),Dusk,WALLINGFORD AVE N AND N 85TH ST,0,1,,2,3738506,Dry,18,"MOTOR VEHICLE STRUCK PEDALCYCLIST, FRONT END AT ANGLE",,13389,0,2,Injury Collision,,45,Bicycle,Matched,N,1,Clear or Partly Cloudy,0,"(47.69050090300004, -122.33644048199994)",0,0,N,2015-124486
138669,192397,192477,Intersection,Cycles,0, ,,0,,05/05/2015 12:00:00 AM +0000,5/5/2015 11:01:00 AM,1,35033,At Intersection (intersection related),Daylight,16TH AVE SW AND SW HENDERSON ST,0,1,,2,3588332,Dry,51,PEDALCYCLIST STRUCK MOTOR VEHICLE FRONT END AT ANGLE,,2348,0,2,Injury Collision,,45,Bicycle,Matched,N,1,Clear or Partly Cloudy,0,"(47.52287008800005, -122.35510445399996)",0,0,N,2015-146691
138719,193297,193377,Intersection,Cycles,0, ,,0,,05/14/2015 12:00:00 AM +0000,5/14/2015 6:11:00 PM,1,28205,At Intersection (intersection related),Daylight,10TH AVE E AND E ROANOKE W ST,0,1,Y,3,3707047,Dry,18,"MOTOR VEHICLE STRUCK PEDALCYCLIST, FRONT END AT ANGLE",,14728,0,2,Injury Collision,,45,Bicycle,Matched,N,2,Clear or Partly Cloudy,0,"(47.643194556000026, -122.32005642799999)",28205,0,N,2015-158592
138768,192425,192505,Intersection,Cycles,0, ,,0,,04/28/2015 12:00:00 AM +0000,4/28/2015 5:22:00 PM,1,32672,At Intersection (intersection related),Daylight,RAINIER AVE S AND S CHARLESTOWN ST,0,1,,0,E420644,Wet,18,"MOTOR VEHICLE STRUCK PEDALCYCLIST, FRONT END AT ANGLE",,11378,0,2,Injury Collision,,45,Bicycle,Matched,N,1,Raining,0,"(47.56977061300006, -122.29069886499997)",0,524336,N,2015-139096
138799,191738,191818,Intersection,Cycles,0, ,,0,,05/03/2015 12:00:00 AM +0000,5/3/2015 12:37:00 AM,1,30686,At Intersection (intersection related),Dark - Street Lights On,M L KING JR WAY S AND S JUDKINS ST,0,1,Y,2,3707192,Dry,18,"MOTOR VEHICLE STRUCK PEDALCYCLIST, FRONT END AT ANGLE",,11508,0,2,Injury Collision,,45,Bicycle,Matched,N,1,Clear or Partly Cloudy,0,"(47.59204988700003, -122.297633916)",12941,0,N,2015-144087
138801,192582,192682,Intersection,Cycles,0, ,,0,,05/07/2015 12:00:00 AM +0000,5/7/2015 2:33:00 PM,1,29826,At Intersection (intersection related),Daylight,12TH AVE AND E ALDER ST,0,1,,0,E423419,Dry,18,"MOTOR VEHICLE STRUCK PEDALCYCLIST, FRONT END AT ANGLE",,1526,0,2,Injury Collision,,45,Bicycle,Matched,N,1,Clear or Partly Cloudy,0,"(47.604360385000064, -122.31678113299995)",0,0,N,2015-149424
138804,192581,192681,Intersection,Cycles,0, ,,0,,05/05/2015 12:00:00 AM +0000,5/5/2015 7:00:00 PM,1,29818,At Intersection (intersection related),Dusk,BROADWAY AND TERRACE ST,0,1,,2,3707153,Wet,18,"MOTOR VEHICLE STRUCK PEDALCYCLIST, FRONT END AT ANGLE",,9436,0,2,Injury Collision,,45,Bicycle,Matched,N,1,Overcast,0,"(47.60522681700007, -122.32074874099999)",29818,0,N,2015-147330
138823,190060,190140,Block,Cycles,213, ,,0,Y,03/26/2015 12:00:00 AM +0000,3/26/2015 4:16:00 PM,1,,Mid-Block (not related to intersection),Daylight,WESTERN AVE BETWEEN UNIVERSITY ST AND UNION ST,0,1,,3,3733289,Dry,51,PEDALCYCLIST STRUCK MOTOR VEHICLE FRONT END AT ANGLE,,13502,0,2,Injury Collision,,45,Bicycle,Matched,N,1,Clear or Partly Cloudy,0,"(47.606865973000026, -122.33976041099999)",0,0,N,2015-98647
138851,193964,194044,Intersection,Cycles,0, ,,0,,05/28/2015 12:00:00 AM +0000,5/28/2015 4:56:00 PM,1,24580,At Intersection (intersection related),Daylight,EAST GREEN LAKE DR N AND NE 72ND ST,0,1,,2,3708133,Dry,18,"MOTOR VEHICLE STRUCK PEDALCYCLIST, FRONT END AT ANGLE",,14057,0,2,Injury Collision,,45,Bicycle,Matched,N,1,Clear or Partly Cloudy,0,"(47.68029316900004, -122.32582592399996)",0,0,N,15-176470
138873,191386,191466,Block,Cycles,133, ,,0,,04/27/2015 12:00:00 AM +0000,4/27/2015 5:47:00 PM,0,,Mid-Block (not related to intersection),Daylight,14TH AVE NW BETWEEN NW 61ST ST AND NW 62ND ST,0,1,,2,3738478,Dry,18,"MOTOR VEHICLE STRUCK PEDALCYCLIST, FRONT END AT ANGLE",,1901,0,1,Property Damage Only Collision,,45,Bicycle,Matched,N,1,Clear or Partly Cloudy,0,"(47.67344965800004, -122.373578082)",0,0,N,2015-137850
138891,190898,190978,Intersection,Cycles,0, ,,0,,04/15/2015 12:00:00 AM +0000,4/15/2015 4:49:00 PM,1,29918,At Intersection (intersection related),Daylight,9TH AVE AND SPRING ST,0,1,Y,2,3707014,Dry,18,"MOTOR VEHICLE STRUCK PEDALCYCLIST, FRONT END AT ANGLE",,8517,1,2b,Serious Injury Collision,,45,Bicycle,Matched,N,1,Clear or Partly Cloudy,0,"(47.60912237400004, -122.32801317499997)",0,0,N,2015-123064
138951,193648,193728,Block,Cycles,330, ,,0,Y,05/19/2015 12:00:00 AM +0000,5/19/2015 1:43:00 PM,1,,Mid-Block (not related to intersection),Daylight,UNIVERSITY WAY NE BETWEEN NE 47TH ST AND NE 50TH ST,0,1,,2,3736784,Dry,18,"MOTOR VEHICLE STRUCK PEDALCYCLIST, FRONT END AT ANGLE",,13223,0,2,Injury Collision,,45,Bicycle,Matched,N,1,Clear or Partly Cloudy,0,"(47.66399488800005, -122.31308797799994)",13222,0,N,2015-164425
138990,193974,194054,Intersection,Cycles,0, ,,0,Y,05/27/2015 12:00:00 AM +0000,5/27/2015 7:12:00 PM,1,27079,At Intersection (intersection related),Daylight,ROOSEVELT WAY NE AND NE 43RD S ST,0,1,,2,3706667,Dry,18,"MOTOR VEHICLE STRUCK PEDALCYCLIST, FRONT END AT ANGLE",,12597,0,2,Injury Collision,,45,Bicycle,Matched,N,1,Clear or Partly Cloudy,0,"(47.65945594600004, -122.31775170599997)",0,0,N,15-175284
139052,191202,191282,Intersection,Cycles,0, ,,0,,04/22/2015 12:00:00 AM +0000,4/22/2015 8:35:00 AM,1,27093,At Intersection (intersection related),Daylight,ROOSEVELT WAY NE AND NE 42ND S ST,0,1,Y,2,3738438,Dry,18,"MOTOR VEHICLE STRUCK PEDALCYCLIST, FRONT END AT ANGLE",,12595,0,2,Injury Collision,,45,Bicycle,Matched,N,1,Clear or Partly Cloudy,0,"(47.65751422500006, -122.31780212899997)",8985,0,N,2015-131136
139078,193980,194060,Intersection,Cycles,0, ,,0,,05/21/2015 12:00:00 AM +0000,5/21/2015 3:18:00 PM,1,34609,At Intersection (intersection related),Daylight,SEWARD PARK S AVE S AND S MORGAN ST,0,1,,0,E426565,Dry,51,PEDALCYCLIST STRUCK MOTOR VEHICLE FRONT END AT ANGLE,,12799,0,2,Injury Collision,,45,Bicycle,Matched,N,1,Clear or Partly Cloudy,0,"(47.54426392500005, -122.26414708199997)",0,0,N,2015-167149
139115,193658,193738,Block,Cycles,381.5, ,,0,,05/21/2015 12:00:00 AM +0000,5/21/2015 5:45:00 AM,1,,Mid-Block (but intersection related),Dawn,SW SPOKANE ST BETWEEN 11TH CR AVE SW AND SW SPOKANE E BR,0,1,,2,3574497,Dry,11,"MOTOR VEHICLE STRUCK MOTOR VEHICLE, FRONT END AT ANGLE",,22809,0,2,Injury Collision,,45,Bicycle,Matched,N,1,Clear or Partly Cloudy,0,"(47.57140883800008, -122.35034338399998)",0,0,N,15-166607
139166,192202,192282,Block,Cycles,161, ,,0,Y,04/28/2015 12:00:00 AM +0000,4/28/2015 5:12:00 AM,1,,Mid-Block (not related to intersection),Dark - Street Lights On,S JACKSON ST BETWEEN MAYNARD AVE S AND 7TH AVE S,0,1,,1,3739755,Dry,69,PEDALCYCLIST OVERTURNED IN ROAD,,20490,0,2,Injury Collision,,45,Bicycle,Matched,Y,0,,0,"(47.59918968200003, -122.32440465099995)",0,0,N,2015-138310
139172,191877,191957,Block,Cycles,332, ,,0,Y,05/01/2015 12:00:00 AM +0000,5/1/2015 10:29:00 AM,1,,Driveway Junction,Daylight,AURORA AVE N BETWEEN N 125TH ST AND N 127TH ST,0,1,,2,3738530,Dry,18,"MOTOR VEHICLE STRUCK PEDALCYCLIST, FRONT END AT ANGLE",,8992,1,2b,Serious Injury Collision,,45,Bicycle,Matched,N,1,Clear or Partly Cloudy,0,"(47.72048062700003, -122.34494681799998)",8992,0,N,2015-142109
139183,192456,192536,Intersection,Cycles,0, ,,0,Y,05/07/2015 12:00:00 AM +0000,5/7/2015 10:25:00 PM,1,29847,At Intersection (intersection related),Dark - Street Lights On,MELROSE AVE AND OLIVE WAY,0,1,Y,2,3707155,Dry,18,"MOTOR VEHICLE STRUCK PEDALCYCLIST, FRONT END AT ANGLE",,11756,0,2,Injury Collision,,45,Bicycle,Matched,Y,1,Clear or Partly Cloudy,0,"(47.61664171000007, -122.32788067299998)",0,29847,N,2015-150028
139199,191224,191304,Intersection,Cycles,0, ,,0,,04/24/2015 12:00:00 AM +0000,4/24/2015 5:41:00 PM,1,36021,At Intersection (intersection related),Daylight,27TH AVE NE AND NE 137TH ST,0,1,Y,2,3736977,Dry,18,"MOTOR VEHICLE STRUCK PEDALCYCLIST, FRONT END AT ANGLE",,4042,0,2,Injury Collision,,45,Bicycle,Matched,N,1,Clear or Partly Cloudy,0,"(47.728353629000026, -122.29917291699996)",36019,0,N,2015-1304
139216,193987,194067,Block,Cycles,156, ,,0,,05/28/2015 12:00:00 AM +0000,5/28/2015 9:33:00 PM,1,,Mid-Block (not related to intersection),Dark - Street Lights On,RAINIER AVE S BETWEEN S FERDINAND ST AND S HUDSON ST,0,1,,2,3730434,Dry,51,PEDALCYCLIST STRUCK MOTOR VEHICLE FRONT END AT ANGLE,,12387,0,2,Injury Collision,,45,Bicycle,Matched,N,1,Clear or Partly Cloudy,0,"(47.557445847000054, -122.28483764799995)",0,0,N,15-176669
139311,191958,192038,Intersection,Cycles,0, ,,0,,05/02/2015 12:00:00 AM +0000,5/2/2015 1:45:00 PM,1,27203,At Intersection (intersection related),Daylight,1ST AVE NE AND NE 43RD ST,0,1,,2,3736361,Dry,51,PEDALCYCLIST STRUCK MOTOR VEHICLE FRONT END AT ANGLE,,1065,0,2,Injury Collision,,45,Bicycle,Matched,N,1,Clear or Partly Cloudy,0,"(47.65904018900005, -122.32829662099999)",27203,0,N,2015-143483
139324,191418,191498,Intersection,Cycles,0, ,,0,,04/29/2015 12:00:00 AM +0000,4/29/2015 5:09:00 PM,1,30482,At Intersection (intersection related),Daylight,2ND AVE AND JAMES ST,0,1,,2,3736376,Dry,51,PEDALCYCLIST STRUCK MOTOR VEHICLE FRONT END AT ANGLE,,2749,0,2,Injury Collision,,45,Bicycle,Matched,N,1,Clear or Partly Cloudy,0,"(47.60230560100007, -122.33251943999994)",12028,0,N,15-140229
139347,193078,193158,Block,Cycles,156.5,NEI,"Not Enough Information, or Insufficient Location Information",0,,03/31/2015 12:00:00 AM +0000,3/31/2015 11:40:00 AM,1,,Mid-Block (not related to intersection),Daylight,ROOSEVELT WAY NE BETWEEN NE 42ND S ST AND NE 42ND N ST,0,1,,0,E413578,Dry,14,"MOTOR VEHICLE STRUCK MOTOR VEHICLE, REAR END",,12595,0,2,Injury Collision,,45,Bicycle,Matched,N,1,Clear or Partly Cloudy,0,"(47.65794175700006, -122.31779112599997)",0,0,Y,2015-104637
139431,194007,194087,Block,Cycles,153.5, ,,0,,05/27/2015 12:00:00 AM +0000,5/27/2015 8:43:00 AM,1,,Mid-Block (but intersection related),Daylight,YESLER WAY BETWEEN 3RD AVE AND TERRACE ST,0,1,,2,3739494,Dry,18,"MOTOR VEHICLE STRUCK PEDALCYCLIST, FRONT END AT ANGLE",,13765,0,2,Injury Collision,,45,Bicycle,Matched,N,1,Clear or Partly Cloudy,0,"(47.60171819900006, -122.32964493999998)",0,0,N,2015-174477
139479,197674,197794,Intersection,Cycles,0, ,,0,,05/28/2015 12:00:00 AM +0000,5/28/2015 11:57:00 AM,1,29916,At Intersection (intersection related),Daylight,8TH AVE AND SENECA ST,0,1,,0,E435206,Dry,18,"MOTOR VEHICLE STRUCK PEDALCYCLIST, FRONT END AT ANGLE",,8278,0,2,Injury Collision,,45,Bicycle,Matched,N,1,Clear or Partly Cloudy,0,"(47.60937180500008, -122.32977650099997)",0,29916,N,2015-176067
139494,196859,196979,Intersection,Cycles,0, ,,0,,07/02/2015 12:00:00 AM +0000,7/2/2015 5:33:00 PM,1,32953,At Intersection (intersection related),Daylight,DELRIDGE WAY SW AND SW BRANDON ST,0,1,,2,3571214,Dry,18,"MOTOR VEHICLE STRUCK PEDALCYCLIST, FRONT END AT ANGLE",,9968,0,2,Injury Collision,Y,45,Bicycle,Matched,N,1,Clear or Partly Cloudy,0,"(47.55372176100008, -122.362963149)",0,0,N,15-224728
139510,198617,198758,Block,Cycles,205, ,,0,,07/27/2015 12:00:00 AM +0000,7/27/2015 4:40:00 AM,1,,Mid-Block (but intersection related),Dark - Street Lights On,BELMONT AVE BETWEEN E PINE ST AND E OLIVE ST,0,1,,1,3642467,Dry,68,PEDALCYCLIST RAN OFF ROAD - HIT FIXED OBJECT,,9234,1,2b,Serious Injury Collision,Y,45,Bicycle,Matched,N,0,Clear or Partly Cloudy,0,"(47.615785104000054, -122.32447970899995)",0,0,N,2015-257473
139511,198599,198739,Intersection,Cycles,0, ,,0,,07/24/2015 12:00:00 AM +0000,7/24/2015 6:48:00 PM,1,28788,At Intersection (intersection related),Daylight,DEXTER AVE N AND THOMAS ST,0,1,Y,2,3573348,Dry,18,"MOTOR VEHICLE STRUCK PEDALCYCLIST, FRONT END AT ANGLE",,10073,0,2,Injury Collision,,45,Bicycle,Matched,N,1,Clear or Partly Cloudy,0,"(47.620888395000065, -122.34238173099999)",0,0,N,2015-254655
139533,195398,195498,Intersection,Cycles,0, ,,0,,06/13/2015 12:00:00 AM +0000,6/13/2015 12:46:00 AM,1,30365,At Intersection (intersection related),Dark - Street Lights On,1ST AVE S AND S JACKSON ST,0,1,,2,3576522,Dry,18,"MOTOR VEHICLE STRUCK PEDALCYCLIST, FRONT END AT ANGLE",,1188,0,2,Injury Collision,,45,Bicycle,Matched,N,1,Clear or Partly Cloudy,0,"(47.59920482900003, -122.33418803199999)",0,0,N,15-197727
139573,196204,196304,Intersection,Cycles,0, ,,0,Y,06/20/2015 12:00:00 AM +0000,6/20/2015 6:08:00 PM,1,37087,At Intersection (intersection related),Daylight,26TH AVE NW AND NW 85TH W ST,0,1,Y,2,3707632,Dry,18,"MOTOR VEHICLE STRUCK PEDALCYCLIST, FRONT END AT ANGLE",,3906,0,2,Injury Collision,,45,Bicycle,Matched,N,1,Clear or Partly Cloudy,0,"(47.69057378300005, -122.39032847399994)",0,0,N,15-208333
139606,197078,197198,Block,Cycles,156.5, ,,0,,06/25/2015 12:00:00 AM +0000,6/25/2015 4:21:00 PM,1,,Driveway Junction,Daylight,DEXTER AVE N BETWEEN ROY ST AND VALLEY ST,0,1,Y,2,3732143,Dry,18,"MOTOR VEHICLE STRUCK PEDALCYCLIST, FRONT END AT ANGLE",,10078,0,2,Injury Collision,,45,Bicycle,Matched,N,1,Clear or Partly Cloudy,0,"(47.62583102800005, -122.34233820999998)",0,0,N,2015-214874
139608,197076,197196,Block,Cycles,107.5, ,,0,,06/25/2015 12:00:00 AM +0000,6/25/2015 5:23:00 PM,1,,Mid-Block (but intersection related),Daylight,NE 125TH ST BETWEEN 17TH E AVE NE AND 19TH AVE NE,0,1,,3,3707865,Dry,51,PEDALCYCLIST STRUCK MOTOR VEHICLE FRONT END AT ANGLE,,16487,0,2,Injury Collision,,45,Bicycle,Matched,N,1,Clear or Partly Cloudy,0,"(47.71938575400003, -122.30954145099997)",0,0,N,15-214946
139617,196869,196989,Block,Cycles,46, ,,0,,05/19/2015 12:00:00 AM +0000,5/19/2015 8:51:00 AM,1,,Mid-Block (not related to intersection),Daylight,LAKE CITY WAY NE BETWEEN NE 123RD ST AND 30TH N AVE NE,0,1,,1,E427778,Dry,18,"MOTOR VEHICLE STRUCK PEDALCYCLIST, FRONT END AT ANGLE",,11180,0,2,Injury Collision,,45,Bicycle,Matched,N,1,Overcast,0,"(47.717523345000075, -122.29627141599997)",0,0,N,2015-164098
139650,197697,197817,Block,Cycles,69.5, ,,0,,05/20/2015 12:00:00 AM +0000,5/20/2015 3:20:00 PM,1,,Mid-Block (not related to intersection),Daylight,4TH AVE S BETWEEN S INDUSTRIAL EB WAY AND DIAGONAL AVE S,0,1,,0,E435265,Dry,18,"MOTOR VEHICLE STRUCK PEDALCYCLIST, FRONT END AT ANGLE",,6250,0,2,Injury Collision,,45,Bicycle,Matched,N,1,Clear or Partly Cloudy,0,"(47.56748036600004, -122.32928120099996)",0,0,N,2015-165906
139657,195407,195507,Intersection,Cycles,0, ,,0,Y,06/13/2015 12:00:00 AM +0000,6/13/2015 9:15:00 AM,1,31812,At Intersection (intersection related),Daylight,BEACH DR SW AND SW CARROLL ST,0,1,,2,3588278,Dry,51,PEDALCYCLIST STRUCK MOTOR VEHICLE FRONT END AT ANGLE,,9096,0,2,Injury Collision,,45,Bicycle,Matched,N,1,Clear or Partly Cloudy,0,"(47.56752239700006, -122.40951444099994)",0,0,N,2015-198037
139679,194740,194840,,Cycles,,NEI,"Not Enough Information, or Insufficient Location Information",0,Y,06/02/2015 12:00:00 AM +0000,6/2/2015 3:55:00 PM,1,,Mid-Block (not related to intersection),Daylight,,0,1,,1,3732679,Dry,69,PEDALCYCLIST OVERTURNED IN ROAD,,,0,2,Injury Collision,,45,Bicycle,Matched,N,0,Clear or Partly Cloudy,0,,0,0,N,2015-183244
139696,196227,196327,Intersection,Cycles,0, ,,0,,06/24/2015 12:00:00 AM +0000,6/24/2015 7:32:00 PM,1,32863,At Intersection (intersection related),Daylight,ERSKINE WAY SW AND SW DAWSON N ST,0,1,,2,3588162,Dry,51,PEDALCYCLIST STRUCK MOTOR VEHICLE FRONT END AT ANGLE,,10251,0,2,Injury Collision,,45,Bicycle,Matched,N,1,Clear or Partly Cloudy,0,"(47.55668934000005, -122.39003525299995)",0,0,N,2015-213721
139708,195941,196041,Block,Cycles,26, ,,0,Y,06/22/2015 12:00:00 AM +0000,6/22/2015 9:03:00 AM,1,,Mid-Block (not related to intersection),Daylight,15TH AVE E BETWEEN E HARRISON S ST AND E HARRISON N ST,0,1,,3,3626648,Dry,51,PEDALCYCLIST STRUCK MOTOR VEHICLE FRONT END AT ANGLE,,2006,0,2,Injury Collision,,45,Bicycle,Matched,N,1,Clear or Partly Cloudy,0,"(47.62201610500006, -122.31264321799995)",0,0,N,2015-210278
139714,195666,195766,Block,Cycles,491, ,,0,,06/17/2015 12:00:00 AM +0000,6/17/2015 7:55:00 PM,1,,Mid-Block (not related to intersection),Daylight,FAUNTLEROY WAY SW BETWEEN SW AUSTIN ST AND SW KENYON ST,0,1,,3,3571258,Dry,18,"MOTOR VEHICLE STRUCK PEDALCYCLIST, FRONT END AT ANGLE",,10412,0,2,Injury Collision,,45,Bicycle,Matched,N,1,Clear or Partly Cloudy,0,"(47.53362406400004, -122.39267237699994)",0,0,N,2015-204239