OBJECTID,INCKEY,COLDETKEY,ADDRTYPE,COLLISIONTYPE,DISTANCE,EXCEPTRSNCODE,EXCEPTRSNDESC,FATALITIES,INATTENTIONIND,INCDATE,INCDTTM,INJURIES,INTKEY,JUNCTIONTYPE,LIGHTCOND,LOCATION,PEDCOUNT,PEDCYLCOUNT,PEDROWNOTGRNT,PERSONCOUNT,REPORTNO,ROADCOND,SDOT_COLCODE,SDOT_COLDESC,SDOTCOLNUM,SEGKEY,SERIOUSINJURIES,SEVERITYCODE,SEVERITYDESC,SPEEDING,ST_COLCODE,ST_COLDESC,STATUS,UNDERINFL,VEHCOUNT,WEATHER,WIDTH,Shape,SEGLANEKEY,CROSSWALKKEY,HITPARKEDCAR,SPDCASENO
139767,198023,198143,Block,Cycles,231, ,,0,,07/18/2015 12:00:00 AM +0000,7/18/2015 8:29:00 PM,0,,Driveway Junction,Daylight,S LANE ST BETWEEN 13TH AVE S AND CORWIN PL S,0,1,,2,3707551,Dry,18,"MOTOR VEHICLE STRUCK PEDALCYCLIST, FRONT END AT ANGLE",,20658,0,1,Property Damage Only Collision,,45,Bicycle,Matched,N,1,Clear or Partly Cloudy,0,"(47.59665558800003, -122.31499411799996)",0,0,N,2015-246760
139806,194748,194848,Intersection,Cycles,0, ,,0,,05/23/2015 12:00:00 AM +0000,5/23/2015 11:58:00 AM,0,35762,At Intersection (intersection related),Daylight,STONE AVE N AND N 130TH ST,0,1,,4,E427323,Dry,18,"MOTOR VEHICLE STRUCK PEDALCYCLIST, FRONT END AT ANGLE",,12948,1,2b,Serious Injury Collision,,45,Bicycle,Matched,N,1,Overcast,0,"(47.72321071500005, -122.34228021099995)",0,0,N,15-169576
139895,198324,198464,Intersection,Cycles,0, ,,0,Y,07/22/2015 12:00:00 AM +0000,7/22/2015 10:56:00 AM,1,29047,At Intersection (intersection related),Daylight,HARVARD AVE E AND E THOMAS ST,0,1,,2,2899346,Dry,18,"MOTOR VEHICLE STRUCK PEDALCYCLIST, FRONT END AT ANGLE",,10847,0,2,Injury Collision,,45,Bicycle,Matched,N,1,Clear or Partly Cloudy,0,"(47.62106633700006, -122.32222485499994)",0,0,N,15-251267
139916,198757,198897,Block,Cycles,330, ,,0,Y,07/22/2015 12:00:00 AM +0000,7/22/2015 6:33:00 PM,1,,Mid-Block (not related to intersection),Daylight,N NORTHGATE WAY BETWEEN MERIDIAN AVE N AND CORLISS AVE N,0,1,Y,2,3739053,Dry,18,"MOTOR VEHICLE STRUCK PEDALCYCLIST, FRONT END AT ANGLE",,16119,0,2,Injury Collision,,45,Bicycle,Matched,N,1,Clear or Partly Cloudy,0,"(47.70865451600008, -122.33265537499994)",0,0,N,2015-251907
139920,198718,198858,Block,Cycles,153, ,,0,,07/25/2015 12:00:00 AM +0000,7/25/2015 4:30:00 PM,1,,Mid-Block (but intersection related),Daylight,2ND AVE BETWEEN BATTERY ST AND WALL ST,0,1,,2,3739001,Dry,18,"MOTOR VEHICLE STRUCK PEDALCYCLIST, FRONT END AT ANGLE",,2765,0,2,Injury Collision,,45,Bicycle,Matched,N,1,Clear or Partly Cloudy,0,"(47.615084022000076, -122.34741883299995)",0,0,N,2015-255932
139923,198697,198837,Intersection,Cycles,0, ,,1,,06/27/2015 12:00:00 AM +0000,6/27/2015 11:06:00 PM,1,24506,At Intersection (intersection related),Dark - Street Lights On,15TH AVE NE AND NE 65TH ST,0,1,,3,3503413,Dry,18,"MOTOR VEHICLE STRUCK PEDALCYCLIST, FRONT END AT ANGLE",,2048,0,3,Fatality Collision,,45,Bicycle,Matched,Y,1,Clear or Partly Cloudy,0,"(47.67578344000003, -122.31192972199995)",0,0,N,15-218075
139956,194757,194857,Block,Cycles,46, ,,0,,06/01/2015 12:00:00 AM +0000,6/1/2015 3:54:00 PM,1,,Mid-Block (not related to intersection),Daylight,LAKE CITY WAY NE BETWEEN NE 123RD ST AND 30TH N AVE NE,0,1,,3,3738579,Dry,18,"MOTOR VEHICLE STRUCK PEDALCYCLIST, FRONT END AT ANGLE",,11180,0,2,Injury Collision,,45,Bicycle,Matched,N,2,Overcast,0,"(47.717523345000075, -122.29627141599997)",0,0,N,2015-181919
140008,197748,197868,Intersection,Cycles,0, ,,0,,07/13/2015 12:00:00 AM +0000,7/13/2015 3:06:00 PM,1,34561,At Intersection (intersection related),Daylight,38TH AVE S AND S OTHELLO ST,0,1,,0,E442600,Dry,18,"MOTOR VEHICLE STRUCK PEDALCYCLIST, FRONT END AT ANGLE",,21051,0,2,Injury Collision,,45,Bicycle,Matched,N,1,Clear or Partly Cloudy,0,"(47.53703456900007, -122.28470685799999)",0,0,N,2015-239894
140035,194773,194873,Block,Cycles,318, ,,0,,05/04/2015 12:00:00 AM +0000,5/4/2015 4:17:00 PM,1,,Mid-Block (not related to intersection),Daylight,EAST MARGINAL WAY S BETWEEN 16TH AVE S AND BOEING DR,0,1,,0,E423173,Dry,21,"MOTOR VEHICLE STRUCK PEDALCYCLIST, REAR END",,14419,0,2,Injury Collision,,45,Bicycle,Matched,N,1,Clear or Partly Cloudy,0,"(47.533689028000026, -122.31223592499998)",0,0,N,2015-145883
140039,194769,194869,Intersection,Cycles,0, ,,0,,04/30/2015 12:00:00 AM +0000,4/30/2015 6:37:00 AM,1,24439,At Intersection (intersection related),Dawn,5TH AVE NE AND NE 74TH ST,0,1,,0,E423128,Dry,11,"MOTOR VEHICLE STRUCK MOTOR VEHICLE, FRONT END AT ANGLE",,7307,0,2,Injury Collision,,45,Bicycle,Matched,N,1,Overcast,0,"(47.68203101300003, -122.32288620499997)",0,0,N,2015-140717
140074,195726,195826,Intersection,Cycles,0, ,,0,,06/17/2015 12:00:00 AM +0000,6/17/2015 9:14:00 AM,1,29862,At Intersection (intersection related),Daylight,BELLEVUE AVE AND E PINE ST,0,1,,2,3707282,Dry,18,"MOTOR VEHICLE STRUCK PEDALCYCLIST, FRONT END AT ANGLE",,9213,0,2,Injury Collision,,45,Bicycle,Matched,N,1,Clear or Partly Cloudy,0,"(47.61521815300006, -122.32680418799998)",0,0,N,2015-203456
140086,195437,195537,Block,Cycles,62, ,,0,,06/12/2015 12:00:00 AM +0000,6/12/2015 5:31:00 PM,1,,Mid-Block (but intersection related),Daylight,S KING ST BETWEEN ALASKAN WAY S AND ALASKAN E RDWY WAY S,0,1,,2,3739458,Dry,18,"MOTOR VEHICLE STRUCK PEDALCYCLIST, FRONT END AT ANGLE",,20592,0,2,Injury Collision,,45,Bicycle,Matched,N,1,Clear or Partly Cloudy,0,"(47.598293356000056, -122.33565807699995)",0,0,N,2015-197174
140177,194523,194623,Intersection,Cycles,0, ,,0,,05/31/2015 12:00:00 AM +0000,5/31/2015 10:44:00 PM,1,27096,At Intersection (intersection related),Dark - Street Lights On,7TH AVE NE AND NE 42ND ST,0,1,,0,E429305,Dry,18,"MOTOR VEHICLE STRUCK PEDALCYCLIST, FRONT END AT ANGLE",,8171,0,2,Injury Collision,,45,Bicycle,Matched,N,1,Clear or Partly Cloudy,0,"(47.65751922700008, -122.32084615399998)",0,0,N,2015-180969
140183,198774,198914,Block,Cycles,661, ,,0,,07/23/2015 12:00:00 AM +0000,7/23/2015 9:40:00 PM,1,,Mid-Block (but intersection related),Dark - Street Lights On,25TH AVE NE BETWEEN NE 60TH ST AND NE 65TH ST,0,1,,2,3738473,Dry,21,"MOTOR VEHICLE STRUCK PEDALCYCLIST, REAR END",,3727,0,2,Injury Collision,,45,Bicycle,Matched,N,1,Clear or Partly Cloudy,0,"(47.67396072400004, -122.30064519199999)",0,0,N,15-254108
140187,198769,198909,Block,Cycles,203.5, ,,0,,07/23/2015 12:00:00 AM +0000,7/23/2015 12:38:00 PM,0,,Mid-Block (but intersection related),Daylight,NW MARKET ST BETWEEN 28TH AVE NW AND NW 54TH ST,0,1,,2,3734369,Dry,21,"MOTOR VEHICLE STRUCK PEDALCYCLIST, REAR END",,19238,0,1,Property Damage Only Collision,,45,Bicycle,Matched,N,1,Clear or Partly Cloudy,0,"(47.66865140600004, -122.39368163099999)",0,0,N,15-252810
140207,195477,195558,Block,Cycles,365, ,,0,,06/11/2015 12:00:00 AM +0000,6/11/2015 5:58:00 AM,1,,Mid-Block (not related to intersection),Daylight,ALKI AVE SW BETWEEN HARBOR AVE SW AND SW RHODE ISLAND ST,0,1,,0,E432698,Dry,18,"MOTOR VEHICLE STRUCK PEDALCYCLIST, FRONT END AT ANGLE",,8782,0,2,Injury Collision,,45,Bicycle,Matched,N,1,Clear or Partly Cloudy,0,"(47.59514844500006, -122.38679448199997)",0,0,N,2015-194905
140238,195484,195565,Intersection,Cycles,0, ,,0,,06/10/2015 12:00:00 AM +0000,6/10/2015 2:07:00 PM,1,31348,At Intersection (intersection related),Daylight,4TH AVE S AND S HOLGATE ST,0,1,,0,E432976,Dry,18,"MOTOR VEHICLE STRUCK PEDALCYCLIST, FRONT END AT ANGLE",,6237,0,2,Injury Collision,,45,Bicycle,Matched,N,1,Clear or Partly Cloudy,0,"(47.58617011700005, -122.32906226399996)",0,0,N,2015-194015
140291,197790,197910,Block,Cycles,203, ,,0,,07/14/2015 12:00:00 AM +0000,7/14/2015 11:15:00 AM,1,,Driveway Junction,Daylight,BROADWAY BETWEEN E UNION ST AND E PIKE ST,0,1,Y,2,3707504,Dry,18,"MOTOR VEHICLE STRUCK PEDALCYCLIST, FRONT END AT ANGLE",,9446,0,2,Injury Collision,,45,Bicycle,Matched,N,1,Clear or Partly Cloudy,0,"(47.613518148000026, -122.32077135099996)",0,0,N,2015-240894
140300,197787,197907,Intersection,Cycles,0, ,,0,,07/14/2015 12:00:00 AM +0000,7/14/2015 5:20:00 PM,1,28376,At Intersection (intersection related),Daylight,24TH AVE E AND E INTERLAKEN BLVD,0,1,,2,3707440,Dry,18,"MOTOR VEHICLE STRUCK PEDALCYCLIST, FRONT END AT ANGLE",,3548,0,2,Injury Collision,,45,Bicycle,Matched,N,1,Clear or Partly Cloudy,0,"(47.634573061000026, -122.30157617799995)",0,0,N,2015-241362
140316,195043,195143,Intersection,Cycles,0, ,,0,Y,06/05/2015 12:00:00 AM +0000,6/5/2015 8:31:00 AM,1,30542,At Intersection (intersection related),Daylight,6TH AVE S AND S DEARBORN ST,0,1,,2,3590618,Dry,18,"MOTOR VEHICLE STRUCK PEDALCYCLIST, FRONT END AT ANGLE",,7987,0,2,Injury Collision,,45,Bicycle,Matched,N,1,Clear or Partly Cloudy,0,"(47.59583727300003, -122.32637379799996)",0,0,N,15-186725
140331,195488,195569,Block,Cycles,329.5, ,,0,,06/09/2015 12:00:00 AM +0000,6/9/2015 1:20:00 PM,1,,Mid-Block (not related to intersection),Daylight,N NORTHGATE WAY BETWEEN BURKE AVE N AND MERIDIAN AVE N,0,1,,2,E433004,Dry,51,PEDALCYCLIST STRUCK MOTOR VEHICLE FRONT END AT ANGLE,,16118,0,2,Injury Collision,,45,Bicycle,Matched,N,1,Clear or Partly Cloudy,0,"(47.70816806600004, -122.33509521199994)",0,0,N,2015-192495
140382,196663,196763,Intersection,Cycles,0, ,,0,,06/22/2015 12:00:00 AM +0000,6/22/2015 4:25:00 PM,1,31372,At Intersection (intersection related),Daylight,1ST AVE S AND S LANDER ST,0,1,,2,E436065,Dry,18,"MOTOR VEHICLE STRUCK PEDALCYCLIST, FRONT END AT ANGLE",,1208,0,2,Injury Collision,,45,Bicycle,Matched,N,1,Clear or Partly Cloudy,0,"(47.579811138000025, -122.33420081399998)",0,524927,N,2015-210842
140440,198793,198933,Block,Cycles,153, ,,0,,07/28/2015 12:00:00 AM +0000,7/28/2015 9:43:00 PM,1,,Mid-Block (not related to intersection),Dark - Street Lights On,1ST AVE S BETWEEN YESLER WAY AND S WASHINGTON ST,0,2,,3,3696135,Dry,18,"MOTOR VEHICLE STRUCK PEDALCYCLIST, FRONT END AT ANGLE",,1185,0,2,Injury Collision,,45,Bicycle,Matched,N,1,Clear or Partly Cloudy,0,"(47.60130412800004, -122.33418005599998)",0,0,N,2015-259867
140461,194578,194678,Block,Cycles,136, ,,0,,05/08/2015 12:00:00 AM +0000,5/8/2015 12:27:00 PM,1,,Mid-Block (not related to intersection),Daylight,M L KING JR WR WAY S BETWEEN S ANGELINE ST AND S EDMUNDS ST,0,1,Y,2,3187155,Dry,11,"MOTOR VEHICLE STRUCK MOTOR VEHICLE, FRONT END AT ANGLE",,11540,0,2,Injury Collision,,45,Bicycle,Matched,N,1,Clear or Partly Cloudy,0,"(47.55901454100007, -122.29233681)",0,0,N,15-128714
140511,197246,197366,Intersection,Cycles,0, ,,0,,07/08/2015 12:00:00 AM +0000,7/8/2015 4:50:00 PM,1,30148,At Intersection (intersection related),Daylight,22ND AVE AND E UNION ST,0,1,,2,3707453,Dry,18,"MOTOR VEHICLE STRUCK PEDALCYCLIST, FRONT END AT ANGLE",,3232,1,2b,Serious Injury Collision,,45,Bicycle,Matched,N,1,Clear or Partly Cloudy,0,"(47.612933104000035, -122.30363535099997)",0,0,N,2015-233460
140530,197837,197957,Intersection,Cycles,0, ,,0,,07/07/2015 12:00:00 AM +0000,7/7/2015 8:30:00 AM,1,26848,At Intersection (intersection related),Unknown,STONE WAY N AND N 40TH ST,0,1,,0,E441032,Unknown,18,"MOTOR VEHICLE STRUCK PEDALCYCLIST, FRONT END AT ANGLE",,12961,0,2,Injury Collision,,45,Bicycle,Matched,N,1,Unknown,0,"(47.65538287600003, -122.34243924099997)",0,0,N,15-231759
140539,196357,196457,Block,Cycles,212.5, ,,0,,06/24/2015 12:00:00 AM +0000,6/24/2015 6:30:00 PM,1,,Mid-Block (not related to intersection),Daylight,BURKE AVE N BETWEEN N NORTHLAKE WAY AND N 34TH ST,0,1,,2,3626520,Dry,51,PEDALCYCLIST STRUCK MOTOR VEHICLE FRONT END AT ANGLE,,9499,0,2,Injury Collision,,45,Bicycle,Matched,N,1,Clear or Partly Cloudy,0,"(47.64745442200007, -122.33516193799994)",0,0,N,2015-213825
140584,195059,195159,Block,Cycles,164, ,,0,Y,06/06/2015 12:00:00 AM +0000,6/6/2015 9:39:00 PM,1,,Mid-Block (but intersection related),Dark - Street Lights On,N 85TH ST BETWEEN PHINNEY AVE N AND DAYTON AVE N,0,1,,2,3738556,Dry,21,"MOTOR VEHICLE STRUCK PEDALCYCLIST, REAR END",,15951,0,2,Injury Collision,,45,Bicycle,Matched,N,1,Clear or Partly Cloudy,0,"(47.690589067000076, -122.35326864399997)",0,0,N,2015-189008
140615,196016,196116,Intersection,Cycles,0, ,,0,,06/20/2015 12:00:00 AM +0000,6/20/2015 9:11:00 AM,0,28341,At Intersection (intersection related),Daylight,24TH AVE E AND E LAKE WASHINGTON BLVD,0,1,,2,3707333,Dry,51,PEDALCYCLIST STRUCK MOTOR VEHICLE FRONT END AT ANGLE,,3560,0,1,Property Damage Only Collision,,45,Bicycle,Matched,N,1,Clear or Partly Cloudy,0,"(47.644142687000056, -122.30201994899994)",0,0,N,2015-207709
140616,196015,196115,Intersection,Cycles,0, ,,0,,06/20/2015 12:00:00 AM +0000,6/20/2015 8:18:00 PM,1,30715,At Intersection (intersection related),Daylight,M L KING JR WAY S AND MOUNTAINS TO SOUND TRL,0,1,Y,2,3707170,Dry,18,"MOTOR VEHICLE STRUCK PEDALCYCLIST, FRONT END AT ANGLE",,163714,0,2,Injury Collision,,45,Bicycle,Matched,N,1,Clear or Partly Cloudy,0,"(47.59026045000007, -122.29747681399999)",0,0,N,2015-208470
140625,196957,197077,Block,Cycles,330, ,,0,,05/28/2015 12:00:00 AM +0000,5/28/2015 7:30:00 PM,1,,Mid-Block (not related to intersection),Daylight,BROOKLYN AVE NE BETWEEN NE 47TH ST AND NE 50TH ST,0,1,,0,E429310,Dry,18,"MOTOR VEHICLE STRUCK PEDALCYCLIST, FRONT END AT ANGLE",,9483,0,2,Injury Collision,,45,Bicycle,Matched,N,1,Clear or Partly Cloudy,0,"(47.664002692000054, -122.31422407499997)",0,0,N,2015-176651
140633,196008,196108,Block,Cycles,330, ,,0,Y,06/19/2015 12:00:00 AM +0000,6/19/2015 4:37:00 PM,1,,Mid-Block (not related to intersection),Daylight,DELRIDGE WAY SW BETWEEN SW DAKOTA ST AND SW GENESEE ST,0,1,,2,3588258,Dry,21,"MOTOR VEHICLE STRUCK PEDALCYCLIST, REAR END",,9961,1,2b,Serious Injury Collision,,45,Bicycle,Matched,Y,1,Clear or Partly Cloudy,0,"(47.56563473700004, -122.36331216099995)",0,0,N,15-206745
140636,195821,195921,Intersection,Cycles,0, ,,0,,06/15/2015 12:00:00 AM +0000,6/15/2015 6:15:00 PM,1,24024,At Intersection (intersection related),Daylight,28TH AVE NW AND NW 67TH N ST,0,1,,0,E434292,Dry,18,"MOTOR VEHICLE STRUCK PEDALCYCLIST, FRONT END AT ANGLE",,4150,0,2,Injury Collision,,45,Bicycle,Matched,N,1,Clear or Partly Cloudy,0,"(47.677645349000045, -122.39296545299999)",0,0,N,2015-201412
140682,197265,197385,Intersection,Cycles,0, ,,0,,07/06/2015 12:00:00 AM +0000,7/6/2015 11:05:00 AM,1,29875,At Intersection (intersection related),Daylight,SUMMIT AVE AND E PIKE ST,0,1,,0,E440188,Dry,18,"MOTOR VEHICLE STRUCK PEDALCYCLIST, FRONT END AT ANGLE",,12986,0,2,Injury Collision,,45,Bicycle,Matched,N,1,Clear or Partly Cloudy,0,"(47.614088508000066, -122.32551417499997)",0,0,N,2015-230266
140709,194612,194712,Block,Cycles,156.5, ,,0,,06/02/2015 12:00:00 AM +0000,6/2/2015 3:04:00 PM,1,,Driveway Junction,Daylight,ROOSEVELT WAY NE BETWEEN NE 42ND S ST AND NE 42ND N ST,0,1,,2,3695654,Dry,51,PEDALCYCLIST STRUCK MOTOR VEHICLE FRONT END AT ANGLE,,12595,0,2,Injury Collision,,45,Bicycle,Matched,N,1,Clear or Partly Cloudy,0,"(47.65794175700006, -122.31779112599997)",0,0,N,15-183167
140738,196018,196118,Block,Cycles,151, ,,0,,06/20/2015 12:00:00 AM +0000,6/20/2015 12:33:00 AM,1,,Mid-Block (but intersection related),Dark - Street Lights On,12TH AVE BETWEEN E FIR ST AND E SPRUCE ST,0,1,,2,3707379,Dry,21,"MOTOR VEHICLE STRUCK PEDALCYCLIST, REAR END",,1524,0,2,Injury Collision,,45,Bicycle,Matched,N,1,Clear or Partly Cloudy,0,"(47.60309866700004, -122.31678166399996)",0,0,N,2015-207329
140786,196981,197101,Intersection,Cycles,0, ,,0,,07/01/2015 12:00:00 AM +0000,7/1/2015 11:00:00 AM,1,31623,At Intersection (intersection related),Daylight,BEACON AVE S AND S MCCLELLAN ST,0,1,,0,E439077,Dry,18,"MOTOR VEHICLE STRUCK PEDALCYCLIST, FRONT END AT ANGLE",,9120,0,2,Injury Collision,,45,Bicycle,Matched,N,1,Clear or Partly Cloudy,0,"(47.578626298000074, -122.31159702199994)",0,0,N,2015-222697
140815,198112,198252,Block,Cycles,314.5, ,,0,,06/22/2015 12:00:00 AM +0000,6/22/2015 4:42:00 PM,1,,Mid-Block (not related to intersection),Daylight,26TH AVE S BETWEEN S WASHINGTON ST AND S JACKSON ST,0,1,,1,E436362,Dry,18,"MOTOR VEHICLE STRUCK PEDALCYCLIST, FRONT END AT ANGLE",,3915,0,2,Injury Collision,,45,Bicycle,Matched,N,1,Clear or Partly Cloudy,0,"(47.60011594700006, -122.29864146699998)",0,0,N,2015-210864
140835,198867,199007,Block,Cycles,210, ,,0,Y,07/28/2015 12:00:00 AM +0000,7/28/2015 9:05:00 AM,1,,Mid-Block (not related to intersection),Daylight,MERIDIAN AVE N BETWEEN N 34TH ST AND N 35TH ST,0,1,,2,3736690,Dry,18,"MOTOR VEHICLE STRUCK PEDALCYCLIST, FRONT END AT ANGLE",,11781,0,2,Injury Collision,,45,Bicycle,Matched,N,1,Clear or Partly Cloudy,0,"(47.648606130000076, -122.33390722799999)",0,0,N,15-259944
140843,198448,198588,Block,Cycles,51.5, ,,0,,07/22/2015 12:00:00 AM +0000,7/22/2015 8:17:00 AM,1,,Mid-Block (not related to intersection),Daylight,NW 70TH ST BETWEEN 9TH E AVE NW AND 9TH W AVE NW,0,1,,1,E444909,Dry,18,"MOTOR VEHICLE STRUCK PEDALCYCLIST, FRONT END AT ANGLE",,18710,0,2,Injury Collision,,45,Bicycle,Matched,N,1,Clear or Partly Cloudy,0,"(47.67954810600003, -122.36853377799997)",0,0,N,2015-251122
140850,195081,195181,Intersection,Cycles,0, ,,0,,06/07/2015 12:00:00 AM +0000,6/7/2015 10:41:00 PM,1,37367,At Intersection (intersection related),Dark - Street Lights On,AURORA AVE N AND N 85TH ST,0,1,,3,3606432,Dry,51,PEDALCYCLIST STRUCK MOTOR VEHICLE FRONT END AT ANGLE,,8963,0,2,Injury Collision,,45,Bicycle,Matched,N,1,Clear or Partly Cloudy,0,"(47.690562587000045, -122.34452192099997)",0,0,N,15-190373
140890,94129,94129,Block,Cycles,420,,,0,,10/07/2009 12:00:00 AM +0000,10/7/2009,1,,Mid-Block (not related to intersection),Daylight,EASTLAKE AVE E BETWEEN E LYNN ST AND E LOUISA ST,0,1,Y,2,3207417,Dry,18,"MOTOR VEHICLE STRUCK PEDALCYCLIST, FRONT END AT ANGLE",09280030,10177,0,2,Injury Collision,,45,Bicycle,Matched,1,1,Clear or Partly Cloudy,0,"(47.64087739100006, -122.325889916)",24736,0,N,09-353978
140895,94125,94125,Block,Cycles,213,,,0,,06/23/2009 12:00:00 AM +0000,6/23/2009 8:52:00 AM,1,,Mid-Block (not related to intersection),Daylight,4TH AVE BETWEEN VIRGINIA ST AND LENORA ST,0,1,,2,3326828,Dry,51,PEDALCYCLIST STRUCK MOTOR VEHICLE FRONT END AT ANGLE,09174004,6137,0,2,Injury Collision,,45,Bicycle,Matched,0,1,Clear or Partly Cloudy,0,"(47.61344599300003, -122.34068149399997)",12801,0,N,09-216871
140917,94405,94405,Intersection,Cycles,0,,,0,,07/09/2009 12:00:00 AM +0000,7/9/2009,1,34861,At Intersection (intersection related),Daylight,DELRIDGE WAY SW AND SW TRENTON ST,0,1,,2,3285606,Dry,18,"MOTOR VEHICLE STRUCK PEDALCYCLIST, FRONT END AT ANGLE",09190005,9987,0,2,Injury Collision,,45,Bicycle,Matched,0,1,Clear or Partly Cloudy,0,"(47.52469334500006, -122.36047908399996)",0,0,N,09-238557
140996,93591,93591,Block,Cycles,87.5,,,0,,12/22/2009 12:00:00 AM +0000,12/22/2009 5:41:00 PM,1,,Driveway Junction,Unknown,N 125TH ST BETWEEN NORTH PARK AVE N AND INTERURBAN TRL,0,1,,3,3333226,Wet,18,"MOTOR VEHICLE STRUCK PEDALCYCLIST, FRONT END AT ANGLE",09356005,15131,0,2,Injury Collision,,45,Bicycle,Matched,0,1,Raining,0,"(47.719583914000054, -122.34912576899995)",0,0,N,09-439223
141023,93864,93864,Intersection,Cycles,0,,,0,,11/10/2009 12:00:00 AM +0000,11/10/2009 6:10:00 PM,1,24319,At Intersection (intersection related),Dark - Street Lights On,GREENWOOD AVE N AND N 74TH ST,0,1,Y,2,3198422,Wet,51,PEDALCYCLIST STRUCK MOTOR VEHICLE FRONT END AT ANGLE,09314031,10741,0,2,Injury Collision,,45,Bicycle,Matched,0,1,Raining,0,"(47.68255377200006, -122.35530042799996)",4451,0,N,09-393706
141029,94138,94138,Block,Cycles,321.5,,,0,,05/31/2009 12:00:00 AM +0000,5/31/2009 11:48:00 AM,1,,Driveway Junction,Daylight,38TH AVE NE BETWEEN NE 82ND ST AND NE 85TH E ST,0,1,,2,3205977,Dry,18,"MOTOR VEHICLE STRUCK PEDALCYCLIST, FRONT END AT ANGLE",09151002,5872,0,2,Injury Collision,,45,Bicycle,Matched,0,1,Clear or Partly Cloudy,0,"(47.68930986500004, -122.28746970299994)",0,0,N,09-187059
141037,94133,94133,Block,Cycles,213,,,0,,05/28/2009 12:00:00 AM +0000,5/28/2009 6:28:00 PM,1,,Mid-Block (not related to intersection),Daylight,1ST AVE BETWEEN UNION ST AND PIKE ST,0,1,,2,3200779,Dry,18,"MOTOR VEHICLE STRUCK PEDALCYCLIST, FRONT END AT ANGLE",09148023,1008,0,2,Injury Collision,,45,Bicycle,Matched,0,1,Clear or Partly Cloudy,0,"(47.60832339900003, -122.33955831299994)",36675,0,N,09-183130
141059,94275,94275,Intersection,Cycles,0, ,,0,,03/24/2009 12:00:00 AM +0000,3/24/2009 10:16:00 PM,1,29734,At Intersection (intersection related),Dark - Street Lights On,BOYLSTON AVE AND E PINE ST,0,1,Y,2,3283150,Dry,69,PEDALCYCLIST OVERTURNED IN ROAD,09083002,9375,1,2b,Serious Injury Collision,,45,Bicycle,Matched,0,1,Overcast,0,"(47.61523114200003, -122.32341547099998)",10374,0,N,09-100849
141063,92532,92532,Block,Cycles,64,,,0,,09/12/2008 12:00:00 AM +0000,9/12/2008 2:52:00 PM,1,,Mid-Block (but intersection related),Daylight,NICKERSON TURN RD BETWEEN W NICKERSON ST AND 15TH AV W ON RP,0,1,,3,2893744,Dry,51,PEDALCYCLIST STRUCK MOTOR VEHICLE FRONT END AT ANGLE,08256005,11974,0,2,Injury Collision,,45,Bicycle,Matched,0,1,Clear or Partly Cloudy,0,"(47.65416766200008, -122.37578081599997)",0,0,N,08 342480
141095,195077,195177,Intersection,Cycles,0, ,,0,,06/06/2015 12:00:00 AM +0000,6/6/2015 1:58:00 PM,0,29929,At Intersection (intersection related),Daylight,5TH AVE AND SENECA ST,0,1,,2,3739661,Dry,51,PEDALCYCLIST STRUCK MOTOR VEHICLE FRONT END AT ANGLE,,7232,0,1,Property Damage Only Collision,,45,Bicycle,Matched,N,1,Clear or Partly Cloudy,0,"(47.607979458000045, -122.33310387099999)",0,0,N,15-188501
141105,195293,195393,Block,Cycles,50.5,NEI,"Not Enough Information, or Insufficient Location Information",0,,06/04/2015 12:00:00 AM +0000,6/4/2015 10:15:00 AM,1,,,Unknown,PINE ST BETWEEN PIKE PL AND POST AL,0,1,,2,3736125,Unknown,00,NOT ENOUGH INFORMATION / NOT APPLICABLE,,12211,0,2,Injury Collision,,45,Bicycle,Matched,N,1,Unknown,0,"(47.60950557700005, -122.34165960699994)",0,0,Y,15-185673
141113,196786,196906,Intersection,Cycles,0, ,,0,,06/29/2015 12:00:00 AM +0000,6/29/2015 4:51:00 PM,1,35855,At Intersection (intersection related),Daylight,15TH AVE NE AND NE 143RD ST,0,1,,2,3736991,Dry,18,"MOTOR VEHICLE STRUCK PEDALCYCLIST, FRONT END AT ANGLE",,2096,0,2,Injury Collision,,45,Bicycle,Matched,N,1,Clear or Partly Cloudy,0,"(47.73212583000003, -122.31272410599996)",0,0,N,2015-220220
141122,197293,197413,Intersection,Cycles,0, ,,0,,06/07/2015 12:00:00 AM +0000,6/7/2015 3:27:00 PM,1,37461,At Intersection (intersection related),Daylight,DAYTON AVE N AND N 85TH ST,0,1,,1,E431753,Dry,18,"MOTOR VEHICLE STRUCK PEDALCYCLIST, FRONT END AT ANGLE",,9927,0,2,Injury Collision,,45,Bicycle,Matched,N,1,Clear or Partly Cloudy,0,"(47.690587073000074, -122.35260172799997)",0,37461,N,2015-189917
141139,195540,195620,Block,Cycles,134.5, ,,0,,06/12/2015 12:00:00 AM +0000,6/12/2015 2:18:00 PM,1,,Driveway Junction,Daylight,ALASKAN WAY BETWEEN YESLER WAY AND COLUMBIA ST,0,1,,3,3696645,Dry,18,"MOTOR VEHICLE STRUCK PEDALCYCLIST, FRONT END AT ANGLE",,8717,0,2,Injury Collision,,45,Bicycle,Matched,N,1,Clear or Partly Cloudy,0,"(47.602031397000076, -122.33686381999996)",0,0,N,15-196906
141215,197599,197719,Block,Cycles,202, ,,0,,07/09/2015 12:00:00 AM +0000,7/9/2015 8:30:00 PM,1,,Mid-Block (not related to intersection),Dark - Street Lights On,EASTLAKE AVE E BETWEEN STEWART ST AND THOMAS ST,0,1,,2,3590841,Dry,18,"MOTOR VEHICLE STRUCK PEDALCYCLIST, FRONT END AT ANGLE",,10163,0,2,Injury Collision,,45,Bicycle,Matched,N,1,Clear or Partly Cloudy,0,"(47.62026809500003, -122.32913853999997)",0,0,N,15-235103