OBJECTID,INCKEY,COLDETKEY,ADDRTYPE,COLLISIONTYPE,DISTANCE,EXCEPTRSNCODE,EXCEPTRSNDESC,FATALITIES,INATTENTIONIND,INCDATE,INCDTTM,INJURIES,INTKEY,JUNCTIONTYPE,LIGHTCOND,LOCATION,PEDCOUNT,PEDCYLCOUNT,PEDROWNOTGRNT,PERSONCOUNT,REPORTNO,ROADCOND,SDOT_COLCODE,SDOT_COLDESC,SDOTCOLNUM,SEGKEY,SERIOUSINJURIES,SEVERITYCODE,SEVERITYDESC,SPEEDING,ST_COLCODE,ST_COLDESC,STATUS,UNDERINFL,VEHCOUNT,WEATHER,WIDTH,Shape,SEGLANEKEY,CROSSWALKKEY,HITPARKEDCAR,SPDCASENO
141233,94270,94270,Intersection,Cycles,0,,,0,,09/29/2009 12:00:00 AM +0000,9/29/2009 9:25:00 AM,1,29054,At Intersection (intersection related),Daylight,11TH AVE E AND E JOHN ST,0,1,Y,3,2796230,Dry,18,"MOTOR VEHICLE STRUCK PEDALCYCLIST, FRONT END AT ANGLE",09272009,1387,0,2,Injury Collision,,45,Bicycle,Matched,0,1,Overcast,0,"(47.61992718400006, -122.31823392599995)",35222,0,N,09-344160
141354,92809,92809,Intersection,Cycles,0,,,0,,01/14/2008 12:00:00 AM +0000,1/14/2008 5:09:00 PM,2,29621,At Intersection (intersection related),Dark - Street Lights On,1ST AVE AND MADISON ST,1,1,,3,2826703,Wet,51,PEDALCYCLIST STRUCK MOTOR VEHICLE FRONT END AT ANGLE,08014009,1004,0,2,Injury Collision,,45,Bicycle,Matched,0,1,Raining,0,"(47.604695047000064, -122.33623843299995)",25537,0,N,2008-018067
141399,93071,93071,Block,Cycles,155,,,0,,10/31/2008 12:00:00 AM +0000,10/31/2008 5:06:00 AM,1,,Mid-Block (but intersection related),Dark - Street Lights On,15TH AVE S BETWEEN S HILL ST AND S WALKER ST,0,1,Y,2,3281705,Wet,51,PEDALCYCLIST STRUCK MOTOR VEHICLE FRONT END AT ANGLE,08305041,2139,1,2b,Serious Injury Collision,,45,Bicycle,Matched,0,1,Raining,0,"(47.584120883000026, -122.31338283399998)",14065,0,N,08-408639
141470,196402,196499,Intersection,Cycles,0, ,,0,Y,06/30/2015 12:00:00 AM +0000,6/30/2015 9:00:00 AM,1,27419,At Intersection (intersection related),Daylight,42ND AVE NE AND NE 41ST ST,0,1,,2,3576799,Dry,18,"MOTOR VEHICLE STRUCK PEDALCYCLIST, FRONT END AT ANGLE",,6508,0,2,Injury Collision,,45,Bicycle,Matched,N,1,Clear or Partly Cloudy,0,"(47.65841637800003, -122.28275188999999)",0,0,N,2015-220980
141479,197301,197421,Intersection,Cycles,0, ,,0,,05/31/2015 12:00:00 AM +0000,5/31/2015 12:18:00 PM,1,29761,At Intersection (intersection related),Daylight,12TH AVE AND E MADISON ST,0,1,,0,E431761,Dry,18,"MOTOR VEHICLE STRUCK PEDALCYCLIST, FRONT END AT ANGLE",,1536,0,2,Injury Collision,,45,Bicycle,Matched,N,1,Clear or Partly Cloudy,0,"(47.61288923600006, -122.31673339099996)",0,297610,N,2015-108400
141516,194676,194776,Block,Cycles,208, ,,0,,05/02/2015 12:00:00 AM +0000,5/2/2015 1:20:00 PM,1,,Mid-Block (not related to intersection),Daylight,BROADWAY E BETWEEN E HARRISON ST AND E REPUBLICAN ST,0,1,,0,E422337,Dry,66,PEDALCYCLIST STRUCK OBJECT IN ROAD,,9454,0,2,Injury Collision,,45,Bicycle,Matched,N,0,Clear or Partly Cloudy,0,"(47.62255712900003, -122.32091519699998)",0,0,N,2015-143465
141519,196060,196160,Block,Cycles,213, ,,0,,06/24/2015 12:00:00 AM +0000,6/24/2015 7:10:00 AM,1,,Mid-Block (not related to intersection),Daylight,2ND AVE BETWEEN UNION ST AND PIKE ST,0,1,Y,3,3732188,Dry,18,"MOTOR VEHICLE STRUCK PEDALCYCLIST, FRONT END AT ANGLE",,2757,0,2,Injury Collision,,45,Bicycle,Matched,N,1,Clear or Partly Cloudy,0,"(47.60878749200003, -122.33844845799996)",0,0,N,2015-212829
141635,195889,195989,Intersection,Cycles,0, ,,0,,06/18/2015 12:00:00 AM +0000,6/18/2015 12:58:00 PM,1,31371,At Intersection (intersection related),Daylight,OCCIDENTAL AVE S AND S LANDER ST,0,1,,0,E434981,Dry,18,"MOTOR VEHICLE STRUCK PEDALCYCLIST, FRONT END AT ANGLE",,12031,0,2,Injury Collision,,45,Bicycle,Matched,N,1,Clear or Partly Cloudy,0,"(47.57981029900003, -122.33326934699994)",0,0,N,2015-205097
141637,195159,195259,Intersection,Cycles,0, ,,0,Y,06/05/2015 12:00:00 AM +0000,6/5/2015 7:20:00 PM,0,33579,At Intersection (intersection related),Daylight,RAINIER AVE S AND S HUDSON ST,0,1,Y,2,3730457,Dry,18,"MOTOR VEHICLE STRUCK PEDALCYCLIST, FRONT END AT ANGLE",,12388,0,1,Property Damage Only Collision,,45,Bicycle,Matched,N,1,Clear or Partly Cloudy,0,"(47.557041119000075, -122.28462952899997)",0,0,N,2015-187476
141650,198522,198662,Block,Cycles,153, ,,0,,07/24/2015 12:00:00 AM +0000,7/24/2015 9:28:00 AM,1,,Driveway Junction,Daylight,ALASKAN WAY BETWEEN MARION ST AND MADISON ST,0,1,Y,2,3549711,Dry,18,"MOTOR VEHICLE STRUCK PEDALCYCLIST, FRONT END AT ANGLE",,8719,0,2,Injury Collision,,45,Bicycle,Matched,N,1,Clear or Partly Cloudy,0,"(47.60341979000003, -122.33810477899999)",0,0,N,2015-253971
141697,197611,197731,Block,Cycles,323.5, ,,0,,06/12/2015 12:00:00 AM +0000,6/12/2015 12:20:00 PM,0,,Mid-Block (not related to intersection),Daylight,NW MARKET ST BETWEEN 14TH AVE NW AND 15TH AVE NW,0,1,,0,E434964,Dry,18,"MOTOR VEHICLE STRUCK PEDALCYCLIST, FRONT END AT ANGLE",,19226,0,1,Property Damage Only Collision,,45,Bicycle,Matched,N,1,Clear or Partly Cloudy,0,"(47.66866614400004, -122.37489946299996)",0,0,N,2015-196738
141698,198526,198666,Block,Cycles,161, ,,0,,07/24/2015 12:00:00 AM +0000,7/24/2015 7:10:00 PM,1,,Driveway Junction,Daylight,PINE ST BETWEEN 8TH AVE AND 9TH AVE,0,1,,3,3574925,Dry,18,"MOTOR VEHICLE STRUCK PEDALCYCLIST, FRONT END AT ANGLE",,12221,0,2,Injury Collision,,45,Bicycle,Matched,Y,1,Clear or Partly Cloudy,0,"(47.61329521600004, -122.33259897599999)",0,0,N,2015-254679
141763,94154,94154,Intersection,Cycles,0,,,0,,06/29/2009 12:00:00 AM +0000,6/29/2009 4:29:00 PM,1,29552,At Intersection (intersection related),Daylight,7TH AVE AND STEWART ST,0,1,,1,3200786,Dry,69,PEDALCYCLIST OVERTURNED IN ROAD,09180004,8161,0,2,Injury Collision,,45,Bicycle,Matched,0,0,Clear or Partly Cloudy,0,"(47.61428794700004, -122.33615476799997)",13649,0,N,09-224925
141868,95792,95792,Intersection,Cycles,0, ,,0,,07/20/2009 12:00:00 AM +0000,7/20/2009 9:58:00 PM,0,26276,At Intersection (intersection related),Dusk,SAND POINT WAY NE AND NE 65TH ST,0,1,Y,2,3277565,Dry,18,"MOTOR VEHICLE STRUCK PEDALCYCLIST, FRONT END AT ANGLE",09201024,12723,0,1,Property Damage Only Collision,,45,Bicycle,Matched,0,1,Clear or Partly Cloudy,0,"(47.67572242600005, -122.26354467999994)",0,525666,N,09-253718
141913,194710,194810,Block,Cycles,213, ,,0,,04/27/2015 12:00:00 AM +0000,4/27/2015 8:53:00 PM,1,,Mid-Block (not related to intersection),Dark - Street Lights On,5TH AVE BETWEEN STEWART ST AND VIRGINIA ST,0,1,,0,E422616,Dry,51,PEDALCYCLIST STRUCK MOTOR VEHICLE FRONT END AT ANGLE,,7242,0,2,Injury Collision,,45,Bicycle,Matched,N,1,Clear or Partly Cloudy,0,"(47.613341770000034, -122.33852199699999)",29556,0,N,2015-138047
141922,198186,198326,Block,Cycles,468, ,,0,,07/11/2015 12:00:00 AM +0000,7/11/2015 5:23:00 PM,1,,Mid-Block (not related to intersection),Daylight,SHILSHOLE AVE NW BETWEEN 17TH AVE NW AND NW DOCK PL,0,1,Y,3,3736650,Dry,18,"MOTOR VEHICLE STRUCK PEDALCYCLIST, FRONT END AT ANGLE",,12828,0,2,Injury Collision,,45,Bicycle,Matched,N,1,Overcast,0,"(47.662997646000065, -122.38055647199997)",0,0,N,15-237585
142051,95937,95937,Block,Cycles,161,,,0,,04/01/2009 12:00:00 AM +0000,4/1/2009,0,,Driveway Junction,Daylight,MARION ST BETWEEN 3RD AVE AND 4TH AVE,0,1,Y,2,2804294,Wet,18,"MOTOR VEHICLE STRUCK PEDALCYCLIST, FRONT END AT ANGLE",09091003,11665,0,1,Property Damage Only Collision,,45,Bicycle,Matched,0,1,Raining,0,"(47.605141668000044, -122.33281320099996)",0,0,N,09-109942
142123,195359,195459,Block,Cycles,161, ,,0,,06/10/2015 12:00:00 AM +0000,6/10/2015 8:55:00 AM,1,,Mid-Block (not related to intersection),Unknown,E JEFFERSON ST BETWEEN 14TH AVE AND 15TH AVE,0,1,,2,3586269,Wet,51,PEDALCYCLIST STRUCK MOTOR VEHICLE FRONT END AT ANGLE,,14222,0,2,Injury Collision,,45,Bicycle,Matched,N,1,Overcast,0,"(47.60618936800006, -122.31351479899996)",0,0,N,2015-193601
142125,194918,195018,Block,Cycles,128, ,,0,,05/09/2015 12:00:00 AM +0000,5/9/2015 9:30:00 PM,1,,Mid-Block (not related to intersection),Dark - Street Lights On,NE 45TH ST BETWEEN 37TH AVE NE AND SAND POINT WAY NE,0,1,,0,E423656,Dry,21,"MOTOR VEHICLE STRUCK PEDALCYCLIST, REAR END",,16865,0,2,Injury Collision,,45,Bicycle,Matched,N,1,Clear or Partly Cloudy,0,"(47.66125120400005, -122.28769960799997)",0,0,N,2015-152641
142135,195166,195266,Intersection,Cycles,0, ,,0,,06/05/2015 12:00:00 AM +0000,6/5/2015 10:05:00 PM,1,28913,At Intersection (intersection related),Dark - Street Lights On,MERCER ST AND TAYLOR AVE N,0,1,,0,E431072,Dry,18,"MOTOR VEHICLE STRUCK PEDALCYCLIST, FRONT END AT ANGLE",,11768,0,2,Injury Collision,,45,Bicycle,Matched,N,1,Clear or Partly Cloudy,0,"(47.62455804800004, -122.34626626299996)",0,0,N,2015187702
142165,196846,196966,Intersection,Cycles,0, ,,0,,07/02/2015 12:00:00 AM +0000,7/2/2015 9:57:00 AM,1,29925,At Intersection (intersection related),Daylight,9TH AVE AND MADISON ST,0,1,,2,3559925,Dry,18,"MOTOR VEHICLE STRUCK PEDALCYCLIST, FRONT END AT ANGLE",,8516,0,2,Injury Collision,,45,Bicycle,Matched,N,1,Clear or Partly Cloudy,0,"(47.60840867600007, -122.32736100899996)",0,0,N,15-224097
142242,197662,197782,Block,Cycles,139, ,,0,,05/11/2015 12:00:00 AM +0000,5/11/2015 7:38:00 PM,1,,Driveway Junction,Daylight,E DENNY WAY BETWEEN MELROSE AVE AND BELLEVUE AVE,0,1,,2,3707139,Dry,18,"MOTOR VEHICLE STRUCK PEDALCYCLIST, FRONT END AT ANGLE",,13945,0,2,Injury Collision,,45,Bicycle,Matched,N,1,Clear or Partly Cloudy,0,"(47.61849470200008, -122.32729177899995)",0,0,N,15-154879
142292,94719,94719,Block,Cycles,213,,,0,,12/19/2009 12:00:00 AM +0000,12/19/2009 3:18:00 AM,1,,Mid-Block (not related to intersection),Dark - Street Lights On,12TH AVE BETWEEN E MARION ST AND E SPRING ST,0,1,Y,2,2882436,Wet,18,"MOTOR VEHICLE STRUCK PEDALCYCLIST, FRONT END AT ANGLE",09353026,1534,0,2,Injury Collision,,45,Bicycle,Matched,0,1,Raining,0,"(47.61097747700006, -122.31677912199996)",10734,0,N,09-435481
142311,95673,95673,Intersection,Cycles,0,,,0,,01/30/2009 12:00:00 AM +0000,1/30/2009 8:12:00 PM,1,28320,At Intersection (intersection related),Dark - Street Lights On,EASTLAKE AVE E AND E NEWTON ST,0,1,Y,2,3273994,Wet,18,"MOTOR VEHICLE STRUCK PEDALCYCLIST, FRONT END AT ANGLE",09030007,10175,0,2,Injury Collision,,45,Bicycle,Matched,0,1,Raining,0,"(47.63676649700005, -122.32589888799998)",24761,0,N,2009-37090
142313,95545,95545,Block,Cycles,132,,,0,,08/06/2009 12:00:00 AM +0000,8/6/2009,1,,Driveway Junction,Daylight,NE 45TH ST BETWEEN 2ND AVE NE AND THACKERAY PL NE,0,1,Y,2,3208335,Dry,51,PEDALCYCLIST STRUCK MOTOR VEHICLE FRONT END AT ANGLE,09218002,16839,1,2b,Serious Injury Collision,,45,Bicycle,Matched,0,1,Clear or Partly Cloudy,0,"(47.66135208600008, -122.32671661299997)",6536,0,N,09-276295
142323,95538,95538,Intersection,Cycles,0,,,0,,11/13/2009 12:00:00 AM +0000,11/13/2009 6:39:00 PM,1,29593,At Intersection (intersection related),Dark - Street Lights On,1ST AVE AND PIKE ST,1,1,Y,2,3328806,Dry,64,PEDALCYCLIST STRUCK PEDESTRIAN,09317042,1009,1,2b,Serious Injury Collision,,45,Bicycle,Matched,0,0,Overcast,0,"(47.60882096000006, -122.34001342699997)",36657,0,N,09-397237
142358,96356,96356,Intersection,Cycles,0, ,,0,,12/26/2009 12:00:00 AM +0000,12/26/2009 12:04:00 PM,1,27078,At Intersection (intersection related),Daylight,15TH AVE NE AND NE 43RD ST,0,1,,2,3333601,Dry,18,"MOTOR VEHICLE STRUCK PEDALCYCLIST, FRONT END AT ANGLE",09360012,2034,0,2,Injury Collision,,45,Bicycle,Matched,0,1,Clear or Partly Cloudy,0,"(47.659781475000045, -122.31203248399999)",0,520848,N,09-442308
142382,96494,96494,Block,Cycles,161,,,0,,07/17/2009 12:00:00 AM +0000,7/17/2009 8:32:00 AM,1,,Driveway Junction,Daylight,WALL ST BETWEEN 3RD AVE AND 4TH AVE,0,1,,2,3289608,Dry,18,"MOTOR VEHICLE STRUCK PEDALCYCLIST, FRONT END AT ANGLE",09198004,13357,0,2,Injury Collision,,45,Bicycle,Matched,0,1,Clear or Partly Cloudy,0,"(47.61635727400005, -122.34660090099999)",0,0,N,09-248784
142406,221237,221517,Intersection,Cycles,0, ,,0,,06/04/2016 12:00:00 AM +0000,6/4/2016 9:00:00 AM,1,287172,At Intersection (intersection related),Daylight,BURKE GILMAN TRL AND NE 70TH ST,0,1,,2,3767339,Dry,18,"MOTOR VEHICLE STRUCK PEDALCYCLIST, FRONT END AT ANGLE",,287216,0,2,Injury Collision,,45,Bicycle,Matched,N,1,Clear or Partly Cloudy,0,"(47.679372199000056, -122.26531461999997)",0,0,N,2016-197223
142410,221232,221512,Intersection,Cycles,0, ,,0,,06/03/2016 12:00:00 AM +0000,6/3/2016 6:30:00 PM,0,28057,At Intersection (intersection related),Daylight,NICKERSON ST AND WESTLAKE AVE N,0,1,,2,3740083,Dry,51,PEDALCYCLIST STRUCK MOTOR VEHICLE FRONT END AT ANGLE,,6170,0,1,Property Damage Only Collision,,45,Bicycle,Matched,N,1,Clear or Partly Cloudy,0,"(47.64614702700004, -122.34974100999995)",0,0,N,2016-196422
142482,224039,224319,Block,Cycles,213, ,,0,,07/06/2016 12:00:00 AM +0000,7/6/2016 4:13:00 PM,1,,Mid-Block (not related to intersection),Daylight,8TH AVE BETWEEN STEWART ST AND VIRGINIA ST,0,1,,1,E561210,Dry,18,"MOTOR VEHICLE STRUCK PEDALCYCLIST, FRONT END AT ANGLE",,8283,0,2,Injury Collision,,45,Bicycle,Matched,N,1,Clear or Partly Cloudy,0,"(47.61533596100003, -122.33594377199995)",14025,0,N,2016-241837
142495,224638,224938,Block,Cycles,153, ,,0,,07/19/2016 12:00:00 AM +0000,7/19/2016 11:56:00 AM,1,,Mid-Block (not related to intersection),Daylight,1ST AVE BETWEEN CHERRY ST AND COLUMBIA ST,0,1,,2,E568901,Dry,18,"MOTOR VEHICLE STRUCK PEDALCYCLIST, FRONT END AT ANGLE",,1001,0,2,Injury Collision,,45,Bicycle,Matched,N,1,Overcast,0,"(47.60291078300003, -122.33460675799995)",0,0,N,2016-258044
142552,94997,94997,Intersection,Cycles,0,,,0,,08/13/2009 12:00:00 AM +0000,8/13/2009 3:37:00 PM,1,29895,At Intersection (intersection related),Daylight,7TH AVE AND PIKE ST,0,1,Y,2,3274173,Dry,18,"MOTOR VEHICLE STRUCK PEDALCYCLIST, FRONT END AT ANGLE",09225005,8158,0,2,Injury Collision,,45,Bicycle,Matched,0,1,Clear or Partly Cloudy,0,"(47.611606350000045, -122.33335380699998)",37108,0,N,09-285241
142588,95552,95552,Intersection,Cycles,0,,,0,,01/15/2009 12:00:00 AM +0000,1/15/2009 7:40:00 AM,1,27782,At Intersection (intersection related),Daylight,QUEEN ANNE AVE N AND RAYE ST,0,1,Y,2,3284695,Dry,23,"MOTOR VEHICLE STRUCK PEDALCYCLIST, LEFT SIDE SIDESWIPE",09015023,12317,0,2,Injury Collision,,45,Bicycle,Matched,0,1,Clear or Partly Cloudy,0,"(47.64324017800004, -122.35688758999999)",0,0,N,09-18099
142636,222077,222357,Block,Cycles,215, ,,0,,05/21/2016 12:00:00 AM +0000,5/21/2016 7:41:00 PM,1,,Mid-Block (not related to intersection),Unknown,PHINNEY AVE N BETWEEN N 44TH ST AND N 45TH ST,0,1,,1,E546340,Unknown,18,"MOTOR VEHICLE STRUCK PEDALCYCLIST, FRONT END AT ANGLE",,12139,0,2,Injury Collision,,45,Bicycle,Matched,N,1,Unknown,0,"(47.66081010800008, -122.35437610399998)",0,0,N,2016-178402
142648,220524,220804,Block,Cycles,396.5, ,,0,,05/05/2016 12:00:00 AM +0000,5/5/2016 5:51:00 PM,1,,Mid-Block (not related to intersection),Daylight,STONE WAY N BETWEEN N 36TH ST AND N 38TH ST,0,1,,1,E547597,Dry,18,"MOTOR VEHICLE STRUCK PEDALCYCLIST, FRONT END AT ANGLE",,12957,0,2,Injury Collision,,45,Bicycle,Matched,N,1,Clear or Partly Cloudy,0,"(47.651618651000035, -122.342626914)",0,0,N,2016-156412
142700,221248,221528,Intersection,Cycles,0, ,,0,,06/04/2016 12:00:00 AM +0000,6/4/2016 5:54:00 PM,1,29697,At Intersection (intersection related),Daylight,ELLIOTT AVE AND WALL ST,0,1,,3,3785077,Dry,51,PEDALCYCLIST STRUCK MOTOR VEHICLE FRONT END AT ANGLE,,10205,0,2,Injury Collision,,45,Bicycle,Matched,N,1,Clear or Partly Cloudy,0,"(47.61336696300003, -122.35046554699994)",0,0,N,2016-197781
142761,221084,221364,Block,Cycles,306, ,,0,Y,05/29/2016 12:00:00 AM +0000,5/29/2016 1:47:00 PM,1,,Mid-Block (not related to intersection),Daylight,FAUNTLEROY WAY SW BETWEEN SW MYRTLE ST AND SW OTHELLO ST,0,1,,3,3587861,Dry,56,PEDALCYCLIST STRUCK MOTOR VEHICLE LEFT SIDE SIDESWIPE,,10407,0,2,Injury Collision,,45,Bicycle,Matched,N,1,Clear or Partly Cloudy,0,"(47.53882185800006, -122.39109185899997)",0,0,N,16-188912
142767,221094,221374,Block,Cycles,326, ,,0,,05/31/2016 12:00:00 AM +0000,5/31/2016 7:45:00 PM,1,,Mid-Block (not related to intersection),Daylight,10TH AVE E BETWEEN E HIGHLAND DR AND E GALER ST,0,1,,3,3704619,Dry,18,"MOTOR VEHICLE STRUCK PEDALCYCLIST, FRONT END AT ANGLE",,1293,0,2,Injury Collision,,45,Bicycle,Matched,N,1,Clear or Partly Cloudy,0,"(47.63138271500003, -122.32020786899994)",0,0,N,2016-192057
142849,95958,95958,Block,Cycles,262.5,,,0,,07/07/2009 12:00:00 AM +0000,7/7/2009,0,,Mid-Block (not related to intersection),Daylight,BOYLSTON AVE E BETWEEN LAKEVIEW N BV E AND E BOSTON ST,0,1,Y,2,3282713,Dry,23,"MOTOR VEHICLE STRUCK PEDALCYCLIST, LEFT SIDE SIDESWIPE",09188010,9390,0,1,Property Damage Only Collision,,45,Bicycle,Matched,0,1,Clear or Partly Cloudy,0,"(47.63752603300003, -122.32346609299998)",37363,0,N,09-236058
142886,96640,96640,Intersection,Cycles,0,,,0,,10/07/2009 12:00:00 AM +0000,10/7/2009,1,29068,At Intersection (intersection related),Dawn,BROADWAY AND E DENNY WAY,0,1,Y,2,3207416,Dry,18,"MOTOR VEHICLE STRUCK PEDALCYCLIST, FRONT END AT ANGLE",09280012,9451,0,2,Injury Collision,,45,Bicycle,Matched,0,1,Clear or Partly Cloudy,0,"(47.61873954100008, -122.32085448299995)",6813,0,N,09-353833
142918,220549,220829,Block,Cycles,316, ,,0,,05/10/2016 12:00:00 AM +0000,5/10/2016 7:01:00 AM,1,,Mid-Block (not related to intersection),Daylight,S JACKSON ST BETWEEN 14TH AVE S AND 16TH AVE S,0,1,,1,E547931,Dry,18,"MOTOR VEHICLE STRUCK PEDALCYCLIST, FRONT END AT ANGLE",,20495,0,2,Injury Collision,,45,Bicycle,Matched,N,1,Clear or Partly Cloudy,0,"(47.599217493000026, -122.31285936399996)",0,0,N,2016-162400
142947,221498,221778,Block,Cycles,422.5, ,,0,Y,06/11/2016 12:00:00 AM +0000,6/11/2016 2:19:00 PM,1,,Mid-Block (not related to intersection),Daylight,CALIFORNIA AVE SW BETWEEN SW LANDER ST AND SW STEVENS ST,0,1,,2,3731716,Dry,56,PEDALCYCLIST STRUCK MOTOR VEHICLE LEFT SIDE SIDESWIPE,,9541,0,2,Injury Collision,,45,Bicycle,Matched,N,1,Overcast,0,"(47.578153377000035, -122.38666642399994)",0,0,N,2016-207633
142983,220776,221056,Intersection,Cycles,0, ,,0,,04/28/2016 12:00:00 AM +0000,4/28/2016 5:18:00 PM,0,24427,At Intersection (intersection related),Daylight,14TH AVE NE AND NE 75TH ST,0,1,,2,3786883,Dry,11,"MOTOR VEHICLE STRUCK MOTOR VEHICLE, FRONT END AT ANGLE",,1871,0,1,Property Damage Only Collision,,45,Bicycle,Matched,N,1,Clear or Partly Cloudy,0,"(47.683059411000045, -122.31317139099997)",0,0,N,16-147246
142988,223860,224140,Block,Cycles,153, ,,0,,07/13/2016 12:00:00 AM +0000,7/13/2016 6:30:00 PM,1,,Mid-Block (not related to intersection),Daylight,6TH AVE S BETWEEN S JACKSON ST AND S KING ST,0,1,,2,E564590,Dry,51,PEDALCYCLIST STRUCK MOTOR VEHICLE FRONT END AT ANGLE,,7983,0,2,Injury Collision,,45,Bicycle,Matched,N,1,Clear or Partly Cloudy,0,"(47.59877465400007, -122.32636219899996)",0,0,N,2016-251284
143015,224318,224598,Block,Cycles,230, ,,0,,07/21/2016 12:00:00 AM +0000,7/21/2016 6:25:00 AM,1,,Mid-Block (not related to intersection),Daylight,SW HARBOR LN BETWEEN HARBOR AVE SW AND DEAD END,0,1,,3,3780862,Dry,21,"MOTOR VEHICLE STRUCK PEDALCYCLIST, REAR END",,22286,0,2,Injury Collision,,45,Bicycle,Matched,N,2,Clear or Partly Cloudy,0,"(47.57687840300008, -122.37233935799998)",0,0,N,2016-260491
143057,222760,223040,Intersection,Cycles,0, ,,0,Y,05/16/2016 12:00:00 AM +0000,5/16/2016 9:31:00 PM,1,29515,At Intersection (intersection related),Dark - Street Lights On,DENNY WAY AND DEXTER AVE,0,1,,1,3740101,Dry,26,MOTOR VEHICLE STRUCK OBJECT IN ROAD,,10011,1,2b,Serious Injury Collision,,45,Bicycle,Matched,N,0,Clear or Partly Cloudy,0,"(47.618550165000045, -122.34240185299996)",0,0,N,2016-171484
143076,95010,95010,Block,Cycles,213,,,0,,01/31/2009 12:00:00 AM +0000,1/31/2009 1:56:00 PM,0,,Mid-Block (not related to intersection),Daylight,WESTERN AVE BETWEEN UNIVERSITY ST AND UNION ST,0,1,,4,3286337,Dry,18,"MOTOR VEHICLE STRUCK PEDALCYCLIST, FRONT END AT ANGLE",09031007,13502,0,1,Property Damage Only Collision,,45,Bicycle,Matched,0,1,Clear or Partly Cloudy,0,"(47.606865973000026, -122.33976041099999)",13033,0,N,09-37923
143099,95282,95282,Block,Cycles,727.5,,,0,,05/14/2009 12:00:00 AM +0000,5/14/2009 8:54:00 PM,1,,Mid-Block (not related to intersection),Dusk,26TH AVE E BETWEEN BOYER AVE E AND E NEWTON ST,0,1,,2,2615095,Dry,54,PEDALCYCLIST STRUCK MOTOR VEHICLE REAR END,09134003,3855,0,2,Injury Collision,Y,45,Bicycle,Matched,0,1,Clear or Partly Cloudy,0,"(47.635908906000054, -122.29947268399997)",0,0,N,09-164333
143187,95293,95293,Intersection,Cycles,0, ,,0,,08/19/2009 12:00:00 AM +0000,8/19/2009 4:58:00 PM,1,28725,At Intersection (intersection related),Daylight,HIGHLAND DR AND WESTLAKE AVE N,0,1,Y,2,3344637,Dry,18,"MOTOR VEHICLE STRUCK PEDALCYCLIST, FRONT END AT ANGLE",09231001,13541,1,2b,Serious Injury Collision,,45,Bicycle,Matched,0,1,Clear or Partly Cloudy,0,"(47.62971165700003, -122.34100743599998)",0,574134,N,2009-293037
143191,95292,95292,Intersection,Cycles,0, ,,0,,05/19/2009 12:00:00 AM +0000,5/19/2009 8:32:00 PM,1,25790,At Intersection (intersection related),Dark - Street Lights On,11TH AVE NE AND NE 50TH ST,0,1,Y,2,3206527,Wet,18,"MOTOR VEHICLE STRUCK PEDALCYCLIST, FRONT END AT ANGLE",09139003,1411,0,2,Injury Collision,,45,Bicycle,Matched,0,1,Raining,0,"(47.66492767300008, -122.31633451799996)",0,524459,N,2009-171055
143206,94748,94748,Intersection,Cycles,0,,,0,,09/11/2009 12:00:00 AM +0000,9/11/2009 8:00:00 PM,1,38309,At Intersection (intersection related),Dark - Street Lights On,56TH AVE S AND S RYAN ST,0,1,,2,3211367,Dry,51,PEDALCYCLIST STRUCK MOTOR VEHICLE FRONT END AT ANGLE,09254006,7749,0,2,Injury Collision,,45,Bicycle,Matched,0,1,Clear or Partly Cloudy,0,"(47.50968390000003, -122.26306364999999)",0,0,N,09-322262
143218,94615,94615,Intersection,Cycles,0,,,0,,08/13/2009 12:00:00 AM +0000,8/13/2009 7:23:00 PM,1,31913,At Intersection (intersection related),Daylight,36TH AVE SW AND SW SNOQUALMIE ST,0,1,,2,3295729,Wet,18,"MOTOR VEHICLE STRUCK PEDALCYCLIST, FRONT END AT ANGLE",09225008,5617,0,2,Injury Collision,,45,Bicycle,Matched,0,1,Overcast,0,"(47.56203547800004, -122.37745196099996)",41581,0,N,09-285487
143234,95699,95699,Intersection,Cycles,0,,,0,,04/04/2009 12:00:00 AM +0000,4/4/2009,1,29862,At Intersection (intersection related),Daylight,BELLEVUE AVE AND E PINE ST,0,1,Y,2,2612756,Dry,18,"MOTOR VEHICLE STRUCK PEDALCYCLIST, FRONT END AT ANGLE",09094002,9213,0,2,Injury Collision,,45,Bicycle,Matched,0,1,Clear or Partly Cloudy,0,"(47.61521815300006, -122.32680418799998)",10342,0,N,09-113622
143252,95433,95433,Intersection,Cycles,0,,,0,Y,09/10/2009 12:00:00 AM +0000,9/10/2009 12:28:00 PM,1,29024,At Intersection (intersection related),Daylight,BROADWAY E AND E HARRISON ST,0,1,Y,2,3287555,Dry,51,PEDALCYCLIST STRUCK MOTOR VEHICLE FRONT END AT ANGLE,09253003,9454,0,2,Injury Collision,,45,Bicycle,Matched,0,1,Clear or Partly Cloudy,0,"(47.62198807200008, -122.32090617799997)",6791,0,N,09-320411