OBJECTID,INCKEY,COLDETKEY,ADDRTYPE,COLLISIONTYPE,DISTANCE,EXCEPTRSNCODE,EXCEPTRSNDESC,FATALITIES,INATTENTIONIND,INCDATE,INCDTTM,INJURIES,INTKEY,JUNCTIONTYPE,LIGHTCOND,LOCATION,PEDCOUNT,PEDCYLCOUNT,PEDROWNOTGRNT,PERSONCOUNT,REPORTNO,ROADCOND,SDOT_COLCODE,SDOT_COLDESC,SDOTCOLNUM,SEGKEY,SERIOUSINJURIES,SEVERITYCODE,SEVERITYDESC,SPEEDING,ST_COLCODE,ST_COLDESC,STATUS,UNDERINFL,VEHCOUNT,WEATHER,WIDTH,Shape,SEGLANEKEY,CROSSWALKKEY,HITPARKEDCAR,SPDCASENO
143302,96520,96520,Intersection,Cycles,0,,,0,,07/22/2009 12:00:00 AM +0000,7/22/2009 4:29:00 PM,1,24273,At Intersection (intersection related),Daylight,LINDEN AVE N AND N 83RD ST,0,1,,2,3210195,Dry,51,PEDALCYCLIST STRUCK MOTOR VEHICLE FRONT END AT ANGLE,09203003,11428,0,2,Injury Collision,,45,Bicycle,Matched,0,1,Clear or Partly Cloudy,0,"(47.68911248500007, -122.34721638199994)",0,0,N,2009-256062
143307,96108,96108,Block,Cycles,341.5,,,0,,11/03/2009 12:00:00 AM +0000,11/3/2009,2,,Mid-Block (not related to intersection),Dusk,BEACON AVE S BETWEEN S WALKER ST AND 13TH AVE S,1,1,,2,3211187,Dry,64,PEDALCYCLIST STRUCK PEDESTRIAN,09307011,9113,1,2b,Serious Injury Collision,,45,Bicycle,Matched,0,0,Clear or Partly Cloudy,0,"(47.58287913100003, -122.31665759299995)",30923,0,N,09-386141
143324,94887,94887,Intersection,Cycles,0,,,0,,05/01/2009 12:00:00 AM +0000,5/1/2009,1,24475,At Intersection (intersection related),Dark - Street Lights On,ROOSEVELT WAY NE AND NE 69TH ST,0,1,Y,3,3284592,Dry,18,"MOTOR VEHICLE STRUCK PEDALCYCLIST, FRONT END AT ANGLE",09121004,12619,0,2,Injury Collision,,45,Bicycle,Matched,0,1,Clear or Partly Cloudy,0,"(47.678741294000076, -122.31740336499996)",9411,0,N,09-148223
143341,95030,95030,Block,Cycles,271,,,0,Y,10/14/2009 12:00:00 AM +0000,10/14/2009 3:08:00 AM,1,,Mid-Block (not related to intersection),Dark - Street Lights On,EAST MARGINAL WAY S BETWEEN 14TH AVE S AND 16TH AVE S,0,1,,2,3343828,Wet,55,PEDALCYCLIST STRUCK MOTOR VEHICLE RIGHT SIDE SIDESWIPE,09287006,14418,0,2,Injury Collision,,45,Bicycle,Matched,1,1,Raining,0,"(47.534764807000045, -122.31401500999999)",1248,0,N,2009-362105
143390,95298,95298,Block,Cycles,270,,,0,,03/13/2009 12:00:00 AM +0000,3/13/2009 7:05:00 AM,2,,Mid-Block (not related to intersection),Daylight,EASTLAKE AVE E BETWEEN E BOSTON ST AND E LYNN ST,0,2,,3,3286446,Dry,36,DRIVERLESS VEHICLE STRUCK MOTOR VEHICLE LEFT SIDE SIDESWIPE,09072004,10176,0,2,Injury Collision,,45,Bicycle,Matched,0,1,Clear or Partly Cloudy,0,"(47.638985674000025, -122.32589341199997)",24751,0,N,09-086823
143448,220557,220837,Intersection,Cycles,0, ,,0,,05/16/2016 12:00:00 AM +0000,5/16/2016 8:10:00 AM,1,24268,At Intersection (intersection related),Daylight,GREENWOOD AVE N AND N 83RD ST,0,1,Y,1,E548182,Dry,18,"MOTOR VEHICLE STRUCK PEDALCYCLIST, FRONT END AT ANGLE",,10750,0,2,Injury Collision,,45,Bicycle,Matched,N,1,Clear or Partly Cloudy,0,"(47.68911342700005, -122.35530100699998)",0,0,N,2016-170558
143464,224088,224368,Intersection,Cycles,0, ,,0,,07/14/2016 12:00:00 AM +0000,7/14/2016 12:22:00 PM,1,29894,At Intersection (intersection related),Daylight,6TH AVE AND PIKE ST,0,1,,2,3785131,Dry,11,"MOTOR VEHICLE STRUCK MOTOR VEHICLE, FRONT END AT ANGLE",,7883,0,2,Injury Collision,,45,Bicycle,Matched,N,1,Clear or Partly Cloudy,0,"(47.61114239800003, -122.33446376999996)",0,0,N,16-252171
143465,224087,224367,Block,Cycles,161, ,,0,Y,07/13/2016 12:00:00 AM +0000,7/13/2016 12:20:00 PM,1,,Mid-Block (not related to intersection),Daylight,STEWART ST BETWEEN 9TH AVE AND TERRY AVE,0,1,,3,3785130,Dry,11,"MOTOR VEHICLE STRUCK MOTOR VEHICLE, FRONT END AT ANGLE",,12906,0,2,Injury Collision,,45,Bicycle,Matched,N,1,Clear or Partly Cloudy,0,"(47.61594756900007, -122.33400804399997)",0,0,N,2016-250777
143519,220845,221125,Intersection,Cycles,0, ,,0,,04/10/2016 12:00:00 AM +0000,4/10/2016 1:50:00 PM,1,26896,At Intersection (intersection related),Daylight,STONE WAY N AND N 34TH ST,0,1,,0,E534567,Dry,18,"MOTOR VEHICLE STRUCK PEDALCYCLIST, FRONT END AT ANGLE",,12955,0,2,Injury Collision,,45,Bicycle,Matched,N,1,Clear or Partly Cloudy,0,"(47.64854072800006, -122.34277540199997)",0,0,N,2016-123776
143537,221932,222212,Block,Cycles,131.5, ,,0,,06/13/2016 12:00:00 AM +0000,6/13/2016 6:40:00 PM,1,,Mid-Block (not related to intersection),Daylight,8TH AVE NW BETWEEN NW 64TH ST AND NW 65TH ST,0,1,Y,2,3333387,Dry,18,"MOTOR VEHICLE STRUCK PEDALCYCLIST, FRONT END AT ANGLE",,8394,0,2,Injury Collision,,45,Bicycle,Matched,N,1,Overcast,0,"(47.675624036000045, -122.36603812599998)",2468,0,N,16-210565
143575,221105,221385,Intersection,Cycles,0, ,,0,,05/27/2016 12:00:00 AM +0000,5/27/2016 7:02:00 PM,1,27043,At Intersection (intersection related),Daylight,TROLL AVE N AND N 34TH ST,0,1,,2,3767327,Dry,18,"MOTOR VEHICLE STRUCK PEDALCYCLIST, FRONT END AT ANGLE",,9002,0,2,Injury Collision,,45,Bicycle,Matched,N,1,Clear or Partly Cloudy,0,"(47.64924012200004, -122.34741874299999)",0,0,N,16-186769
143622,94773,94773,Intersection,Cycles,0, ,,0,,10/14/2009 12:00:00 AM +0000,10/14/2009 7:14:00 PM,1,28632,At Intersection (intersection related),Dark - Street Lights On,MERCER ST AND QUEEN ANNE AVE N,0,1,,2,3327017,Dry,18,"MOTOR VEHICLE STRUCK PEDALCYCLIST, FRONT END AT ANGLE",09287027,11761,0,2,Injury Collision,,45,Bicycle,Matched,0,1,Overcast,0,"(47.62458297300003, -122.35670922099996)",0,523535,N,09-362951
143636,94897,94897,Block,Cycles,140,,,0,,08/05/2009 12:00:00 AM +0000,8/5/2009,1,,Mid-Block (not related to intersection),Daylight,NE 45TH ST BETWEEN UNIVERSITY WAY NE AND 15TH AVE NE,0,1,Y,2,3328126,Dry,23,"MOTOR VEHICLE STRUCK PEDALCYCLIST, LEFT SIDE SIDESWIPE",09217012,16852,0,2,Injury Collision,,45,Bicycle,Matched,0,1,Clear or Partly Cloudy,0,"(47.66126567400005, -122.31256350599995)",6964,0,N,2009-275256
143695,95036,95036,Block,Cycles,213,,,0,Y,04/02/2009 12:00:00 AM +0000,4/2/2009,1,,Driveway Junction,Dusk,2ND AVE BETWEEN PIKE ST AND PINE ST,0,1,Y,2,2908293,Wet,18,"MOTOR VEHICLE STRUCK PEDALCYCLIST, FRONT END AT ANGLE",09092026,2758,0,2,Injury Collision,,45,Bicycle,Matched,0,1,Raining,0,"(47.609780570000055, -122.33935700699999)",12173,0,N,09-111285
143696,95173,95173,Intersection,Cycles,0,,,0,,04/22/2009 12:00:00 AM +0000,4/22/2009 8:44:00 PM,1,29805,At Intersection (intersection related),Dark - Street Lights On,14TH AVE AND E JEFFERSON ST,0,1,,5,3283540,Wet,51,PEDALCYCLIST STRUCK MOTOR VEHICLE FRONT END AT ANGLE,09112025,1845,0,2,Injury Collision,,45,Bicycle,Matched,0,1,Raining,0,"(47.60619196400006, -122.314165334)",35459,0,N,2009-136717
143715,96269,96269,Intersection,Cycles,0, ,,0,,08/20/2009 12:00:00 AM +0000,8/20/2009 3:59:00 PM,1,29869,At Intersection (intersection related),Daylight,HOWELL ST AND OLIVE WAY,0,1,,4,3344643,Dry,18,"MOTOR VEHICLE STRUCK PEDALCYCLIST, FRONT END AT ANGLE",09232001,8282,0,2,Injury Collision,,45,Bicycle,Matched,0,1,Clear or Partly Cloudy,0,"(47.61405656100004, -122.33406083199998)",0,523737,N,09-294296
143726,221941,222221,Intersection,Cycles,0, ,,0,,06/24/2016 12:00:00 AM +0000,6/24/2016 9:15:00 AM,1,29931,At Intersection (intersection related),Daylight,4TH AVE AND UNIVERSITY ST,0,1,,5,3386356,Dry,18,"MOTOR VEHICLE STRUCK PEDALCYCLIST, FRONT END AT ANGLE",,6129,0,2,Injury Collision,,45,Bicycle,Matched,N,1,Overcast,0,"(47.608227922000026, -122.33486632899996)",0,0,N,2016-224461
143738,221282,221562,Intersection,Cycles,0, ,,0,Y,06/07/2016 12:00:00 AM +0000,6/7/2016 11:41:00 PM,1,29165,At Intersection (intersection related),Dark - Street Lights On,MELROSE AVE AND E DENNY WAY,0,1,,2,3704656,Dry,11,"MOTOR VEHICLE STRUCK MOTOR VEHICLE, FRONT END AT ANGLE",,11758,0,2,Injury Collision,,45,Bicycle,Matched,N,1,Clear or Partly Cloudy,0,"(47.61849674100006, -122.32785352399998)",0,0,N,2016-202622
143797,221537,221817,Block,Cycles,194.5,NEI,"Not Enough Information, or Insufficient Location Information",0,,06/09/2016 12:00:00 AM +0000,6/9/2016 11:05:00 AM,1,,,Daylight,GILMAN AVE W BETWEEN 26TH AVE W AND 27TH AVE W,0,1,,1,E551696,Dry,00,NOT ENOUGH INFORMATION / NOT APPLICABLE,,10641,0,2,Injury Collision,,45,Bicycle,Matched,N,1,Clear or Partly Cloudy,0,"(47.659022605000075, -122.39043069099995)",0,0,N,2016-204543
143842,220882,221162,Intersection,Cycles,0, ,,0,,04/15/2016 12:00:00 AM +0000,4/15/2016 12:50:00 PM,1,36499,At Intersection (intersection related),Daylight,5TH AVE NE AND NE NORTHGATE WAY,0,1,,0,E537582,Dry,18,"MOTOR VEHICLE STRUCK PEDALCYCLIST, FRONT END AT ANGLE",,7256,0,2,Injury Collision,,45,Bicycle,Matched,N,1,Clear or Partly Cloudy,0,"(47.708594134000066, -122.32327545299995)",0,0,N,2016-129898
143843,220881,221161,Intersection,Cycles,0, ,,0,,04/14/2016 12:00:00 AM +0000,4/14/2016 6:46:00 AM,1,30495,At Intersection (intersection related),Daylight,5TH AVE S AND S WASHINGTON ST,0,1,,0,E537581,Dry,11,"MOTOR VEHICLE STRUCK MOTOR VEHICLE, FRONT END AT ANGLE",,7357,0,2,Injury Collision,,45,Bicycle,Matched,N,1,Clear or Partly Cloudy,0,"(47.60087333000007, -122.32765971599997)",0,0,N,2016-128146
143845,220879,221159,Intersection,Cycles,0, ,,0,,04/26/2016 12:00:00 AM +0000,4/26/2016 9:08:00 AM,1,26803,At Intersection (intersection related),Daylight,STONE WAY N AND N 44TH ST,0,1,,0,E537573,Dry,18,"MOTOR VEHICLE STRUCK PEDALCYCLIST, FRONT END AT ANGLE",,12967,0,2,Injury Collision,,45,Bicycle,Matched,N,1,Clear or Partly Cloudy,0,"(47.65995950800004, -122.34221726399994)",0,0,N,16-144020
143864,223882,224162,Block,Cycles,255, ,,0,,07/21/2016 12:00:00 AM +0000,7/21/2016 7:16:00 AM,1,,Mid-Block (not related to intersection),Daylight,DELRIDGE WAY SW BETWEEN CROFT PL SW AND SW MYRTLE ST,0,1,Y,2,3563623,Dry,51,PEDALCYCLIST STRUCK MOTOR VEHICLE FRONT END AT ANGLE,,9976,0,2,Injury Collision,,45,Bicycle,Matched,N,1,Clear or Partly Cloudy,0,"(47.53984522600007, -122.36084642399999)",0,0,N,2016-260527
143890,221946,222226,Intersection,Cycles,0, ,,0,,06/08/2016 12:00:00 AM +0000,6/8/2016 5:17:00 PM,1,25588,At Intersection (intersection related),Daylight,PHINNEY AVE N AND N 63RD ST,0,1,,1,E553451,Dry,18,"MOTOR VEHICLE STRUCK PEDALCYCLIST, FRONT END AT ANGLE",,12158,0,2,Injury Collision,,45,Bicycle,Matched,N,1,Clear or Partly Cloudy,0,"(47.67457015600007, -122.35436180899995)",0,0,N,2016-203632
143962,95715,95715,Intersection,Cycles,0,,,0,,10/07/2009 12:00:00 AM +0000,10/7/2009,1,29816,At Intersection (intersection related),Dawn,JEFFERSON ST AND TERRY AVE,0,1,Y,2,3326076,Dry,18,"MOTOR VEHICLE STRUCK PEDALCYCLIST, FRONT END AT ANGLE",09280032,11066,0,2,Injury Collision,,45,Bicycle,Matched,0,1,Clear or Partly Cloudy,0,"(47.60530451200003, -122.32298923099995)",10440,0,N,09-353869
143968,95584,95584,Block,Cycles,218,,,0,Y,06/18/2009 12:00:00 AM +0000,6/18/2009 4:56:00 PM,1,,Mid-Block (but intersection related),Daylight,MERIDIAN AVE N BETWEEN N 120TH ST AND N 122ND ST,0,1,,2,3284328,Dry,51,PEDALCYCLIST STRUCK MOTOR VEHICLE FRONT END AT ANGLE,09169005,11831,0,2,Injury Collision,,45,Bicycle,Matched,0,1,Clear or Partly Cloudy,0,"(47.71652459100005, -122.33412326299998)",32297,0,N,2009-211072
143979,95452,95452,Intersection,Cycles,0,,,0,,02/22/2009 12:00:00 AM +0000,2/22/2009 3:14:00 PM,1,24972,At Intersection (intersection related),Daylight,36TH AVE NE AND NE 65TH W ST,0,1,Y,2,3210353,Dry,51,PEDALCYCLIST STRUCK MOTOR VEHICLE FRONT END AT ANGLE,09053016,17293,0,2,Injury Collision,,45,Bicycle,Matched,0,1,Overcast,0,"(47.67578409300006, -122.28916255499996)",29903,0,N,09-065013
144008,94769,94769,Intersection,Cycles,0, ,,0,,10/13/2009 12:00:00 AM +0000,10/13/2009 10:55:00 AM,2,26786,At Intersection (intersection related),Daylight,BURKE AVE N AND N 45TH ST,1,1,Y,2,3345157,Dry,64,PEDALCYCLIST STRUCK PEDESTRIAN,09286002,9511,0,2,Injury Collision,,45,Bicycle,Matched,0,0,Clear or Partly Cloudy,0,"(47.661385848000066, -122.33507243499997)",6498,523821,N,2009-361156
144081,96679,96679,Intersection,Cycles,0,,,0,,05/20/2009 12:00:00 AM +0000,5/20/2009 4:29:00 PM,1,32825,At Intersection (intersection related),Daylight,CALIFORNIA AVE SW AND SW RAYMOND ST,0,1,,2,2896506,Dry,18,"MOTOR VEHICLE STRUCK PEDALCYCLIST, FRONT END AT ANGLE",09140025,9562,0,2,Injury Collision,,45,Bicycle,Matched,0,1,Clear or Partly Cloudy,0,"(47.54849160300006, -122.38714342899999)",2574,0,N,09-172155
144101,94779,94779,Block,Cycles,66,,,0,,06/04/2009 12:00:00 AM +0000,6/4/2009,1,,Mid-Block (not related to intersection),Daylight,5TH AVE NE BETWEEN NE 75TH ST AND NE 76TH ST,0,1,Y,2,3205959,Dry,18,"MOTOR VEHICLE STRUCK PEDALCYCLIST, FRONT END AT ANGLE",09155004,7309,0,2,Injury Collision,,45,Bicycle,Matched,0,1,Clear or Partly Cloudy,0,"(47.683355590000076, -122.32290493299996)",7480,0,N,09-192194
144143,95330,95330,Block,Cycles,213.5,,,0,,05/23/2009 12:00:00 AM +0000,5/23/2009 12:38:00 PM,3,,Mid-Block (not related to intersection),Daylight,LAKESIDE AVE S BETWEEN S MASSACHUSETTS ST AND 36TH AVE S,0,2,Y,4,3296722,Dry,56,PEDALCYCLIST STRUCK MOTOR VEHICLE LEFT SIDE SIDESWIPE,09143006,11272,0,2,Injury Collision,,45,Bicycle,Matched,0,1,Clear or Partly Cloudy,0,"(47.58708404400005, -122.28652384699996)",37987,0,N,09-175898
144162,95606,95606,Intersection,Cycles,0,,,0,,05/13/2009 12:00:00 AM +0000,5/13/2009 6:20:00 AM,1,25661,At Intersection (intersection related),Dawn,PHINNEY AVE N AND N 50TH E ST,0,1,Y,2,3206423,Dry,51,PEDALCYCLIST STRUCK MOTOR VEHICLE FRONT END AT ANGLE,09133007,15639,0,2,Injury Collision,,45,Bicycle,Matched,0,1,Clear or Partly Cloudy,0,"(47.66501938000005, -122.35395996399996)",28288,0,N,2009-162395
144167,96550,96550,Intersection,Cycles,0,,,0,,08/03/2009 12:00:00 AM +0000,8/3/2009,1,30447,At Intersection (intersection related),Daylight,8TH AVE S AND S DEARBORN ST,0,1,Y,2,3280289,Dry,18,"MOTOR VEHICLE STRUCK PEDALCYCLIST, FRONT END AT ANGLE",09215004,19830,0,2,Injury Collision,,45,Bicycle,Matched,0,1,Clear or Partly Cloudy,0,"(47.59583116700003, -122.32245866299996)",5851,0,N,2009-271907
144247,224103,224383,Intersection,Cycles,0, ,,0,Y,07/16/2016 12:00:00 AM +0000,7/16/2016 11:40:00 AM,1,31166,At Intersection (intersection related),Dawn,46TH AVE SW AND SW LANDER ST,0,1,,2,3780471,Dry,51,PEDALCYCLIST STRUCK MOTOR VEHICLE FRONT END AT ANGLE,,6954,0,2,Injury Collision,,45,Bicycle,Matched,N,1,Clear or Partly Cloudy,0,"(47.57934357900007, -122.39068362899997)",0,0,N,16-254838
144252,223897,224177,Intersection,Cycles,0, ,,0,Y,07/20/2016 12:00:00 AM +0000,7/20/2016 9:11:00 AM,1,37511,At Intersection (intersection related),Daylight,12TH AVE NE AND NE 95TH ST,0,1,,2,3695090,Dry,51,PEDALCYCLIST STRUCK MOTOR VEHICLE FRONT END AT ANGLE,,1600,0,2,Injury Collision,,45,Bicycle,Matched,N,1,Clear or Partly Cloudy,0,"(47.697635664000074, -122.31482955499996)",0,0,N,16-259250
144271,222385,222665,Intersection,Cycles,0, ,,0,,06/11/2016 12:00:00 AM +0000,6/11/2016 6:37:00 PM,1,28391,At Intersection (intersection related),Daylight,MONTLAKE BLVD E AND EAST MONTLAKE PL E,0,1,Y,1,E556327,Dry,18,"MOTOR VEHICLE STRUCK PEDALCYCLIST, FRONT END AT ANGLE",,11904,0,2,Injury Collision,,45,Bicycle,Matched,N,1,Clear or Partly Cloudy,0,"(47.64396127200007, -122.30409754799996)",0,0,N,2016-213199
144283,221328,221608,Intersection,Cycles,0, ,,0,Y,05/20/2016 12:00:00 AM +0000,5/20/2016 11:42:00 AM,1,30357,At Intersection (intersection related),Daylight,1ST AVE AND YESLER WAY,0,1,,2,3789150,Dry,51,PEDALCYCLIST STRUCK MOTOR VEHICLE FRONT END AT ANGLE,,1000,0,2,Injury Collision,,45,Bicycle,Matched,N,1,Clear or Partly Cloudy,0,"(47.60172233900005, -122.33417859499997)",0,0,N,2016-176409
144319,222155,222435,Block,Cycles,248, ,,0,,06/20/2016 12:00:00 AM +0000,6/20/2016 11:58:00 AM,1,,Mid-Block (not related to intersection),Daylight,LAKE CITY WAY NE BETWEEN NE 120TH ST AND 30TH S AVE NE,0,1,Y,2,3767458,Dry,18,"MOTOR VEHICLE STRUCK PEDALCYCLIST, FRONT END AT ANGLE",,11179,0,2,Injury Collision,,45,Bicycle,Matched,N,1,Overcast,0,"(47.71624443500008, -122.29702788599997)",0,0,N,16-219341
144413,221334,221614,Intersection,Cycles,0, ,,0,,06/07/2016 12:00:00 AM +0000,6/7/2016 5:10:00 PM,1,25183,At Intersection (intersection related),Daylight,17TH AVE NW AND SHILSHOLE AVE NW,0,1,,2,3767398,Dry,18,"MOTOR VEHICLE STRUCK PEDALCYCLIST, FRONT END AT ANGLE",,2428,0,2,Injury Collision,,45,Bicycle,Matched,N,1,Clear or Partly Cloudy,0,"(47.66238965500003, -122.37889419899994)",0,0,N,16-202208
144506,222602,222882,Intersection,Cycles,0, ,,0,,06/29/2016 12:00:00 AM +0000,6/29/2016 9:23:00 PM,0,28869,At Intersection (intersection related),Daylight,3RD AVE N AND ALOHA ST,0,1,,2,3704639,Dry,18,"MOTOR VEHICLE STRUCK PEDALCYCLIST, FRONT END AT ANGLE",,4400,0,1,Property Damage Only Collision,,45,Bicycle,Matched,N,1,Clear or Partly Cloudy,0,"(47.627173765000066, -122.35146656499995)",0,0,N,16-231597
144525,220630,220910,Intersection,Cycles,0, ,,0,Y,05/25/2016 12:00:00 AM +0000,5/25/2016 1:12:00 PM,1,29911,At Intersection (intersection related),Daylight,7TH AVE AND UNION ST,0,1,,2,3740264,Dry,18,"MOTOR VEHICLE STRUCK PEDALCYCLIST, FRONT END AT ANGLE",,8157,0,2,Injury Collision,,45,Bicycle,Matched,N,1,Clear or Partly Cloudy,0,"(47.610614154000075, -122.33244672399996)",0,0,N,16-183483
144569,221161,221441,Block,Cycles,193, ,,0,,06/01/2016 12:00:00 AM +0000,6/1/2016 8:08:00 AM,1,,Mid-Block (not related to intersection),Daylight,S HOLGATE ST BETWEEN 5TH AVE S AND 6TH AVE S,0,1,,2,3735153,Dry,14,"MOTOR VEHICLE STRUCK MOTOR VEHICLE, REAR END",,20320,0,2,Injury Collision,,45,Bicycle,Matched,N,1,Clear or Partly Cloudy,0,"(47.58617509900006, -122.32675966699998)",0,0,N,2016-192577
144585,220635,220915,Intersection,Cycles,0, ,,0,,05/31/2016 12:00:00 AM +0000,5/31/2016 8:12:00 AM,1,28695,At Intersection (intersection related),Daylight,ELLIOTT AVE W AND W PROSPECT ST,0,1,,1,E549630,Dry,18,"MOTOR VEHICLE STRUCK PEDALCYCLIST, FRONT END AT ANGLE",,10220,0,2,Injury Collision,,45,Bicycle,Matched,N,1,Clear or Partly Cloudy,0,"(47.62858892100007, -122.37100294999999)",0,0,N,2016-191092
144654,222611,222891,Block,Cycles,166, ,,0,,06/29/2016 12:00:00 AM +0000,6/29/2016 4:38:00 PM,2,,Driveway Junction,Daylight,ROOSEVELT WAY NE BETWEEN NE 86TH ST AND NE 88TH ST,0,1,,2,3769861,Dry,18,"MOTOR VEHICLE STRUCK PEDALCYCLIST, FRONT END AT ANGLE",,12636,0,2,Injury Collision,,45,Bicycle,Matched,N,1,Clear or Partly Cloudy,0,"(47.691733621000026, -122.31760965899997)",0,0,N,16-231641
144684,224466,224766,Intersection,Cycles,0, ,,0,,07/06/2016 12:00:00 AM +0000,7/6/2016 11:39:00 AM,1,36052,At Intersection (intersection related),Daylight,LAKE CITY WAY NE AND NE 130TH ST,0,1,Y,2,3767821,Dry,18,"MOTOR VEHICLE STRUCK PEDALCYCLIST, FRONT END AT ANGLE",,11185,0,2,Injury Collision,,45,Bicycle,Matched,N,1,Clear or Partly Cloudy,0,"(47.722899066000025, -122.29319374499994)",0,0,N,16-241423
144694,223671,223951,Block,Cycles,213, ,,0,,07/15/2016 12:00:00 AM +0000,7/15/2016 8:07:00 AM,1,,Mid-Block (not related to intersection),Daylight,12TH AVE BETWEEN E PINE ST AND E OLIVE ST,0,1,,2,E563973,Dry,51,PEDALCYCLIST STRUCK MOTOR VEHICLE FRONT END AT ANGLE,,1547,0,2,Injury Collision,,45,Bicycle,Matched,N,1,Clear or Partly Cloudy,0,"(47.61584669400003, -122.31686348699998)",0,0,N,16-253296
144721,221169,221449,Block,Cycles,189.5, ,,0,Y,06/02/2016 12:00:00 AM +0000,6/2/2016 7:06:00 PM,1,,Mid-Block (not related to intersection),Daylight,6TH AVE NE BETWEEN NE NORTHLAKE WAY AND NE 40TH ST,0,1,,2,3737696,Dry,18,"MOTOR VEHICLE STRUCK PEDALCYCLIST, FRONT END AT ANGLE",,7912,1,2b,Serious Injury Collision,,45,Bicycle,Matched,N,1,Clear or Partly Cloudy,0,"(47.654996262000054, -122.322705327)",0,0,N,2016-195013
144775,223720,224000,Intersection,Cycles,0,NEI,"Not Enough Information, or Insufficient Location Information",0,Y,07/15/2016 12:00:00 AM +0000,7/15/2016 11:57:00 AM,1,32329,At Intersection (intersection related),Daylight,4TH AVE S AND S HORTON ST,0,1,,2,E563990,Dry,00,NOT ENOUGH INFORMATION / NOT APPLICABLE,,6243,0,2,Injury Collision,,45,Bicycle,Matched,N,1,Clear or Partly Cloudy,0,"(47.574384046000034, -122.32905915099997)",0,0,N,16-253520
144795,223135,223415,Block,Cycles,153, ,,0,,07/09/2016 12:00:00 AM +0000,7/9/2016 1:58:00 PM,1,,Mid-Block (not related to intersection),Daylight,ALASKAN WAY BETWEEN MADISON ST AND SPRING ST,0,1,,3,3580894,Dry,56,PEDALCYCLIST STRUCK MOTOR VEHICLE LEFT SIDE SIDESWIPE,,8720,0,2,Injury Collision,,45,Bicycle,Matched,N,1,Clear or Partly Cloudy,0,"(47.60413336400006, -122.338756435)",0,0,N,2016-245526
144820,221179,221459,Block,Cycles,330, ,,0,,06/02/2016 12:00:00 AM +0000,6/2/2016 9:00:00 AM,1,,Mid-Block (not related to intersection),Daylight,UNIVERSITY WAY NE BETWEEN NE 47TH ST AND NE 50TH ST,0,1,,2,3767394,Dry,23,"MOTOR VEHICLE STRUCK PEDALCYCLIST, LEFT SIDE SIDESWIPE",,13223,0,2,Injury Collision,,45,Bicycle,Matched,N,1,Overcast,0,"(47.66399488800005, -122.31308797799994)",0,0,N,2016-194189
144832,222446,222726,Block,Cycles,161, ,,0,,06/08/2016 12:00:00 AM +0000,6/8/2016 2:19:00 PM,1,,Mid-Block (but intersection related),Daylight,STEWART ST BETWEEN 3RD AVE AND 4TH AVE,0,1,,2,3785079,Dry,18,"MOTOR VEHICLE STRUCK PEDALCYCLIST, FRONT END AT ANGLE",,12899,0,2,Injury Collision,,45,Bicycle,Matched,N,1,Clear or Partly Cloudy,0,"(47.61196047100003, -122.33916349499998)",0,0,N,16-203372
144833,222445,222725,Block,Cycles,214.5, ,,0,,06/24/2016 12:00:00 AM +0000,6/24/2016 12:54:00 PM,2,,Mid-Block (not related to intersection),Daylight,50TH AVE S BETWEEN S OREGON ST AND S SNOQUALMIE ST,1,1,Y,3,3782674,Dry,64,PEDALCYCLIST STRUCK PEDESTRIAN,,7442,0,2,Injury Collision,,45,Bicycle,Matched,N,1,Clear or Partly Cloudy,0,"(47.56235207600008, -122.27071555999999)",0,0,N,2016-224692
144853,224154,224434,Block,Cycles,115, ,,0,Y,07/19/2016 12:00:00 AM +0000,7/19/2016 7:14:00 AM,1,,Mid-Block (not related to intersection),Daylight,S HANFORD ST BETWEEN 1ST AVE S AND OCCIDENTAL AVE S,0,1,,2,3783091,Dry,11,"MOTOR VEHICLE STRUCK MOTOR VEHICLE, FRONT END AT ANGLE",,20167,0,2,Injury Collision,,45,Bicycle,Matched,N,1,Clear or Partly Cloudy,0,"(47.57557542200004, -122.33373913499997)",0,0,N,2016-257785
144881,223937,224217,Intersection,Cycles,0, ,,0,,07/12/2016 12:00:00 AM +0000,7/12/2016 4:52:00 PM,1,35122,At Intersection (intersection related),Daylight,8TH AVE S AND S HENDERSON ST,0,1,,2,E564885,Dry,18,"MOTOR VEHICLE STRUCK PEDALCYCLIST, FRONT END AT ANGLE",,8468,0,2,Injury Collision,,45,Bicycle,Matched,N,1,Clear or Partly Cloudy,0,"(47.52306615300006, -122.32297221599998)",0,0,N,2016-249806
144882,222221,222501,Block,Cycles,162, ,,0,,06/20/2016 12:00:00 AM +0000,6/20/2016 9:02:00 PM,1,,Mid-Block (not related to intersection),Dusk,S OTHELLO ST BETWEEN 38TH AVE S AND 39TH AVE S,0,1,,2,3782782,Dry,21,"MOTOR VEHICLE STRUCK PEDALCYCLIST, REAR END",,21051,0,2,Injury Collision,Y,45,Bicycle,Matched,N,1,Clear or Partly Cloudy,0,"(47.53704013300006, -122.28405373499999)",0,0,N,2016-220010
144883,222009,222289,Block,Cycles,133, ,,0,,06/17/2016 12:00:00 AM +0000,6/17/2016 1:04:00 PM,1,,Mid-Block (not related to intersection),Daylight,NE 45TH ST BETWEEN 4TH AVE NE AND 5TH AVE NE,0,1,,3,3737698,Dry,14,"MOTOR VEHICLE STRUCK MOTOR VEHICLE, REAR END",,16842,0,2,Injury Collision,,45,Bicycle,Matched,N,1,Overcast,0,"(47.66133603700007, -122.32349837999999)",0,0,N,2016-215571