OBJECTID,INCKEY,COLDETKEY,ADDRTYPE,COLLISIONTYPE,DISTANCE,EXCEPTRSNCODE,EXCEPTRSNDESC,FATALITIES,INATTENTIONIND,INCDATE,INCDTTM,INJURIES,INTKEY,JUNCTIONTYPE,LIGHTCOND,LOCATION,PEDCOUNT,PEDCYLCOUNT,PEDROWNOTGRNT,PERSONCOUNT,REPORTNO,ROADCOND,SDOT_COLCODE,SDOT_COLDESC,SDOTCOLNUM,SEGKEY,SERIOUSINJURIES,SEVERITYCODE,SEVERITYDESC,SPEEDING,ST_COLCODE,ST_COLDESC,STATUS,UNDERINFL,VEHCOUNT,WEATHER,WIDTH,Shape,SEGLANEKEY,CROSSWALKKEY,HITPARKEDCAR,SPDCASENO
144947,96017,96017,Intersection,Cycles,0,,,0,,02/23/2009 12:00:00 AM +0000,2/23/2009 5:30:00 AM,1,24495,At Intersection (intersection related),Dark - Street Lights On,8TH AVE NE AND NE 65TH ST,0,1,Y,2,3210690,Wet,18,"MOTOR VEHICLE STRUCK PEDALCYCLIST, FRONT END AT ANGLE",09054002,8322,0,2,Injury Collision,,45,Bicycle,Matched,0,1,Raining,0,"(47.67585210000004, -122.32005308999999)",29220,0,N,2009-065550
145000,94802,94802,Block,Cycles,433,,,0,,11/20/2009 12:00:00 AM +0000,11/20/2009 11:55:00 AM,1,,Driveway Junction,Daylight,DAYTON AVE N BETWEEN N 36TH ST AND N 39TH E ST,0,1,Y,2,3198693,Dry,18,"MOTOR VEHICLE STRUCK PEDALCYCLIST, FRONT END AT ANGLE",09324030,9890,0,2,Injury Collision,,45,Bicycle,Matched,0,1,Overcast,0,"(47.652952216000074, -122.35235313599998)",0,0,N,09-404655
145060,95622,95622,Block,Cycles,331.5,,,0,,08/18/2009 12:00:00 AM +0000,8/18/2009 6:11:00 AM,1,,Mid-Block (not related to intersection),Daylight,DELRIDGE WAY SW BETWEEN SW HOLDEN ST AND SW KENYON ST,0,1,,1,3295733,Dry,18,"MOTOR VEHICLE STRUCK PEDALCYCLIST, FRONT END AT ANGLE",09230002,9983,1,2b,Serious Injury Collision,,45,Bicycle,Matched,0,0,Clear or Partly Cloudy,0,"(47.532784252000056, -122.36043342799996)",40050,0,N,09-291152
145093,96298,96298,Block,Cycles,213,,,0,,02/22/2009 12:00:00 AM +0000,2/22/2009 12:40:00 PM,0,,Driveway Junction,Daylight,6TH AVE BETWEEN UNION ST AND PIKE ST,0,1,Y,2,3286401,Wet,18,"MOTOR VEHICLE STRUCK PEDALCYCLIST, FRONT END AT ANGLE",09053003,7882,0,1,Property Damage Only Collision,,45,Bicycle,Matched,0,1,Raining,0,"(47.610644757000046, -122.33400932199999)",25506,0,N,09-064946
145110,95884,95884,Intersection,Cycles,0,,,0,,01/29/2009 12:00:00 AM +0000,1/29/2009 6:47:00 AM,1,24387,At Intersection (intersection related),Dark - Street Lights On,15TH AVE NE AND LAKE CITY WAY NE,0,1,,2,2905343,Dry,51,PEDALCYCLIST STRUCK MOTOR VEHICLE FRONT END AT ANGLE,09029016,2059,0,2,Injury Collision,,45,Bicycle,Matched,0,1,Overcast,0,"(47.687516455000036, -122.31217262999996)",27819,0,N,09-034972
145112,95883,95883,Block,Cycles,168,,,0,Y,01/28/2009 12:00:00 AM +0000,1/28/2009 4:25:00 PM,1,,Driveway Junction,Daylight,NW 85TH ST BETWEEN 14TH AVE NW AND MARY AVE NW,0,1,,2,2905711,Dry,18,"MOTOR VEHICLE STRUCK PEDALCYCLIST, FRONT END AT ANGLE",09028003,18968,1,2b,Serious Injury Collision,,45,Bicycle,Matched,0,1,Clear or Partly Cloudy,0,"(47.69061785100007, -122.374782719)",0,0,N,2009-034304
145156,223157,223437,Block,Cycles,127, ,,0,,07/10/2016 12:00:00 AM +0000,7/10/2016 6:04:00 PM,0,,Mid-Block (but intersection related),Daylight,DENNY WAY BETWEEN DEXTER AVE AND 8TH AVE,0,1,,3,3585038,Dry,54,PEDALCYCLIST STRUCK MOTOR VEHICLE REAR END,,10011,0,1,Property Damage Only Collision,,45,Bicycle,Matched,N,1,Clear or Partly Cloudy,0,"(47.618548427000064, -122.34188908899995)",0,0,N,2016-247146
145180,223945,224225,Intersection,Cycles,0, ,,0,Y,07/15/2016 12:00:00 AM +0000,7/15/2016 4:11:00 PM,1,28437,At Intersection (intersection related),Daylight,BOYER AVE E AND E LYNN ST,0,1,,2,E565195,Dry,18,"MOTOR VEHICLE STRUCK PEDALCYCLIST, FRONT END AT ANGLE",,2245,0,2,Injury Collision,,45,Bicycle,Matched,N,1,Clear or Partly Cloudy,0,"(47.63956180000008, -122.31077139499996)",0,0,N,2016-253836
145210,223761,224041,Intersection,Cycles,0,NEI,"Not Enough Information, or Insufficient Location Information",0,Y,07/15/2016 12:00:00 AM +0000,7/15/2016 11:20:00 AM,1,36974,At Intersection (intersection related),Daylight,24TH AVE NW AND NW 85TH ST,1,1,,1,E563997,Ice,00,NOT ENOUGH INFORMATION / NOT APPLICABLE,,3609,0,2,Injury Collision,,45,Bicycle,Matched,N,0,Clear or Partly Cloudy,0,"(47.690575454000054, -122.38759810599998)",0,0,N,16-253483
145244,222016,222296,Block,Cycles,153, ,,0,,06/16/2016 12:00:00 AM +0000,6/16/2016 12:45:00 PM,1,,Mid-Block (not related to intersection),Daylight,5TH AVE BETWEEN MADISON ST AND SPRING ST,1,1,,2,3739182,Dry,24,MOTOR VEHCILE STRUCK PEDESTRIAN,,7230,0,2,Injury Collision,,45,Bicycle,Matched,N,0,Clear or Partly Cloudy,0,"(47.60690836600003, -122.33212363599995)",0,0,N,2016-214106
145275,223168,223448,Block,Cycles,213, ,,0,,07/11/2016 12:00:00 AM +0000,7/11/2016 7:15:00 PM,1,,Mid-Block (not related to intersection),Daylight,12TH AVE BETWEEN E OLIVE ST AND E HOWELL ST,0,1,,2,3704817,Dry,18,"MOTOR VEHICLE STRUCK PEDALCYCLIST, FRONT END AT ANGLE",,1548,1,2b,Serious Injury Collision,,45,Bicycle,Matched,N,1,Clear or Partly Cloudy,0,"(47.617015027000036, -122.31688206299998)",10849,0,N,2016-248508
145290,222642,222922,Block,Cycles,152, ,,0,,05/13/2016 12:00:00 AM +0000,5/13/2016 6:50:00 AM,1,,Mid-Block (not related to intersection),Daylight,14TH AVE E BETWEEN E THOMAS W ST AND E HARRISON ST,0,1,,2,3332598,Dry,18,"MOTOR VEHICLE STRUCK PEDALCYCLIST, FRONT END AT ANGLE",,1858,0,2,Injury Collision,,45,Bicycle,Matched,N,1,Clear or Partly Cloudy,0,"(47.62153597300005, -122.31467915099995)",0,0,N,2016-168449
145291,222640,222920,Intersection,Cycles,0, ,,0,,05/11/2016 12:00:00 AM +0000,5/11/2016 1:05:00 PM,1,24669,At Intersection (intersection related),Daylight,25TH AVE NE AND NE 70TH ST,0,1,,2,3206249,Dry,18,"MOTOR VEHICLE STRUCK PEDALCYCLIST, FRONT END AT ANGLE",,3730,0,2,Injury Collision,,45,Bicycle,Matched,N,1,Clear or Partly Cloudy,0,"(47.679409030000045, -122.30066381099999)",0,0,N,16-164214
145298,223163,223443,Intersection,Cycles,0, ,,0,,07/11/2016 12:00:00 AM +0000,7/11/2016 5:16:00 PM,2,29600,At Intersection (intersection related),Daylight,2ND AVE AND UNION ST,1,1,Y,2,3704816,Dry,64,PEDALCYCLIST STRUCK PEDESTRIAN,,2757,0,2,Injury Collision,,45,Bicycle,Matched,N,0,Clear or Partly Cloudy,0,"(47.60829216500008, -122.33799535899999)",42172,0,N,2016-248413
145316,224182,224462,Block,Cycles,266, ,,0,,07/20/2016 12:00:00 AM +0000,7/20/2016 4:35:00 PM,0,,Mid-Block (not related to intersection),Daylight,AIRPORT WAY S BETWEEN S INDUSTRIAL EB WAY AND S OREGON ST,0,1,,2,3735044,Dry,22,"MOTOR VEHICLE STRUCK PEDALCYCLIST, RIGHT SIDE SIDESWIPE",,8684,0,1,Property Damage Only Collision,,45,Bicycle,Matched,N,1,Clear or Partly Cloudy,0,"(47.563791965000064, -122.32286846799997)",0,0,N,2016-259792
145336,221196,221476,Block,Cycles,362.5, ,,0,,06/03/2016 12:00:00 AM +0000,6/3/2016 6:24:00 AM,1,,Mid-Block (not related to intersection),Dawn,EASTLAKE AVE E BETWEEN E HAMLIN ST AND E SHELBY ST,0,1,,2,3785027,Dry,14,"MOTOR VEHICLE STRUCK MOTOR VEHICLE, REAR END",,10181,0,2,Injury Collision,,45,Bicycle,Matched,N,1,Clear or Partly Cloudy,0,"(47.646503048000056, -122.32519936799997)",0,0,N,16-195486
145337,221195,221475,Block,Cycles,160, ,,0,Y,06/03/2016 12:00:00 AM +0000,6/3/2016 7:28:00 AM,1,,Mid-Block (not related to intersection),Daylight,DEXTER AVE N BETWEEN WARD ST AND PROSPECT ST,0,1,,2,3785011,Dry,11,"MOTOR VEHICLE STRUCK MOTOR VEHICLE, FRONT END AT ANGLE",,10080,0,2,Injury Collision,,45,Bicycle,Matched,N,1,Clear or Partly Cloudy,0,"(47.628445717000034, -122.34231499099997)",0,0,N,2016-195556
145351,221438,221718,Intersection,Cycles,0, ,,0,,06/10/2016 12:00:00 AM +0000,6/10/2016 11:18:00 PM,1,29865,At Intersection (intersection related),Dark - Street Lights On,BOREN AVE AND OLIVE WAY,0,1,,3,3740089,Dry,18,"MOTOR VEHICLE STRUCK PEDALCYCLIST, FRONT END AT ANGLE",,9321,0,2,Injury Collision,,45,Bicycle,Matched,N,1,Clear or Partly Cloudy,0,"(47.615449718000036, -122.33072969599999)",0,0,N,2016-206907
145354,221435,221715,Intersection,Cycles,0, ,,0,Y,06/12/2016 12:00:00 AM +0000,6/12/2016 11:26:00 AM,1,26186,At Intersection (intersection related),Daylight,38TH AVE NE AND NE 62ND ST,0,1,,2,3737600,Dry,51,PEDALCYCLIST STRUCK MOTOR VEHICLE FRONT END AT ANGLE,,5863,0,2,Injury Collision,,45,Bicycle,Matched,N,1,Clear or Partly Cloudy,0,"(47.673973853000064, -122.28691723399999)",0,0,N,2016-208668
145433,221702,221982,Intersection,Cycles,0, ,,0,,06/08/2016 12:00:00 AM +0000,6/8/2016 7:22:00 AM,1,29593,At Intersection (intersection related),Daylight,1ST AVE AND PIKE ST,0,1,,1,E552808,Dry,18,"MOTOR VEHICLE STRUCK PEDALCYCLIST, FRONT END AT ANGLE",,1009,0,2,Injury Collision,,45,Bicycle,Matched,N,1,Clear or Partly Cloudy,0,"(47.60882096000006, -122.34001342699997)",0,0,N,2016-202872
145455,221710,221990,Block,Cycles,215, ,,0,,06/10/2016 12:00:00 AM +0000,6/10/2016 10:45:00 AM,1,,Mid-Block (not related to intersection),Daylight,PHINNEY AVE N BETWEEN N 44TH ST AND N 45TH ST,0,1,,2,E552814,Dry,18,"MOTOR VEHICLE STRUCK PEDALCYCLIST, FRONT END AT ANGLE",,12139,0,2,Injury Collision,,45,Bicycle,Matched,N,1,Clear or Partly Cloudy,0,"(47.66081010800008, -122.35437610399998)",0,0,N,2016-205920
145557,95494,95494,Intersection,Cycles,0,,,0,Y,07/30/2009 12:00:00 AM +0000,7/30/2009 7:14:00 PM,1,32143,At Intersection (intersection related),Daylight,SW AVALON WAY AND SW GENESEE ST,0,1,,3,2796602,Dry,51,PEDALCYCLIST STRUCK MOTOR VEHICLE FRONT END AT ANGLE,09211005,21820,0,2,Injury Collision,,45,Bicycle,Matched,0,1,Clear or Partly Cloudy,0,"(47.56466115600006, -122.37256226099998)",3521,0,N,09-267152
145590,94939,94939,Block,Cycles,160,,,0,,08/13/2009 12:00:00 AM +0000,8/13/2009 7:30:00 AM,1,,Mid-Block (but intersection related),Daylight,DEXTER AVE N BETWEEN WARD ST AND PROSPECT ST,0,1,Y,2,2608024,Dry,23,"MOTOR VEHICLE STRUCK PEDALCYCLIST, LEFT SIDE SIDESWIPE",09225012,10080,0,2,Injury Collision,,45,Bicycle,Matched,0,1,Overcast,0,"(47.628445717000034, -122.34231499099997)",12740,0,N,09-284832
145604,221441,221721,Intersection,Cycles,0, ,,0,,06/09/2016 12:00:00 AM +0000,6/9/2016 8:41:00 AM,1,25708,At Intersection (intersection related),Daylight,NE RAVENNA BV OFF RP AND NE RAVENNA EB BV,0,1,,2,3769802,Dry,18,"MOTOR VEHICLE STRUCK PEDALCYCLIST, FRONT END AT ANGLE",,8318,0,2,Injury Collision,,45,Bicycle,Matched,N,1,Clear or Partly Cloudy,0,"(47.673363822000056, -122.32005906399996)",0,0,N,2016-204368
145639,221021,221301,Block,Cycles,168, ,,0,,05/21/2016 12:00:00 AM +0000,5/21/2016 7:16:00 PM,1,,Mid-Block (but intersection related),Daylight,N NORTHGATE WAY BETWEEN AURORA AVE N AND MIDVALE AVE N,0,1,,3,E549696,Wet,51,PEDALCYCLIST STRUCK MOTOR VEHICLE FRONT END AT ANGLE,,16111,0,2,Injury Collision,,45,Bicycle,Matched,N,2,Raining,0,"(47.70505030700008, -122.34401368799996)",0,0,N,2016-178384
145642,221717,221997,Intersection,Cycles,0, ,,0,,06/07/2016 12:00:00 AM +0000,6/7/2016 3:13:00 PM,1,29739,At Intersection (intersection related),Daylight,11TH AVE AND E PINE ST,0,1,,1,E552902,Dry,18,"MOTOR VEHICLE STRUCK PEDALCYCLIST, FRONT END AT ANGLE",,1383,0,2,Injury Collision,,45,Bicycle,Matched,N,1,Clear or Partly Cloudy,0,"(47.615254391000065, -122.318159434)",0,0,N,2016-202035
145650,221461,221741,Intersection,Cycles,0, ,,0,,06/03/2016 12:00:00 AM +0000,6/3/2016 1:30:00 PM,1,30575,At Intersection (intersection related),Daylight,31ST AVE AND E YESLER WAY,0,1,,2,3785014,Dry,18,"MOTOR VEHICLE STRUCK PEDALCYCLIST, FRONT END AT ANGLE",,4766,0,2,Injury Collision,,45,Bicycle,Matched,N,1,Clear or Partly Cloudy,0,"(47.601647584000034, -122.29251724799997)",0,0,N,16-200228
145655,221214,221494,Intersection,Cycles,0, ,,0,Y,06/03/2016 12:00:00 AM +0000,6/3/2016 5:45:00 PM,1,30781,At Intersection (intersection related),Daylight,RAINIER AVE S AND S DEARBORN ST,0,1,,2,3704585,Dry,51,PEDALCYCLIST STRUCK MOTOR VEHICLE FRONT END AT ANGLE,,12345,0,2,Injury Collision,,45,Bicycle,Matched,N,1,Clear or Partly Cloudy,0,"(47.595873881000045, -122.31152960299994)",0,0,N,2016-196365
145684,222662,222942,Intersection,Cycles,0, ,,0,,06/28/2016 12:00:00 AM +0000,6/28/2016 5:45:00 PM,1,26886,At Intersection (intersection related),Daylight,STONE WAY N AND N 36TH ST,0,1,,2,3572834,Dry,51,PEDALCYCLIST STRUCK MOTOR VEHICLE FRONT END AT ANGLE,,12957,0,2,Injury Collision,,45,Bicycle,Matched,N,1,Clear or Partly Cloudy,0,"(47.650533523000036, -122.34267836099997)",0,0,N,2016-230249
145752,94950,94950,Block,Cycles,130.5,,,0,,08/03/2009 12:00:00 AM +0000,8/3/2009,1,,Driveway Junction,Daylight,NE 45TH ST BETWEEN ROOSEVELT WAY NE AND 11TH AVE NE,0,1,,1,3286938,Dry,68,PEDALCYCLIST RAN OFF ROAD - HIT FIXED OBJECT,09215026,16848,0,2,Injury Collision,,45,Bicycle,Matched,0,0,Clear or Partly Cloudy,0,"(47.661295342000074, -122.31711056999995)",7005,0,N,2009-271988
145758,94817,94817,Block,Cycles,212.5,,,0,,06/12/2009 12:00:00 AM +0000,6/12/2009 3:10:00 PM,1,,Mid-Block (not related to intersection),Daylight,7TH AVE BETWEEN UNION ST AND PIKE ST,0,1,Y,2,2612770,Dry,18,"MOTOR VEHICLE STRUCK PEDALCYCLIST, FRONT END AT ANGLE",09163006,8157,0,2,Injury Collision,,45,Bicycle,Matched,0,1,Clear or Partly Cloudy,0,"(47.61110909000007, -122.33289919099997)",37095,0,N,2009-203047
145762,96035,96035,Intersection,Cycles,0, ,,0,,07/17/2009 12:00:00 AM +0000,7/17/2009 2:49:00 PM,0,28680,At Intersection (intersection related),Daylight,ELLIOTT AVE W AND W GALER ST,0,1,Y,2,3200732,Dry,18,"MOTOR VEHICLE STRUCK PEDALCYCLIST, FRONT END AT ANGLE",09198007,23354,0,1,Property Damage Only Collision,,45,Bicycle,Matched,0,1,Clear or Partly Cloudy,0,"(47.63225240000003, -122.37565219899994)",0,630874,N,09-249158
145798,96310,96310,Intersection,Cycles,0,,,0,,09/16/2009 12:00:00 AM +0000,9/16/2009 6:40:00 PM,1,25459,At Intersection (intersection related),Dusk,14TH AVE NW AND NW 46TH ST,0,1,,2,3327906,Wet,18,"MOTOR VEHICLE STRUCK PEDALCYCLIST, FRONT END AT ANGLE",09259015,1886,0,2,Injury Collision,,45,Bicycle,Matched,0,1,Overcast,0,"(47.66220234300005, -122.37359543199995)",26604,0,N,2009-328466
145810,95894,95894,Block,Cycles,160.5,,,0,,08/27/2009 12:00:00 AM +0000,8/27/2009 4:05:00 PM,1,,Driveway Junction,Daylight,DENNY WAY BETWEEN QUEEN ANNE AVE N AND 1ST AVE,0,1,,2,3327011,Dry,18,"MOTOR VEHICLE STRUCK PEDALCYCLIST, FRONT END AT ANGLE",09239031,9997,0,2,Injury Collision,,45,Bicycle,Matched,0,1,Clear or Partly Cloudy,0,"(47.61860457300003, -122.35610674199995)",20122,0,N,09-303134
145877,96719,96719,Intersection,Cycles,0,,,0,,02/07/2009 12:00:00 AM +0000,2/7/2009,0,35572,At Intersection (intersection related),Daylight,LAKE WASHINGTON BLVD S AND S ADAMS ST,0,1,,2,2894475,Dry,51,PEDALCYCLIST STRUCK MOTOR VEHICLE FRONT END AT ANGLE,09038018,11239,0,1,Property Damage Only Collision,,45,Bicycle,Matched,0,1,Overcast,0,"(47.56530318400007, -122.26795577699994)",38132,0,N,09-046571
145891,221219,221499,Intersection,Cycles,0, ,,0,,06/05/2016 12:00:00 AM +0000,6/5/2016 1:10:00 AM,1,29165,At Intersection (intersection related),Dark - Street Lights On,MELROSE AVE AND E DENNY WAY,0,1,,4,3704592,Dry,11,"MOTOR VEHICLE STRUCK MOTOR VEHICLE, FRONT END AT ANGLE",,11758,0,2,Injury Collision,,45,Bicycle,Matched,N,1,Clear or Partly Cloudy,0,"(47.61849674100006, -122.32785352399998)",0,0,N,16-198290
145903,222302,222582,Block,Cycles,65.5,NEI,"Not Enough Information, or Insufficient Location Information",0,,06/08/2016 12:00:00 AM +0000,6/8/2016 9:06:00 AM,1,,,Daylight,N 85TH ST BETWEEN STONE W AVE N AND STONE E AVE N,0,1,,2,E552051,Dry,00,NOT ENOUGH INFORMATION / NOT APPLICABLE,,15959,0,2,Injury Collision,,45,Bicycle,Matched,N,1,Clear or Partly Cloudy,0,"(47.69054007500006, -122.34156393399996)",0,0,N,2016-202979
145942,199168,199308,Intersection,Cycles,0, ,,0,,08/01/2015 12:00:00 AM +0000,8/1/2015 7:26:00 AM,1,27816,At Intersection (intersection related),Daylight,W MCGRAW PL AND W MCGRAW E ST,0,1,,1,E447909,Dry,18,"MOTOR VEHICLE STRUCK PEDALCYCLIST, FRONT END AT ANGLE",,2916,0,2,Injury Collision,,45,Bicycle,Matched,N,1,Clear or Partly Cloudy,0,"(47.639596907000055, -122.35958981199997)",0,0,N,2015-264608
145945,199164,199304,Block,Cycles,189.5, ,,0,,08/01/2015 12:00:00 AM +0000,8/1/2015 3:14:00 PM,1,,Mid-Block (not related to intersection),Daylight,40TH AVE NE BETWEEN NE 52ND PL AND NE 55TH ST,0,1,,2,3733601,Dry,18,"MOTOR VEHICLE STRUCK PEDALCYCLIST, FRONT END AT ANGLE",,6313,0,2,Injury Collision,,45,Bicycle,Matched,N,1,Clear or Partly Cloudy,0,"(47.66798867600005, -122.28481801699996)",0,0,N,15-265024
145957,202452,202592,Block,Cycles,330, ,,0,,09/16/2015 12:00:00 AM +0000,9/16/2015 1:42:00 PM,1,,Driveway Junction,Daylight,NE NORTHGATE WAY BETWEEN 3RD AVE NE AND 5TH AVE NE,0,1,,2,3573642,Dry,18,"MOTOR VEHICLE STRUCK PEDALCYCLIST, FRONT END AT ANGLE",,18012,0,2,Injury Collision,,45,Bicycle,Matched,N,1,Clear or Partly Cloudy,0,"(47.70860281500006, -122.32461717999996)",0,0,N,2015-325129
145988,200270,200410,Intersection,Cycles,0, ,,0,,08/14/2015 12:00:00 AM +0000,8/14/2015 6:00:00 PM,1,29865,At Intersection (intersection related),Daylight,BOREN AVE AND OLIVE WAY,0,1,Y,2,3726039,Dry,18,"MOTOR VEHICLE STRUCK PEDALCYCLIST, FRONT END AT ANGLE",,9321,0,2,Injury Collision,,45,Bicycle,Matched,N,1,Clear or Partly Cloudy,0,"(47.615449718000036, -122.33072969599999)",0,0,N,2015-286188
145995,200264,200404,Block,Cycles,213, ,,0,Y,08/18/2015 12:00:00 AM +0000,8/18/2015 5:50:00 PM,1,,Mid-Block (not related to intersection),Daylight,12TH AVE BETWEEN E PINE ST AND E OLIVE ST,0,1,,2,3707384,Dry,51,PEDALCYCLIST STRUCK MOTOR VEHICLE FRONT END AT ANGLE,,1547,0,2,Injury Collision,,45,Bicycle,Matched,N,1,Clear or Partly Cloudy,0,"(47.61584669400003, -122.31686348699998)",0,0,N,2015-288084
146010,199726,199866,Intersection,Cycles,0, ,,0,,06/26/2015 12:00:00 AM +0000,6/26/2015 11:27:00 PM,1,29761,At Intersection (intersection related),Dark - Street Lights On,12TH AVE AND E MADISON ST,0,1,,1,E439685,Dry,18,"MOTOR VEHICLE STRUCK PEDALCYCLIST, FRONT END AT ANGLE",,1536,0,2,Injury Collision,,45,Bicycle,Matched,N,1,Clear or Partly Cloudy,0,"(47.61288923600006, -122.31673339099996)",29761,0,N,2015-216765
146014,200520,200660,Intersection,Cycles,0, ,,0,,08/20/2015 12:00:00 AM +0000,8/20/2015 6:30:00 PM,1,28048,At Intersection (intersection related),Daylight,2ND AVE N AND FLORENTIA ST,0,1,,0,E453876,Dry,18,"MOTOR VEHICLE STRUCK PEDALCYCLIST, FRONT END AT ANGLE",,10459,0,2,Injury Collision,,45,Bicycle,Matched,N,1,Clear or Partly Cloudy,0,"(47.646886522000045, -122.35342724799995)",0,0,N,2015-290862
146078,199728,199868,Intersection,Cycles,0, ,,0,,06/24/2015 12:00:00 AM +0000,6/24/2015 8:48:00 PM,1,28242,At Intersection (intersection related),Daylight,10TH AVE E AND E BOSTON ST,0,1,,0,E439686,Dry,11,"MOTOR VEHICLE STRUCK MOTOR VEHICLE, FRONT END AT ANGLE",,1299,0,2,Injury Collision,,45,Bicycle,Matched,N,1,Clear or Partly Cloudy,0,"(47.63840322500005, -122.32007129499999)",0,0,N,2015-213802
146110,95638,95638,Block,Cycles,395,,,0,,08/21/2009 12:00:00 AM +0000,8/21/2009 1:37:00 PM,1,,Mid-Block (not related to intersection),Daylight,LAKESIDE AVE S BETWEEN E YESLER WAY AND S LESCHI PL,0,1,Y,2,3207402,Dry,56,PEDALCYCLIST STRUCK MOTOR VEHICLE LEFT SIDE SIDESWIPE,09233005,11258,0,2,Injury Collision,,45,Bicycle,Matched,0,1,Clear or Partly Cloudy,0,"(47.60062927900003, -122.28571336199997)",35089,0,N,09-296 721
146152,94823,94823,Intersection,Cycles,0,,,0,,11/26/2009 12:00:00 AM +0000,11/26/2009 12:05:00 AM,1,29656,At Intersection (intersection related),Dark - Street Lights On,4TH AVE AND DENNY WAY,0,1,,2,3328430,Wet,18,"MOTOR VEHICLE STRUCK PEDALCYCLIST, FRONT END AT ANGLE",09330006,6146,0,2,Injury Collision,,45,Bicycle,Matched,1,1,Raining,0,"(47.61857626600005, -122.34892520399995)",23321,0,N,2009-410920
146162,94686,94686,Block,Cycles,87.5,,,0,,09/18/2009 12:00:00 AM +0000,9/18/2009 2:16:00 AM,0,,Mid-Block (but intersection related),Dark - Street Lights On,S JACKSON ST BETWEEN 2ND AV ET S AND 4TH AVE S,0,1,,2,3285993,Dry,51,PEDALCYCLIST STRUCK MOTOR VEHICLE FRONT END AT ANGLE,09261024,20486,0,1,Property Damage Only Collision,,45,Bicycle,Matched,0,1,Clear or Partly Cloudy,0,"(47.59919741400006, -122.32932504799999)",4866,0,N,09-330230
146197,95092,95092,Intersection,Cycles,0,,,0,Y,06/06/2009 12:00:00 AM +0000,6/6/2009,1,27021,At Intersection (intersection related),Dusk,BRIDGE WAY N AND N 38TH ST,0,1,,2,3198351,Dry,18,"MOTOR VEHICLE STRUCK PEDALCYCLIST, FRONT END AT ANGLE",09157004,9404,0,2,Injury Collision,,45,Bicycle,Matched,0,1,Overcast,0,"(47.65274500100003, -122.34596370599996)",0,0,N,09-195688
146202,94961,94961,Block,Cycles,221,,,0,Y,12/17/2009 12:00:00 AM +0000,12/17/2009 8:15:00 PM,1,,Mid-Block (but intersection related),Dark - Street Lights On,9TH AVE BETWEEN LENORA ST AND BLANCHARD ST,0,1,,1,3200461,Dry,66,PEDALCYCLIST STRUCK OBJECT IN ROAD,09351019,8526,0,2,Injury Collision,,45,Bicycle,Matched,0,0,Clear or Partly Cloudy,0,"(47.61754255000005, -122.33772061899998)",36884,0,N,2009-433762
146228,95780,95780,Block,Cycles,433,,,0,,04/04/2009 12:00:00 AM +0000,4/4/2009,1,,Driveway Junction,Daylight,DAYTON AVE N BETWEEN N 36TH ST AND N 39TH E ST,0,1,Y,2,3280413,Dry,18,"MOTOR VEHICLE STRUCK PEDALCYCLIST, FRONT END AT ANGLE",09094005,9890,0,2,Injury Collision,,45,Bicycle,Matched,0,1,Clear or Partly Cloudy,0,"(47.652952216000074, -122.35235313599998)",0,0,N,09-113299
146282,199986,200126,Block,Cycles,98, ,,0,,08/13/2015 12:00:00 AM +0000,8/13/2015 2:12:00 PM,1,,Mid-Block (not related to intersection),Daylight,58TH AVE SW BETWEEN SW SPOKANE W ST AND HILLCREST AVE SW,0,1,,2,3731651,Dry,11,"MOTOR VEHICLE STRUCK MOTOR VEHICLE, FRONT END AT ANGLE",,7834,0,2,Injury Collision,,45,Bicycle,Matched,Y,1,Clear or Partly Cloudy,0,"(47.57198541300005, -122.40736220199994)",0,0,N,2015-281180
146306,201852,201992,Intersection,Cycles,0, ,,0,,07/22/2015 12:00:00 AM +0000,7/22/2015 10:04:00 AM,1,31341,At Intersection (intersection related),Daylight,4TH AVE S AND S MASSACHUSETTS ST,0,1,,1,E446888,Dry,14,"MOTOR VEHICLE STRUCK MOTOR VEHICLE, REAR END",,6236,0,2,Injury Collision,,45,Bicycle,Matched,N,1,Clear or Partly Cloudy,0,"(47.58822700700006, -122.32905138799998)",0,0,N,2015-251214
146382,96325,96325,Block,Cycles,137,,,0,,11/03/2009 12:00:00 AM +0000,11/3/2009,1,,Mid-Block (not related to intersection),Daylight,NE 70TH ST BETWEEN 19TH AVE NE AND 20TH AVE NE,0,1,Y,2,3332919,Dry,51,PEDALCYCLIST STRUCK MOTOR VEHICLE FRONT END AT ANGLE,09307008,17391,0,2,Injury Collision,,45,Bicycle,Matched,0,1,Clear or Partly Cloudy,0,"(47.67943775600003, -122.30716286199998)",0,0,N,2009-385858
146418,202257,202397,Block,Cycles,211.5, ,,0,,08/12/2015 12:00:00 AM +0000,8/12/2015 8:31:00 AM,1,,Mid-Block (not related to intersection),Daylight,BROADWAY BETWEEN E PIKE ST AND E PINE ST,0,1,,1,E451819,Dry,69,PEDALCYCLIST OVERTURNED IN ROAD,,9447,1,2b,Serious Injury Collision,Y,45,Bicycle,Matched,N,0,Clear or Partly Cloudy,0,"(47.61465412100006, -122.32078948899999)",0,0,N,15-279361
146420,202254,202394,Block,Cycles,319, ,,0,,08/13/2015 12:00:00 AM +0000,8/13/2015 7:56:00 AM,1,,Mid-Block (not related to intersection),Daylight,S SPOKANE NR ST BETWEEN COLORADO AVE S AND 1ST AVE S,0,1,,1,E451552,Dry,18,"MOTOR VEHICLE STRUCK PEDALCYCLIST, FRONT END AT ANGLE",,21312,0,2,Injury Collision,,45,Bicycle,Matched,N,1,Clear or Partly Cloudy,0,"(47.57171617400007, -122.33549150599998)",0,0,N,2015-280708