OBJECTID,INCKEY,COLDETKEY,ADDRTYPE,COLLISIONTYPE,DISTANCE,EXCEPTRSNCODE,EXCEPTRSNDESC,FATALITIES,INATTENTIONIND,INCDATE,INCDTTM,INJURIES,INTKEY,JUNCTIONTYPE,LIGHTCOND,LOCATION,PEDCOUNT,PEDCYLCOUNT,PEDROWNOTGRNT,PERSONCOUNT,REPORTNO,ROADCOND,SDOT_COLCODE,SDOT_COLDESC,SDOTCOLNUM,SEGKEY,SERIOUSINJURIES,SEVERITYCODE,SEVERITYDESC,SPEEDING,ST_COLCODE,ST_COLDESC,STATUS,UNDERINFL,VEHCOUNT,WEATHER,WIDTH,Shape,SEGLANEKEY,CROSSWALKKEY,HITPARKEDCAR,SPDCASENO
146423,199391,199531,Intersection,Cycles,0, ,,0,,07/01/2015 12:00:00 AM +0000,7/1/2015 11:31:00 AM,1,24966,At Intersection (intersection related),Daylight,40TH AVE NE AND NE 68TH ST,0,1,,2,3642117,Dry,51,PEDALCYCLIST STRUCK MOTOR VEHICLE FRONT END AT ANGLE,,6321,0,2,Injury Collision,,45,Bicycle,Matched,N,1,Clear or Partly Cloudy,0,"(47.67760055700006, -122.28495680399999)",0,0,N,2015-222735
146455,202467,202607,Block,Cycles,158,NEI,"Not Enough Information, or Insufficient Location Information",0,,09/11/2015 12:00:00 AM +0000,9/11/2015 10:45:00 AM,0,,Mid-Block (not related to intersection),Unknown,THOMAS ST BETWEEN PONTIUS AVE N AND YALE AVE N,0,1,,2,3734623,Unknown,00,NOT ENOUGH INFORMATION / NOT APPLICABLE,,13145,0,1,Property Damage Only Collision,,45,Bicycle,Matched,N,1,Unknown,0,"(47.62081868800004, -122.33106562599994)",0,0,N,15-318703
146492,201388,201528,Intersection,Cycles,0, ,,0,,08/28/2015 12:00:00 AM +0000,8/28/2015 7:55:00 AM,1,28633,At Intersection (intersection related),,1ST AVE W AND W MERCER ST,1,1,,2,3736381,,24,MOTOR VEHCILE STRUCK PEDESTRIAN,,1243,0,2,Injury Collision,,45,Bicycle,Matched,N,0,,0,"(47.62458759100008, -122.35801570999996)",0,0,N,15-300577
146577,200014,200154,Block,Cycles,89.5, ,,0,,07/10/2015 12:00:00 AM +0000,7/10/2015 5:45:00 PM,1,,Mid-Block (not related to intersection),Daylight,N 36TH ST BETWEEN ALBION PL N AND WOODLAND PARK AVE N,1,1,,1,E443372,Dry,54,PEDALCYCLIST STRUCK MOTOR VEHICLE REAR END,,15328,0,2,Injury Collision,,45,Bicycle,Matched,N,1,Overcast,0,"(47.65055586100004, -122.34438614899994)",0,0,Y,236306
146582,200012,200152,Intersection,Cycles,0, ,,0,,07/10/2015 12:00:00 AM +0000,7/10/2015 12:00:00 PM,1,24878,At Intersection (intersection related),Daylight,54TH AVE NE AND NE 65TH ST,0,1,,0,E443236,Dry,18,"MOTOR VEHICLE STRUCK PEDALCYCLIST, FRONT END AT ANGLE",,7658,0,2,Injury Collision,,45,Bicycle,Matched,N,1,Overcast,0,"(47.67575234700007, -122.26956486099999)",24878,0,N,2015-235881
146621,94835,94835,Block,Cycles,330,,,0,,07/15/2009 12:00:00 AM +0000,7/15/2009 5:20:00 PM,1,,Mid-Block (but intersection related),Daylight,CALIFORNIA AVE SW BETWEEN SW RAYMOND ST AND SW GRAHAM ST,0,1,Y,3,2796581,Dry,56,PEDALCYCLIST STRUCK MOTOR VEHICLE LEFT SIDE SIDESWIPE,09196002,9562,0,2,Injury Collision,,45,Bicycle,Matched,0,2,Clear or Partly Cloudy,0,"(47.54758854100004, -122.38716952899995)",2736,0,N,2009-246637
146659,97033,97033,Intersection,Cycles,0,,,0,Y,03/20/2009 12:00:00 AM +0000,3/20/2009 5:00:00 PM,1,25175,At Intersection (intersection related),Daylight,BALLARD AVE NW AND NW IONE PL,0,1,Y,2,3210658,Wet,18,"MOTOR VEHICLE STRUCK PEDALCYCLIST, FRONT END AT ANGLE",09079008,9043,0,2,Injury Collision,,45,Bicycle,Matched,0,1,Overcast,0,"(47.66510486400006, -122.38166227899995)",26309,0,N,09-96736
146664,98390,98390,Block,Cycles,76.5,,,0,,04/09/2009 12:00:00 AM +0000,4/9/2009,1,,Mid-Block (not related to intersection),Daylight,E MADISON ST BETWEEN 14TH AVE AND E PIKE ST,0,1,,2,2882773,Wet,54,PEDALCYCLIST STRUCK MOTOR VEHICLE REAR END,09099005,14344,0,2,Injury Collision,,45,Bicycle,Matched,0,1,Overcast,0,"(47.61400407600007, -122.31395843599995)",22967,0,N,2009-119454
146689,98110,98110,Intersection,Cycles,0, ,,0,,04/16/2009 12:00:00 AM +0000,4/16/2009 8:30:00 AM,2,28016,At Intersection (intersection related),Daylight,DEXTER AVE N AND DEXTER WAY N,1,1,Y,2,3208530,Dry,24,MOTOR VEHCILE STRUCK PEDESTRIAN,09106001,9870,0,2,Injury Collision,,45,Bicycle,Matched,0,0,Clear or Partly Cloudy,0,"(47.63762011600005, -122.34335745499999)",41831,522528,N,09-127867
146750,97703,97703,Intersection,Cycles,0,,,0,,10/21/2009 12:00:00 AM +0000,10/21/2009 3:57:00 PM,1,29966,At Intersection (intersection related),Daylight,4TH AVE AND COLUMBIA ST,0,1,,2,2906810,Dry,51,PEDALCYCLIST STRUCK MOTOR VEHICLE FRONT END AT ANGLE,09294005,6124,0,2,Injury Collision,,45,Bicycle,Matched,0,1,Overcast,0,"(47.60466155800003, -122.33160430899994)",12619,0,N,09-371115
146757,97979,97979,Intersection,Cycles,0,,,0,,06/03/2009 12:00:00 AM +0000,6/3/2009,1,24499,At Intersection (intersection related),Daylight,ROOSEVELT WAY NE AND NE 66TH ST,0,1,,4,3205956,Dry,56,PEDALCYCLIST STRUCK MOTOR VEHICLE LEFT SIDE SIDESWIPE,09154002,12616,1,2b,Serious Injury Collision,,45,Bicycle,Matched,0,1,Clear or Partly Cloudy,0,"(47.67655440100003, -122.31737321599996)",9392,0,N,09-191321
146782,199576,199716,Intersection,Cycles,0, ,,0,,08/07/2015 12:00:00 AM +0000,8/7/2015 12:50:00 PM,1,29900,At Intersection (intersection related),Daylight,SENECA ST AND SUMMIT AVE,0,1,,2,3287495,Dry,18,"MOTOR VEHICLE STRUCK PEDALCYCLIST, FRONT END AT ANGLE",,12783,0,2,Injury Collision,,45,Bicycle,Matched,N,1,Clear or Partly Cloudy,0,"(47.61169433900005, -122.32422347199997)",0,0,N,2015-277192
146844,199022,199162,Intersection,Cycles,0, ,,0,,07/30/2015 12:00:00 AM +0000,7/30/2015 9:30:00 PM,0,25793,At Intersection (intersection related),Dusk,UNIVERSITY WAY NE AND NE 50TH ST,0,1,Y,2,3739060,Dry,18,"MOTOR VEHICLE STRUCK PEDALCYCLIST, FRONT END AT ANGLE",,13224,0,1,Property Damage Only Collision,,45,Bicycle,Matched,N,1,Clear or Partly Cloudy,0,"(47.66490072400006, -122.31307415999999)",0,0,N,15-263467
146886,200348,200488,Block,Cycles,213.5, ,,0,Y,08/18/2015 12:00:00 AM +0000,8/18/2015 9:37:00 AM,1,,Mid-Block (but intersection related),Daylight,6TH AVE BETWEEN PINE ST AND OLIVE WAY,0,1,,2,3732642,Dry,18,"MOTOR VEHICLE STRUCK PEDALCYCLIST, FRONT END AT ANGLE",,7884,0,2,Injury Collision,,45,Bicycle,Matched,N,1,Clear or Partly Cloudy,0,"(47.612633294000034, -122.33582748299995)",0,0,N,2015-287442
146975,98240,98240,Intersection,Cycles,0, ,,0,,09/29/2009 12:00:00 AM +0000,9/29/2009 7:25:00 AM,1,485927,At Intersection (intersection related),Daylight,37TH AVE S AND M L KING JR ER WAY S,0,1,,3,2892395,Dry,18,"MOTOR VEHICLE STRUCK PEDALCYCLIST, FRONT END AT ANGLE",09272006,11551,0,2,Injury Collision,,45,Bicycle,Matched,0,1,Overcast,0,"(47.54807903600005, -122.28644273099997)",0,545819,N,2009-344099
147045,97292,97292,Intersection,Cycles,0, ,,0,,12/16/2009 12:00:00 AM +0000,12/16/2009 10:31:00 AM,2,25949,At Intersection (intersection related),Daylight,25TH AVE NE AND NE BLAKELEY ST,0,1,,2,2896999,Wet,18,"MOTOR VEHICLE STRUCK PEDALCYCLIST, FRONT END AT ANGLE",09350022,3723,0,2,Injury Collision,,45,Bicycle,Matched,0,1,Raining,0,"(47.66626671800003, -122.30060497999995)",0,521604,N,2009-431950
147089,98366,98366,Block,Cycles,342,,,0,Y,10/22/2009 12:00:00 AM +0000,10/22/2009 7:50:00 PM,1,,Driveway Junction,Dark - Street Lights On,25TH AVE NE BETWEEN NE 49TH ST AND NE BLAKELEY ST,0,1,Y,2,3333251,Dry,18,"MOTOR VEHICLE STRUCK PEDALCYCLIST, FRONT END AT ANGLE",09295002,3722,0,2,Injury Collision,,45,Bicycle,Matched,0,1,Clear or Partly Cloudy,0,"(47.665332798000065, -122.30071134899998)",0,0,N,2009-372409
147110,98643,98643,Block,Cycles,153,,,0,,10/07/2009 12:00:00 AM +0000,10/7/2009,1,,Mid-Block (not related to intersection),Daylight,4TH AVE BETWEEN MARION ST AND MADISON ST,0,2,,4,3201008,Dry,55,PEDALCYCLIST STRUCK MOTOR VEHICLE RIGHT SIDE SIDESWIPE,09280014,6125,0,2,Injury Collision,,45,Bicycle,Matched,0,1,Clear or Partly Cloudy,0,"(47.60572989000008, -122.33258176499999)",12663,0,N,09-354417
147154,199589,199729,Block,Cycles,631.5, ,,0,,06/24/2015 12:00:00 AM +0000,6/24/2015 11:33:00 AM,1,,Mid-Block (not related to intersection),Daylight,LAKE WASHINGTON BLVD E BETWEEN ARBORETUM DR E AND E INTERLAKEN BLVD,0,1,,0,E437289,Dry,23,"MOTOR VEHICLE STRUCK PEDALCYCLIST, LEFT SIDE SIDESWIPE",,11210,0,2,Injury Collision,,45,Bicycle,Matched,N,1,Clear or Partly Cloudy,0,"(47.629166619000046, -122.29603606699999)",0,0,N,2015-213117
147171,201440,201580,Block,Cycles,367, ,,0,,08/06/2015 12:00:00 AM +0000,8/6/2015 5:58:00 PM,1,,Mid-Block (not related to intersection),Daylight,BEACON AVE S BETWEEN S STEVENS ST AND S HANFORD ST,0,1,Y,2,3726002,Dry,11,"MOTOR VEHICLE STRUCK MOTOR VEHICLE, FRONT END AT ANGLE",,9122,0,2,Injury Collision,,45,Bicycle,Matched,N,1,Clear or Partly Cloudy,0,"(47.576073543000064, -122.30951713499996)",0,0,N,15-272027
147247,96880,96880,Intersection,Cycles,0,,,0,,08/03/2009 12:00:00 AM +0000,8/3/2009,1,25405,At Intersection (intersection related),Daylight,14TH AVE NW AND NW 58TH ST,0,1,,2,3286892,Dry,18,"MOTOR VEHICLE STRUCK PEDALCYCLIST, FRONT END AT ANGLE",09215003,1898,1,2b,Serious Injury Collision,,45,Bicycle,Matched,0,1,Clear or Partly Cloudy,0,"(47.67089968200003, -122.37358196599996)",0,0,N,2009-272613
147259,97146,97146,Block,Cycles,358,,,0,,07/13/2009 12:00:00 AM +0000,7/13/2009 6:54:00 PM,1,,Mid-Block (not related to intersection),Daylight,RAINIER AVE S BETWEEN S NORFOLK ST AND S COOPER ST,0,1,,2,2894323,Dry,21,"MOTOR VEHICLE STRUCK PEDALCYCLIST, REAR END",09194001,12435,0,2,Injury Collision,Y,45,Bicycle,Matched,0,1,Clear or Partly Cloudy,0,"(47.514015837000045, -122.25144482699994)",5023,0,N,09-244044
147292,199028,199168,Intersection,Cycles,0, ,,0,,07/28/2015 12:00:00 AM +0000,7/28/2015 7:19:00 PM,1,28355,At Intersection (intersection related),Daylight,25TH AVE E AND E MCGRAW ST,0,1,,1,E446840,Dry,18,"MOTOR VEHICLE STRUCK PEDALCYCLIST, FRONT END AT ANGLE",,3714,0,2,Injury Collision,,45,Bicycle,Matched,N,1,Clear or Partly Cloudy,0,"(47.64025178000003, -122.30034445099994)",0,0,N,2015-259688
147293,199027,199167,Intersection,Cycles,0, ,,0,,08/01/2015 12:00:00 AM +0000,8/1/2015 9:28:00 PM,1,25138,At Intersection (intersection related),Dark - Street Lights On,20TH AVE NW AND NW 57TH ST,0,1,Y,2,3739084,Dry,11,"MOTOR VEHICLE STRUCK MOTOR VEHICLE, FRONT END AT ANGLE",,3020,0,2,Injury Collision,,45,Bicycle,Matched,N,1,Clear or Partly Cloudy,0,"(47.670180102000074, -122.38213355999994)",0,0,N,2015-265444
147296,202526,202666,Block,Cycles,134.5, ,,0,,09/11/2015 12:00:00 AM +0000,9/11/2015 6:25:00 PM,0,,Mid-Block (not related to intersection),Daylight,ALASKAN WAY BETWEEN YESLER WAY AND COLUMBIA ST,0,1,,0,E460968,Dry,18,"MOTOR VEHICLE STRUCK PEDALCYCLIST, FRONT END AT ANGLE",,8717,0,1,Property Damage Only Collision,,45,Bicycle,Matched,N,0,Clear or Partly Cloudy,0,"(47.602031397000076, -122.33686381999996)",0,0,N,2015-320445
147301,202522,202662,Block,Cycles,165, ,,0,,09/16/2015 12:00:00 AM +0000,9/16/2015 9:29:00 PM,1,,Mid-Block (not related to intersection),Dark - Street Lights On,AURORA AVE N BETWEEN N 96TH N ST AND N 97TH ST,0,1,,2,3695505,Dry,18,"MOTOR VEHICLE STRUCK PEDALCYCLIST, FRONT END AT ANGLE",,8976,0,2,Injury Collision,,45,Bicycle,Matched,N,1,Clear or Partly Cloudy,0,"(47.69916519900005, -122.34462415299998)",0,0,N,2015-325636
147327,201058,201198,Block,Cycles,154, ,,0,,08/26/2015 12:00:00 AM +0000,8/26/2015 7:02:00 PM,1,,Mid-Block (not related to intersection),Daylight,FREMONT AVE N BETWEEN N 34TH ST AND FREMONT PL N,0,1,,0,E456228,Dry,18,"MOTOR VEHICLE STRUCK PEDALCYCLIST, FRONT END AT ANGLE",,10485,0,2,Injury Collision,,45,Bicycle,Matched,N,1,Clear or Partly Cloudy,0,"(47.650009011000066, -122.34979103399996)",8223,0,N,2015-298651
147335,200817,200957,Block,Cycles,166.5, ,,0,Y,08/25/2015 12:00:00 AM +0000,8/25/2015 12:15:00 PM,1,,Mid-Block (not related to intersection),Daylight,RUSSELL AVE NW BETWEEN NW IONE PL AND NW CENTRAL PL,0,1,Y,2,3738883,Dry,18,"MOTOR VEHICLE STRUCK PEDALCYCLIST, FRONT END AT ANGLE",,12698,0,2,Injury Collision,,45,Bicycle,Matched,N,1,Clear or Partly Cloudy,0,"(47.66644024900006, -122.38047522499994)",0,0,N,2015-296885
147356,96064,96064,Block,Cycles,211,,,0,,07/22/2009 12:00:00 AM +0000,7/22/2009 7:37:00 PM,1,,Mid-Block (not related to intersection),Daylight,YESLER WAY BETWEEN 8TH AVE AND BROADWAY,0,1,,2,3283607,Dry,56,PEDALCYCLIST STRUCK MOTOR VEHICLE LEFT SIDE SIDESWIPE,09203007,13768,0,2,Injury Collision,,45,Bicycle,Matched,0,1,Overcast,0,"(47.601701923000064, -122.32159412299995)",9982,0,N,2009-256273
147372,95376,95376,Intersection,Cycles,0,,,0,,05/27/2009 12:00:00 AM +0000,5/27/2009 7:53:00 AM,1,30134,At Intersection (intersection related),Daylight,16TH AVE AND E PINE ST,0,1,Y,2,2899121,Dry,18,"MOTOR VEHICLE STRUCK PEDALCYCLIST, FRONT END AT ANGLE",09147002,2230,0,2,Injury Collision,,45,Bicycle,Matched,0,1,Clear or Partly Cloudy,0,"(47.61527767100006, -122.31146185199998)",23057,0,N,2009-180969
147386,95918,95918,Intersection,Cycles,0,,,0,,10/15/2009 12:00:00 AM +0000,10/15/2009 4:40:00 PM,1,26070,At Intersection (intersection related),Daylight,19TH AVE NE AND NE 47TH ST,0,1,,4,2611619,Wet,51,PEDALCYCLIST STRUCK MOTOR VEHICLE FRONT END AT ANGLE,09288001,2672,0,2,Injury Collision,,45,Bicycle,Matched,0,1,Raining,0,"(47.66305078200003, -122.30721796799997)",0,0,N,09-364054
147447,200877,201017,Intersection,Cycles,0, ,,0,,08/26/2015 12:00:00 AM +0000,8/26/2015 9:07:00 PM,1,25385,At Intersection (but not related to intersection),Dark - Street Lights On,15TH AVE NW AND NW 64TH ST,0,1,,1,3501589,Dry,69,PEDALCYCLIST OVERTURNED IN ROAD,,2111,0,2,Injury Collision,,45,Bicycle,Matched,N,0,Clear or Partly Cloudy,0,"(47.67527948700007, -122.37621073499997)",0,0,N,2015-298786
147462,201664,201804,Intersection,Cycles,0, ,,0,,09/04/2015 12:00:00 AM +0000,9/4/2015 9:42:00 PM,1,29599,At Intersection (intersection related),Dark - Street Lights On,1ST AVE AND UNION ST,0,1,,0,E459217,Dry,18,"MOTOR VEHICLE STRUCK PEDALCYCLIST, FRONT END AT ANGLE",,1008,0,2,Injury Collision,,45,Bicycle,Matched,N,1,Clear or Partly Cloudy,0,"(47.60782816200003, -122.33910533499994)",0,0,N,2015-310793
147502,199040,199180,Block,Cycles,154, ,,0,,07/28/2015 12:00:00 AM +0000,7/28/2015 5:49:00 PM,1,,Mid-Block (but intersection related),Daylight,N 50TH ST BETWEEN PHINNEY E AVE N AND DAYTON AVE N,0,1,,1,E447006,Dry,18,"MOTOR VEHICLE STRUCK PEDALCYCLIST, FRONT END AT ANGLE",,15639,0,2,Injury Collision,,45,Bicycle,Matched,N,1,Clear or Partly Cloudy,0,"(47.66501850100008, -122.353337351)",0,0,N,2015-259595
147509,199613,199753,Block,Cycles,213, ,,0,,08/06/2015 12:00:00 AM +0000,8/6/2015 8:50:00 AM,1,,Mid-Block (not related to intersection),Daylight,8TH AVE BETWEEN PINE ST AND OLIVE WAY,0,1,,2,3736792,Dry,11,"MOTOR VEHICLE STRUCK MOTOR VEHICLE, FRONT END AT ANGLE",,8281,0,2,Injury Collision,,45,Bicycle,Matched,N,1,Clear or Partly Cloudy,0,"(47.61355908100006, -122.33360568199998)",0,0,N,2015-271684
147564,200120,200260,Intersection,Cycles,0, ,,0,,08/14/2015 12:00:00 AM +0000,8/14/2015 5:25:00 PM,2,28783,At Intersection (intersection related),Daylight,DEXTER AVE N AND HARRISON ST,0,1,Y,2,3574819,Wet,18,"MOTOR VEHICLE STRUCK PEDALCYCLIST, FRONT END AT ANGLE",,10074,1,2b,Serious Injury Collision,,45,Bicycle,Matched,N,1,Raining,0,"(47.62205574500007, -122.34237158599996)",0,0,N,2015-282781
147579,201445,201585,Block,Cycles,162, ,,0,,08/06/2015 12:00:00 AM +0000,8/6/2015 4:14:00 PM,1,,Driveway Junction,Daylight,DEXTER AVE N BETWEEN LEE ST AND GALER ST,0,1,Y,2,3732561,Dry,18,"MOTOR VEHICLE STRUCK PEDALCYCLIST, FRONT END AT ANGLE",,10083,0,2,Injury Collision,,45,Bicycle,Matched,N,1,Clear or Partly Cloudy,0,"(47.63185406600007, -122.34228516499996)",0,0,N,15-271868
147584,201441,201581,Block,Cycles,290, ,,0,Y,08/03/2015 12:00:00 AM +0000,8/3/2015 5:53:00 PM,1,,Mid-Block (not related to intersection),Daylight,SEWARD PARK AVE S BETWEEN S OTHELLO ST AND S FONTANELLE PL,0,1,Y,2,3730398,Dry,18,"MOTOR VEHICLE STRUCK PEDALCYCLIST, FRONT END AT ANGLE",,12806,0,2,Injury Collision,,45,Bicycle,Matched,N,1,Clear or Partly Cloudy,0,"(47.536183255000026, -122.26727802799996)",0,0,N,2015-267844
147613,201928,202068,Block,Cycles,278, ,,0,,07/24/2015 12:00:00 AM +0000,7/24/2015 11:15:00 PM,2,,Mid-Block (not related to intersection),Dark - Street Lights On,AIRPORT WAY S BETWEEN S LUCILE ST AND CORSON AVE S,0,1,,1,E447423,Dry,14,"MOTOR VEHICLE STRUCK MOTOR VEHICLE, REAR END",,8690,0,2,Injury Collision,,45,Bicycle,Matched,Y,1,Clear or Partly Cloudy,0,"(47.55272059300006, -122.32037364599995)",0,0,N,2015-254989
147663,97577,97577,Intersection,Cycles,0,,,0,,05/24/2009 12:00:00 AM +0000,5/24/2009 9:09:00 AM,1,23843,At Intersection (intersection related),Daylight,34TH AVE NW AND NW 68TH ST,0,1,Y,2,3206556,Dry,51,PEDALCYCLIST STRUCK MOTOR VEHICLE FRONT END AT ANGLE,09144010,5250,0,2,Injury Collision,,45,Bicycle,Matched,0,1,Clear or Partly Cloudy,0,"(47.678220457000066, -122.40109560799999)",26276,0,N,09-177058
147825,96771,96771,Intersection,Cycles,0,,,0,,04/07/2009 12:00:00 AM +0000,4/7/2009,1,29809,At Intersection (intersection related),Dark - Street Lights On,12TH AVE AND E JEFFERSON ST,0,1,,2,3208154,Dry,18,"MOTOR VEHICLE STRUCK PEDALCYCLIST, FRONT END AT ANGLE",09097040,1529,0,2,Injury Collision,Y,45,Bicycle,Matched,0,1,Clear or Partly Cloudy,0,"(47.60620304500003, -122.31678046599995)",10635,0,N,09-117672
147876,201934,202074,Intersection,Cycles,0, ,,0,,07/28/2015 12:00:00 AM +0000,7/28/2015 9:25:00 AM,1,27039,At Intersection (intersection related),Daylight,FREMONT AVE N AND N 34TH ST,0,1,,1,E447509,Dry,18,"MOTOR VEHICLE STRUCK PEDALCYCLIST, FRONT END AT ANGLE",,10485,0,2,Injury Collision,,45,Bicycle,Matched,N,1,Clear or Partly Cloudy,0,"(47.64958972900007, -122.34974744899995)",0,0,N,2015-258960
147877,202325,202465,Block,Cycles,135, ,,0,,08/14/2015 12:00:00 AM +0000,8/14/2015 6:55:00 PM,1,,Mid-Block (not related to intersection),Daylight,MERIDIAN AVE N BETWEEN N 54TH ST AND N 55TH ST,0,1,,1,E452268,Wet,18,"MOTOR VEHICLE STRUCK PEDALCYCLIST, FRONT END AT ANGLE",,11802,0,2,Injury Collision,,45,Bicycle,Matched,N,1,Raining,0,"(47.66831166800006, -122.33366789999997)",0,0,N,2015-282887
147881,201702,201842,Intersection,Cycles,0, ,,0,,07/16/2015 12:00:00 AM +0000,7/16/2015 8:06:00 AM,1,30501,At Intersection (intersection related),Daylight,5TH AVE S AND S MAIN ST,0,1,,1,E444860,Dry,18,"MOTOR VEHICLE STRUCK PEDALCYCLIST, FRONT END AT ANGLE",,7358,0,2,Injury Collision,,45,Bicycle,Matched,N,1,Clear or Partly Cloudy,0,"(47.60003407600004, -122.32766333399996)",0,20733,N,2015-243345
147904,199281,199421,Block,Cycles,203.5, ,,0,Y,07/31/2015 12:00:00 AM +0000,7/31/2015 3:37:00 PM,1,,Driveway Junction,Daylight,NW MARKET ST BETWEEN 28TH AVE NW AND NW 54TH ST,0,1,,1,E447943,Dry,51,PEDALCYCLIST STRUCK MOTOR VEHICLE FRONT END AT ANGLE,,19238,0,2,Injury Collision,,45,Bicycle,Matched,N,1,Clear or Partly Cloudy,0,"(47.66865140600004, -122.39368163099999)",0,0,N,2015-263605
147987,96916,96916,Intersection,Cycles,0,,,0,,12/11/2009 12:00:00 AM +0000,12/11/2009 5:43:00 PM,1,26052,At Intersection (intersection related),Dark - Street Lights On,15TH AVE NE AND NE 50TH ST,0,1,Y,2,3333528,Dry,51,PEDALCYCLIST STRUCK MOTOR VEHICLE FRONT END AT ANGLE,09345027,2037,0,2,Injury Collision,,45,Bicycle,Matched,0,1,Clear or Partly Cloudy,0,"(47.66489281100007, -122.31193741899995)",21401,0,N,09-426816
148070,199073,199213,Intersection,Cycles,0, ,,0,,07/29/2015 12:00:00 AM +0000,7/29/2015 7:41:00 PM,1,27079,At Intersection (intersection related),Daylight,ROOSEVELT WAY NE AND NE 43RD S ST,0,1,,1,E447502,Dry,18,"MOTOR VEHICLE STRUCK PEDALCYCLIST, FRONT END AT ANGLE",,12597,0,2,Injury Collision,,45,Bicycle,Matched,N,1,Clear or Partly Cloudy,0,"(47.65945594600004, -122.31775170599997)",8995,0,N,2015-2611861
148095,202343,202483,Intersection,Cycles,0, ,,0,,08/15/2015 12:00:00 AM +0000,8/15/2015 4:00:00 PM,1,28913,At Intersection (intersection related),Daylight,MERCER ST AND TAYLOR AVE N,0,1,,1,E453109,Dry,18,"MOTOR VEHICLE STRUCK PEDALCYCLIST, FRONT END AT ANGLE",,11768,1,2b,Serious Injury Collision,,45,Bicycle,Matched,N,0,Clear or Partly Cloudy,0,"(47.62455804800004, -122.34626626299996)",0,0,N,2015-283938
148108,200920,201060,Intersection,Cycles,0, ,,0,,08/23/2015 12:00:00 AM +0000,8/23/2015 12:33:00 PM,1,28725,At Intersection (intersection related),Daylight,HIGHLAND DR AND WESTLAKE AVE N,0,1,Y,2,3739259,Dry,18,"MOTOR VEHICLE STRUCK PEDALCYCLIST, FRONT END AT ANGLE",,13541,0,2,Injury Collision,,45,Bicycle,Matched,N,1,Clear or Partly Cloudy,0,"(47.62971165700003, -122.34100743599998)",0,0,N,2015-294394
148142,97190,97190,Intersection,Cycles,0,,,0,,04/17/2009 12:00:00 AM +0000,4/17/2009 2:31:00 AM,1,29772,At Intersection (intersection related),Dark - Street Lights On,BROADWAY AND MADISON ST,0,1,Y,2,3283532,Wet,51,PEDALCYCLIST STRUCK MOTOR VEHICLE FRONT END AT ANGLE,09107010,9444,0,2,Injury Collision,,45,Bicycle,Matched,1,1,Raining,0,"(47.61116907600007, -122.32076019899995)",22870,0,N,2009-129068
148175,97065,97065,Block,Cycles,213,,,0,,06/27/2009 12:00:00 AM +0000,6/27/2009 12:13:00 AM,1,,Mid-Block (not related to intersection),Dark - Street Lights On,1ST AVE BETWEEN BLANCHARD ST AND BELL ST,0,1,,2,3326832,Dry,18,"MOTOR VEHICLE STRUCK PEDALCYCLIST, FRONT END AT ANGLE",09178006,1014,0,2,Injury Collision,,45,Bicycle,Matched,1,1,Clear or Partly Cloudy,0,"(47.61298991400008, -122.34586158799999)",13234,0,N,09-221763
148202,98550,98550,Block,Cycles,213,,,0,,01/14/2009 12:00:00 AM +0000,1/14/2009 7:35:00 AM,1,,Driveway Junction,Daylight,17TH AVE BETWEEN E CHERRY ST AND E COLUMBIA ST,0,1,,2,3287737,Dry,54,PEDALCYCLIST STRUCK MOTOR VEHICLE REAR END,09014013,2360,0,2,Injury Collision,Y,45,Bicycle,Matched,0,1,Clear or Partly Cloudy,0,"(47.60861439900003, -122.31023183999997)",0,0,N,2009-16668
148277,98414,98414,Intersection,Cycles,0,,,0,Y,07/10/2009 12:00:00 AM +0000,7/10/2009 7:09:00 PM,1,29847,At Intersection (intersection related),Daylight,MELROSE AVE AND OLIVE WAY,0,1,Y,3,2803797,Dry,51,PEDALCYCLIST STRUCK MOTOR VEHICLE FRONT END AT ANGLE,09191009,11756,0,2,Injury Collision,,45,Bicycle,Matched,0,1,Clear or Partly Cloudy,0,"(47.61664171000007, -122.32788067299998)",11520,0,N,09-240358
148296,202157,202297,Intersection,Cycles,0, ,,0,,09/12/2015 12:00:00 AM +0000,9/12/2015 2:59:00 PM,1,25947,At Intersection (intersection related),Daylight,27TH AVE NE AND NE BLAKELEY ST,0,1,,2,3733610,Dry,51,PEDALCYCLIST STRUCK MOTOR VEHICLE FRONT END AT ANGLE,,4005,0,2,Injury Collision,,45,Bicycle,Matched,N,1,Clear or Partly Cloudy,0,"(47.66637296500005, -122.29849642399995)",0,0,N,15-320386
148324,199303,199443,Block,Cycles,294, ,,0,Y,08/04/2015 12:00:00 AM +0000,8/4/2015 7:26:00 PM,1,,Mid-Block (but intersection related),Daylight,N 34TH ST BETWEEN FREMONT AVE N AND TROLL AVE N,0,1,,2,3706815,Dry,21,"MOTOR VEHICLE STRUCK PEDALCYCLIST, REAR END",,15286,0,2,Injury Collision,,45,Bicycle,Matched,N,1,Clear or Partly Cloudy,0,"(47.649415228000066, -122.34858506899997)",0,0,N,2015-269329
148328,199298,199438,Intersection,Cycles,0, ,,0,,08/04/2015 12:00:00 AM +0000,8/4/2015 9:13:00 AM,1,29528,At Intersection (intersection related),Daylight,LENORA ST AND WESTLAKE AVE,0,1,Y,2,3585146,Dry,18,"MOTOR VEHICLE STRUCK PEDALCYCLIST, FRONT END AT ANGLE",,8285,0,2,Injury Collision,,45,Bicycle,Matched,N,1,Clear or Partly Cloudy,0,"(47.61649020500005, -122.33789362899995)",0,0,N,2015-268538