OBJECTID,INCKEY,COLDETKEY,ADDRTYPE,COLLISIONTYPE,DISTANCE,EXCEPTRSNCODE,EXCEPTRSNDESC,FATALITIES,INATTENTIONIND,INCDATE,INCDTTM,INJURIES,INTKEY,JUNCTIONTYPE,LIGHTCOND,LOCATION,PEDCOUNT,PEDCYLCOUNT,PEDROWNOTGRNT,PERSONCOUNT,REPORTNO,ROADCOND,SDOT_COLCODE,SDOT_COLDESC,SDOTCOLNUM,SEGKEY,SERIOUSINJURIES,SEVERITYCODE,SEVERITYDESC,SPEEDING,ST_COLCODE,ST_COLDESC,STATUS,UNDERINFL,VEHCOUNT,WEATHER,WIDTH,Shape,SEGLANEKEY,CROSSWALKKEY,HITPARKEDCAR,SPDCASENO
148387,201188,201328,Intersection,Cycles,0, ,,0,,08/30/2015 12:00:00 AM +0000,8/30/2015 4:36:00 PM,1,28994,At Intersection (intersection related),Daylight,BROADWAY E AND E MERCER ST,0,1,Y,2,3588122,Dry,18,"MOTOR VEHICLE STRUCK PEDALCYCLIST, FRONT END AT ANGLE",,9456,0,2,Injury Collision,,45,Bicycle,Matched,N,1,Clear or Partly Cloudy,0,"(47.624269036000044, -122.32094238999997)",0,0,N,15-303870
148421,202162,202302,Intersection,Cycles,0, ,,0,Y,09/11/2015 12:00:00 AM +0000,9/11/2015 7:45:00 AM,1,27079,At Intersection (intersection related),Daylight,ROOSEVELT WAY NE AND NE 43RD S ST,0,1,,2,3733680,Dry,18,"MOTOR VEHICLE STRUCK PEDALCYCLIST, FRONT END AT ANGLE",,12597,0,2,Injury Collision,,45,Bicycle,Matched,N,1,Clear or Partly Cloudy,0,"(47.65945594600004, -122.31775170599997)",8990,0,N,2015-318473
148485,97608,97608,Intersection,Cycles,0,,,0,,06/23/2009 12:00:00 AM +0000,6/23/2009 3:45:00 PM,1,33340,At Intersection (intersection related),Daylight,17TH AVE S AND S DAWSON ST,0,1,,2,3285031,Dry,18,"MOTOR VEHICLE STRUCK PEDALCYCLIST, FRONT END AT ANGLE",09174002,2488,0,2,Injury Collision,,45,Bicycle,Matched,0,1,Clear or Partly Cloudy,0,"(47.55560853600008, -122.31052029999995)",0,0,N,2009-217299
148504,98691,98691,Block,Cycles,161,,,0,,08/26/2009 12:00:00 AM +0000,8/26/2009 11:10:00 PM,1,,Driveway Junction,Dark - Street Lights On,E PIKE ST BETWEEN 13TH AVE AND 14TH AVE,0,1,,2,3207376,Dry,18,"MOTOR VEHICLE STRUCK PEDALCYCLIST, FRONT END AT ANGLE",09238010,14604,0,2,Injury Collision,,45,Bicycle,Matched,0,1,Clear or Partly Cloudy,0,"(47.61411751600008, -122.31487905199998)",31277,0,N,2009-302335
148523,98278,98278,Intersection,Cycles,0, ,,0,,05/11/2009 12:00:00 AM +0000,5/11/2009 5:21:00 PM,1,25698,At Intersection (intersection related),Daylight,ROOSEVELT WAY NE AND NE 64TH ST,0,1,,3,3210543,Dry,51,PEDALCYCLIST STRUCK MOTOR VEHICLE FRONT END AT ANGLE,09131005,12614,0,2,Injury Collision,,45,Bicycle,Matched,0,1,Clear or Partly Cloudy,0,"(47.67497937100006, -122.317363151)",9212,0,N,09-160469
148556,98834,98834,Intersection,Cycles,0,,,0,,03/02/2009 12:00:00 AM +0000,3/2/2009,1,30482,At Intersection (intersection related),Unknown,2ND AVE AND JAMES ST,0,1,,2,2899267,Dry,51,PEDALCYCLIST STRUCK MOTOR VEHICLE FRONT END AT ANGLE,09061037,2749,0,2,Injury Collision,,45,Bicycle,Matched,0,1,Clear or Partly Cloudy,0,"(47.60230560100007, -122.33251943999994)",12029,0,N,2009-78772
148591,97339,97339,Block,Cycles,213,,,0,,06/14/2009 12:00:00 AM +0000,6/14/2009 1:02:00 PM,1,,Mid-Block (not related to intersection),Daylight,12TH AVE BETWEEN E OLIVE ST AND E HOWELL ST,0,1,,2,2622037,Dry,56,PEDALCYCLIST STRUCK MOTOR VEHICLE LEFT SIDE SIDESWIPE,09165003,1548,0,2,Injury Collision,,45,Bicycle,Matched,0,1,Clear or Partly Cloudy,0,"(47.617015027000036, -122.31688206299998)",10853,0,N,09-205632
148616,98157,98157,Block,Cycles,232.5,,,0,,07/27/2009 12:00:00 AM +0000,7/27/2009 5:49:00 PM,1,,Driveway Junction,Daylight,SW SPOKANE ST BETWEEN S SPOKANE ST AND SW KLICKITAT SR WAY,0,1,,2,2803884,Dry,18,"MOTOR VEHICLE STRUCK PEDALCYCLIST, FRONT END AT ANGLE",09208005,22805,0,2,Injury Collision,,45,Bicycle,Matched,0,1,Clear or Partly Cloudy,0,"(47.57151882800008, -122.34541617399998)",0,0,N,09-262940
148623,98429,98429,Intersection,Cycles,0,,,0,,11/05/2009 12:00:00 AM +0000,11/5/2009,1,30567,At Intersection (intersection related),Unknown,28TH AVE AND E SPRUCE ST,0,1,Y,2,3207828,Dry,18,"MOTOR VEHICLE STRUCK PEDALCYCLIST, FRONT END AT ANGLE",09309034,4097,0,2,Injury Collision,,45,Bicycle,Matched,0,1,Overcast,0,"(47.603554409000026, -122.29598020699996)",0,0,N,2009-387960
148655,201722,201862,Block,Cycles,467, ,,0,,07/20/2015 12:00:00 AM +0000,7/20/2015 1:30:00 PM,1,,Mid-Block (not related to intersection),Daylight,E MADISON ST BETWEEN 29TH E AVE E AND LAKE WASHINGTON BLVD E,0,1,,1,E445413,Dry,56,PEDALCYCLIST STRUCK MOTOR VEHICLE LEFT SIDE SIDESWIPE,,14364,0,2,Injury Collision,,45,Bicycle,Matched,N,1,Clear or Partly Cloudy,0,"(47.62511058800004, -122.29377870599996)",0,0,Y,2015-249164
148665,202354,202494,Block,Cycles,82, ,,0,,09/09/2015 12:00:00 AM +0000,9/9/2015 8:15:00 AM,0,,Mid-Block (not related to intersection),Daylight,E ROANOKE ST BETWEEN DELMAR DR E AND 11TH AVE E,0,1,Y,2,3737827,Dry,18,"MOTOR VEHICLE STRUCK PEDALCYCLIST, FRONT END AT ANGLE",,14730,0,1,Property Damage Only Collision,,45,Bicycle,Matched,N,1,Clear or Partly Cloudy,0,"(47.64319613200007, -122.31867238899997)",0,0,N,2015-315855
148670,199489,199629,Block,Cycles,153, ,,0,,08/08/2015 12:00:00 AM +0000,8/8/2015 4:45:00 PM,2,,Mid-Block (not related to intersection),Daylight,ALASKAN WAY BETWEEN MARION ST AND MADISON ST,0,1,,2,3589066,Dry,28,MOTOR VEHICLE RAN OFF ROAD - HIT FIXED OBJECT,,8719,0,2,Injury Collision,,45,Bicycle,Matched,N,0,Overcast,0,"(47.60341979000003, -122.33810477899999)",0,0,N,2015-274705
148676,199312,199452,Block,Cycles,161, ,,0,Y,08/05/2015 12:00:00 AM +0000,8/5/2015 11:34:00 AM,1,,Mid-Block (but intersection related),Daylight,STEWART ST BETWEEN 7TH AVE AND 8TH AVE,0,1,,2,3732557,Dry,54,PEDALCYCLIST STRUCK MOTOR VEHICLE REAR END,,12904,0,2,Injury Collision,,45,Bicycle,Matched,N,1,Clear or Partly Cloudy,0,"(47.614619204000064, -122.33572640499995)",0,0,N,2015-270163
148683,199102,199242,Block,Cycles,213, ,,0,Y,07/31/2015 12:00:00 AM +0000,7/31/2015 10:07:00 AM,1,,Mid-Block (but intersection related),Daylight,3RD AVE BETWEEN UNIVERSITY ST AND UNION ST,0,1,,2,3739315,Dry,11,"MOTOR VEHICLE STRUCK MOTOR VEHICLE, FRONT END AT ANGLE",,4382,0,2,Injury Collision,,45,Bicycle,Matched,N,1,Clear or Partly Cloudy,0,"(47.608258539000076, -122.33642912999994)",0,0,N,15-263222
148702,199877,200017,Block,Cycles,367, ,,0,,08/12/2015 12:00:00 AM +0000,8/12/2015 4:35:00 PM,1,,Mid-Block (not related to intersection),Daylight,ALASKAN WAY BETWEEN XW BELL ST AND WALL ST,0,1,,2,3703610,Dry,11,"MOTOR VEHICLE STRUCK MOTOR VEHICLE, FRONT END AT ANGLE",,8730,0,2,Injury Collision,,45,Bicycle,Matched,N,1,Clear or Partly Cloudy,0,"(47.61218693200004, -122.35002038099998)",0,0,N,2015-279973
148753,98570,98570,Intersection,Cycles,0,,,0,,03/11/2009 12:00:00 AM +0000,3/11/2009 8:41:00 AM,0,32843,At Intersection (intersection related),Daylight,44TH AVE SW AND SW EDMUNDS ST,0,1,Y,2,2613342,Unknown,51,PEDALCYCLIST STRUCK MOTOR VEHICLE FRONT END AT ANGLE,09070011,22119,0,1,Property Damage Only Collision,,45,Bicycle,Matched,0,1,Clear or Partly Cloudy,0,"(47.55934050800005, -122.38818279899999)",0,0,N,09-084498
148785,97217,97217,Intersection,Cycles,0,,,0,,07/29/2009 12:00:00 AM +0000,7/29/2009 12:14:00 PM,1,29740,At Intersection (intersection related),Daylight,12TH AVE AND E PINE ST,0,1,,2,2906499,Dry,51,PEDALCYCLIST STRUCK MOTOR VEHICLE FRONT END AT ANGLE,09210002,1547,0,2,Injury Collision,,45,Bicycle,Matched,0,1,Clear or Partly Cloudy,0,"(47.61526393300005, -122.31685416899995)",10828,0,N,2009-265242
148787,97216,97216,Block,Cycles,477,,,0,,07/23/2009 12:00:00 AM +0000,7/23/2009 5:45:00 PM,1,,Mid-Block (not related to intersection),Daylight,25TH AVE NE BETWEEN NE 70TH ST AND NE 74TH ST,0,1,,3,3210146,Dry,23,"MOTOR VEHICLE STRUCK PEDALCYCLIST, LEFT SIDE SIDESWIPE",09204037,3730,0,2,Injury Collision,,45,Bicycle,Matched,0,1,Clear or Partly Cloudy,0,"(47.68071511800008, -122.30069818199996)",18762,0,N,2009-258850
148811,201204,201344,Intersection,Cycles,0, ,,0,,08/29/2015 12:00:00 AM +0000,8/29/2015 10:18:00 PM,1,29748,At Intersection (intersection related),Dark - Street Lights On,12TH AVE AND E PIKE ST,0,1,,3,3707245,Wet,18,"MOTOR VEHICLE STRUCK PEDALCYCLIST, FRONT END AT ANGLE",,1546,1,2b,Serious Injury Collision,,45,Bicycle,Matched,N,1,Raining,0,"(47.61410376900005, -122.31683584899997)",0,0,N,15-302996
148853,199318,199458,Block,Cycles,476.5, ,,0,,08/04/2015 12:00:00 AM +0000,8/4/2015 6:39:00 PM,1,,Driveway Junction,Dusk,NE 125TH ST BETWEEN 42ND AVE NE AND RIVIERA PL NE,0,1,,2,3733578,Dry,51,PEDALCYCLIST STRUCK MOTOR VEHICLE FRONT END AT ANGLE,,16512,0,2,Injury Collision,,45,Bicycle,Matched,N,1,Clear or Partly Cloudy,0,"(47.71917475300006, -122.28128337799996)",0,0,N,2015-269273
148866,201727,201867,Block,Cycles,221.5,NEI,"Not Enough Information, or Insufficient Location Information",0,,07/13/2015 12:00:00 AM +0000,7/13/2015 3:13:00 PM,1,,,Daylight,QUEEN ANNE AVE N BETWEEN BOSTON ST AND MCGRAW ST,0,1,,1,E445421,Dry,00,NOT ENOUGH INFORMATION / NOT APPLICABLE,,12314,0,2,Injury Collision,,45,Bicycle,Matched,N,1,Clear or Partly Cloudy,0,"(47.63898781200004, -122.35691931799994)",0,0,N,2015-240404
148881,202179,202319,Block,Cycles,376, ,,0,,09/05/2015 12:00:00 AM +0000,9/5/2015 4:52:00 PM,1,,Driveway Junction,Daylight,WEST GREEN LAKE WAY N BETWEEN N 63RD ST AND AURORA AVE N,0,1,,2,3733827,Wet,51,PEDALCYCLIST STRUCK MOTOR VEHICLE FRONT END AT ANGLE,,23400,0,2,Injury Collision,,45,Bicycle,Matched,N,1,Raining,0,"(47.67499106000008, -122.34646883299996)",0,0,N,15-311743
148916,98166,98166,Block,Cycles,160,,,0,,01/06/2009 12:00:00 AM +0000,1/6/2009,1,,Driveway Junction,Dark - Street Lights On,AIRPORT WAY S BETWEEN S BRADFORD ST AND S ANDOVER ST,0,1,Y,2,2908722,Wet,51,PEDALCYCLIST STRUCK MOTOR VEHICLE FRONT END AT ANGLE,09006019,8679,0,2,Injury Collision,,45,Bicycle,Matched,0,1,Raining,0,"(47.568513722000034, -122.32268371099997)",17544,0,N,2009-007047
148971,98714,98714,Intersection,Cycles,0,,,0,,05/29/2009 12:00:00 AM +0000,5/29/2009 2:15:00 PM,1,35451,At Intersection (intersection related),Daylight,RAINIER AVE S AND SEWARD PARK AVE S,0,1,,3,3200543,Dry,51,PEDALCYCLIST STRUCK MOTOR VEHICLE FRONT END AT ANGLE,09149020,7746,0,2,Injury Collision,,45,Bicycle,Matched,0,1,Clear or Partly Cloudy,0,"(47.52011701300006, -122.26277739699998)",36986,0,N,09-184234
149001,97221,97221,Intersection,Cycles,0, ,,0,,08/02/2009 12:00:00 AM +0000,8/2/2009,0,287164,At Intersection (intersection related),Daylight,30TH AVE NE AND BURKE GILMAN TRL,0,1,,2,3205940,Dry,18,"MOTOR VEHICLE STRUCK PEDALCYCLIST, FRONT END AT ANGLE",09214025,287208,0,1,Property Damage Only Collision,,45,Bicycle,Matched,0,1,Clear or Partly Cloudy,0,"(47.66444733600008, -122.29561786299996)",0,525568,N,09-271 122
149073,199669,199809,Block,Cycles,132, ,,0,,06/29/2015 12:00:00 AM +0000,6/29/2015 8:55:00 PM,1,,Mid-Block (not related to intersection),Dusk,AURORA AVE N BETWEEN N 82ND ST AND GREEN LAKE DR N,0,1,,0,E438594,Dry,51,PEDALCYCLIST STRUCK MOTOR VEHICLE FRONT END AT ANGLE,,8960,0,2,Injury Collision,,45,Bicycle,Matched,N,1,Clear or Partly Cloudy,0,"(47.68874955500007, -122.34451256099999)",0,0,N,2015-220481
149142,201737,201877,Intersection,Cycles,0, ,,0,,09/04/2015 12:00:00 AM +0000,9/4/2015 3:00:00 PM,1,30506,At Intersection (intersection related),Daylight,2ND AVE S AND S JACKSON ST,0,1,,0,E458751,Dry,18,"MOTOR VEHICLE STRUCK PEDALCYCLIST, FRONT END AT ANGLE",,2871,0,2,Injury Collision,,45,Bicycle,Matched,N,1,Clear or Partly Cloudy,0,"(47.59920078500005, -122.33157768599995)",0,524965,N,2015-310305
149157,202186,202326,Block,Cycles,213.5, ,,0,,08/10/2015 12:00:00 AM +0000,8/10/2015 7:41:00 PM,1,,Mid-Block (not related to intersection),Daylight,ALASKAN WAY BETWEEN UNIVERSITY ST AND UNION ST,0,1,,1,E450748,Dry,55,PEDALCYCLIST STRUCK MOTOR VEHICLE RIGHT SIDE SIDESWIPE,,8723,0,2,Injury Collision,,45,Bicycle,Matched,N,1,Clear or Partly Cloudy,0,"(47.60640582000008, -122.34087258999995)",0,0,N,2015-277387
149227,98858,98858,Intersection,Cycles,0,,,0,,04/15/2009 12:00:00 AM +0000,4/15/2009 7:34:00 AM,1,37369,At Intersection (intersection related),Daylight,MIDVALE AVE N AND N 85TH ST,0,1,,2,3289245,Dry,18,"MOTOR VEHICLE STRUCK PEDALCYCLIST, FRONT END AT ANGLE",09105003,11850,0,2,Injury Collision,,45,Bicycle,Matched,0,1,Clear or Partly Cloudy,0,"(47.69054624200004, -122.34237319299996)",21720,0,N,09-126476
149241,96829,96829,Intersection,Cycles,0, ,,0,,07/23/2009 12:00:00 AM +0000,7/23/2009 2:50:00 PM,0,287145,At Intersection (intersection related),Daylight,BURKE GILMAN TRL AND NW 41ST ST,0,1,,2,3198893,Dry,18,"MOTOR VEHICLE STRUCK PEDALCYCLIST, FRONT END AT ANGLE",09204026,287192,0,1,Property Damage Only Collision,,45,Bicycle,Matched,0,1,Clear or Partly Cloudy,0,"(47.65693097400003, -122.36393774699997)",0,525277,N,2009-257246
149264,97501,97501,Intersection,Cycles,0,,,0,,02/22/2009 12:00:00 AM +0000,2/22/2009 2:25:00 PM,0,29863,At Intersection (intersection related),Daylight,MELROSE AVE AND PINE ST,0,1,Y,3,2882248,Dry,18,"MOTOR VEHICLE STRUCK PEDALCYCLIST, FRONT END AT ANGLE",09053019,11745,0,1,Property Damage Only Collision,,45,Bicycle,Matched,0,1,Clear or Partly Cloudy,0,"(47.615238420000026, -122.32790375499997)",10336,0,N,09-64962
149274,97366,97366,Intersection,Cycles,0, ,,0,,06/17/2009 12:00:00 AM +0000,6/17/2009 3:27:00 PM,0,31402,At Intersection (intersection related),Daylight,M L KING JR WAY S AND S MASSACHUSETTS ST,0,1,Y,2,3285629,Dry,18,"MOTOR VEHICLE STRUCK PEDALCYCLIST, FRONT END AT ANGLE",09168005,11511,0,1,Property Damage Only Collision,,45,Bicycle,Matched,0,1,Overcast,0,"(47.588311832000045, -122.29805065199997)",0,524937,N,09-209674
149329,202194,202334,Intersection,Cycles,0, ,,0,,08/06/2015 12:00:00 AM +0000,8/6/2015 4:45:00 PM,1,24596,At Intersection (intersection related),Daylight,WOODLAWN AVE N AND N 66TH ST,0,1,,1,E450951,Dry,18,"MOTOR VEHICLE STRUCK PEDALCYCLIST, FRONT END AT ANGLE",,13700,0,2,Injury Collision,,45,Bicycle,Matched,N,1,Clear or Partly Cloudy,0,"(47.67723295900004, -122.33101419899998)",0,0,N,2015-271925
149347,199890,200030,Intersection,Cycles,0, ,,0,Y,08/12/2015 12:00:00 AM +0000,8/12/2015 7:07:00 PM,1,26454,At Intersection (intersection related),Daylight,GILMAN AVE W AND W EMERSON ST,0,1,,4,3732633,Dry,18,"MOTOR VEHICLE STRUCK PEDALCYCLIST, FRONT END AT ANGLE",,10636,0,2,Injury Collision,,45,Bicycle,Matched,N,3,Clear or Partly Cloudy,0,"(47.65397898100008, -122.38461607899995)",0,0,N,
149352,199677,199817,Intersection,Cycles,0, ,,0,,06/30/2015 12:00:00 AM +0000,6/30/2015 9:49:00 AM,1,33676,At Intersection (intersection related),Daylight,57TH AVE S AND S DAWSON ST,0,1,,0,E439080,Dry,18,"MOTOR VEHICLE STRUCK PEDALCYCLIST, FRONT END AT ANGLE",,7784,0,2,Injury Collision,,45,Bicycle,Matched,N,1,Clear or Partly Cloudy,0,"(47.55480344400007, -122.26250870999996)",33676,0,N,2015-221034
149366,201543,201683,Block,Cycles,332.5, ,,0,,09/03/2015 12:00:00 AM +0000,9/3/2015 9:50:00 AM,1,,Mid-Block (not related to intersection),Daylight,UNIVERSITY WAY NE BETWEEN NE 45TH ST AND NE 47TH ST,0,1,,2,3503100,Dry,11,"MOTOR VEHICLE STRUCK MOTOR VEHICLE, FRONT END AT ANGLE",,13222,0,2,Injury Collision,,45,Bicycle,Matched,N,1,Clear or Partly Cloudy,0,"(47.662179209000044, -122.31311572699997)",0,0,N,15-308578
149381,200456,200596,Block,Cycles,303, ,,0,,08/15/2015 12:00:00 AM +0000,8/15/2015 2:40:00 AM,0,,Mid-Block (not related to intersection),Dark - Street Lights On,WESTLAKE AVE N BETWEEN NEWTON ST AND CROCKETT ST,0,1,,2,3703756,Wet,18,"MOTOR VEHICLE STRUCK PEDALCYCLIST, FRONT END AT ANGLE",,13544,0,1,Property Damage Only Collision,,45,Bicycle,Matched,N,1,Raining,0,"(47.63727077600004, -122.34051916299995)",0,0,N,2015-283505
149384,199333,199473,Block,Cycles,329, ,,0,,08/02/2015 12:00:00 AM +0000,8/2/2015 11:40:00 PM,1,,Mid-Block (not related to intersection),Dark - Street Lights On,NW 85TH ST BETWEEN 6TH AVE NW AND 8TH AVE NW,0,1,,2,3739088,Dry,18,"MOTOR VEHICLE STRUCK PEDALCYCLIST, FRONT END AT ANGLE",,18960,0,2,Injury Collision,,45,Bicycle,Matched,N,1,Clear or Partly Cloudy,0,"(47.69064791800008, -122.36465469299998)",0,0,N,2015-266844
149432,202380,202520,Intersection,Cycles,0, ,,0,,09/11/2015 12:00:00 AM +0000,9/11/2015 4:53:00 PM,1,26454,At Intersection (intersection related),Daylight,GILMAN AVE W AND W EMERSON ST,0,1,Y,2,3739220,Dry,18,"MOTOR VEHICLE STRUCK PEDALCYCLIST, FRONT END AT ANGLE",,10636,0,2,Injury Collision,,45,Bicycle,Matched,N,1,Clear or Partly Cloudy,0,"(47.65397898100008, -122.38461607899995)",0,0,N,2015-319221
149630,96846,96846,Intersection,Cycles,0,,,0,Y,12/16/2009 12:00:00 AM +0000,12/16/2009 6:12:00 PM,1,25952,At Intersection (intersection related),Dark - Street Lights On,30TH AVE NE AND NE 50TH ST,0,1,Y,2,3333482,Wet,51,PEDALCYCLIST STRUCK MOTOR VEHICLE FRONT END AT ANGLE,09350031,4600,0,2,Injury Collision,,45,Bicycle,Matched,0,1,Raining,0,"(47.66488329300006, -122.29562013599997)",31868,0,N,09-432433
149651,98736,98736,Block,Cycles,150,,,0,,10/11/2009 12:00:00 AM +0000,10/11/2009 1:18:00 PM,1,,Mid-Block (not related to intersection),Daylight,NW MARKET ST BETWEEN BARNES AVE NW AND TALLMAN AVE NW,0,1,,2,3327878,Dry,56,PEDALCYCLIST STRUCK MOTOR VEHICLE LEFT SIDE SIDESWIPE,09284002,19230,0,2,Injury Collision,,45,Bicycle,Matched,0,1,Clear or Partly Cloudy,0,"(47.66867413300008, -122.38095943799999)",25888,0,N,09-359068
149666,97655,97655,Block,Cycles,115,,,0,Y,10/23/2009 12:00:00 AM +0000,10/23/2009 11:28:00 PM,1,,Driveway Junction,Dark - Street Lights On,PINE ST BETWEEN MINOR AVE AND MELROSE AVE,0,1,,4,3208036,Dry,18,"MOTOR VEHICLE STRUCK PEDALCYCLIST, FRONT END AT ANGLE",09296033,12225,0,2,Injury Collision,,45,Bicycle,Matched,0,1,Overcast,0,"(47.61508065500004, -122.32831087699998)",10330,0,N,09-373928
149676,97518,97518,Intersection,Cycles,0,,,0,,07/27/2009 12:00:00 AM +0000,7/27/2009 10:52:00 PM,1,29805,At Intersection (intersection related),Dark - Street Lights On,14TH AVE AND E JEFFERSON ST,0,1,,3,3199481,Dry,18,"MOTOR VEHICLE STRUCK PEDALCYCLIST, FRONT END AT ANGLE",09208004,1845,0,2,Injury Collision,,45,Bicycle,Matched,0,1,Clear or Partly Cloudy,0,"(47.60619196400006, -122.314165334)",35463,0,N,2009-263261
149706,97784,97784,Intersection,Cycles,0,,,0,,01/07/2009 12:00:00 AM +0000,1/7/2009,1,25265,At Intersection (intersection related),Dark - Street Lights On,8TH AVE NW AND NW 62ND S ST,0,1,Y,2,3287066,Wet,18,"MOTOR VEHICLE STRUCK PEDALCYCLIST, FRONT END AT ANGLE",09007032,8391,0,2,Injury Collision,,45,Bicycle,Matched,0,1,Raining,0,"(47.67380710700007, -122.36611037099999)",2458,0,N,09-008254
149753,97925,97925,Block,Cycles,202.5,,,0,,06/08/2009 12:00:00 AM +0000,6/8/2009,0,,Mid-Block (not related to intersection),Daylight,BOREN AVE S BETWEEN 12TH AVE S AND S MAIN ST,0,1,Y,2,3287764,Dry,23,"MOTOR VEHICLE STRUCK PEDALCYCLIST, LEFT SIDE SIDESWIPE",09159005,9333,0,1,Property Damage Only Collision,,45,Bicycle,Matched,0,1,Clear or Partly Cloudy,0,"(47.600405256000045, -122.31648318999999)",24377,0,N,09-197964
149754,97924,97924,Intersection,Cycles,0,,,0,,02/26/2009 12:00:00 AM +0000,2/26/2009 6:10:00 PM,1,28269,At Intersection (intersection related),Dusk,HARVARD AVE E AND LAKEVIEW BLVD E,0,1,,2,C717504,Other,18,"MOTOR VEHICLE STRUCK PEDALCYCLIST, FRONT END AT ANGLE",09057040,10854,0,2,Injury Collision,,45,Bicycle,Matched,0,1,Clear or Partly Cloudy,0,"(47.63590126300005, -122.32240874299998)",8268,0,N,
149762,96984,96984,Intersection,Cycles,0,,,0,,08/20/2009 12:00:00 AM +0000,8/20/2009 3:27:00 PM,1,27760,At Intersection (intersection related),Daylight,1ST AVE W AND W FLORENTIA ST,0,1,Y,4,3208241,Dry,51,PEDALCYCLIST STRUCK MOTOR VEHICLE FRONT END AT ANGLE,09232002,23314,0,2,Injury Collision,,45,Bicycle,Matched,0,2,Clear or Partly Cloudy,0,"(47.64689351800007, -122.35818889899997)",34754,0,N,2009-294243
149764,96982,96982,Intersection,Cycles,0,,,0,,08/16/2009 12:00:00 AM +0000,8/16/2009 2:52:00 PM,1,31000,At Intersection (intersection related),Daylight,CALIFORNIA WAY SW AND HARBOR AVE SW,0,1,Y,2,3295732,Dry,18,"MOTOR VEHICLE STRUCK PEDALCYCLIST, FRONT END AT ANGLE",09228018,10815,0,2,Injury Collision,,45,Bicycle,Matched,0,1,Clear or Partly Cloudy,0,"(47.589504644000044, -122.38152902099995)",4109,0,N,09-289026
149785,97260,97260,Intersection,Cycles,0, ,,0,,05/13/2009 12:00:00 AM +0000,5/13/2009 1:40:00 PM,1,27077,At Intersection (intersection related),Daylight,UNIVERSITY WAY NE AND NE 43RD ST,1,2,,3,3206424,Wet,64,PEDALCYCLIST STRUCK PEDESTRIAN,09133009,13221,0,2,Injury Collision,,45,Bicycle,Matched,0,0,Raining,0,"(47.65979512000007, -122.31316833599999)",5653,522426,N,2009-162669
149877,98478,98478,Intersection,Cycles,0, ,,0,,08/01/2009 12:00:00 AM +0000,8/1/2009,1,287171,At Intersection (intersection related),Daylight,BURKE GILMAN TRL AND NE 65TH ST,0,1,,4,2880918,Dry,51,PEDALCYCLIST STRUCK MOTOR VEHICLE FRONT END AT ANGLE,09213010,287215,0,2,Injury Collision,,45,Bicycle,Matched,0,1,Clear or Partly Cloudy,0,"(47.67573704200004, -122.26656513399996)",0,524265,N,2009-269615
149911,98897,98897,Intersection,Cycles,0,,,0,,05/06/2009 12:00:00 AM +0000,5/6/2009,1,28775,At Intersection (intersection related),Daylight,DEXTER AVE N AND REPUBLICAN ST,0,1,Y,2,3208494,Wet,51,PEDALCYCLIST STRUCK MOTOR VEHICLE FRONT END AT ANGLE,09126030,10075,0,2,Injury Collision,,45,Bicycle,Matched,0,1,Overcast,0,"(47.62322375000008, -122.34236126699994)",12628,0,N,09-154365
149942,96997,96997,Block,Cycles,332,,,0,,05/20/2009 12:00:00 AM +0000,5/20/2009 8:49:00 PM,1,,Driveway Junction,Dusk,ROOSEVELT WAY NE BETWEEN NE 47TH ST AND NE 50TH ST,0,1,,3,3206530,Dry,51,PEDALCYCLIST STRUCK MOTOR VEHICLE FRONT END AT ANGLE,09140002,12600,0,2,Injury Collision,,45,Bicycle,Matched,0,1,Clear or Partly Cloudy,0,"(47.66402617600005, -122.31741362599996)",9118,0,N,2009-172431
149979,97407,97407,Intersection,Cycles,0,,,0,,03/19/2009 12:00:00 AM +0000,3/19/2009 6:10:00 AM,1,25940,At Intersection (intersection related),Dark - Street Lights On,25TH AVE NE AND NE 54TH ST,0,1,Y,2,2905900,Wet,51,PEDALCYCLIST STRUCK MOTOR VEHICLE FRONT END AT ANGLE,09078035,3724,0,2,Injury Collision,,45,Bicycle,Matched,0,1,Raining,0,"(47.66797835300008, -122.30061611399998)",18812,0,N,2009-094008
149997,97269,97269,Intersection,Cycles,0, ,,0,,12/09/2009 12:00:00 AM +0000,12/9/2009,1,25416,At Intersection (intersection related),Daylight,15TH AVE NW AND NW MARKET ST,0,1,Y,3,3206283,Dry,18,"MOTOR VEHICLE STRUCK PEDALCYCLIST, FRONT END AT ANGLE",09343003,2102,0,2,Injury Collision,,45,Bicycle,Matched,0,1,Clear or Partly Cloudy,0,"(47.668666908000034, -122.376214474)",0,525122,N,09-424365
150036,98349,98349,Intersection,Cycles,0, ,,0,,08/30/2009 12:00:00 AM +0000,8/30/2009 10:00:00 PM,1,34562,At Intersection (intersection related),Dark - Street Lights On,M L KING JR WR WAY S AND S OTHELLO ST,0,1,Y,2,3211505,Dry,18,"MOTOR VEHICLE STRUCK PEDALCYCLIST, FRONT END AT ANGLE",09242021,11562,0,2,Injury Collision,,45,Bicycle,Matched,0,1,Clear or Partly Cloudy,0,"(47.53704230400007, -122.28129319099997)",0,525191,N,09-309158