OBJECTID,INCKEY,COLDETKEY,ADDRTYPE,COLLISIONTYPE,DISTANCE,EXCEPTRSNCODE,EXCEPTRSNDESC,FATALITIES,INATTENTIONIND,INCDATE,INCDTTM,INJURIES,INTKEY,JUNCTIONTYPE,LIGHTCOND,LOCATION,PEDCOUNT,PEDCYLCOUNT,PEDROWNOTGRNT,PERSONCOUNT,REPORTNO,ROADCOND,SDOT_COLCODE,SDOT_COLDESC,SDOTCOLNUM,SEGKEY,SERIOUSINJURIES,SEVERITYCODE,SEVERITYDESC,SPEEDING,ST_COLCODE,ST_COLDESC,STATUS,UNDERINFL,VEHCOUNT,WEATHER,WIDTH,Shape,SEGLANEKEY,CROSSWALKKEY,HITPARKEDCAR,SPDCASENO
150056,199143,199283,Intersection,Cycles,0, ,,0,,08/02/2015 12:00:00 AM +0000,8/2/2015 2:09:00 AM,1,29176,At Intersection (intersection related),Dark - Street Lights On,BELLEVUE AVE AND E HOWELL ST,0,1,,2,3549267,Dry,11,"MOTOR VEHICLE STRUCK MOTOR VEHICLE, FRONT END AT ANGLE",,9216,0,2,Injury Collision,,45,Bicycle,Matched,Y,1,Clear or Partly Cloudy,0,"(47.61773993300005, -122.32676681199996)",0,0,N,2015-265743
150088,199904,200044,Intersection,Cycles,0, ,,0,,07/08/2015 12:00:00 AM +0000,7/8/2015 7:07:00 PM,1,27041,At Intersection (intersection related),Dusk,ALBION PL N AND N 34TH ST,0,1,,0,E441754,Dry,18,"MOTOR VEHICLE STRUCK PEDALCYCLIST, FRONT END AT ANGLE",,8774,0,2,Injury Collision,,45,Bicycle,Matched,N,1,Clear or Partly Cloudy,0,"(47.64884179300003, -122.34476587499995)",27041,0,N,2015-233637
150117,200470,200610,Block,Cycles,166.5, ,,0,,08/19/2015 12:00:00 AM +0000,8/19/2015 11:00:00 PM,0,,Mid-Block (not related to intersection),Dark - Street Lights On,NE 125TH ST BETWEEN 15TH AVE NE AND 16TH AVE NE,0,1,,3,3734572,Unknown,51,PEDALCYCLIST STRUCK MOTOR VEHICLE FRONT END AT ANGLE,,16484,0,1,Property Damage Only Collision,,45,Bicycle,Matched,N,1,Clear or Partly Cloudy,0,"(47.71940798400004, -122.31200491399994)",0,0,N,15-290254
150119,200202,200342,Block,Cycles,425, ,,0,,08/13/2015 12:00:00 AM +0000,8/13/2015 5:25:00 PM,0,,Mid-Block (not related to intersection),Daylight,11TH AVE NE BETWEEN NE 56TH ST AND NE RAVENNA EB BV,0,1,,3,3736794,Dry,54,PEDALCYCLIST STRUCK MOTOR VEHICLE REAR END,,1414,0,1,Property Damage Only Collision,,45,Bicycle,Matched,N,1,Clear or Partly Cloudy,0,"(47.67059462900005, -122.31628657099998)",0,0,N,2015-281479
150145,202025,202165,Intersection,Cycles,0, ,,0,,08/02/2015 12:00:00 AM +0000,8/2/2015 9:47:00 AM,1,34815,At Intersection (intersection related),Daylight,45TH AVE SW AND SW WILDWOOD PL,0,1,,1,E449561,Dry,51,PEDALCYCLIST STRUCK MOTOR VEHICLE FRONT END AT ANGLE,,6875,0,2,Injury Collision,,45,Bicycle,Matched,N,1,Clear or Partly Cloudy,0,"(47.520787032000044, -122.39022156899995)",4834,0,N,2015-265997
150175,199357,199497,Block,Cycles,163.5, ,,0,,06/29/2015 12:00:00 AM +0000,6/29/2015 12:45:00 PM,1,,Mid-Block (not related to intersection),Daylight,VALLEY ST BETWEEN BOREN AVE N AND FAIRVIEW AVE N,0,1,,2,3549735,Dry,51,PEDALCYCLIST STRUCK MOTOR VEHICLE FRONT END AT ANGLE,,13267,0,2,Injury Collision,,45,Bicycle,Matched,N,1,Clear or Partly Cloudy,0,"(47.625777535000054, -122.33515575899997)",0,0,N,2015-219897
150257,97952,97952,Intersection,Cycles,0, ,,0,,12/02/2009 12:00:00 AM +0000,12/2/2009,1,24429,At Intersection (intersection related),Dark - Street Lights On,12TH AVE NE AND NE 75TH ST,0,1,Y,2,2893061,Unknown,18,"MOTOR VEHICLE STRUCK PEDALCYCLIST, FRONT END AT ANGLE",09336019,1590,0,2,Injury Collision,,45,Bicycle,Matched,0,1,Unknown,0,"(47.68308626400005, -122.31527968899996)",0,521080,N,09-417538
150308,199920,200060,Block,Cycles,47.5, ,,0,,07/10/2015 12:00:00 AM +0000,7/10/2015 5:54:00 AM,1,,Mid-Block (not related to intersection),Dawn,VALLEY ST BETWEEN LAKE UNION PARK ACCESS RD AND BOREN AVE N,0,1,,0,E442178,Dry,18,"MOTOR VEHICLE STRUCK PEDALCYCLIST, FRONT END AT ANGLE",,578003,0,2,Injury Collision,,45,Bicycle,Matched,N,1,Clear or Partly Cloudy,0,"(47.625785456000074, -122.33601127399999)",578003,0,N,2015-235534
150314,200658,200798,Block,Cycles,150, ,,0,,08/18/2015 12:00:00 AM +0000,8/18/2015 4:10:00 PM,1,,Mid-Block (but intersection related),Daylight,RAINIER AVE S BETWEEN SEWARD PARK AVE S AND 57TH AVE S,0,1,,1,E453137,Dry,18,"MOTOR VEHICLE STRUCK PEDALCYCLIST, FRONT END AT ANGLE",,12429,0,2,Injury Collision,,45,Bicycle,Matched,N,1,Clear or Partly Cloudy,0,"(47.52019046100003, -122.26218184299995)",0,0,N,2015-287948
150320,201807,201947,Block,Cycles,166.5, ,,0,,09/03/2015 12:00:00 AM +0000,9/3/2015 9:42:00 PM,1,,Mid-Block (not related to intersection),Dark - Street Lights On,2ND AVE S BETWEEN S JACKSON ST AND S KING ST,0,1,,2,3732647,Dry,18,"MOTOR VEHICLE STRUCK PEDALCYCLIST, FRONT END AT ANGLE",,2871,0,2,Injury Collision,,45,Bicycle,Matched,N,1,Clear or Partly Cloudy,0,"(47.598745586000064, -122.33157924899996)",0,0,N,15-309430
150322,201562,201702,Block,Cycles,850, ,,0,,09/04/2015 12:00:00 AM +0000,9/4/2015 7:08:00 PM,1,,Mid-Block (not related to intersection),Dusk,HARBOR AVE SW BETWEEN SW FLORIDA ST AND SW HARBOR LN,0,1,,2,3588267,Dry,54,PEDALCYCLIST STRUCK MOTOR VEHICLE REAR END,,10820,1,2b,Serious Injury Collision,,45,Bicycle,Matched,N,1,Clear or Partly Cloudy,0,"(47.57900294400008, -122.37260725099998)",0,0,N,15-310623
150325,201559,201699,Intersection,Cycles,0, ,,0,,07/02/2015 12:00:00 AM +0000,7/2/2015 5:35:00 PM,1,26870,At Intersection (intersection related),Daylight,STONE WAY N AND N 38TH ST,0,1,Y,2,3591821,Dry,18,"MOTOR VEHICLE STRUCK PEDALCYCLIST, FRONT END AT ANGLE",,12958,0,2,Injury Collision,,45,Bicycle,Matched,N,1,Clear or Partly Cloudy,0,"(47.652706515000034, -122.34257533499999)",0,12956,N,2015-224732
150326,201558,201698,Intersection,Cycles,0, ,,0,Y,09/05/2015 12:00:00 AM +0000,9/5/2015 4:37:00 PM,1,29603,At Intersection (intersection related),Daylight,2ND AVE AND UNIVERSITY ST,0,1,,2,3585069,Wet,18,"MOTOR VEHICLE STRUCK PEDALCYCLIST, FRONT END AT ANGLE",,2756,0,2,Injury Collision,,45,Bicycle,Matched,N,1,Raining,0,"(47.60729905800008, -122.33708679799997)",42167,0,N,15-311727
150347,199942,200082,Intersection,Cycles,0, ,,0,,07/12/2015 12:00:00 AM +0000,7/12/2015 3:38:00 PM,1,167623,At Intersection (intersection related),Daylight,BEACON ER AVE S AND S MYRTLE ST,0,2,,0,E442595,Dry,51,PEDALCYCLIST STRUCK MOTOR VEHICLE FRONT END AT ANGLE,,20912,0,2,Injury Collision,,45,Bicycle,Matched,N,1,Clear or Partly Cloudy,0,"(47.53895778300006, -122.29608148499995)",0,0,N,2015-238679
150405,201817,201957,Block,Cycles,332.5, ,,0,,09/10/2015 12:00:00 AM +0000,9/10/2015 4:36:00 PM,2,,Mid-Block (but intersection related),Daylight,UNIVERSITY WAY NE BETWEEN NE 45TH ST AND NE 47TH ST,1,1,Y,2,3736800,Dry,64,PEDALCYCLIST STRUCK PEDESTRIAN,,13222,2,2b,Serious Injury Collision,,45,Bicycle,Matched,N,0,Clear or Partly Cloudy,0,"(47.662179209000044, -122.31311572699997)",0,0,N,2015-317789
150459,201304,201444,Intersection,Cycles,0, ,,0,,08/31/2015 12:00:00 AM +0000,8/31/2015 4:46:00 PM,1,29580,At Intersection (intersection related),Daylight,3RD AVE AND PINE ST,0,1,,2,3703501,Dry,51,PEDALCYCLIST STRUCK MOTOR VEHICLE FRONT END AT ANGLE,,4385,0,2,Injury Collision,,45,Bicycle,Matched,N,1,Overcast,0,"(47.61074295100008, -122.33870150899997)",0,0,N,2015-305199
150493,201563,201703,Block,Cycles,177, ,,0,,09/06/2015 12:00:00 AM +0000,9/6/2015 2:15:00 PM,1,,Mid-Block (not related to intersection),Daylight,ALKI AVE SW BETWEEN 60TH AVE SW AND 61ST AVE SW,1,1,,2,3588268,Dry,64,PEDALCYCLIST STRUCK PEDESTRIAN,,8797,0,2,Injury Collision,,45,Bicycle,Matched,N,0,Overcast,0,"(47.57931775900005, -122.40998774299999)",0,0,N,15-312797
150496,201310,201450,Intersection,Cycles,0, ,,0,,09/01/2015 12:00:00 AM +0000,9/1/2015 10:45:00 AM,1,29839,At Intersection (intersection related),Daylight,12TH AVE AND E SPRUCE ST,0,1,,2,3707603,Wet,51,PEDALCYCLIST STRUCK MOTOR VEHICLE FRONT END AT ANGLE,,1525,0,2,Injury Collision,,45,Bicycle,Matched,N,1,Raining,0,"(47.60351416000003, -122.31678152399996)",0,0,N,2015-305979
150561,202443,202583,Intersection,Cycles,0,NEI,"Not Enough Information, or Insufficient Location Information",0,,09/16/2015 12:00:00 AM +0000,9/16/2015 9:14:00 AM,0,27035,At Intersection (intersection related),Daylight,FREMONT AVE N AND FREMONT PL N,0,1,,2,3733842,Dry,00,NOT ENOUGH INFORMATION / NOT APPLICABLE,,10486,0,1,Property Damage Only Collision,,45,Bicycle,Matched,N,1,Clear or Partly Cloudy,0,"(47.65043101700007, -122.34983490399998)",0,0,N,2015-324822
150613,27592,27592,Intersection,Cycles,0,,,0,Y,05/14/2004 12:00:00 AM +0000,5/14/2004 10:24:00 AM,1,29510,At Intersection (intersection related),Daylight,DENNY WAY AND WESTLAKE AVE,0,1,,3,1482713,Dry,51,PEDALCYCLIST STRUCK MOTOR VEHICLE FRONT END AT ANGLE,04135005,10015,0,2,Injury Collision,,45,Bicycle,Matched,0,1,Clear or Partly Cloudy,0,"(47.618534269000065, -122.33848456799996)",0,0,N,04-194127
150685,27136,27136,Intersection,Cycles,0,,,0,,05/05/2004 12:00:00 AM +0000,5/5/2004,1,25464,At Intersection (intersection related),Daylight,LEARY WAY NW AND NW 46TH ST,0,1,Y,2,1782358,Dry,18,"MOTOR VEHICLE STRUCK PEDALCYCLIST, FRONT END AT ANGLE",04126006,11347,0,2,Injury Collision,,45,Bicycle,Matched,0,1,Clear or Partly Cloudy,0,"(47.66219540600008, -122.36786512799995)",0,0,N,04-180969
150696,27289,27289,Block,Cycles,134.5,,,0,,09/29/2004 12:00:00 AM +0000,9/29/2004 6:06:00 PM,1,,Driveway Junction,Daylight,WALL ST BETWEEN ALASKAN WAY AND ELLIOTT AVE,0,1,,2,1785226,Dry,18,"MOTOR VEHICLE STRUCK PEDALCYCLIST, FRONT END AT ANGLE",04273019,13352,1,2b,Serious Injury Collision,,45,Bicycle,Matched,0,1,Clear or Partly Cloudy,0,"(47.61308846600008, -122.35082566499995)",0,0,N,4409259
150717,26864,26864,Block,Cycles,503.5,,,0,,06/25/2004 12:00:00 AM +0000,6/25/2004 6:16:00 PM,1,,Driveway Junction,Daylight,SW BARTON ST BETWEEN 26TH AVE SW AND 29TH AVE SW,0,1,,2,1798528,Dry,18,"MOTOR VEHICLE STRUCK PEDALCYCLIST, FRONT END AT ANGLE",04177004,21846,0,2,Injury Collision,,45,Bicycle,Matched,1,1,Clear or Partly Cloudy,0,"(47.52103009700005, -122.36792955699997)",0,0,N,40260171
150804,215161,215421,Intersection,Cycles,0, ,,0,,03/04/2016 12:00:00 AM +0000,3/4/2016 7:18:00 PM,0,30410,At Intersection (intersection related),Dark - Street Lights On,12TH AVE AND E YESLER WAY,0,1,,2,3777793,Wet,51,PEDALCYCLIST STRUCK MOTOR VEHICLE FRONT END AT ANGLE,,1523,0,1,Property Damage Only Collision,,45,Bicycle,Matched,N,1,Raining,0,"(47.60169336800004, -122.31678189299998)",0,0,N,2016-78063
150823,214610,214870,Intersection,Cycles,0, ,,0,Y,02/29/2016 12:00:00 AM +0000,2/29/2016 4:53:00 PM,0,26034,At Intersection (intersection related),Daylight,RAVENNA PL NE AND NE 55TH ST,0,1,,2,3786824,Dry,18,"MOTOR VEHICLE STRUCK PEDALCYCLIST, FRONT END AT ANGLE",,17040,0,1,Property Damage Only Collision,,45,Bicycle,Matched,N,1,Clear or Partly Cloudy,0,"(47.66814485400005, -122.30291695399995)",32879,0,N,2016-73675
150894,212680,212960,Intersection,Cycles,0, ,,0,,12/29/2015 12:00:00 AM +0000,12/29/2015 5:19:00 PM,1,25539,At Intersection (intersection related),Dark - Street Lights On,STONE AVE N AND N 48TH ST,0,1,Y,2,2022885,Dry,18,"MOTOR VEHICLE STRUCK PEDALCYCLIST, FRONT END AT ANGLE",,12915,0,2,Injury Collision,,45,Bicycle,Matched,N,1,Clear or Partly Cloudy,0,"(47.66357826800004, -122.34209950899998)",25539,0,N,2015-449247
150906,213287,213547,Intersection,Cycles,0, ,,0,,02/09/2016 12:00:00 AM +0000,2/9/2016 7:21:00 AM,1,24214,At Intersection (intersection related),Daylight,8TH AVE NW AND NW 65TH ST,0,1,,2,3786784,Dry,18,"MOTOR VEHICLE STRUCK PEDALCYCLIST, FRONT END AT ANGLE",,8395,0,2,Injury Collision,,45,Bicycle,Matched,N,1,Clear or Partly Cloudy,0,"(47.67598534700005, -122.36602339899997)",2489,0,N,16-47607
151001,212114,212354,Intersection,Cycles,0, ,,0,,01/22/2016 12:00:00 AM +0000,1/22/2016 1:04:00 PM,1,36054,At Intersection (intersection related),Daylight,30TH AVE NE AND NE 130TH ST,0,1,,2,E508907,Dry,18,"MOTOR VEHICLE STRUCK PEDALCYCLIST, FRONT END AT ANGLE",,4635,0,2,Injury Collision,,45,Bicycle,Matched,N,1,Clear or Partly Cloudy,0,"(47.72290005100007, -122.29635851799998)",0,521376,N,2016-25774
151057,27356,27356,Intersection,Cycles,0,,,0,,03/02/2004 12:00:00 AM +0000,3/2/2004,1,28668,At Intersection (intersection related),Daylight,ELLIOTT ER AVE W AND WESTERN AVE W,0,1,Y,2,1475098,Dry,18,"MOTOR VEHICLE STRUCK PEDALCYCLIST, FRONT END AT ANGLE",04062020,13522,0,2,Injury Collision,,45,Bicycle,Matched,0,1,Clear or Partly Cloudy,0,"(47.620188592000034, -122.36004223699996)",0,0,N,04-088982
151204,27240,27240,Block,Cycles,631.5,,,0,,10/02/2004 12:00:00 AM +0000,10/2/2004,1,,Driveway Junction,Daylight,LAKE WASHINGTON BLVD E BETWEEN ARBORETUM DR E AND E INTERLAKEN BLVD,0,1,,1,1217195,Dry,69,PEDALCYCLIST OVERTURNED IN ROAD,04276012,11210,0,2,Injury Collision,,45,Bicycle,Matched,0,0,Clear or Partly Cloudy,0,"(47.629166619000046, -122.29603606699999)",0,0,N,40413653
151255,213771,214031,Block,Cycles,330,NEI,"Not Enough Information, or Insufficient Location Information",0,,01/29/2016 12:00:00 AM +0000,1/29/2016 10:45:00 AM,1,,,Daylight,N NORTHGATE WAY BETWEEN CORLISS AVE N AND 1ST AVE NE,0,1,,1,E511164,Wet,00,NOT ENOUGH INFORMATION / NOT APPLICABLE,,16120,0,2,Injury Collision,,45,Bicycle,Matched,N,1,Raining,0,"(47.70863744800005, -122.32997598599997)",0,0,N,2016-34315
151269,215690,215950,Intersection,Cycles,0, ,,0,,03/08/2016 12:00:00 AM +0000,3/8/2016 7:40:00 AM,1,29865,At Intersection (intersection related),Daylight,BOREN AVE AND OLIVE WAY,0,1,,2,3791585,Dry,54,PEDALCYCLIST STRUCK MOTOR VEHICLE REAR END,,9321,0,2,Injury Collision,,45,Bicycle,Matched,N,1,Clear or Partly Cloudy,0,"(47.615449718000036, -122.33072969599999)",0,0,N,2016-81974
151289,215524,215784,Intersection,Cycles,0, ,,0,,03/09/2016 12:00:00 AM +0000,3/9/2016 1:08:00 PM,1,29587,At Intersection (intersection related),Daylight,3RD AVE AND PIKE ST,0,1,,2,3732850,Wet,18,"MOTOR VEHICLE STRUCK PEDALCYCLIST, FRONT END AT ANGLE",,4384,0,2,Injury Collision,,45,Bicycle,Matched,N,1,Raining,0,"(47.60974973300006, -122.33779291599996)",35825,0,N,2016-83629
151293,215521,215781,Block,Cycles,252, ,,0,Y,03/03/2016 12:00:00 AM +0000,3/3/2016 6:00:00 AM,1,,Mid-Block (not related to intersection),Dark - Street Lights On,DELRIDGE WAY SW BETWEEN SW ORCHARD ST AND SYLVAN WAY SW,0,1,,2,3732087,Wet,18,"MOTOR VEHICLE STRUCK PEDALCYCLIST, FRONT END AT ANGLE",,9978,0,2,Injury Collision,,45,Bicycle,Matched,N,1,Clear or Partly Cloudy,0,"(47.537267213000064, -122.36118562799999)",0,0,N,2016-75831
151305,215883,216143,Intersection,Cycles,0,NEI,"Not Enough Information, or Insufficient Location Information",0,,02/25/2016 12:00:00 AM +0000,2/25/2016 5:45:00 PM,1,28376,At Intersection (intersection related),Dark - Street Lights On,24TH AVE E AND E INTERLAKEN BLVD,0,1,,2,E523877,Dry,00,NOT ENOUGH INFORMATION / NOT APPLICABLE,,3548,0,2,Injury Collision,,45,Bicycle,Matched,N,1,Clear or Partly Cloudy,0,"(47.634573061000026, -122.30157617799995)",0,0,N,2016-67938
151314,214961,215221,Block,Cycles,178.5, ,,0,,02/23/2016 12:00:00 AM +0000,2/23/2016 9:27:00 AM,0,,Mid-Block (not related to intersection),Daylight,14TH AVE BETWEEN E UNION ST AND E MADISON ST,0,1,,1,E520203,Dry,53,PEDALCYCLIST STRUCK MOTOR VEHICLE LEFT SIDE AT ANGLE,,1850,0,1,Property Damage Only Collision,,45,Bicycle,Matched,N,1,Clear or Partly Cloudy,0,"(47.613404795000065, -122.31419383999997)",0,0,Y,2016-64753
151320,213320,213580,Block,Cycles,213, ,,0,Y,01/28/2016 12:00:00 AM +0000,1/28/2016 7:06:00 PM,1,,Mid-Block (not related to intersection),Dark - Street Lights On,12TH AVE E BETWEEN E DENNY WAY AND E JOHN ST,0,1,,1,E511049,Dry,51,PEDALCYCLIST STRUCK MOTOR VEHICLE FRONT END AT ANGLE,,1550,0,2,Injury Collision,,45,Bicycle,Matched,N,1,Clear or Partly Cloudy,0,"(47.61935121000005, -122.31691908399995)",0,0,N,2016-33607
151333,212727,213007,Intersection,Cycles,0, ,,0,,10/22/2015 12:00:00 AM +0000,10/22/2015 10:30:00 AM,1,27293,At Intersection (intersection related),Daylight,MONTLAKE BLVD NE AND NE 44TH ST,0,1,,2,3449022,Dry,11,"MOTOR VEHICLE STRUCK MOTOR VEHICLE, FRONT END AT ANGLE",,11913,0,2,Injury Collision,,45,Bicycle,Matched,N,1,Clear or Partly Cloudy,0,"(47.66034957800008, -122.30000955199995)",0,0,N,15-002065
151347,212421,212701,Intersection,Cycles,0,NEI,"Not Enough Information, or Insufficient Location Information",0,,01/20/2016 12:00:00 AM +0000,1/20/2016 6:45:00 AM,1,32395,At Intersection (intersection related),Dark - Street Lights On,AIRPORT WAY S AND S INDUSTRIAL EB WAY,0,1,,1,E507595,Dry,00,NOT ENOUGH INFORMATION / NOT APPLICABLE,,8684,0,2,Injury Collision,,45,Bicycle,Matched,N,1,Clear or Partly Cloudy,0,"(47.564518828000075, -122.32279682499995)",0,0,N,2016-22725
151348,213337,213597,Intersection,Cycles,0,NEI,"Not Enough Information, or Insufficient Location Information",0,,01/26/2016 12:00:00 AM +0000,1/26/2016 5:06:00 PM,2,30136,At Intersection (intersection related),Dark - Street Lights On,15TH AVE AND E MADISON ST,0,1,,1,E512530,Wet,00,NOT ENOUGH INFORMATION / NOT APPLICABLE,,1997,0,2,Injury Collision,,45,Bicycle,Matched,N,1,Overcast,0,"(47.61449898500007, -122.31277145499996)",0,0,N,2016-030860
151393,213586,213846,Block,Cycles,237.5, ,,0,,02/16/2016 12:00:00 AM +0000,2/16/2016 8:00:00 AM,0,,Mid-Block (not related to intersection),Daylight,FAUNTLEROY WAY SW BETWEEN SW FINDLAY ST AND 39TH S AVE SW,0,1,,2,3644747,Dry,51,PEDALCYCLIST STRUCK MOTOR VEHICLE FRONT END AT ANGLE,,10392,0,1,Property Damage Only Collision,,45,Bicycle,Matched,N,1,Overcast,0,"(47.55138671100008, -122.38167391799999)",0,0,N,2016-56065
151484,213595,213855,Intersection,Cycles,0, ,,0,,02/12/2016 12:00:00 AM +0000,2/12/2016 8:00:00 AM,1,30144,At Intersection (intersection related),Daylight,18TH AVE AND E UNION ST,0,1,,2,3704144,Wet,18,"MOTOR VEHICLE STRUCK PEDALCYCLIST, FRONT END AT ANGLE",,2540,0,2,Injury Collision,,45,Bicycle,Matched,N,1,Raining,0,"(47.612901753000074, -122.30886086799995)",0,0,N,2016-55183
151554,214457,214717,Intersection,Cycles,0,NEI,"Not Enough Information, or Insufficient Location Information",0,,02/14/2016 12:00:00 AM +0000,2/14/2016 3:50:00 PM,1,29740,At Intersection (intersection related),Daylight,12TH AVE AND E PINE ST,0,1,,1,E515845,Dry,00,NOT ENOUGH INFORMATION / NOT APPLICABLE,,1547,0,2,Injury Collision,,45,Bicycle,Matched,N,1,Overcast,0,"(47.61526393300005, -122.31685416899995)",0,0,N,2016-54426
151645,214992,215252,Intersection,Cycles,0, ,,0,,02/29/2016 12:00:00 AM +0000,2/29/2016 9:27:00 AM,1,29783,At Intersection (intersection related),Daylight,12TH AVE AND E MARION ST,0,1,,1,E520804,Dry,18,"MOTOR VEHICLE STRUCK PEDALCYCLIST, FRONT END AT ANGLE",,1534,0,2,Injury Collision,,45,Bicycle,Matched,N,1,Overcast,0,"(47.610395012000026, -122.31677935199997)",10719,0,N,2016-72119
151651,214743,215003,Intersection,Cycles,0, ,,0,Y,02/19/2016 12:00:00 AM +0000,2/19/2016 1:04:00 PM,1,36647,At Intersection (intersection related),Daylight,30TH AVE NE AND LAKE CITY N WAY NE,0,1,,1,E518320,Wet,18,"MOTOR VEHICLE STRUCK PEDALCYCLIST, FRONT END AT ANGLE",,4632,0,2,Injury Collision,,45,Bicycle,Matched,N,1,Raining,0,"(47.71764180000008, -122.29620135899995)",0,0,N,2016-60091
151693,215546,215806,Block,Cycles,146.5, ,,0,Y,03/10/2016 12:00:00 AM +0000,3/10/2016 3:06:00 PM,1,,Mid-Block (not related to intersection),Daylight,4TH AVE S BETWEEN DIAGONAL AVE S AND COSTCO DR,0,1,,3,3735098,Wet,18,"MOTOR VEHICLE STRUCK PEDALCYCLIST, FRONT END AT ANGLE",,6251,0,2,Injury Collision,,45,Bicycle,Matched,N,2,Raining,0,"(47.56689372400007, -122.32940739199995)",0,0,N,2016-85000
151745,212524,212804,Intersection,Cycles,0, ,,0,,01/28/2016 12:00:00 AM +0000,1/28/2016 7:52:00 AM,1,25308,At Intersection (intersection related),Daylight,3RD AVE NW AND NW 55TH ST,0,1,,2,3786880,Wet,18,"MOTOR VEHICLE STRUCK PEDALCYCLIST, FRONT END AT ANGLE",,4456,0,2,Injury Collision,,45,Bicycle,Matched,N,1,Raining,0,"(47.668693380000036, -122.36080636099996)",0,0,N,16-32757
151792,213816,214076,Block,Cycles,142,NEI,"Not Enough Information, or Insufficient Location Information",0,,02/18/2016 12:00:00 AM +0000,2/18/2016 8:30:00 AM,1,,Mid-Block (not related to intersection),Daylight,S CLOVERDALE ST BETWEEN 38TH AVE S AND 39TH AVE S,0,1,,2,3732070,Dry,00,NOT ENOUGH INFORMATION / NOT APPLICABLE,,19657,0,2,Injury Collision,,45,Bicycle,Matched,N,1,Overcast,0,"(47.52611060900006, -122.28419551999997)",0,0,N,16-59313
151796,212983,213263,Intersection,Cycles,0,NEI,"Not Enough Information, or Insufficient Location Information",0,,02/01/2016 12:00:00 AM +0000,2/1/2016 3:37:00 PM,1,36051,At Intersection (intersection related),Daylight,33RD AVE NE AND NE 130TH ST,0,1,Y,2,3737311,Dry,00,NOT ENOUGH INFORMATION / NOT APPLICABLE,,16555,0,2,Injury Collision,,45,Bicycle,Matched,N,1,Clear or Partly Cloudy,0,"(47.72273215400003, -122.29198770499994)",0,0,N,16-38222
151865,212527,212807,Intersection,Cycles,0, ,,0,,01/29/2016 12:00:00 AM +0000,1/29/2016 7:45:00 PM,0,28383,At Intersection (intersection related),Dark - Street Lights On,MONTLAKE BLVD E AND E SHELBY ST,0,1,,2,3701994,Dry,18,"MOTOR VEHICLE STRUCK PEDALCYCLIST, FRONT END AT ANGLE",,11909,0,1,Property Damage Only Collision,,45,Bicycle,Matched,N,1,Unknown,0,"(47.64639608400006, -122.30461411499999)",0,0,N,2016-35040
151893,215958,216218,Intersection,Cycles,0, ,,0,Y,03/08/2016 12:00:00 AM +0000,3/8/2016 6:16:00 PM,1,26906,At Intersection (intersection related),Dusk,WALLINGFORD AVE N AND N 34TH ST,0,1,,2,3737683,Dry,21,"MOTOR VEHICLE STRUCK PEDALCYCLIST, REAR END",,13362,0,2,Injury Collision,,45,Bicycle,Matched,N,1,Clear or Partly Cloudy,0,"(47.64804508900005, -122.33635091599996)",0,0,N,2016-82762
151945,215749,216009,Intersection,Cycles,0,NEI,"Not Enough Information, or Insufficient Location Information",0,,03/07/2016 12:00:00 AM +0000,3/7/2016 4:18:00 PM,1,29589,At Intersection (but not related to intersection),Daylight,4TH AVE AND PIKE ST,0,1,,2,E522191,Dry,00,NOT ENOUGH INFORMATION / NOT APPLICABLE,,6131,0,2,Injury Collision,,45,Bicycle,Matched,N,1,Clear or Partly Cloudy,0,"(47.61021404200005, -122.33668342799996)",0,0,N,2016-81353
152046,213632,213892,Block,Cycles,239.5, ,,0,,02/13/2016 12:00:00 AM +0000,2/13/2016 12:42:00 AM,1,,Mid-Block (but intersection related),Dark - Street Lights On,RAINIER AVE S BETWEEN S FOREST ST AND M L KING JR WAY S,0,1,,2,3735238,Wet,21,"MOTOR VEHICLE STRUCK PEDALCYCLIST, REAR END",,12366,0,2,Injury Collision,,45,Bicycle,Matched,N,1,Raining,0,"(47.57694362600006, -122.29707687099994)",0,0,N,2016-52635
152082,215574,215834,Block,Cycles,132, ,,0,,03/13/2016 12:00:00 AM +0000,3/13/2016 11:25:00 AM,1,,Mid-Block (not related to intersection),Daylight,NE 70TH ST BETWEEN 34TH E AVE NE AND 35TH AVE NE,1,1,,2,3737589,Wet,24,MOTOR VEHCILE STRUCK PEDESTRIAN,,17408,0,2,Injury Collision,,45,Bicycle,Matched,N,0,Overcast,0,"(47.67941552100007, -122.29091443199997)",0,0,N,2016-088692
152104,215050,215310,Intersection,Cycles,0, ,,0,,01/21/2016 12:00:00 AM +0000,1/21/2016 6:55:00 PM,0,287161,At Intersection (intersection related),Dark - Street Lights On,BURKE GILMAN TRL AND PEND OREILLE RD NE,0,1,,2,3479427,Wet,18,"MOTOR VEHICLE STRUCK PEDALCYCLIST, FRONT END AT ANGLE",,287260,0,1,Property Damage Only Collision,,45,Bicycle,Matched,Y,1,Raining,0,"(47.66014929000005, -122.30183456599997)",0,0,N,16-000125