OBJECTID,INCKEY,COLDETKEY,ADDRTYPE,COLLISIONTYPE,DISTANCE,EXCEPTRSNCODE,EXCEPTRSNDESC,FATALITIES,INATTENTIONIND,INCDATE,INCDTTM,INJURIES,INTKEY,JUNCTIONTYPE,LIGHTCOND,LOCATION,PEDCOUNT,PEDCYLCOUNT,PEDROWNOTGRNT,PERSONCOUNT,REPORTNO,ROADCOND,SDOT_COLCODE,SDOT_COLDESC,SDOTCOLNUM,SEGKEY,SERIOUSINJURIES,SEVERITYCODE,SEVERITYDESC,SPEEDING,ST_COLCODE,ST_COLDESC,STATUS,UNDERINFL,VEHCOUNT,WEATHER,WIDTH,Shape,SEGLANEKEY,CROSSWALKKEY,HITPARKEDCAR,SPDCASENO
152180,213855,214115,Block,Cycles,325.5, ,,0,,02/09/2016 12:00:00 AM +0000,2/9/2016 8:34:00 AM,1,,Mid-Block (not related to intersection),Daylight,AIRPORT WAY S BETWEEN S EDMUNDS ST AND AIRPORT WY S VI,0,1,,2,E514160,Dry,11,"MOTOR VEHICLE STRUCK MOTOR VEHICLE, FRONT END AT ANGLE",,8688,0,2,Injury Collision,,45,Bicycle,Matched,N,1,Overcast,0,"(47.55892134800007, -122.32317369199995)",0,0,N,2016-47691
152268,213130,213410,Intersection,Cycles,0, ,,0,,02/07/2016 12:00:00 AM +0000,2/7/2016 3:57:00 PM,1,167623,At Intersection (intersection related),Daylight,BEACON ER AVE S AND S MYRTLE ST,0,1,,2,3735229,Dry,18,"MOTOR VEHICLE STRUCK PEDALCYCLIST, FRONT END AT ANGLE",,20912,0,2,Injury Collision,,45,Bicycle,Matched,N,1,Clear or Partly Cloudy,0,"(47.53895778300006, -122.29608148499995)",0,0,N,2016-45889
152299,216225,216505,Intersection,Cycles,0, ,,0,,03/04/2016 12:00:00 AM +0000,3/4/2016 7:38:00 AM,0,30074,At Intersection (intersection related),Daylight,26TH AVE AND E CHERRY ST,0,1,,2,3738325,Dry,18,"MOTOR VEHICLE STRUCK PEDALCYCLIST, FRONT END AT ANGLE",,3832,0,1,Property Damage Only Collision,,45,Bicycle,Matched,N,1,Clear or Partly Cloudy,0,"(47.60800138400003, -122.29886768699998)",0,0,N,2016-77263
152303,212805,213085,Block,Cycles,161, ,,0,Y,12/09/2015 12:00:00 AM +0000,12/9/2015 9:10:00 AM,1,,Mid-Block (not related to intersection),Daylight,E PINE ST BETWEEN 10TH AVE AND 11TH AVE,0,1,,1,E510244,Standing Water,18,"MOTOR VEHICLE STRUCK PEDALCYCLIST, FRONT END AT ANGLE",,14636,0,2,Injury Collision,,45,Bicycle,Matched,N,1,Overcast,0,"(47.61524975200007, -122.31881447599994)",0,0,N,15426785
152378,215784,216044,Intersection,Cycles,0, ,,0,,03/02/2016 12:00:00 AM +0000,3/2/2016 8:50:00 AM,1,30409,At Intersection (intersection related),Daylight,13TH AVE AND E YESLER WAY,0,1,Y,3,3707609,Dry,18,"MOTOR VEHICLE STRUCK PEDALCYCLIST, FRONT END AT ANGLE",,1728,0,2,Injury Collision,,45,Bicycle,Matched,N,1,Overcast,0,"(47.60169019500006, -122.31492849999995)",0,0,N,2016-74648
152388,215782,216042,Intersection,Cycles,0, ,,0,Y,03/09/2016 12:00:00 AM +0000,3/9/2016 5:03:00 AM,1,29884,At Intersection (intersection related),Dark - Street Lights On,PIKE ST AND TERRY AVE,0,1,,2,3707387,Dry,18,"MOTOR VEHICLE STRUCK PEDALCYCLIST, FRONT END AT ANGLE",,12206,0,2,Injury Collision,,45,Bicycle,Matched,N,1,Overcast,0,"(47.61300140900005, -122.33002503099999)",0,0,N,2016-83176
152409,215989,216249,Block,Cycles,125, ,,0,,03/18/2016 12:00:00 AM +0000,3/18/2016 5:44:00 PM,2,,Mid-Block (not related to intersection),Daylight,GREEN LAKE WAY N BETWEEN N 54TH ST AND N CLOGSTON WAY,0,2,,3,3787000,Dry,51,PEDALCYCLIST STRUCK MOTOR VEHICLE FRONT END AT ANGLE,,10697,2,2b,Serious Injury Collision,,45,Bicycle,Matched,N,1,Clear or Partly Cloudy,0,"(47.66810501200007, -122.34007714299997)",0,0,N,2016-95422
152636,213510,213770,Intersection,Cycles,0, ,,0,,02/09/2016 12:00:00 AM +0000,2/9/2016 5:50:00 PM,1,24401,At Intersection (intersection related),Dark - Street Lights On,ROOSEVELT WAY NE AND NE 79TH ST,0,1,,2,3787003,Dry,18,"MOTOR VEHICLE STRUCK PEDALCYCLIST, FRONT END AT ANGLE",,12628,0,2,Injury Collision,,45,Bicycle,Matched,N,1,Clear or Partly Cloudy,0,"(47.68602148600007, -122.31754013799997)",0,0,N,16-48402
152661,214838,215098,Intersection,Cycles,0, ,,0,,02/20/2016 12:00:00 AM +0000,2/20/2016 7:01:00 AM,1,36419,At Intersection (intersection related),Daylight,GREENWOOD AVE N AND HOLMAN RD N,0,1,,1,E517569,Dry,18,"MOTOR VEHICLE STRUCK PEDALCYCLIST, FRONT END AT ANGLE",,10765,0,2,Injury Collision,,45,Bicycle,Matched,N,1,Clear or Partly Cloudy,0,"(47.70508354100008, -122.35545274599997)",4798,0,N,2016-61044
152699,215614,215874,Intersection,Cycles,0, ,,0,,03/03/2016 12:00:00 AM +0000,3/3/2016 1:44:00 PM,1,26470,At Intersection (intersection related),Daylight,16TH AVE W AND W DRAVUS ST,0,1,,2,3740380,Wet,11,"MOTOR VEHICLE STRUCK MOTOR VEHICLE, FRONT END AT ANGLE",,2354,1,2b,Serious Injury Collision,,45,Bicycle,Matched,N,1,Raining,0,"(47.64846703400008, -122.37749847599997)",0,0,N,2016-83664
152764,213520,213780,Block,Cycles,468, ,,0,,02/11/2016 12:00:00 AM +0000,2/11/2016 3:30:00 PM,1,,Mid-Block (not related to intersection),Daylight,SHILSHOLE AVE NW BETWEEN 17TH AVE NW AND NW DOCK PL,0,1,,3,3726310,Wet,51,PEDALCYCLIST STRUCK MOTOR VEHICLE FRONT END AT ANGLE,,12828,0,2,Injury Collision,,45,Bicycle,Matched,N,1,Overcast,0,"(47.662997646000065, -122.38055647199997)",0,0,N,16-50726
152778,215124,215384,Intersection,Cycles,0, ,,0,,02/26/2016 12:00:00 AM +0000,2/26/2016 10:55:00 PM,0,29809,At Intersection (intersection related),Dark - Street Lights On,12TH AVE AND E JEFFERSON ST,0,1,,2,E520460,Wet,18,"MOTOR VEHICLE STRUCK PEDALCYCLIST, FRONT END AT ANGLE",,1529,0,1,Property Damage Only Collision,,45,Bicycle,Matched,N,1,Raining,0,"(47.60620304500003, -122.31678046599995)",0,0,N,2016-69581
152822,216296,216576,Intersection,Cycles,0, ,,0,,03/02/2016 12:00:00 AM +0000,3/2/2016 6:33:00 PM,0,29553,At Intersection (intersection related),Dark - Street Lights On,7TH AVE AND OLIVE WAY,0,1,,2,3791232,Wet,18,"MOTOR VEHICLE STRUCK PEDALCYCLIST, FRONT END AT ANGLE",,8160,0,1,Property Damage Only Collision,,45,Bicycle,Matched,N,1,Raining,0,"(47.613595528000076, -122.33517270199997)",0,523733,N,16-75441
152825,215617,215877,Block,Cycles,266, ,,0,Y,03/11/2016 12:00:00 AM +0000,3/11/2016 6:45:00 AM,1,,Mid-Block (not related to intersection),Daylight,ROOSEVELT WAY NE BETWEEN NE 43RD N ST AND NE 45TH ST,0,1,Y,2,3787086,Unknown,18,"MOTOR VEHICLE STRUCK PEDALCYCLIST, FRONT END AT ANGLE",,12598,0,2,Injury Collision,,45,Bicycle,Matched,N,1,Clear or Partly Cloudy,0,"(47.660577379000074, -122.31772271499995)",12598,0,N,2016-85671
152832,216025,216285,Intersection,Cycles,0,NEI,"Not Enough Information, or Insufficient Location Information",0,,03/17/2016 12:00:00 AM +0000,3/17/2016 5:08:00 PM,1,29839,At Intersection (intersection related),Daylight,12TH AVE AND E SPRUCE ST,0,1,,1,E525968,Dry,00,NOT ENOUGH INFORMATION / NOT APPLICABLE,,1525,0,2,Injury Collision,,45,Bicycle,Matched,N,1,Clear or Partly Cloudy,0,"(47.60351416000003, -122.31678152399996)",0,0,N,2016-94109
152909,214864,215124,Intersection,Cycles,0, ,,0,,02/15/2016 12:00:00 AM +0000,2/15/2016 5:16:00 PM,1,24098,At Intersection (intersection related),Dusk,6TH AVE NW AND NW 70TH ST,0,1,,1,E517978,Unknown,18,"MOTOR VEHICLE STRUCK PEDALCYCLIST, FRONT END AT ANGLE",,7947,0,2,Injury Collision,,45,Bicycle,Matched,N,1,Clear or Partly Cloudy,0,"(47.679552569000066, -122.36343731399995)",0,0,N,2016-55534
152973,215831,216091,Block,Cycles,213,NEI,"Not Enough Information, or Insufficient Location Information",0,,02/29/2016 12:00:00 AM +0000,2/29/2016 11:23:00 AM,1,,,Daylight,6TH AVE BETWEEN PIKE ST AND PINE ST,0,1,,2,E523538,Dry,00,NOT ENOUGH INFORMATION / NOT APPLICABLE,,7883,0,2,Injury Collision,,45,Bicycle,Matched,N,2,Clear or Partly Cloudy,0,"(47.61163826500007, -122.334917384)",0,0,N,16-72257
153163,203444,203584,Intersection,Cycles,0, ,,0,Y,09/28/2015 12:00:00 AM +0000,9/28/2015 7:22:00 PM,1,34885,At Intersection (intersection related),Dark - Street Lights On,20TH AVE SW AND DELRIDGE WAY SW,0,1,Y,2,3587909,Dry,18,"MOTOR VEHICLE STRUCK PEDALCYCLIST, FRONT END AT ANGLE",,3085,0,2,Injury Collision,,45,Bicycle,Matched,N,1,Clear or Partly Cloudy,0,"(47.52180710600004, -122.35915384699996)",0,0,N,2015-339979
153194,204298,204438,Block,Cycles,331.5, ,,0,,10/01/2015 12:00:00 AM +0000,10/1/2015 6:15:00 PM,1,,Driveway Junction,Unknown,N 100TH ST BETWEEN LINDEN AVE N AND AURORA AVE N,0,1,,2,3738810,Unknown,18,"MOTOR VEHICLE STRUCK PEDALCYCLIST, FRONT END AT ANGLE",,14967,0,2,Injury Collision,,45,Bicycle,Matched,N,1,Unknown,0,"(47.70143393500007, -122.34599971799997)",0,0,N,2015-346905
153195,203278,203418,Block,Cycles,169, ,,0,,09/22/2015 12:00:00 AM +0000,9/22/2015 8:03:00 AM,1,,Mid-Block (not related to intersection),Daylight,GREEN LAKE WAY N BETWEEN N 48TH ST AND STONE AVE N,0,1,,2,3733820,Dry,23,"MOTOR VEHICLE STRUCK PEDALCYCLIST, LEFT SIDE SIDESWIPE",,10690,0,2,Injury Collision,,45,Bicycle,Matched,N,1,,0,"(47.66385188600003, -122.34264783499998)",1849,0,N,2015-331983
153335,202874,203014,Intersection,Cycles,0, ,,0,,09/20/2015 12:00:00 AM +0000,9/20/2015 9:15:00 AM,1,29681,At Intersection (intersection related),Daylight,CLAY ST AND ELLIOTT AVE,0,1,,2,3789354,Dry,51,PEDALCYCLIST STRUCK MOTOR VEHICLE FRONT END AT ANGLE,,9682,0,2,Injury Collision,,45,Bicycle,Matched,N,1,Clear or Partly Cloudy,0,"(47.615024764000054, -122.35326864599995)",0,0,N,2015-329772
153348,203110,203250,Intersection,Cycles,0, ,,0,Y,09/26/2015 12:00:00 AM +0000,9/26/2015 1:40:00 PM,1,25143,At Intersection (intersection related),Daylight,24TH AVE NW AND NW MARKET ST,0,1,,2,3327825,Dry,18,"MOTOR VEHICLE STRUCK PEDALCYCLIST, FRONT END AT ANGLE",,3590,0,2,Injury Collision,,45,Bicycle,Matched,N,1,Clear or Partly Cloudy,0,"(47.66867869300006, -122.38757648599994)",0,0,N,2015-337152
153379,204065,204205,Block,Cycles,237.5, ,,0,,09/02/2015 12:00:00 AM +0000,9/2/2015 2:00:00 PM,1,,Mid-Block (not related to intersection),Daylight,HARVARD AVE E BETWEEN HAMLIN ST ON RP AND E SHELBY ST,0,1,,0,E458503,Dry,18,"MOTOR VEHICLE STRUCK PEDALCYCLIST, FRONT END AT ANGLE",,10859,0,2,Injury Collision,,45,Bicycle,Matched,N,1,Clear or Partly Cloudy,0,"(47.64626955600005, -122.32210425299996)",0,0,N,
153393,203465,203605,Block,Cycles,161, ,,0,,09/15/2015 12:00:00 AM +0000,9/15/2015 6:32:00 AM,1,,Mid-Block (not related to intersection),Dawn,JEFFERSON ST BETWEEN 5TH AVE AND 6TH AVE,0,1,,1,E463046,Dry,18,"MOTOR VEHICLE STRUCK PEDALCYCLIST, FRONT END AT ANGLE",,11063,0,2,Injury Collision,,45,Bicycle,Matched,N,1,Clear or Partly Cloudy,0,"(47.60321561100005, -122.32798197599999)",0,0,N,2015-323411
153421,203475,203615,Intersection,Cycles,0, ,,0,,09/19/2015 12:00:00 AM +0000,9/19/2015 4:26:00 PM,1,35451,At Intersection (intersection related),Daylight,RAINIER AVE S AND SEWARD PARK AVE S,0,1,,1,E463173,Dry,18,"MOTOR VEHICLE STRUCK PEDALCYCLIST, FRONT END AT ANGLE",,7746,0,2,Injury Collision,,45,Bicycle,Matched,N,1,Clear or Partly Cloudy,0,"(47.52011701300006, -122.26277739699998)",0,0,N,2015-329021
153423,203474,203614,Block,Cycles,180, ,,0,,09/19/2015 12:00:00 AM +0000,9/19/2015 5:00:00 PM,1,,Mid-Block (not related to intersection),Daylight,M L KING JR WAY S BETWEEN S PLUM ST AND S HILL ST,0,1,,1,E463166,Dry,18,"MOTOR VEHICLE STRUCK PEDALCYCLIST, FRONT END AT ANGLE",,11514,0,2,Injury Collision,,45,Bicycle,Matched,N,1,Overcast,0,"(47.584988001000056, -122.29813430499996)",0,0,N,2015-329156
153455,203848,203988,Block,Cycles,96, ,,0,,09/19/2015 12:00:00 AM +0000,9/19/2015 2:32:00 PM,1,,Mid-Block (not related to intersection),Daylight,RAINIER AVE S BETWEEN S JACKSON PL AND S KING ST,0,1,,1,E467248,Dry,18,"MOTOR VEHICLE STRUCK PEDALCYCLIST, FRONT END AT ANGLE",,12341,0,2,Injury Collision,,45,Bicycle,Matched,N,1,Clear or Partly Cloudy,0,"(47.598567057000025, -122.31358522799997)",0,0,N,2015-328918
153468,203654,203794,Block,Cycles,31, ,,0,,08/18/2015 12:00:00 AM +0000,8/18/2015 7:55:00 AM,1,,Mid-Block (not related to intersection),Daylight,4TH AVE BETWEEN OLIVE WAY AND STEWART ST,0,1,,0,E458083,Dry,18,"MOTOR VEHICLE STRUCK PEDALCYCLIST, FRONT END AT ANGLE",,6135,0,2,Injury Collision,,45,Bicycle,Matched,N,1,Clear or Partly Cloudy,0,"(47.61223681600006, -122.33863603299994)",0,0,N,2015-287339
153480,203482,203622,Intersection,Cycles,0, ,,0,,09/29/2015 12:00:00 AM +0000,9/29/2015 5:49:00 PM,1,29920,At Intersection (intersection related),Daylight,BOREN AVE AND MADISON ST,0,1,,2,3737845,Dry,11,"MOTOR VEHICLE STRUCK MOTOR VEHICLE, FRONT END AT ANGLE",,9314,0,2,Injury Collision,,45,Bicycle,Matched,N,1,Clear or Partly Cloudy,0,"(47.60933797200005, -122.32513907699996)",0,0,N,2015-341245
153537,204098,204238,Intersection,Cycles,0, ,,0,Y,10/04/2015 12:00:00 AM +0000,10/4/2015 12:51:00 PM,1,37461,At Intersection (intersection related),Daylight,DAYTON AVE N AND N 85TH ST,0,1,,2,3737251,Dry,18,"MOTOR VEHICLE STRUCK PEDALCYCLIST, FRONT END AT ANGLE",,9927,0,2,Injury Collision,,45,Bicycle,Matched,N,1,Clear or Partly Cloudy,0,"(47.690587073000074, -122.35260172799997)",0,0,N,15-347029
153542,204092,204232,Intersection,Cycles,0, ,,0,,10/02/2015 12:00:00 AM +0000,10/2/2015 12:12:00 PM,1,26711,At Intersection (intersection related),Daylight,11TH AVE NW AND NW 45TH ST,0,1,,2,3734030,Dry,18,"MOTOR VEHICLE STRUCK PEDALCYCLIST, FRONT END AT ANGLE",,1427,0,2,Injury Collision,,45,Bicycle,Matched,N,1,Overcast,0,"(47.66146941900007, -122.37076944799998)",0,0,N,15-344569
153564,203667,203807,Intersection,Cycles,0, ,,0,,09/20/2015 12:00:00 AM +0000,9/20/2015 10:06:00 PM,1,29690,At Intersection (intersection related),Dark - Street Lights On,2ND AVE AND BATTERY ST,0,1,,1,E463509,Wet,18,"MOTOR VEHICLE STRUCK PEDALCYCLIST, FRONT END AT ANGLE",,2765,0,2,Injury Collision,,45,Bicycle,Matched,N,1,Raining,0,"(47.614808836000066, -122.34695357599998)",0,0,N,2015-330419
153580,203322,203462,Intersection,Cycles,0, ,,0,,09/07/2015 12:00:00 AM +0000,9/7/2015 2:45:00 PM,1,33917,At Intersection (intersection related),Daylight,47TH AVE SW AND FAUNTLEROY WAY SW,0,1,,0,E460992,Dry,18,"MOTOR VEHICLE STRUCK PEDALCYCLIST, FRONT END AT ANGLE",,10411,0,2,Injury Collision,,45,Bicycle,Matched,N,1,Clear or Partly Cloudy,0,"(47.53580354200005, -122.39257830199995)",0,0,N,2015-313813
153618,204122,204262,Block,Cycles,28, ,,0,Y,10/04/2015 12:00:00 AM +0000,10/4/2015 4:23:00 PM,0,,Mid-Block (not related to intersection),Daylight,GREENWOOD AVE N BETWEEN N 67TH ST AND PHINNEY AVE N,0,1,,2,3737252,Dry,18,"MOTOR VEHICLE STRUCK PEDALCYCLIST, FRONT END AT ANGLE",,275587,0,1,Property Damage Only Collision,,45,Bicycle,Matched,N,1,Clear or Partly Cloudy,0,"(47.67783745400004, -122.35524787299994)",0,0,N,15-347242
153648,203674,203814,Intersection,Cycles,0, ,,0,,09/01/2015 12:00:00 AM +0000,9/1/2015 9:49:00 AM,1,29508,At Intersection (intersection related),Daylight,DENNY WAY AND TERRY AVE,0,1,,0,E458752,Wet,18,"MOTOR VEHICLE STRUCK PEDALCYCLIST, FRONT END AT ANGLE",,10016,0,2,Injury Collision,,45,Bicycle,Matched,N,1,Raining,0,"(47.61852939200003, -122.33728173199995)",0,0,N,2015-305924
153662,203342,203482,Intersection,Cycles,0, ,,0,,09/23/2015 12:00:00 AM +0000,9/23/2015 6:03:00 PM,1,28788,At Intersection (intersection related),Daylight,DEXTER AVE N AND THOMAS ST,0,1,,1,E464879,Dry,18,"MOTOR VEHICLE STRUCK PEDALCYCLIST, FRONT END AT ANGLE",,10073,0,2,Injury Collision,,45,Bicycle,Matched,N,1,Clear or Partly Cloudy,0,"(47.620888395000065, -122.34238173099999)",12606,0,N,15-333706
153669,203329,203469,Intersection,Cycles,0, ,,0,,09/15/2015 12:00:00 AM +0000,9/15/2015 6:04:00 PM,0,29826,At Intersection (intersection related),Daylight,12TH AVE AND E ALDER ST,0,1,,1,E463489,Dry,18,"MOTOR VEHICLE STRUCK PEDALCYCLIST, FRONT END AT ANGLE",,1526,0,1,Property Damage Only Collision,,45,Bicycle,Matched,N,1,Clear or Partly Cloudy,0,"(47.604360385000064, -122.31678113299995)",0,0,N,2015-324190
153745,203520,203660,Intersection,Cycles,0, ,,0,,08/22/2015 12:00:00 AM +0000,8/22/2015 2:00:00 AM,1,28885,At Intersection (intersection related),Dark - Street Lights On,3RD AVE N AND ROY ST,0,1,,0,E458086,Dry,18,"MOTOR VEHICLE STRUCK PEDALCYCLIST, FRONT END AT ANGLE",,4398,0,2,Injury Collision,,45,Bicycle,Matched,N,1,Clear or Partly Cloudy,0,"(47.62543769000007, -122.35148024999995)",0,0,N,2015-292654
153781,203203,203343,Block,Cycles,418.5, ,,0,,09/25/2015 12:00:00 AM +0000,9/25/2015 7:18:00 PM,1,,Mid-Block (not related to intersection),Unknown,12TH AVE S BETWEEN S CHARLES S ST AND S JUDKINS ST,0,1,,2,3708421,Unknown,18,"MOTOR VEHICLE STRUCK PEDALCYCLIST, FRONT END AT ANGLE",,1657,0,2,Injury Collision,,45,Bicycle,Matched,N,1,Unknown,0,"(47.592688001000056, -122.31728076599995)",294,0,N,2015-336926
153861,203923,204063,Intersection,Cycles,0, ,,0,,08/10/2015 12:00:00 AM +0000,8/10/2015 4:45:00 PM,1,30174,At Intersection (intersection related),Daylight,22ND AVE AND E CHERRY ST,0,1,,0,E454488,Dry,18,"MOTOR VEHICLE STRUCK PEDALCYCLIST, FRONT END AT ANGLE",,3229,0,2,Injury Collision,,45,Bicycle,Matched,N,1,Clear or Partly Cloudy,0,"(47.60801107700007, -122.30372151999995)",0,0,N,2015-277182
153932,202980,203120,Intersection,Cycles,0,NEI,"Not Enough Information, or Insufficient Location Information",0,,09/23/2015 12:00:00 AM +0000,9/23/2015 9:45:00 AM,0,25789,At Intersection (intersection related),Daylight,ROOSEVELT WAY NE AND NE 50TH ST,0,1,,2,3734846,Unknown,00,NOT ENOUGH INFORMATION / NOT APPLICABLE,,12601,0,1,Property Damage Only Collision,,45,Bicycle,Matched,N,1,Clear or Partly Cloudy,0,"(47.664937344000066, -122.31740379099995)",0,0,N,15-333257
153955,203021,203161,Block,Cycles,133,NEI,"Not Enough Information, or Insufficient Location Information",0,,09/22/2015 12:00:00 AM +0000,9/22/2015 10:00:00 AM,0,,,Daylight,14TH AVE NW BETWEEN NW LEARY WAY AND NW 49TH ST,0,1,,2,3734866,Unknown,00,NOT ENOUGH INFORMATION / NOT APPLICABLE,,1888,0,1,Property Damage Only Collision,,45,Bicycle,Matched,N,1,Unknown,0,"(47.66402505000008, -122.37359347799998)",0,0,Y,2015-332627
154010,203958,204098,Block,Cycles,45, ,,0,,07/14/2015 12:00:00 AM +0000,7/14/2015 1:45:00 PM,1,,Mid-Block (not related to intersection),Daylight,16TH AVE NE BETWEEN LAKE CITY WAY NE AND NE 82ND ST,0,1,,0,E455238,Dry,11,"MOTOR VEHICLE STRUCK MOTOR VEHICLE, FRONT END AT ANGLE",,2262,0,2,Injury Collision,,45,Bicycle,Matched,N,1,Clear or Partly Cloudy,0,"(47.688379446000056, -122.31111443099996)",0,0,N,2015-241070
154082,203740,203880,Block,Cycles,160, ,,0,,08/06/2015 12:00:00 AM +0000,8/6/2015 6:00:00 PM,1,,Mid-Block (not related to intersection),Daylight,DEXTER AVE N BETWEEN WARD ST AND PROSPECT ST,0,1,,1,E466816,Dry,56,PEDALCYCLIST STRUCK MOTOR VEHICLE LEFT SIDE SIDESWIPE,,10080,0,2,Injury Collision,,45,Bicycle,Matched,N,1,Clear or Partly Cloudy,0,"(47.628445717000034, -122.34231499099997)",12783,0,N,15-274390
154094,203565,203705,Intersection,Cycles,0, ,,0,,09/11/2015 12:00:00 AM +0000,9/11/2015 12:54:00 PM,1,29604,At Intersection (intersection related),Daylight,1ST AVE AND UNIVERSITY ST,2,1,,0,E461321,Dry,64,PEDALCYCLIST STRUCK PEDESTRIAN,,1007,0,2,Injury Collision,,45,Bicycle,Matched,N,0,Clear or Partly Cloudy,0,"(47.60683500400006, -122.33819701599998)",0,521104,N,2015-318877
154103,203422,203562,Block,Cycles,385, ,,0,,09/29/2015 12:00:00 AM +0000,9/29/2015 6:17:00 PM,1,,Mid-Block (not related to intersection),Daylight,UNIVERSITY WAY NE BETWEEN NE 52ND ST AND NE 55TH ST,0,1,,1,E466410,Dry,18,"MOTOR VEHICLE STRUCK PEDALCYCLIST, FRONT END AT ANGLE",,13225,0,2,Injury Collision,,45,Bicycle,Matched,N,1,Clear or Partly Cloudy,0,"(47.66749016400007, -122.31303423799994)",0,0,N,2015-341272
154143,202821,202961,Intersection,Cycles,0, ,,0,Y,09/12/2015 12:00:00 AM +0000,9/12/2015 7:03:00 PM,1,30482,At Intersection (intersection related),Dusk,2ND AVE AND JAMES ST,0,1,,2,3739355,Dry,18,"MOTOR VEHICLE STRUCK PEDALCYCLIST, FRONT END AT ANGLE",,2749,0,2,Injury Collision,,45,Bicycle,Matched,N,1,Clear or Partly Cloudy,0,"(47.60230560100007, -122.33251943999994)",0,12023,N,2015-319377
154226,203434,203574,Intersection,Cycles,0, ,,0,,09/13/2015 12:00:00 AM +0000,9/13/2015 2:22:00 PM,1,29165,At Intersection (intersection related),Daylight,MELROSE AVE AND E DENNY WAY,0,1,,1,E466525,Dry,18,"MOTOR VEHICLE STRUCK PEDALCYCLIST, FRONT END AT ANGLE",,11758,0,2,Injury Collision,,45,Bicycle,Matched,N,1,Clear or Partly Cloudy,0,"(47.61849674100006, -122.32785352399998)",0,0,N,2015-321589
154245,230293,230693,Intersection,Cycles,0, ,,0,,10/24/2016 12:00:00 AM +0000,10/24/2016 5:48:00 PM,1,30086,At Intersection (intersection related),Dusk,26TH AVE AND E JEFFERSON ST,0,1,,2,3771701,Wet,18,"MOTOR VEHICLE STRUCK PEDALCYCLIST, FRONT END AT ANGLE",,3831,0,2,Injury Collision,,45,Bicycle,Matched,N,1,Overcast,0,"(47.60617378200004, -122.29889651099995)",0,0,N,2016-385400
154288,231239,231639,Block,Cycles,161, ,,0,,11/07/2016 12:00:00 AM +0000,11/7/2016 9:51:00 AM,1,,Driveway Junction,Daylight,SPRING ST BETWEEN 3RD AVE AND 4TH AVE,0,1,,2,3746587,Dry,18,"MOTOR VEHICLE STRUCK PEDALCYCLIST, FRONT END AT ANGLE",,12862,0,2,Injury Collision,,45,Bicycle,Matched,N,1,Clear or Partly Cloudy,0,"(47.606568604000074, -122.33411850799996)",0,0,N,16-402970
154318,230782,231182,Intersection,Cycles,0, ,,0,Y,11/18/2016 12:00:00 AM +0000,11/18/2016 11:49:00 PM,1,26605,At Intersection (intersection related),Dark - Street Lights On,8TH AVE NW AND NW 45TH ST,0,1,,2,3737147,Dry,51,PEDALCYCLIST STRUCK MOTOR VEHICLE FRONT END AT ANGLE,,8374,0,2,Injury Collision,,45,Bicycle,Matched,N,1,Overcast,0,"(47.661461098000075, -122.36617373599995)",0,0,N,2016-417957
154322,230607,231007,Intersection,Cycles,0, ,,0,Y,10/04/2016 12:00:00 AM +0000,10/4/2016 6:55:00 PM,1,24363,At Intersection (intersection related),Dark - Street Lights On,PHINNEY AVE N AND N 65TH ST,0,1,Y,2,3769629,Wet,51,PEDALCYCLIST STRUCK MOTOR VEHICLE FRONT END AT ANGLE,,12160,0,2,Injury Collision,,45,Bicycle,Matched,N,1,Raining,0,"(47.67602257000004, -122.35435321899996)",0,0,N,2016-360336
154377,230798,231198,Block,Cycles,154, ,,0,Y,10/10/2016 12:00:00 AM +0000,10/10/2016 9:00:00 AM,1,,Mid-Block (not related to intersection),Dawn,N 50TH ST BETWEEN PHINNEY E AVE N AND DAYTON AVE N,0,1,Y,3,3787174,Dry,14,"MOTOR VEHICLE STRUCK MOTOR VEHICLE, REAR END",,15639,0,2,Injury Collision,,45,Bicycle,Matched,N,2,Clear or Partly Cloudy,0,"(47.66501850100008, -122.353337351)",0,0,N,2016-367101
154426,230306,230706,Intersection,Cycles,0, ,,0,Y,10/19/2016 12:00:00 AM +0000,10/19/2016 8:28:00 AM,1,166842,At Intersection (intersection related),Daylight,BEACON ER AVE S AND CHEASTY BLVD S,0,1,Y,2,3782769,Wet,18,"MOTOR VEHICLE STRUCK PEDALCYCLIST, FRONT END AT ANGLE",,9127,0,2,Injury Collision,,45,Bicycle,Matched,N,1,Overcast,0,"(47.56120845600003, -122.30485933299997)",0,0,N,2016-378261
154461,231251,231651,Block,Cycles,331.5, ,,0,,11/08/2016 12:00:00 AM +0000,11/8/2016 4:51:00 PM,1,,Driveway Junction,Dark - Street Lights On,MERIDIAN AVE N BETWEEN COLLEGE WAY N AND N 105TH ST,0,1,Y,2,3762265,Dry,51,PEDALCYCLIST STRUCK MOTOR VEHICLE FRONT END AT ANGLE,,11822,0,2,Injury Collision,,45,Bicycle,Matched,N,1,Clear or Partly Cloudy,0,"(47.70412658400005, -122.33391632399997)",8170,0,N,2016-404924
154476,231048,231448,Block,Cycles,133, ,,0,Y,10/11/2016 12:00:00 AM +0000,10/11/2016 8:22:00 AM,1,,Mid-Block (not related to intersection),Daylight,24TH AVE NW BETWEEN NW 57TH ST AND NW 58TH ST,0,1,,1,E600073,Dry,18,"MOTOR VEHICLE STRUCK PEDALCYCLIST, FRONT END AT ANGLE",,3592,0,2,Injury Collision,,45,Bicycle,Matched,N,1,Clear or Partly Cloudy,0,"(47.67055033400004, -122.38758734399994)",0,0,N,2016-368397