OBJECTID,INCKEY,COLDETKEY,ADDRTYPE,COLLISIONTYPE,DISTANCE,EXCEPTRSNCODE,EXCEPTRSNDESC,FATALITIES,INATTENTIONIND,INCDATE,INCDTTM,INJURIES,INTKEY,JUNCTIONTYPE,LIGHTCOND,LOCATION,PEDCOUNT,PEDCYLCOUNT,PEDROWNOTGRNT,PERSONCOUNT,REPORTNO,ROADCOND,SDOT_COLCODE,SDOT_COLDESC,SDOTCOLNUM,SEGKEY,SERIOUSINJURIES,SEVERITYCODE,SEVERITYDESC,SPEEDING,ST_COLCODE,ST_COLDESC,STATUS,UNDERINFL,VEHCOUNT,WEATHER,WIDTH,Shape,SEGLANEKEY,CROSSWALKKEY,HITPARKEDCAR,SPDCASENO
154488,228750,229110,Intersection,Cycles,0, ,,0,Y,09/21/2016 12:00:00 AM +0000,9/21/2016 12:43:00 PM,0,29744,At Intersection (intersection related),Daylight,HARVARD AVE AND E PIKE ST,0,1,Y,2,3771551,Dry,18,"MOTOR VEHICLE STRUCK PEDALCYCLIST, FRONT END AT ANGLE",,10841,0,1,Property Damage Only Collision,,45,Bicycle,Matched,N,1,Clear or Partly Cloudy,0,"(47.61406619600007, -122.32211092499995)",0,0,N,2016-342763
154498,228452,228792,Intersection,Cycles,0, ,,0,,09/28/2016 12:00:00 AM +0000,9/28/2016 6:55:00 AM,0,26726,At Intersection (intersection related),Daylight,13TH AVE W AND W NICKERSON ST,0,1,,2,3785306,Dry,11,"MOTOR VEHICLE STRUCK MOTOR VEHICLE, FRONT END AT ANGLE",,1839,0,1,Property Damage Only Collision,,45,Bicycle,Matched,N,1,Clear or Partly Cloudy,0,"(47.65551366400007, -122.37361083699994)",0,0,N,16-351691
154550,229997,230397,Intersection,Cycles,0, ,,0,Y,10/07/2016 12:00:00 AM +0000,10/7/2016 2:35:00 PM,1,29751,At Intersection (intersection related),Daylight,14TH AVE AND E MADISON ST,0,1,,1,E596914,Dry,18,"MOTOR VEHICLE STRUCK PEDALCYCLIST, FRONT END AT ANGLE",,1851,0,2,Injury Collision,,45,Bicycle,Matched,N,1,Clear or Partly Cloudy,0,"(47.61389492300003, -122.31422043399999)",0,0,N,2016-363920
154555,229618,229978,Block,Cycles,161,NEI,"Not Enough Information, or Insufficient Location Information",0,,10/06/2016 12:00:00 AM +0000,10/6/2016 5:20:00 PM,0,,Mid-Block (not related to intersection),Daylight,BELL ST BETWEEN 6TH AVE AND 7TH AVE,0,1,,2,3739990,Dry,00,NOT ENOUGH INFORMATION / NOT APPLICABLE,,9203,0,1,Property Damage Only Collision,,45,Bicycle,Matched,N,1,Overcast,0,"(47.61702955700008, -122.34178552399999)",0,0,Y,2016-362953
154564,229612,229972,Intersection,Cycles,0, ,,0,,10/26/2016 12:00:00 AM +0000,10/26/2016 4:53:00 PM,0,31563,At Intersection (intersection related),Daylight,RAINIER AVE S AND S WALKER ST,0,1,Y,2,3579469,Wet,18,"MOTOR VEHICLE STRUCK PEDALCYCLIST, FRONT END AT ANGLE",,12360,0,1,Property Damage Only Collision,,45,Bicycle,Matched,N,1,Raining,0,"(47.58365639600004, -122.30219857799995)",0,0,N,16-387995
154602,231052,231452,Intersection,Cycles,0, ,,0,,10/24/2016 12:00:00 AM +0000,10/24/2016 11:20:00 AM,1,28287,At Intersection (intersection related),Daylight,EASTLAKE AVE E AND E HAMLIN ST,0,1,,2,E600071,Dry,18,"MOTOR VEHICLE STRUCK PEDALCYCLIST, FRONT END AT ANGLE",,10181,0,2,Injury Collision,,45,Bicycle,Matched,N,1,Clear or Partly Cloudy,0,"(47.645623777000026, -122.32587912399998)",0,0,N,2016-384879
154667,230640,231040,Intersection,Cycles,0, ,,0,,10/04/2016 12:00:00 AM +0000,10/4/2016 7:36:00 PM,1,37162,At Intersection (intersection related),Dark - Street Lights On,3RD AVE NW AND NW 90TH ST,0,1,Y,3,3787172,Wet,18,"MOTOR VEHICLE STRUCK PEDALCYCLIST, FRONT END AT ANGLE",,4483,0,2,Injury Collision,,45,Bicycle,Matched,N,1,Raining,0,"(47.69423862100007, -122.36067667399999)",0,0,N,2016-360382
154668,230627,231027,Intersection,Cycles,0, ,,0,,10/11/2016 12:00:00 AM +0000,10/11/2016 11:27:00 AM,1,27606,At Intersection (intersection related),Daylight,THORNDYKE AVE W AND THORNDYKE PL W,0,1,,2,3784932,Dry,51,PEDALCYCLIST STRUCK MOTOR VEHICLE FRONT END AT ANGLE,,13157,0,2,Injury Collision,,45,Bicycle,Matched,N,1,Clear or Partly Cloudy,0,"(47.63935081200003, -122.38725301199997)",0,0,N,16-368618
154674,230341,230741,Intersection,Cycles,0, ,,0,,10/05/2016 12:00:00 AM +0000,10/5/2016 5:00:00 PM,1,27273,At Intersection (intersection related),Daylight,N 36TH ST AND N PACIFIC ST,0,1,,2,3762315,Dry,18,"MOTOR VEHICLE STRUCK PEDALCYCLIST, FRONT END AT ANGLE",,9764,0,2,Injury Collision,,45,Bicycle,Matched,N,1,Clear or Partly Cloudy,0,"(47.65050201500003, -122.33154340399994)",287245,0,N,16-365168
154686,229629,229989,Block,Cycles,157.5, ,,0,,09/16/2016 12:00:00 AM +0000,9/16/2016 7:26:00 PM,1,,Mid-Block (not related to intersection),Dusk,39TH AVE S BETWEEN S OTHELLO ST AND S HOLLY PARK DR,0,1,,3,3754661,Dry,51,PEDALCYCLIST STRUCK MOTOR VEHICLE FRONT END AT ANGLE,,6037,0,2,Injury Collision,,45,Bicycle,Matched,N,1,Overcast,0,"(47.53661587500005, -122.28338389699996)",0,0,N,2016-336793
154724,231265,231665,Block,Cycles,99, ,,0,,11/12/2016 12:00:00 AM +0000,11/12/2016 4:03:00 PM,1,,Mid-Block (not related to intersection),Daylight,1ST AVE BETWEEN PINE ST AND STEWART ST,0,1,Y,3,3791287,Dry,55,PEDALCYCLIST STRUCK MOTOR VEHICLE RIGHT SIDE SIDESWIPE,,1010,0,2,Injury Collision,,45,Bicycle,Matched,N,1,Blowing Sand or Dirt or Snow,0,"(47.61004331500004, -122.34113167899994)",0,0,N,2016-409997
154760,228471,228811,Intersection,Cycles,0, ,,0,,09/16/2016 12:00:00 AM +0000,9/16/2016 12:08:00 PM,1,28546,At Intersection (intersection related),Daylight,1ST AVE W AND W GALER E ST,0,1,,2,3784931,Dry,11,"MOTOR VEHICLE STRUCK MOTOR VEHICLE, FRONT END AT ANGLE",,23336,0,2,Injury Collision,,45,Bicycle,Matched,N,1,Clear or Partly Cloudy,0,"(47.63231779600005, -122.35788616699995)",0,0,N,16-336235
154856,231439,231839,Block,Cycles,922.5, ,,0,,11/22/2016 12:00:00 AM +0000,11/22/2016 1:41:00 PM,0,,Driveway Junction,Daylight,HARBOR AVE SW BETWEEN SW HARBOR LN AND SW SPOKANE NR ST,0,1,Y,2,3693312,Dry,18,"MOTOR VEHICLE STRUCK PEDALCYCLIST, FRONT END AT ANGLE",,10821,0,1,Property Damage Only Collision,,45,Bicycle,Matched,N,1,Overcast,0,"(47.574311359000035, -122.37093230899995)",0,0,N,2016-422140
154879,231090,231490,Intersection,Cycles,0, ,,0,Y,11/03/2016 12:00:00 AM +0000,11/3/2016 3:00:00 PM,1,29734,At Intersection (intersection related),Daylight,BOYLSTON AVE AND E PINE ST,0,1,Y,2,3771575,Dry,18,"MOTOR VEHICLE STRUCK PEDALCYCLIST, FRONT END AT ANGLE",,9375,0,2,Injury Collision,Y,45,Bicycle,Matched,N,1,Clear or Partly Cloudy,0,"(47.61523114200003, -122.32341547099998)",0,0,N,2016-398359
154912,228481,228821,Intersection,Cycles,0, ,,0,,09/18/2016 12:00:00 AM +0000,9/18/2016 5:42:00 PM,1,28930,At Intersection (intersection related),Daylight,1ST AVE N AND THOMAS ST,0,1,,2,3785294,Dry,18,"MOTOR VEHICLE STRUCK PEDALCYCLIST, FRONT END AT ANGLE",,1027,0,2,Injury Collision,,45,Bicycle,Matched,N,1,Clear or Partly Cloudy,0,"(47.62093570500008, -122.35543382499998)",0,0,N,16-339074
154931,229056,229416,Block,Cycles,856, ,,0,,09/22/2016 12:00:00 AM +0000,9/22/2016 12:50:00 PM,1,,Mid-Block (not related to intersection),Daylight,LAKE WASHINGTON BLVD BETWEEN MADRONA DR AND E OLIVE LN,0,1,,1,E593255,Dry,18,"MOTOR VEHICLE STRUCK PEDALCYCLIST, FRONT END AT ANGLE",,11198,0,2,Injury Collision,,45,Bicycle,Matched,N,1,Clear or Partly Cloudy,0,"(47.61427162600006, -122.28165071999996)",0,0,N,2016-344118
154940,229053,229413,Block,Cycles,238, ,,0,,09/14/2016 12:00:00 AM +0000,9/14/2016 12:50:00 PM,1,,Mid-Block (but intersection related),Daylight,LAKE WASHINGTON BLVD BETWEEN E TERRACE ST AND E JEFFERSON ST,0,1,,0,E593248,Unknown,66,PEDALCYCLIST STRUCK OBJECT IN ROAD,,11194,0,2,Injury Collision,,45,Bicycle,Matched,N,0,Unknown,0,"(47.60527694600006, -122.28350343499994)",0,0,N,2016-339995
154946,230663,231063,Block,Cycles,272.5, ,,0,,10/07/2016 12:00:00 AM +0000,10/7/2016 1:41:00 PM,1,,Driveway Junction,Daylight,AURORA AVE N BETWEEN N NORTHGATE WAY AND N 107TH S ST,0,1,,1,E598985,Dry,18,"MOTOR VEHICLE STRUCK PEDALCYCLIST, FRONT END AT ANGLE",,8985,0,2,Injury Collision,,45,Bicycle,Matched,N,1,Clear or Partly Cloudy,0,"(47.70579720000006, -122.34470639699998)",0,0,N,2016-363851
154956,231284,231684,Intersection,Cycles,0, ,,0,,11/18/2016 12:00:00 AM +0000,11/18/2016 7:33:00 AM,1,26897,At Intersection (intersection related),Daylight,STONE WAY N AND N 35TH ST,0,1,,1,E611260,Dry,11,"MOTOR VEHICLE STRUCK MOTOR VEHICLE, FRONT END AT ANGLE",,12956,0,2,Injury Collision,,45,Bicycle,Matched,N,1,Overcast,0,"(47.64941986700006, -122.34273258699994)",0,0,N,16-416851
154957,230424,230824,Block,Cycles,195, ,,0,,10/07/2016 12:00:00 AM +0000,10/7/2016 5:20:00 PM,0,,Mid-Block (not related to intersection),Daylight,E MADISON ST BETWEEN 39TH AVE E AND MCGILVRA S BV E,0,1,,2,3771561,Dry,18,"MOTOR VEHICLE STRUCK PEDALCYCLIST, FRONT END AT ANGLE",,14375,0,1,Property Damage Only Collision,,45,Bicycle,Matched,N,1,Clear or Partly Cloudy,0,"(47.63299994700003, -122.28212715499996)",0,0,N,2016-364206
154973,231097,231497,Block,Cycles,153, ,,0,,11/18/2016 12:00:00 AM +0000,11/18/2016 3:57:00 PM,1,,Mid-Block (but intersection related),Daylight,2ND AVE BETWEEN MADISON ST AND SPRING ST,0,1,,4,3746451,Dry,11,"MOTOR VEHICLE STRUCK MOTOR VEHICLE, FRONT END AT ANGLE",,2753,0,2,Injury Collision,,45,Bicycle,Matched,N,1,Clear or Partly Cloudy,0,"(47.605514808000066, -122.33545443399998)",0,0,N,16-417434
155015,231629,232029,Block,Cycles,213, ,,0,Y,11/29/2016 12:00:00 AM +0000,11/29/2016 5:17:00 PM,1,,Mid-Block (not related to intersection),Dark - Street Lights On,12TH AVE BETWEEN E CHERRY ST AND E COLUMBIA ST,0,1,,2,E614836,Dry,18,"MOTOR VEHICLE STRUCK PEDALCYCLIST, FRONT END AT ANGLE",,1532,1,2b,Serious Injury Collision,,45,Bicycle,Matched,N,1,Clear or Partly Cloudy,0,"(47.60864131900007, -122.31677994199998)",0,0,N,2016-430184
155035,231291,231691,Block,Cycles,220.5, ,,0,,11/03/2016 12:00:00 AM +0000,11/3/2016 9:25:00 PM,1,,Mid-Block (but intersection related),Dark - Street Lights On,SYLVAN WAY SW BETWEEN SW ORCHARD ST AND DELRIDGE WAY SW,0,1,,2,3780737,Dry,18,"MOTOR VEHICLE STRUCK PEDALCYCLIST, FRONT END AT ANGLE",,13062,0,2,Injury Collision,,45,Bicycle,Matched,N,1,Clear or Partly Cloudy,0,"(47.53701089400005, -122.36189729199998)",0,0,N,2016-398798
155055,229077,229437,Block,Cycles,200.5, ,,0,Y,10/25/2016 12:00:00 AM +0000,10/25/2016 5:23:00 PM,1,,Mid-Block (but intersection related),Daylight,JAMES ST BETWEEN YESLER WAY AND 2ND AVE,0,1,,3,3574511,Dry,11,"MOTOR VEHICLE STRUCK MOTOR VEHICLE, FRONT END AT ANGLE",,11049,0,2,Injury Collision,,45,Bicycle,Matched,N,1,Clear or Partly Cloudy,0,"(47.60201533500003, -122.33321300699998)",0,0,N,16-386710
155063,228803,229163,Block,Cycles,23.5, ,,0,Y,09/20/2016 12:00:00 AM +0000,9/20/2016 2:55:00 PM,1,,Mid-Block (not related to intersection),Daylight,ADMIRAL AVALON RP BETWEEN SW ADMIRAL WAY AND SW MANNING ST,0,1,,2,3780710,Dry,18,"MOTOR VEHICLE STRUCK PEDALCYCLIST, FRONT END AT ANGLE",,21715,0,2,Injury Collision,,45,Bicycle,Matched,N,1,Clear or Partly Cloudy,0,"(47.57142047700006, -122.37136313599996)",0,0,N,16-341516
155067,228802,229162,Intersection,Cycles,0, ,,0,Y,09/12/2016 12:00:00 AM +0000,9/12/2016 12:45:00 PM,1,29757,At Intersection (intersection related),Daylight,BROADWAY AND E UNION ST,0,1,,1,E592056,Dry,18,"MOTOR VEHICLE STRUCK PEDALCYCLIST, FRONT END AT ANGLE",,9446,0,2,Injury Collision,,45,Bicycle,Matched,N,1,Clear or Partly Cloudy,0,"(47.61296336300006, -122.32076237799998)",0,0,N,2016-330899
155081,228491,228831,Block,Cycles,161, ,,0,,09/19/2016 12:00:00 AM +0000,9/19/2016 6:45:00 PM,1,,Mid-Block (not related to intersection),Dusk,STEWART ST BETWEEN MINOR AVE AND YALE AVE,0,1,Y,2,3785298,Dry,18,"MOTOR VEHICLE STRUCK PEDALCYCLIST, FRONT END AT ANGLE",,12909,0,2,Injury Collision,,45,Bicycle,Matched,N,1,Clear or Partly Cloudy,0,"(47.61794061900008, -122.33143031499998)",0,0,N,16-343164
155083,229719,230079,Block,Cycles,162.5, ,,0,,10/20/2016 12:00:00 AM +0000,10/20/2016 7:40:00 AM,1,,Mid-Block (not related to intersection),Dawn,SW GENESEE ST BETWEEN 47TH AVE SW AND 48TH AVE SW,0,1,,3,E599431,Wet,18,"MOTOR VEHICLE STRUCK PEDALCYCLIST, FRONT END AT ANGLE",,22217,0,2,Injury Collision,,45,Bicycle,Matched,N,1,Raining,0,"(47.56477190100003, -122.39280318399994)",0,0,N,2016-379584
155168,231820,232220,Intersection,Cycles,0, ,,0,,11/28/2016 12:00:00 AM +0000,11/28/2016 5:25:00 PM,0,28287,At Intersection (intersection related),Daylight,EASTLAKE AVE E AND E HAMLIN ST,0,1,Y,2,3784756,Dry,11,"MOTOR VEHICLE STRUCK MOTOR VEHICLE, FRONT END AT ANGLE",,10181,0,1,Property Damage Only Collision,,45,Bicycle,Matched,N,1,Clear or Partly Cloudy,0,"(47.645623777000026, -122.32587912399998)",0,0,N,2016-428866
155208,228497,228837,Intersection,Cycles,0, ,,0,,09/12/2016 12:00:00 AM +0000,9/12/2016 4:37:00 PM,1,23882,At Intersection (intersection related),Daylight,15TH AVE NW AND NW 80TH ST,0,1,,2,3767366,Dry,18,"MOTOR VEHICLE STRUCK PEDALCYCLIST, FRONT END AT ANGLE",,2118,0,2,Injury Collision,,45,Bicycle,Matched,N,1,Clear or Partly Cloudy,0,"(47.68687813100007, -122.37679291599994)",0,0,N,16-331211
155270,230681,231081,Block,Cycles,115, ,,0,,10/14/2016 12:00:00 AM +0000,10/14/2016 9:11:00 AM,1,,Driveway Junction,Daylight,PINE ST BETWEEN MINOR AVE AND MELROSE AVE,0,1,,3,3771641,Wet,18,"MOTOR VEHICLE STRUCK PEDALCYCLIST, FRONT END AT ANGLE",,12225,0,2,Injury Collision,,45,Bicycle,Matched,N,1,Raining,0,"(47.61508065500004, -122.32831087699998)",10330,0,N,2016-372288
155273,230678,231078,Intersection,Cycles,0, ,,0,,11/04/2016 12:00:00 AM +0000,11/4/2016 11:56:00 AM,1,30362,At Intersection (intersection related),Daylight,1ST AVE S AND S WASHINGTON ST,0,1,,1,E604415,Dry,18,"MOTOR VEHICLE STRUCK PEDALCYCLIST, FRONT END AT ANGLE",,1186,0,2,Injury Collision,,45,Bicycle,Matched,N,1,Clear or Partly Cloudy,0,"(47.600883184000054, -122.33418152599995)",0,0,N,2016-399452
155295,231651,232051,Block,Cycles,503, ,,0,Y,11/19/2016 12:00:00 AM +0000,11/19/2016 5:06:00 PM,0,,Mid-Block (not related to intersection),Dark - Street Lights On,25TH AVE NE BETWEEN NE 44TH ST AND NE 47TH ST,0,1,,2,3786771,Wet,14,"MOTOR VEHICLE STRUCK MOTOR VEHICLE, REAR END",,3720,0,1,Property Damage Only Collision,,45,Bicycle,Matched,N,1,Overcast,0,"(47.66188693000004, -122.30090615699999)",0,0,N,16-418761
155326,228506,228846,Intersection,Cycles,0, ,,0,Y,09/23/2016 12:00:00 AM +0000,9/23/2016 8:20:00 AM,1,28765,At Intersection (intersection related),Daylight,9TH AVE N AND MERCER SR ST,0,1,,2,3771398,Dry,18,"MOTOR VEHICLE STRUCK PEDALCYCLIST, FRONT END AT ANGLE",,11772,1,2b,Serious Injury Collision,,45,Bicycle,Matched,N,1,Overcast,0,"(47.62454415700006, -122.33974058599995)",0,523640,N,2016-345558
155344,230087,230487,Block,Cycles,213, ,,0,,10/06/2016 12:00:00 AM +0000,10/6/2016 4:18:00 PM,1,,Driveway Junction,Daylight,BROADWAY BETWEEN E PINE ST AND XW E OLIVE ST,0,1,,1,E596919,Wet,18,"MOTOR VEHICLE STRUCK PEDALCYCLIST, FRONT END AT ANGLE",,9448,0,2,Injury Collision,,45,Bicycle,Matched,N,1,Overcast,0,"(47.61581794700004, -122.32080786599994)",0,0,N,2016-362833
155353,229765,230145,Intersection,Cycles,0, ,,0,,10/18/2016 12:00:00 AM +0000,10/18/2016 7:01:00 AM,1,31242,At Intersection (intersection related),Dawn,S HOLGATE BR AND S HOLGATE ST,0,1,,1,E603235,Wet,18,"MOTOR VEHICLE STRUCK PEDALCYCLIST, FRONT END AT ANGLE",,20314,0,2,Injury Collision,,45,Bicycle,Matched,N,1,Raining,0,"(47.58610116800003, -122.323500578)",0,0,N,16-376808
155422,231480,231880,Block,Cycles,330, ,,0,,10/24/2016 12:00:00 AM +0000,10/24/2016 10:53:00 AM,1,,Mid-Block (not related to intersection),Daylight,N NORTHGATE WAY BETWEEN CORLISS AVE N AND 1ST AVE NE,0,1,,2,3767288,Dry,18,"MOTOR VEHICLE STRUCK PEDALCYCLIST, FRONT END AT ANGLE",,16120,0,2,Injury Collision,,45,Bicycle,Matched,N,1,Clear or Partly Cloudy,0,"(47.70863744800005, -122.32997598599997)",0,0,N,2016-384848
155521,231137,231537,Intersection,Cycles,0, ,,0,,11/15/2016 12:00:00 AM +0000,11/15/2016 10:28:00 AM,1,32155,At Intersection (intersection related),Daylight,EAST MARGINAL WAY S AND S HORTON ST,0,1,,1,E611264,Wet,51,PEDALCYCLIST STRUCK MOTOR VEHICLE FRONT END AT ANGLE,,14386,0,2,Injury Collision,,45,Bicycle,Matched,N,1,Clear or Partly Cloudy,0,"(47.574388440000064, -122.33993395799996)",0,0,N,16-413031
155576,231487,231887,Block,Cycles,116, ,,0,Y,11/08/2016 12:00:00 AM +0000,11/8/2016 5:34:00 PM,1,,Driveway Junction,Dusk,12TH AVE BETWEEN E REMINGTON CT AND E JEFFERSON ST,0,1,,1,E613368,Dry,18,"MOTOR VEHICLE STRUCK PEDALCYCLIST, FRONT END AT ANGLE",,1528,0,2,Injury Collision,,45,Bicycle,Matched,N,1,Clear or Partly Cloudy,0,"(47.60588380000007, -122.31678057699997)",1528,0,N,2016-404980
155591,229489,229849,Block,Cycles,179.5, ,,0,,09/30/2016 12:00:00 AM +0000,9/30/2016 4:33:00 PM,1,,Mid-Block (not related to intersection),Daylight,RAINIER AVE S BETWEEN S HENDERSON ST AND S DIRECTOR N ST,0,1,,2,3735523,Dry,18,"MOTOR VEHICLE STRUCK PEDALCYCLIST, FRONT END AT ANGLE",,12420,0,2,Injury Collision,,45,Bicycle,Matched,N,1,Clear or Partly Cloudy,0,"(47.52281700700007, -122.26998786899998)",0,0,N,16-355123
155605,229257,229617,Intersection,Cycles,0, ,,0,,09/13/2016 12:00:00 AM +0000,9/13/2016 6:10:00 PM,1,30733,At Intersection (intersection related),Daylight,23RD AVE AND E YESLER WAY,0,1,,1,E593247,Dry,18,"MOTOR VEHICLE STRUCK PEDALCYCLIST, FRONT END AT ANGLE",,3352,0,2,Injury Collision,,45,Bicycle,Matched,N,1,Clear or Partly Cloudy,0,"(47.60166729900004, -122.30233880199995)",0,0,N,2016-332650
155639,230249,230649,Intersection,Cycles,0, ,,0,Y,10/18/2016 12:00:00 AM +0000,10/18/2016 10:45:00 AM,1,27149,At Intersection (intersection related),Daylight,15TH AVE NE AND NE PACIFIC ST,0,1,Y,2,E597799,Dry,18,"MOTOR VEHICLE STRUCK PEDALCYCLIST, FRONT END AT ANGLE",,2028,0,2,Injury Collision,,45,Bicycle,Matched,N,1,Clear or Partly Cloudy,0,"(47.65297596400006, -122.31246414499998)",0,0,N,2016-377080
155652,229881,230261,Intersection,Cycles,0, ,,0,,10/29/2016 12:00:00 AM +0000,10/29/2016 5:45:00 PM,0,287172,At Intersection (intersection related),Dusk,BURKE GILMAN TRL AND NE 70TH ST,0,1,,2,3762853,Unknown,18,"MOTOR VEHICLE STRUCK PEDALCYCLIST, FRONT END AT ANGLE",,287216,0,1,Property Damage Only Collision,,45,Bicycle,Matched,N,1,Other,0,"(47.679372199000056, -122.26531461999997)",287215,0,N,16-398303
155662,230742,231142,Intersection,Cycles,0, ,,0,Y,11/03/2016 12:00:00 AM +0000,11/3/2016 6:54:00 PM,1,30503,At Intersection (intersection related),Dark - Street Lights On,2ND AV ET S AND S MAIN ST,0,1,,2,3289317,Dry,18,"MOTOR VEHICLE STRUCK PEDALCYCLIST, FRONT END AT ANGLE",,2925,1,2b,Serious Injury Collision,,45,Bicycle,Matched,N,1,Clear or Partly Cloudy,0,"(47.59999131500007, -122.33034244699996)",0,0,N,2016-398658
155664,229262,229622,Intersection,Cycles,0, ,,0,,09/30/2016 12:00:00 AM +0000,9/30/2016 1:26:00 PM,1,26698,At Intersection (intersection related),Daylight,3RD AVE W AND W CREMONA ST,0,1,,1,E598023,Dry,18,"MOTOR VEHICLE STRUCK PEDALCYCLIST, FRONT END AT ANGLE",,4568,0,2,Injury Collision,,45,Bicycle,Matched,N,1,Clear or Partly Cloudy,0,"(47.64954528900006, -122.36088259399997)",0,0,N,2016-354854
155692,231219,231619,Block,Cycles,266, ,,0,,11/11/2016 12:00:00 AM +0000,11/11/2016 8:30:00 AM,1,,Driveway Junction,Daylight,ROOSEVELT WAY NE BETWEEN NE 43RD N ST AND NE 45TH ST,0,1,Y,2,3762656,Wet,51,PEDALCYCLIST STRUCK MOTOR VEHICLE FRONT END AT ANGLE,,12598,0,2,Injury Collision,,45,Bicycle,Matched,N,1,Overcast,0,"(47.660577379000074, -122.31772271499995)",9002,0,N,2016-413194
155693,230577,230977,Intersection,Cycles,0, ,,0,,10/11/2016 12:00:00 AM +0000,10/11/2016 3:00:00 PM,1,29555,At Intersection (intersection related),Daylight,STEWART ST AND WESTLAKE AVE,0,1,,2,3736617,Dry,18,"MOTOR VEHICLE STRUCK PEDALCYCLIST, FRONT END AT ANGLE",,12902,0,2,Injury Collision,,45,Bicycle,Matched,N,1,Clear or Partly Cloudy,0,"(47.61330060900008, -122.33743123399995)",0,0,N,16-370602
155741,229280,229640,Block,Cycles,123, ,,0,,09/22/2016 12:00:00 AM +0000,9/22/2016 7:59:00 PM,1,,Mid-Block (not related to intersection),Dark - Street Lights On,6TH AVE BETWEEN WESTLAKE AVE AND VIRGINIA ST,0,1,,1,E593027,Dry,11,"MOTOR VEHICLE STRUCK MOTOR VEHICLE, FRONT END AT ANGLE",,7888,0,2,Injury Collision,,45,Bicycle,Matched,N,1,Clear or Partly Cloudy,0,"(47.614168290000066, -122.33793724999998)",0,0,N,2016-344660
155755,228658,229018,Intersection,Cycles,0, ,,0,,09/17/2016 12:00:00 AM +0000,9/17/2016 11:37:00 PM,1,29064,At Intersection (intersection related),Dark - Street Lights On,12TH AVE AND E DENNY WAY,0,1,,2,3771485,Wet,18,"MOTOR VEHICLE STRUCK PEDALCYCLIST, FRONT END AT ANGLE",,1550,0,2,Injury Collision,,45,Bicycle,Matched,Y,1,Raining,0,"(47.61876844900007, -122.31690986999996)",0,0,N,2016-338298
155761,232334,232734,Block,Cycles,404.5, ,,0,,12/05/2016 12:00:00 AM +0000,12/5/2016 8:04:00 AM,1,,Driveway Junction,Daylight,1ST AVE S BETWEEN S FIDALGO ST AND EAST MARGINAL WAY S,0,1,,2,3579110,Snow/Slush,18,"MOTOR VEHICLE STRUCK PEDALCYCLIST, FRONT END AT ANGLE",,1225,0,2,Injury Collision,,45,Bicycle,Matched,N,1,Snowing,0,"(47.549379514000066, -122.33421214999998)",0,0,N,2016-437183
155875,228699,229059,Intersection,Cycles,0, ,,0,,09/22/2016 12:00:00 AM +0000,9/22/2016 7:45:00 AM,1,27281,At Intersection (intersection related),Daylight,MERIDIAN AVE N AND N NORTHLAKE WAY,0,1,,2,3769259,Dry,18,"MOTOR VEHICLE STRUCK PEDALCYCLIST, FRONT END AT ANGLE",,11780,0,2,Injury Collision,,45,Bicycle,Matched,N,1,Clear or Partly Cloudy,0,"(47.64686731000006, -122.33392663499995)",0,0,N,16-344036
156006,230594,230994,Intersection,Cycles,0, ,,0,,10/13/2016 12:00:00 AM +0000,10/13/2016 8:00:00 AM,1,26659,At Intersection (intersection related),Daylight,LEARY WAY NW AND NW BOWDOIN N PL,0,1,Y,2,3737145,Wet,18,"MOTOR VEHICLE STRUCK PEDALCYCLIST, FRONT END AT ANGLE",,11337,1,2b,Serious Injury Collision,,45,Bicycle,Matched,N,1,Raining,0,"(47.655188431000056, -122.36107153899997)",0,0,N,16-372702
156019,230781,231181,Intersection,Cycles,0, ,,0,,11/03/2016 12:00:00 AM +0000,11/3/2016 10:27:00 AM,1,26949,At Intersection (intersection related),Daylight,FREMONT AVE N AND N 43RD S ST,0,1,,0,E603988,Wet,18,"MOTOR VEHICLE STRUCK PEDALCYCLIST, FRONT END AT ANGLE",,10494,0,2,Injury Collision,,45,Bicycle,Matched,N,0,Clear or Partly Cloudy,0,"(47.65895414400006, -122.350013279)",0,0,N,2016-398004
156072,26504,26504,Block,Cycles,165,,,0,,05/10/2004 12:00:00 AM +0000,5/10/2004 2:27:00 PM,1,,Driveway Junction,Daylight,N 105TH ST BETWEEN WHITMAN AVE N AND AURORA AVE N,0,1,,1,1205169,Wet,18,"MOTOR VEHICLE STRUCK PEDALCYCLIST, FRONT END AT ANGLE",04131008,15018,0,2,Injury Collision,,45,Bicycle,Matched,0,0,Raining,0,"(47.70505326300008, -122.34536647199997)",0,0,N,04-188247
156084,26535,26535,Block,Cycles,453, ,,0,,10/14/2004 12:00:00 AM +0000,10/14/2004 5:30:00 PM,1,,Mid-Block (not related to intersection),Unknown,NE 40TH ST BETWEEN 7TH AVE NE AND UNIVERSITY BR OFF RP,0,1,,2,1780896,Unknown,18,"MOTOR VEHICLE STRUCK PEDALCYCLIST, FRONT END AT ANGLE",04288001,16733,0,2,Injury Collision,,45,Bicycle,Matched,0,1,Unknown,0,"(47.65552386500008, -122.31914462099996)",0,0,N,4441339
156140,205037,205177,Intersection,Cycles,0, ,,0,,10/14/2015 12:00:00 AM +0000,10/14/2015 9:47:00 AM,1,27162,At Intersection (intersection related),Daylight,HARVARD AVE E AND E ALLISON ST,0,1,Y,3,3571450,Dry,51,PEDALCYCLIST STRUCK MOTOR VEHICLE FRONT END AT ANGLE,,10470,0,2,Injury Collision,,45,Bicycle,Matched,N,1,Overcast,0,"(47.64871064000005, -122.32209905699995)",6051,0,N,15-359455