OBJECTID,INCKEY,COLDETKEY,ADDRTYPE,COLLISIONTYPE,DISTANCE,EXCEPTRSNCODE,EXCEPTRSNDESC,FATALITIES,INATTENTIONIND,INCDATE,INCDTTM,INJURIES,INTKEY,JUNCTIONTYPE,LIGHTCOND,LOCATION,PEDCOUNT,PEDCYLCOUNT,PEDROWNOTGRNT,PERSONCOUNT,REPORTNO,ROADCOND,SDOT_COLCODE,SDOT_COLDESC,SDOTCOLNUM,SEGKEY,SERIOUSINJURIES,SEVERITYCODE,SEVERITYDESC,SPEEDING,ST_COLCODE,ST_COLDESC,STATUS,UNDERINFL,VEHCOUNT,WEATHER,WIDTH,Shape,SEGLANEKEY,CROSSWALKKEY,HITPARKEDCAR,SPDCASENO
156141,205036,205176,Intersection,Cycles,0, ,,0,Y,10/15/2015 12:00:00 AM +0000,10/15/2015 10:36:00 AM,1,28287,At Intersection (intersection related),Daylight,EASTLAKE AVE E AND E HAMLIN ST,0,1,,2,3282473,Dry,51,PEDALCYCLIST STRUCK MOTOR VEHICLE FRONT END AT ANGLE,,10181,0,2,Injury Collision,,45,Bicycle,Matched,N,1,Clear or Partly Cloudy,0,"(47.645623777000026, -122.32587912399998)",0,0,N,2015-360767
156261,205930,206090,Intersection,Cycles,0, ,,0,,10/30/2015 12:00:00 AM +0000,10/30/2015 6:30:00 PM,1,27079,At Intersection (intersection related),Dark - Street Lights On,ROOSEVELT WAY NE AND NE 43RD S ST,0,1,Y,2,3737335,Dry,18,"MOTOR VEHICLE STRUCK PEDALCYCLIST, FRONT END AT ANGLE",,12597,0,2,Injury Collision,,45,Bicycle,Matched,N,1,Overcast,0,"(47.65945594600004, -122.31775170599997)",8995,0,N,2015-380710
156267,205057,205197,Intersection,Cycles,0, ,,0,,10/17/2015 12:00:00 AM +0000,10/17/2015 8:30:00 PM,0,29551,At Intersection (intersection related),Dark - Street Lights On,6TH AVE AND STEWART ST,0,1,,2,3703559,Wet,51,PEDALCYCLIST STRUCK MOTOR VEHICLE FRONT END AT ANGLE,,7887,0,1,Property Damage Only Collision,,45,Bicycle,Matched,N,1,Overcast,0,"(47.613622332000034, -122.33701461599998)",0,0,N,2015-364072
156321,204484,204624,Intersection,Cycles,0, ,,0,,10/08/2015 12:00:00 AM +0000,10/8/2015 7:56:00 AM,0,29710,At Intersection (intersection related),Daylight,BLANCHARD ST AND WESTERN AVE,0,1,Y,2,3789253,Dry,18,"MOTOR VEHICLE STRUCK PEDALCYCLIST, FRONT END AT ANGLE",,9290,0,1,Property Damage Only Collision,,45,Bicycle,Matched,N,1,Overcast,0,"(47.61194160700006, -122.34607236699998)",13068,0,N,15-351716
156332,26328,26328,Intersection,Cycles,0,,,0,,09/08/2004 12:00:00 AM +0000,9/8/2004,1,27189,At Intersection (intersection related),Dark - No Street Lights,MERIDIAN AVE N AND N 44TH ST,0,1,,2,1776175,Dry,51,PEDALCYCLIST STRUCK MOTOR VEHICLE FRONT END AT ANGLE,04252039,11791,0,2,Injury Collision,,45,Bicycle,Matched,1,1,Overcast,0,"(47.66029647200003, -122.33374316899994)",0,0,N,04 378413
156472,206219,206399,Block,Cycles,174, ,,0,,11/04/2015 12:00:00 AM +0000,11/4/2015 7:24:00 AM,1,,Mid-Block (not related to intersection),Daylight,EASTLAKE AVE E BETWEEN ALOHA ST AND WARD ST,0,1,Y,2,3736385,Dry,18,"MOTOR VEHICLE STRUCK PEDALCYCLIST, FRONT END AT ANGLE",,10169,0,2,Injury Collision,,45,Bicycle,Matched,N,1,Clear or Partly Cloudy,0,"(47.62735267000005, -122.32922868899999)",0,0,N,15-385944
156485,206786,206986,Block,Cycles,115, ,,0,Y,11/10/2015 12:00:00 AM +0000,11/10/2015 12:01:00 PM,1,,Mid-Block (not related to intersection),Daylight,S LANDER ST BETWEEN 3RD AVE S AND 4TH AVE S,0,1,Y,2,3587831,Dry,18,"MOTOR VEHICLE STRUCK PEDALCYCLIST, FRONT END AT ANGLE",,20625,0,2,Injury Collision,,45,Bicycle,Matched,N,1,Clear or Partly Cloudy,0,"(47.579809597000065, -122.32952440699995)",0,0,N,2015-393159
156520,25739,25739,Block,Cycles,155,,,0,Y,04/26/2004 12:00:00 AM +0000,4/26/2004 9:51:00 PM,1,,Mid-Block (but intersection related),Dark - Street Lights On,12TH AVE S BETWEEN E YESLER WAY AND BOREN AVE S,0,1,,1,1320450,Dry,26,MOTOR VEHICLE STRUCK OBJECT IN ROAD,04117019,1651,0,2,Injury Collision,,45,Bicycle,Matched,0,0,Clear or Partly Cloudy,0,"(47.601274465000074, -122.31687320499998)",0,0,N,04-167590
156541,25883,25883,Block,Cycles,610.5,,,0,,06/22/2004 12:00:00 AM +0000,6/22/2004 5:37:00 PM,1,,Mid-Block (not related to intersection),Daylight,HARBOR AVE SW BETWEEN CALIFORNIA WAY SW AND FAIRMOUNT AVE SW,0,1,Y,2,1781267,Dry,18,"MOTOR VEHICLE STRUCK PEDALCYCLIST, FRONT END AT ANGLE",04174007,10815,0,2,Injury Collision,,45,Bicycle,Matched,0,1,Clear or Partly Cloudy,0,"(47.588294606000034, -122.37982308899996)",0,0,N,4255356
156555,26145,26145,Intersection,Cycles,0,,,0,,08/14/2004 12:00:00 AM +0000,8/14/2004 6:47:00 PM,1,28303,At Intersection (intersection related),Daylight,EASTLAKE AVE E AND E LOUISA ST,0,1,,3,1217326,Dry,18,"MOTOR VEHICLE STRUCK PEDALCYCLIST, FRONT END AT ANGLE",04227010,10178,0,2,Injury Collision,,45,Bicycle,Matched,0,1,Clear or Partly Cloudy,0,"(47.64203050000003, -122.32588836999997)",0,0,N,04-340551
156557,26004,26004,Intersection,Cycles,0,,,0,,11/12/2004 12:00:00 AM +0000,11/12/2004 4:55:00 PM,1,30430,At Intersection (intersection related),Dark - Street Lights On,12TH AVE S AND S KING ST,0,1,,4,1198402,Dry,18,"MOTOR VEHICLE STRUCK PEDALCYCLIST, FRONT END AT ANGLE",04317005,1655,1,2b,Serious Injury Collision,,45,Bicycle,Matched,0,1,Clear or Partly Cloudy,0,"(47.59833759300005, -122.317227979)",0,0,N,04-474571
156570,207612,207812,Intersection,Cycles,0, ,,0,,11/06/2015 12:00:00 AM +0000,11/6/2015 6:40:00 AM,1,28237,At Intersection (intersection related),Dawn,10TH AVE E AND E LYNN ST,0,1,,0,E483750,Wet,18,"MOTOR VEHICLE STRUCK PEDALCYCLIST, FRONT END AT ANGLE",,1300,0,2,Injury Collision,,45,Bicycle,Matched,N,1,Raining,0,"(47.63954711300005, -122.32006287099995)",0,0,N,2015-388312
156593,204355,204495,Intersection,Cycles,0, ,,0,,10/09/2015 12:00:00 AM +0000,10/9/2015 5:02:00 AM,1,29168,At Intersection (intersection related),Dawn,DENNY WAY AND STEWART ST,0,1,,2,3613447,Dry,51,PEDALCYCLIST STRUCK MOTOR VEHICLE FRONT END AT ANGLE,,10023,0,2,Injury Collision,,45,Bicycle,Matched,N,1,Clear or Partly Cloudy,0,"(47.61849175700007, -122.33072296099999)",0,0,N,2015-353009
156678,26350,26350,Intersection,Cycles,0,,,0,,08/28/2004 12:00:00 AM +0000,8/28/2004 11:51:00 PM,1,26800,At Intersection (intersection related),Dark - Street Lights Off,WOODLAND PARK AVE N AND N 45TH ST,0,1,,2,1219932,Dry,51,PEDALCYCLIST STRUCK MOTOR VEHICLE FRONT END AT ANGLE,04241007,13662,0,2,Injury Collision,,45,Bicycle,Matched,0,1,Clear or Partly Cloudy,0,"(47.66138478900007, -122.34455892299997)",0,0,N,4361738
156690,26753,26753,Intersection,Cycles,0,,,0,,08/17/2004 12:00:00 AM +0000,8/17/2004 4:18:00 PM,1,24323,At Intersection (intersection related),Daylight,FREMONT AVE N AND N 73RD ST,0,1,,2,1080155,Dry,51,PEDALCYCLIST STRUCK MOTOR VEHICLE FRONT END AT ANGLE,04230010,10516,0,2,Injury Collision,,45,Bicycle,Matched,0,1,Clear or Partly Cloudy,0,"(47.68180341500005, -122.34989069199997)",0,0,N,04 345044
156748,204357,204497,Intersection,Cycles,0, ,,0,Y,10/09/2015 12:00:00 AM +0000,10/9/2015 12:20:00 PM,1,24506,At Intersection (intersection related),Dawn,15TH AVE NE AND NE 65TH ST,0,1,,2,3695514,Wet,18,"MOTOR VEHICLE STRUCK PEDALCYCLIST, FRONT END AT ANGLE",,2048,0,2,Injury Collision,,45,Bicycle,Matched,N,1,Overcast,0,"(47.67578344000003, -122.31192972199995)",0,0,N,2015-353377
156758,204534,204674,Block,Cycles,330, ,,0,,09/28/2015 12:00:00 AM +0000,9/28/2015 5:30:00 PM,0,,Mid-Block (not related to intersection),Daylight,UNIVERSITY WAY NE BETWEEN NE 47TH ST AND NE 50TH ST,0,1,,2,3775545,Unknown,54,PEDALCYCLIST STRUCK MOTOR VEHICLE REAR END,,13223,0,1,Property Damage Only Collision,,45,Bicycle,Matched,N,1,Unknown,0,"(47.66399488800005, -122.31308797799994)",0,0,Y,2015-353529
156864,205753,205913,Block,Cycles,161, ,,0,,10/26/2015 12:00:00 AM +0000,10/26/2015 8:59:00 AM,1,,Mid-Block (not related to intersection),Daylight,PIKE ST BETWEEN TERRY AVE AND BOREN AVE,0,1,,1,E475213,Wet,18,"MOTOR VEHICLE STRUCK PEDALCYCLIST, FRONT END AT ANGLE",,12206,0,2,Injury Collision,,45,Bicycle,Matched,N,1,Raining,0,"(47.613232897000046, -122.32947078999996)",0,0,N,15-374453
156894,207895,208095,Block,Cycles,100, ,,0,,11/25/2015 12:00:00 AM +0000,11/25/2015 7:36:00 AM,2,,Mid-Block (not related to intersection),Daylight,UNIVERSITY BR BETWEEN POINT A AND POINT B,0,2,,2,3737236,Ice,69,PEDALCYCLIST OVERTURNED IN ROAD,,13190,0,2,Injury Collision,,45,Bicycle,Matched,N,0,Clear or Partly Cloudy,0,"(47.65271931700005, -122.32039378999997)",0,0,N,15-411304
156903,207260,207460,Block,Cycles,110.5, ,,0,,11/18/2015 12:00:00 AM +0000,11/18/2015 9:38:00 AM,1,,Mid-Block (not related to intersection),Daylight,W GOVERNMENT WAY BETWEEN 32ND N AVE W AND 32ND S AVE W,0,1,Y,2,3732878,Dry,51,PEDALCYCLIST STRUCK MOTOR VEHICLE FRONT END AT ANGLE,,23388,0,2,Injury Collision,,45,Bicycle,Matched,N,1,Clear or Partly Cloudy,0,"(47.66037121900007, -122.39823985499999)",0,0,N,2015-402697
156913,205302,205462,Block,Cycles,77, ,,0,,10/13/2015 12:00:00 AM +0000,10/13/2015 8:24:00 AM,1,,Mid-Block (not related to intersection),Daylight,DEXTER AVE N BETWEEN GARFIELD S ST AND GARFIELD N ST,0,1,,2,3789154,Wet,18,"MOTOR VEHICLE STRUCK PEDALCYCLIST, FRONT END AT ANGLE",,10085,0,2,Injury Collision,,45,Bicycle,Matched,N,1,Clear or Partly Cloudy,0,"(47.633208298000056, -122.34228266599996)",10084,0,N,2015-358046
156917,207438,207638,Block,Cycles,166, ,,0,Y,11/08/2015 12:00:00 AM +0000,11/8/2015 5:26:00 PM,0,,Mid-Block (not related to intersection),Dark - Street Lights On,LINDEN AVE N BETWEEN N 135TH ST AND N 137TH S ST,0,1,,1,E481798,Dry,18,"MOTOR VEHICLE STRUCK PEDALCYCLIST, FRONT END AT ANGLE",,11455,0,1,Property Damage Only Collision,,45,Bicycle,Matched,N,1,Overcast,0,"(47.727314352000064, -122.34771899499998)",11455,0,N,2015-391127
156964,206259,206439,Block,Cycles,129, ,,0,,07/18/2015 12:00:00 AM +0000,7/18/2015 1:30:00 PM,1,,Mid-Block (not related to intersection),Daylight,15TH AVE S BETWEEN S MASSACHUSETTS ST AND S STATE ST,0,1,,1,E462618,Dry,56,PEDALCYCLIST STRUCK MOTOR VEHICLE LEFT SIDE SIDESWIPE,,2134,0,2,Injury Collision,,45,Bicycle,Matched,N,1,Clear or Partly Cloudy,0,"(47.58812301800003, -122.31378198799996)",14085,0,N,2015-246286
157019,207423,207623,Block,Cycles,229.5, ,,0,,11/13/2015 12:00:00 AM +0000,11/13/2015 8:45:00 AM,1,,Mid-Block (not related to intersection),Daylight,FREMONT AVE N BETWEEN XW N40 AND N 41ST ST,0,1,,1,E481785,Wet,18,"MOTOR VEHICLE STRUCK PEDALCYCLIST, FRONT END AT ANGLE",,10490,0,2,Injury Collision,,45,Bicycle,Matched,N,1,Raining,0,"(47.65603275500007, -122.34993767699996)",8390,0,N,2015-396579
157084,205456,205616,Block,Cycles,325, ,,0,Y,10/23/2015 12:00:00 AM +0000,10/23/2015 7:30:00 PM,1,,Mid-Block (not related to intersection),Dusk,CALIFORNIA AVE SW BETWEEN SW ALASKA ST AND ERSKINE WAY SW,0,1,,2,3731573,Dry,56,PEDALCYCLIST STRUCK MOTOR VEHICLE LEFT SIDE SIDESWIPE,,9554,0,2,Injury Collision,,45,Bicycle,Matched,N,1,Clear or Partly Cloudy,0,"(47.56021698200004, -122.38680395099999)",0,0,N,15-371712
157089,204506,204646,Intersection,Cycles,0, ,,0,,10/12/2015 12:00:00 AM +0000,10/12/2015 4:41:00 PM,1,24245,At Intersection (intersection related),Daylight,STROUD AVE N AND EAST GREEN LAKE DR N,0,1,Y,2,3738856,Dry,18,"MOTOR VEHICLE STRUCK PEDALCYCLIST, FRONT END AT ANGLE",,12974,0,2,Injury Collision,,45,Bicycle,Matched,N,1,Clear or Partly Cloudy,0,"(47.68542320600005, -122.336230194)",7370,0,N,2015-357420
157107,204797,204937,Block,Cycles,398, ,,0,,10/15/2015 12:00:00 AM +0000,10/15/2015 8:10:00 AM,1,,Mid-Block (not related to intersection),Daylight,ROOSEVELT WAY NE BETWEEN NE 75TH ST AND NE 78TH ST,0,1,Y,2,3737277,Dry,18,"MOTOR VEHICLE STRUCK PEDALCYCLIST, FRONT END AT ANGLE",,12626,0,2,Injury Collision,,45,Bicycle,Matched,N,1,Clear or Partly Cloudy,0,"(47.684200393000026, -122.317508697)",0,0,N,2015-360610
157115,205275,205435,Block,Cycles,213, ,,0,,09/30/2015 12:00:00 AM +0000,9/30/2015 10:53:00 AM,1,,Mid-Block (not related to intersection),Daylight,BROADWAY BETWEEN E HOWELL ST AND E DENNY WAY,0,1,,2,3571447,Dry,51,PEDALCYCLIST STRUCK MOTOR VEHICLE FRONT END AT ANGLE,,9450,0,2,Injury Collision,,45,Bicycle,Matched,N,1,Overcast,0,"(47.618154047000075, -122.32084513599995)",0,0,N,15-341981
157173,208123,208323,Block,Cycles,39,NEI,"Not Enough Information, or Insufficient Location Information",0,,11/19/2015 12:00:00 AM +0000,11/19/2015 4:03:00 PM,1,,,Dusk,N 45TH ST BETWEEN DENSMORE W AVE N AND DENSMORE E AVE N,0,1,,0,E486312,Dry,00,NOT ENOUGH INFORMATION / NOT APPLICABLE,,15546,0,2,Injury Collision,,45,Bicycle,Matched,N,1,Clear or Partly Cloudy,0,"(47.66138705900005, -122.33753150999996)",0,0,N,2015-404560
157200,206780,206980,Intersection,Cycles,0, ,,0,,11/11/2015 12:00:00 AM +0000,11/11/2015 12:37:00 PM,1,34870,At Intersection (intersection related),Daylight,20TH AVE SW AND SW HENDERSON ST,0,1,Y,2,3587853,Dry,18,"MOTOR VEHICLE STRUCK PEDALCYCLIST, FRONT END AT ANGLE",,3084,0,2,Injury Collision,,45,Bicycle,Matched,N,1,Clear or Partly Cloudy,0,"(47.52286301600003, -122.35914219799997)",0,0,N,15-394445
157221,232150,232550,Block,Cycles,213, ,,0,,11/15/2016 12:00:00 AM +0000,11/15/2016 7:25:00 PM,1,,Driveway Junction,Dark - Street Lights On,2ND AVE BETWEEN UNION ST AND PIKE ST,0,1,,2,E612858,Wet,18,"MOTOR VEHICLE STRUCK PEDALCYCLIST, FRONT END AT ANGLE",,2757,0,2,Injury Collision,,45,Bicycle,Matched,N,1,Raining,0,"(47.60878749200003, -122.33844845799996)",42160,0,N,2016-413746
157228,205925,206085,Block,Cycles,141.5, ,,0,Y,11/02/2015 12:00:00 AM +0000,11/2/2015 10:18:00 AM,1,,Mid-Block (not related to intersection),Daylight,NE CAMPUS EB PY BETWEEN 12TH AVE NE AND BROOKLYN AVE NE,0,1,,2,3737079,Wet,18,"MOTOR VEHICLE STRUCK PEDALCYCLIST, FRONT END AT ANGLE",,17987,0,2,Injury Collision,,45,Bicycle,Matched,N,1,Overcast,0,"(47.656006122000065, -122.31500036899996)",0,0,N,2015-383639
157344,228902,229262,Block,Cycles,187.5, ,,0,Y,10/17/2016 12:00:00 AM +0000,10/17/2016 5:31:00 PM,1,,Mid-Block (not related to intersection),Daylight,ELLIOTT AVE W BETWEEN W GALER ST FLYOVER AND W GALER ST,0,1,,2,3590630,Dry,11,"MOTOR VEHICLE STRUCK MOTOR VEHICLE, FRONT END AT ANGLE",,10222,1,2b,Serious Injury Collision,,45,Bicycle,Matched,N,1,Clear or Partly Cloudy,0,"(47.63186162300008, -122.37515622899997)",0,0,N,16-376252
157563,26563,26563,Intersection,Cycles,0,,,0,,07/26/2004 12:00:00 AM +0000,7/26/2004 2:48:00 PM,0,24214,At Intersection (intersection related),Daylight,8TH AVE NW AND NW 65TH ST,0,1,,2,1080205,Dry,18,"MOTOR VEHICLE STRUCK PEDALCYCLIST, FRONT END AT ANGLE",04208015,8395,0,1,Property Damage Only Collision,,45,Bicycle,Matched,0,1,Clear or Partly Cloudy,0,"(47.67598534700005, -122.36602339899997)",0,0,N,04-310131
157591,228582,228942,Intersection,Cycles,0, ,,0,,09/19/2016 12:00:00 AM +0000,9/19/2016 3:20:00 PM,1,37182,At Intersection (intersection related),Daylight,6TH AVE NW AND NW 85TH ST,0,1,,3,3769594,Dry,18,"MOTOR VEHICLE STRUCK PEDALCYCLIST, FRONT END AT ANGLE",,7961,0,2,Injury Collision,Y,45,Bicycle,Matched,N,1,Clear or Partly Cloudy,0,"(47.69064043600008, -122.36332043199997)",0,0,N,2016-340167
157655,231345,231745,Intersection,Cycles,0, ,,0,,10/23/2016 12:00:00 AM +0000,10/23/2016 10:08:00 AM,1,29860,At Intersection (intersection related),Daylight,SUMMIT AVE AND E PINE ST,0,1,,2,3642586,Wet,51,PEDALCYCLIST STRUCK MOTOR VEHICLE FRONT END AT ANGLE,,12987,0,2,Injury Collision,,45,Bicycle,Matched,N,1,Clear or Partly Cloudy,0,"(47.615218748000075, -122.325528841)",0,0,N,16-383626
157748,228885,229245,Intersection,Cycles,0, ,,0,,10/06/2016 12:00:00 AM +0000,10/6/2016 2:39:00 PM,1,35272,At Intersection (intersection related),Daylight,YUKON AVE S AND S HENDERSON ST,0,1,,2,E592541,Dry,18,"MOTOR VEHICLE STRUCK PEDALCYCLIST, FRONT END AT ANGLE",,13771,0,2,Injury Collision,,45,Bicycle,Matched,N,1,Overcast,0,"(47.523314053000036, -122.27702724899996)",0,0,N,2016-362696
157752,231165,231565,Block,Cycles,311, ,,0,Y,11/29/2016 12:00:00 AM +0000,11/29/2016 8:31:00 PM,1,,Driveway Junction,Dark - Street Lights Off,BROADWAY BETWEEN HARVARD AVE AND E UNION ST,0,1,,2,3771817,Dry,18,"MOTOR VEHICLE STRUCK PEDALCYCLIST, FRONT END AT ANGLE",,9445,0,2,Injury Collision,,45,Bicycle,Matched,N,1,Clear or Partly Cloudy,0,"(47.61210999000008, -122.32076121799997)",9445,0,N,16-430383
157806,27166,27166,Intersection,Cycles,0,,,0,,02/13/2004 12:00:00 AM +0000,2/13/2004 11:34:00 PM,1,25403,At Intersection (intersection related),Dark - Street Lights On,15TH AVE NW AND NW 58TH ST,0,1,Y,2,1779937,Wet,18,"MOTOR VEHICLE STRUCK PEDALCYCLIST, FRONT END AT ANGLE",04044008,2105,0,2,Injury Collision,,45,Bicycle,Matched,0,1,Raining,0,"(47.67090128400008, -122.37621244399998)",0,0,N,04 063707
157815,27039,27039,Intersection,Cycles,0,,,0,,05/07/2004 12:00:00 AM +0000,5/7/2004,1,25132,At Intersection (intersection related),Daylight,24TH AVE NW AND NW 58TH ST,0,1,Y,2,1476139,Wet,18,"MOTOR VEHICLE STRUCK PEDALCYCLIST, FRONT END AT ANGLE",04128004,3593,0,2,Injury Collision,,45,Bicycle,Matched,0,1,Raining,0,"(47.670916205000026, -122.38758736899996)",0,0,N,04-183713
157878,230237,230637,Intersection,Cycles,0, ,,0,,10/13/2016 12:00:00 AM +0000,10/13/2016 1:33:00 PM,1,35678,At Intersection (intersection related),Daylight,10TH AVE NW AND NW 127TH ST,0,1,,1,E597306,Wet,18,"MOTOR VEHICLE STRUCK PEDALCYCLIST, FRONT END AT ANGLE",,1321,0,2,Injury Collision,,45,Bicycle,Matched,N,1,Raining,0,"(47.721495454000035, -122.36904599199994)",0,0,N,2016-371368
157889,229840,230220,Block,Cycles,133, ,,0,,10/30/2016 12:00:00 AM +0000,10/30/2016 4:48:00 PM,1,,Driveway Junction,Daylight,22ND AVE NW BETWEEN NW 56TH ST AND NW 57TH ST,0,1,,2,E603830,Wet,18,"MOTOR VEHICLE STRUCK PEDALCYCLIST, FRONT END AT ANGLE",,3281,0,2,Injury Collision,,45,Bicycle,Matched,N,1,Raining,0,"(47.669817271000056, -122.38474259099996)",0,0,N,2016-393242
157955,27050,27050,Intersection,Cycles,0,,,0,,04/29/2004 12:00:00 AM +0000,4/29/2004 10:10:00 AM,1,27039,At Intersection (intersection related),Daylight,FREMONT AVE N AND N 34TH ST,0,1,Y,2,1218473,Dry,18,"MOTOR VEHICLE STRUCK PEDALCYCLIST, FRONT END AT ANGLE",04120010,10485,1,2b,Serious Injury Collision,,45,Bicycle,Matched,0,1,Clear or Partly Cloudy,0,"(47.64958972900007, -122.34974744899995)",0,0,N,03-171373
157957,27049,27049,Block,Cycles,238,,,0,,08/14/2004 12:00:00 AM +0000,8/14/2004 6:55:00 AM,1,,Mid-Block (not related to intersection),Daylight,LAKE WASHINGTON BLVD BETWEEN E TERRACE ST AND E JEFFERSON ST,0,1,,2,1217190,Dry,18,"MOTOR VEHICLE STRUCK PEDALCYCLIST, FRONT END AT ANGLE",04227006,11194,0,2,Injury Collision,,45,Bicycle,Matched,0,1,Clear or Partly Cloudy,0,"(47.60527694600006, -122.28350343499994)",0,0,N,04-339698
158107,27764,27764,Intersection,Cycles,0, ,,0,Y,10/08/2004 12:00:00 AM +0000,10/8/2004,1,30514,At Intersection (intersection related),Daylight,7TH AVE S AND S KING ST,0,1,,3,1777624,Wet,51,PEDALCYCLIST STRUCK MOTOR VEHICLE FRONT END AT ANGLE,04282002,8208,0,2,Injury Collision,,45,Bicycle,Matched,0,1,Raining,0,"(47.598349840000026, -122.32375375199996)",0,0,N,04-423373
158116,27616,27616,Intersection,Cycles,0, ,,0,,05/18/2004 12:00:00 AM +0000,5/18/2004 6:42:00 AM,1,24082,At Intersection (intersection related),Daylight,3RD AVE NW AND NW 73RD ST,0,1,Y,2,1318124,Dry,18,"MOTOR VEHICLE STRUCK PEDALCYCLIST, FRONT END AT ANGLE",04139001,4465,0,2,Injury Collision,,45,Bicycle,Matched,0,1,Clear or Partly Cloudy,0,"(47.68179301400005, -122.36048904999996)",0,0,N,04 200099
158162,26991,26991,Block,Cycles,213,,,0,,09/22/2004 12:00:00 AM +0000,9/22/2004 5:51:00 AM,1,,Mid-Block (not related to intersection),Dawn,ALASKAN WAY BETWEEN VIRGINIA ST AND LENORA ST,0,1,,3,1321224,Dry,56,PEDALCYCLIST STRUCK MOTOR VEHICLE LEFT SIDE SIDESWIPE,04266044,8727,0,2,Injury Collision,,45,Bicycle,Matched,0,1,Clear or Partly Cloudy,0,"(47.60961130100003, -122.34564511299999)",0,0,N,04 398037
158177,231339,231739,Block,Cycles,322.5, ,,0,,10/11/2016 12:00:00 AM +0000,10/11/2016 8:44:00 AM,1,,Mid-Block (not related to intersection),Daylight,BROOKLYN AVE NE BETWEEN NE PACIFIC ST AND NE 40TH ST,0,1,,2,3479592,Dry,18,"MOTOR VEHICLE STRUCK PEDALCYCLIST, FRONT END AT ANGLE",,9475,0,2,Injury Collision,,45,Bicycle,Matched,N,1,Clear or Partly Cloudy,0,"(47.65448187100003, -122.31446453699999)",0,0,N,16-0011834
158180,231334,231734,Block,Cycles,322.5, ,,0,Y,10/19/2016 12:00:00 AM +0000,10/19/2016 6:07:00 PM,1,,Mid-Block (not related to intersection),Dusk,BROOKLYN AVE NE BETWEEN NE PACIFIC ST AND NE 40TH ST,0,1,Y,2,3479409,Wet,18,"MOTOR VEHICLE STRUCK PEDALCYCLIST, FRONT END AT ANGLE",,9475,0,2,Injury Collision,,45,Bicycle,Matched,N,1,Overcast,0,"(47.65448187100003, -122.31446453699999)",0,0,N,16-00012705
158229,229517,229877,Intersection,Cycles,0, ,,0,Y,10/29/2016 12:00:00 AM +0000,10/29/2016 4:00:00 PM,1,34741,At Intersection (intersection related),Daylight,35TH AVE SW AND SW BARTON ST,0,1,,4,3693092,Dry,18,"MOTOR VEHICLE STRUCK PEDALCYCLIST, FRONT END AT ANGLE",,5483,0,2,Injury Collision,,45,Bicycle,Matched,N,1,Clear or Partly Cloudy,0,"(47.52107001400003, -122.37676149199996)",0,0,N,2016-392031
158310,27887,27887,Intersection,Cycles,0,,,0,,05/13/2004 12:00:00 AM +0000,5/13/2004 7:27:00 PM,1,29559,At Intersection (intersection related),Daylight,2ND AVE AND BLANCHARD ST,0,1,,2,1213606,Dry,18,"MOTOR VEHICLE STRUCK PEDALCYCLIST, FRONT END AT ANGLE",04134003,2763,0,2,Injury Collision,,45,Bicycle,Matched,0,1,Clear or Partly Cloudy,0,"(47.61327122300003, -122.34435339899994)",0,0,N,40193117
158395,27796,27796,Intersection,Cycles,0,,,0,,04/08/2004 12:00:00 AM +0000,4/8/2004,1,32725,At Intersection (intersection related),Daylight,39TH AVE S AND S OREGON ST,0,1,,2,1771969,Dry,18,"MOTOR VEHICLE STRUCK PEDALCYCLIST, FRONT END AT ANGLE",04099026,6017,0,2,Injury Collision,,45,Bicycle,Matched,0,1,Clear or Partly Cloudy,0,"(47.562838656000054, -122.28385814899997)",0,0,N,4141051
158401,206831,207031,Block,Cycles,380.5, ,,0,,11/14/2015 12:00:00 AM +0000,11/14/2015 11:51:00 AM,1,,Driveway Junction,Daylight,S JACKSON ST BETWEEN 12TH AVE S AND 14TH AVE S,0,1,Y,2,3672496,Wet,18,"MOTOR VEHICLE STRUCK PEDALCYCLIST, FRONT END AT ANGLE",,20494,0,2,Injury Collision,,45,Bicycle,Matched,N,1,Raining,0,"(47.59919951900008, -122.31568207499998)",11009,0,N,2015-397984
158546,26126,26126,Block,Cycles,218,,,0,,06/05/2004 12:00:00 AM +0000,6/5/2004,1,,Driveway Junction,Daylight,EASTLAKE AVE E BETWEEN HARVARD AVE E AND FUHRMAN AVE E,0,1,,2,1789685,Dry,51,PEDALCYCLIST STRUCK MOTOR VEHICLE FRONT END AT ANGLE,04157002,10184,0,2,Injury Collision,,45,Bicycle,Matched,0,1,Raining,0,"(47.65104751100006, -122.32168580199999)",0,0,N,04-228498
158561,26235,26235,Intersection,Cycles,0,,,0,,11/11/2004 12:00:00 AM +0000,11/11/2004 5:18:00 PM,1,26900,At Intersection (intersection related),Dusk,CARR PL N AND N 35TH ST,0,1,,2,1794855,Dry,51,PEDALCYCLIST STRUCK MOTOR VEHICLE FRONT END AT ANGLE,04316026,9617,0,2,Injury Collision,,45,Bicycle,Matched,0,1,Clear or Partly Cloudy,0,"(47.649210562000064, -122.33937997199996)",0,0,N,4473145
158587,26093,26093,Block,Cycles,138,,,0,,04/01/2004 12:00:00 AM +0000,4/1/2004,1,,Mid-Block (not related to intersection),Daylight,AURORA AVE N BETWEEN HALLADAY ST AND RAYE ST,0,1,,2,1778629,Dry,51,PEDALCYCLIST STRUCK MOTOR VEHICLE FRONT END AT ANGLE,04092004,8918,0,2,Injury Collision,,45,Bicycle,Matched,0,1,Clear or Partly Cloudy,0,"(47.642624357000045, -122.34705467699996)",0,0,N,04 130943