OBJECTID,INCKEY,COLDETKEY,ADDRTYPE,COLLISIONTYPE,DISTANCE,EXCEPTRSNCODE,EXCEPTRSNDESC,FATALITIES,INATTENTIONIND,INCDATE,INCDTTM,INJURIES,INTKEY,JUNCTIONTYPE,LIGHTCOND,LOCATION,PEDCOUNT,PEDCYLCOUNT,PEDROWNOTGRNT,PERSONCOUNT,REPORTNO,ROADCOND,SDOT_COLCODE,SDOT_COLDESC,SDOTCOLNUM,SEGKEY,SERIOUSINJURIES,SEVERITYCODE,SEVERITYDESC,SPEEDING,ST_COLCODE,ST_COLDESC,STATUS,UNDERINFL,VEHCOUNT,WEATHER,WIDTH,Shape,SEGLANEKEY,CROSSWALKKEY,HITPARKEDCAR,SPDCASENO
158606,25826,25826,Block,Cycles,204,,,0,,10/22/2004 12:00:00 AM +0000,10/22/2004 6:50:00 AM,1,,Driveway Junction,Dawn,HOLMAN RD NW BETWEEN 6TH AVE NW AND 4TH AVE NW,0,1,Y,2,1773432,Dry,18,"MOTOR VEHICLE STRUCK PEDALCYCLIST, FRONT END AT ANGLE",04296004,10945,0,2,Injury Collision,,45,Bicycle,Matched,0,1,Overcast,0,"(47.70139040500004, -122.36273140399999)",0,0,N,04 443393
158617,26237,26237,Intersection,Cycles,0,,,0,,09/11/2004 12:00:00 AM +0000,9/11/2004 12:25:00 PM,1,27281,At Intersection (intersection related),Daylight,MERIDIAN AVE N AND N NORTHLAKE WAY,0,1,Y,2,1794982,Dry,18,"MOTOR VEHICLE STRUCK PEDALCYCLIST, FRONT END AT ANGLE",04255011,11780,0,2,Injury Collision,,45,Bicycle,Matched,0,1,Clear or Partly Cloudy,0,"(47.64686731000006, -122.33392663499995)",0,0,N,04-382360
158819,207678,207878,Intersection,Cycles,0, ,,0,,11/20/2015 12:00:00 AM +0000,11/20/2015 2:12:00 PM,1,485928,At Intersection (intersection related),Daylight,M L KING JR ER WAY S AND S GRAHAM ST,0,1,,0,E484673,Dry,18,"MOTOR VEHICLE STRUCK PEDALCYCLIST, FRONT END AT ANGLE",,11552,0,2,Injury Collision,,45,Bicycle,Matched,N,1,Clear or Partly Cloudy,0,"(47.546058412000036, -122.28545201999998)",0,20124,N,2015-405748
158842,207928,208128,Intersection,Cycles,0, ,,0,,11/29/2015 12:00:00 AM +0000,11/29/2015 5:58:00 PM,1,29877,At Intersection (intersection related),Dark - Street Lights On,MELROSE AVE AND PIKE ST,0,1,Y,4,3738000,Wet,24,MOTOR VEHCILE STRUCK PEDESTRIAN,,11744,0,2,Injury Collision,,45,Bicycle,Matched,N,1,Fog/Smog/Smoke,0,"(47.61393023000005, -122.32780457599995)",0,0,N,2015-415540
158857,204878,205018,Block,Cycles,189.5, ,,0,,10/15/2015 12:00:00 AM +0000,10/15/2015 9:14:00 AM,1,,Mid-Block (not related to intersection),Daylight,EASTLAKE AVE E BETWEEN E BLAINE ST AND E HOWE ST,0,1,,1,E472020,Dry,14,"MOTOR VEHICLE STRUCK MOTOR VEHICLE, REAR END",,10173,0,2,Injury Collision,Y,45,Bicycle,Matched,N,1,Clear or Partly Cloudy,0,"(47.63536821100007, -122.32540032999998)",0,0,N,2015-360683
158859,204877,205017,Block,Cycles,161, ,,0,,10/14/2015 12:00:00 AM +0000,10/14/2015 1:25:00 PM,1,,Mid-Block (not related to intersection),Daylight,E PINE ST BETWEEN 11TH AVE AND 12TH AVE,0,1,,1,E472016,Dry,11,"MOTOR VEHICLE STRUCK MOTOR VEHICLE, FRONT END AT ANGLE",,14637,0,2,Injury Collision,,45,Bicycle,Matched,N,1,Clear or Partly Cloudy,0,"(47.61525914900005, -122.31750882199998)",14637,0,N,2015-395695
158887,206587,206787,Intersection,Cycles,0,NEI,"Not Enough Information, or Insufficient Location Information",0,,11/05/2015 12:00:00 AM +0000,11/5/2015 6:10:00 AM,1,26231,At Intersection (but not related to intersection),Dark - No Street Lights,35TH AVE NE AND NE 50TH ST,0,1,,1,E479019,Dry,00,NOT ENOUGH INFORMATION / NOT APPLICABLE,,5353,0,2,Injury Collision,,45,Bicycle,Matched,N,1,Overcast,0,"(47.66487480600006, -122.29016470699997)",0,0,N,2015-387050
158890,206299,206479,Block,Cycles,213, ,,0,,11/02/2015 12:00:00 AM +0000,11/2/2015 4:00:00 PM,1,,Mid-Block (not related to intersection),Daylight,1ST AVE BETWEEN UNION ST AND PIKE ST,0,1,,2,3788953,Wet,18,"MOTOR VEHICLE STRUCK PEDALCYCLIST, FRONT END AT ANGLE",,1008,0,2,Injury Collision,,45,Bicycle,Matched,N,1,Clear or Partly Cloudy,0,"(47.60832339900003, -122.33955831299994)",0,0,N,2015-384061
158891,207288,207488,Block,Cycles,213, ,,0,,11/21/2015 12:00:00 AM +0000,11/21/2015 4:10:00 PM,1,,Mid-Block (not related to intersection),Daylight,4TH AVE BETWEEN LENORA ST AND BLANCHARD ST,0,1,Y,2,3703740,Dry,18,"MOTOR VEHICLE STRUCK PEDALCYCLIST, FRONT END AT ANGLE",,6138,0,2,Injury Collision,,45,Bicycle,Matched,N,1,Clear or Partly Cloudy,0,"(47.61421489400004, -122.34198208899994)",0,0,N,2015-407097
158904,205142,205282,Intersection,Cycles,0, ,,0,,10/20/2015 12:00:00 AM +0000,10/20/2015 1:44:00 PM,1,30748,At Intersection (intersection related),Daylight,16TH AVE S AND S JACKSON ST,0,1,,2,3737769,Dry,11,"MOTOR VEHICLE STRUCK MOTOR VEHICLE, FRONT END AT ANGLE",,2282,0,2,Injury Collision,,45,Bicycle,Matched,N,1,Clear or Partly Cloudy,0,"(47.599224596000056, -122.31157742299996)",0,0,N,2015-367338
158993,26076,26076,Intersection,Cycles,0,,,0,Y,08/24/2004 12:00:00 AM +0000,8/24/2004 4:39:00 PM,1,34778,At Intersection (but not related to intersection),Daylight,FAUNTLEROY WAY SW AND SW THISTLE ST,0,1,Y,2,1775341,Standing Water,18,"MOTOR VEHICLE STRUCK PEDALCYCLIST, FRONT END AT ANGLE",04237048,10417,0,2,Injury Collision,,45,Bicycle,Matched,0,1,Raining,0,"(47.52857252500007, -122.39273372399998)",0,0,N,4355202
159005,25796,25796,Block,Cycles,286.5,,,0,,11/30/2004 12:00:00 AM +0000,11/30/2004 11:30:00 AM,1,,Driveway Junction,Daylight,NICKERSON ST BETWEEN CREMONA ST AND DRAVUS ST,0,1,Y,2,1069998,Wet,18,"MOTOR VEHICLE STRUCK PEDALCYCLIST, FRONT END AT ANGLE",04335028,11967,0,2,Injury Collision,,45,Bicycle,Matched,0,1,Overcast,0,"(47.64909962000007, -122.35620819599995)",0,0,N,4498043
159025,25789,25789,Block,Cycles,610.5,,,0,,05/23/2004 12:00:00 AM +0000,5/23/2004 12:49:00 PM,1,,Driveway Junction,Daylight,HARBOR AVE SW BETWEEN CALIFORNIA WAY SW AND FAIRMOUNT AVE SW,0,1,Y,4,1781356,Dry,18,"MOTOR VEHICLE STRUCK PEDALCYCLIST, FRONT END AT ANGLE",04144007,10815,0,2,Injury Collision,,45,Bicycle,Matched,0,1,Clear or Partly Cloudy,0,"(47.588294606000034, -122.37982308899996)",0,0,N,04-208385
159105,25216,25216,Intersection,Cycles,0,,,0,,05/14/2004 12:00:00 AM +0000,5/14/2004 9:47:00 AM,1,24214,At Intersection (intersection related),Daylight,8TH AVE NW AND NW 65TH ST,0,1,Y,2,1774253,Dry,18,"MOTOR VEHICLE STRUCK PEDALCYCLIST, FRONT END AT ANGLE",04135001,8395,1,2b,Serious Injury Collision,,45,Bicycle,Matched,0,1,Clear or Partly Cloudy,0,"(47.67598534700005, -122.36602339899997)",0,0,N,04-194077
159161,207683,207883,Intersection,Cycles,0,NEI,"Not Enough Information, or Insufficient Location Information",0,,11/15/2015 12:00:00 AM +0000,11/15/2015 5:01:00 PM,0,35427,At Intersection (intersection related),Dark - Street Lights On,RAINIER AVE S AND S CLOVERDALE ST,0,1,,2,E482814,Dry,00,NOT ENOUGH INFORMATION / NOT APPLICABLE,,9694,0,1,Property Damage Only Collision,,45,Bicycle,Matched,N,1,Clear or Partly Cloudy,0,"(47.52617082200004, -122.26998317899995)",0,0,N,2015-399419
159196,205347,205507,Block,Cycles,229.5, ,,0,Y,10/16/2015 12:00:00 AM +0000,10/16/2015 1:06:00 PM,1,,Mid-Block (not related to intersection),Daylight,FREMONT AVE N BETWEEN XW N40 AND N 41ST ST,0,1,,1,E473348,Dry,51,PEDALCYCLIST STRUCK MOTOR VEHICLE FRONT END AT ANGLE,,10490,0,2,Injury Collision,,45,Bicycle,Matched,N,1,Clear or Partly Cloudy,0,"(47.65603275500007, -122.34993767699996)",0,0,N,2015-362265
159243,25342,25342,Block,Cycles,318.5,,,0,,03/06/2004 12:00:00 AM +0000,3/6/2004,1,,Mid-Block (not related to intersection),Daylight,4TH AVE S BETWEEN W SEA BR EB 4 AV OFF RP AND S INDUSTRIAL WB WAY,0,1,,2,1777036,Dry,18,"MOTOR VEHICLE STRUCK PEDALCYCLIST, FRONT END AT ANGLE",04066004,531031,0,2,Injury Collision,,45,Bicycle,Matched,0,1,Clear or Partly Cloudy,0,"(47.56877717800006, -122.32906213499996)",0,0,N,04 194585
159341,25181,25181,Intersection,Cycles,0,,,0,,12/20/2004 12:00:00 AM +0000,12/20/2004 2:54:00 PM,0,25738,At Intersection (intersection related),Daylight,UNIVERSITY WAY NE AND NE RAVENNA EB BV,0,1,Y,2,1930984,Dry,11,"MOTOR VEHICLE STRUCK MOTOR VEHICLE, FRONT END AT ANGLE",04355006,13228,0,1,Property Damage Only Collision,,45,Bicycle,Matched,0,1,Clear or Partly Cloudy,0,"(47.67098655700005, -122.31303349099994)",0,0,N,4526377
159354,25455,25455,Block,Cycles,133.5,,,0,,10/30/2004 12:00:00 AM +0000,10/30/2004 9:10:00 AM,1,,Mid-Block (not related to intersection),Daylight,8TH AVE NW BETWEEN NW 87TH ST AND NW 88TH ST,0,1,,2,1781845,Dry,18,"MOTOR VEHICLE STRUCK PEDALCYCLIST, FRONT END AT ANGLE",04304010,8414,0,2,Injury Collision,,45,Bicycle,Matched,1,1,Clear or Partly Cloudy,0,"(47.692445547000034, -122.36600335299994)",0,0,N,04-455080
159493,25412,25412,Block,Cycles,212.5,,,0,,10/19/2004 12:00:00 AM +0000,10/19/2004 8:42:00 AM,1,,Mid-Block (but intersection related),Daylight,MERIDIAN AVE N BETWEEN N NORTHLAKE WAY AND N 34TH ST,0,1,Y,2,1781890,Wet,18,"MOTOR VEHICLE STRUCK PEDALCYCLIST, FRONT END AT ANGLE",04293036,11780,0,2,Injury Collision,,45,Bicycle,Matched,0,1,Raining,0,"(47.64744824100006, -122.33392032899997)",0,0,N,4439117
159512,25276,25276,Block,Cycles,213,,,0,,07/01/2004 12:00:00 AM +0000,7/1/2004,1,,Mid-Block (not related to intersection),Daylight,BROADWAY BETWEEN E HOWELL ST AND E DENNY WAY,0,1,,3,1782218,Dry,14,"MOTOR VEHICLE STRUCK MOTOR VEHICLE, REAR END",04183023,9450,0,2,Injury Collision,,45,Bicycle,Matched,0,1,Clear or Partly Cloudy,0,"(47.618154047000075, -122.32084513599995)",0,0,N,04-269380
159517,25672,25672,Block,Cycles,166,,,0,Y,09/30/2004 12:00:00 AM +0000,9/30/2004 4:17:00 PM,1,,Driveway Junction,Daylight,SW WILLOW ST BETWEEN 35TH AVE SW AND 36TH AVE SW,0,1,,3,1798562,Dry,18,"MOTOR VEHICLE STRUCK PEDALCYCLIST, FRONT END AT ANGLE",04274029,22998,0,2,Injury Collision,,45,Bicycle,Matched,0,1,Clear or Partly Cloudy,0,"(47.54104758300008, -122.37720099299997)",0,0,N,04-410765
159628,206304,206484,Block,Cycles,222.5, ,,0,,11/06/2015 12:00:00 AM +0000,11/6/2015 6:58:00 AM,0,,Mid-Block (not related to intersection),Dawn,S FIDALGO ST BETWEEN 1ST AVE S AND 2ND AVE S,0,1,,1,E479083,Wet,18,"MOTOR VEHICLE STRUCK PEDALCYCLIST, FRONT END AT ANGLE",,19981,0,1,Property Damage Only Collision,,45,Bicycle,Matched,N,1,Raining,0,"(47.55048187400007, -122.33331954699997)",0,0,N,2015-388322
159685,25392,25392,Intersection,Cycles,0,,,0,,03/28/2004 12:00:00 AM +0000,3/28/2004 11:22:00 AM,1,30447,At Intersection (intersection related),Daylight,8TH AVE S AND S DEARBORN ST,0,1,,2,1213763,Dry,51,PEDALCYCLIST STRUCK MOTOR VEHICLE FRONT END AT ANGLE,04088011,19830,1,2b,Serious Injury Collision,,45,Bicycle,Matched,0,1,Clear or Partly Cloudy,0,"(47.59583116700003, -122.32245866299996)",0,0,N,04-124998
159736,205153,205293,Block,Cycles,581.5, ,,0,,10/01/2015 12:00:00 AM +0000,10/1/2015 5:50:00 AM,1,,Mid-Block (not related to intersection),Dark - Street Lights On,SW AVALON WAY BETWEEN 30TH AVE SW AND SW GENESEE ST,0,1,,1,E467827,Dry,18,"MOTOR VEHICLE STRUCK PEDALCYCLIST, FRONT END AT ANGLE",,21819,0,2,Injury Collision,,45,Bicycle,Matched,N,1,Clear or Partly Cloudy,0,"(47.56613850800005, -122.37167070799995)",0,0,N,2015-342935
159742,204920,205060,Block,Cycles,162, ,,0,Y,10/06/2015 12:00:00 AM +0000,10/6/2015 5:52:00 PM,1,,Mid-Block (not related to intersection),Dusk,E UNION ST BETWEEN 21ST AVE AND 22ND AVE,0,1,Y,2,E472175,Dry,18,"MOTOR VEHICLE STRUCK PEDALCYCLIST, FRONT END AT ANGLE",,14899,0,2,Injury Collision,,45,Bicycle,Matched,N,1,Clear or Partly Cloudy,0,"(47.61292718100003, -122.30429445299995)",14898,0,N,2015-349881
159745,205837,205997,Block,Cycles,542.5, ,,0,,10/28/2015 12:00:00 AM +0000,10/28/2015 3:45:00 PM,1,,Mid-Block (not related to intersection),Daylight,RAINIER AVE S BETWEEN S BAYVIEW ST AND S MCCLELLAN ST,0,1,,1,E476027,Wet,18,"MOTOR VEHICLE STRUCK PEDALCYCLIST, FRONT END AT ANGLE",,12364,0,2,Injury Collision,,45,Bicycle,Matched,N,1,Overcast,0,"(47.57967346300006, -122.29915965999999)",0,0,N,2015-377827
159760,205618,205778,Intersection,Cycles,0, ,,0,,10/27/2015 12:00:00 AM +0000,10/27/2015 8:00:00 AM,0,34011,At Intersection (intersection related),Daylight,SYLVAN WAY SW AND SW MORGAN W ST,0,1,Y,2,3385864,Dry,18,"MOTOR VEHICLE STRUCK PEDALCYCLIST, FRONT END AT ANGLE",,4869,0,1,Property Damage Only Collision,,45,Bicycle,Matched,N,1,Clear or Partly Cloudy,0,"(47.54465308200008, -122.37253412799998)",0,613430,N,15-375720
159872,207334,207534,Block,Cycles,240, ,,0,,11/21/2015 12:00:00 AM +0000,11/21/2015 2:18:00 PM,1,,Driveway Junction,Daylight,NE NORTHGATE WAY BETWEEN ROOSEVELT WAY NE AND 11TH AVE NE,0,1,,2,3737030,Dry,18,"MOTOR VEHICLE STRUCK PEDALCYCLIST, FRONT END AT ANGLE",,18015,0,2,Injury Collision,,45,Bicycle,Matched,N,1,Clear or Partly Cloudy,0,"(47.708554836000076, -122.31687923899995)",0,0,N,2015-407009
159879,205626,205786,Intersection,Cycles,0, ,,0,,10/25/2015 12:00:00 AM +0000,10/25/2015 3:56:00 PM,1,29120,At Intersection (intersection related),Daylight,EASTLAKE AVE E AND LAKEVIEW BLVD E,0,1,,2,3732841,Wet,51,PEDALCYCLIST STRUCK MOTOR VEHICLE FRONT END AT ANGLE,,10168,0,2,Injury Collision,,45,Bicycle,Matched,N,1,Raining,0,"(47.62512051900006, -122.32916667899997)",11586,0,N,2015-373799
159916,204657,204797,Block,Cycles,153, ,,0,,10/08/2015 12:00:00 AM +0000,10/8/2015 8:15:00 AM,1,,Mid-Block (not related to intersection),Daylight,BOREN AVE BETWEEN MADISON ST AND SPRING ST,0,1,,1,E469692,Wet,14,"MOTOR VEHICLE STRUCK MOTOR VEHICLE, REAR END",,9314,0,2,Injury Collision,,45,Bicycle,Matched,N,1,Clear or Partly Cloudy,0,"(47.60969372900007, -122.32546429599995)",0,0,N,2015-351745
159985,25233,25233,Intersection,Cycles,0,,,0,,05/26/2004 12:00:00 AM +0000,5/26/2004 9:22:00 AM,1,28788,At Intersection (intersection related),Daylight,DEXTER AVE N AND THOMAS ST,0,1,Y,2,1482603,Wet,18,"MOTOR VEHICLE STRUCK PEDALCYCLIST, FRONT END AT ANGLE",04147018,10073,0,2,Injury Collision,,45,Bicycle,Matched,0,1,Overcast,0,"(47.620888395000065, -122.34238173099999)",0,0,N,40212612
159991,24652,24652,Intersection,Cycles,0,,,0,,05/18/2004 12:00:00 AM +0000,5/18/2004 1:36:00 PM,1,34147,At Intersection (intersection related),Daylight,16TH AVE SW AND SW HOLDEN ST,0,1,Y,3,1790603,Dry,18,"MOTOR VEHICLE STRUCK PEDALCYCLIST, FRONT END AT ANGLE",04139002,2340,0,2,Injury Collision,,45,Bicycle,Matched,0,1,Clear or Partly Cloudy,0,"(47.533680428000025, -122.35503244799997)",0,0,N,04 200578
160086,206624,206824,Intersection,Cycles,0, ,,0,,10/19/2015 12:00:00 AM +0000,10/19/2015 1:59:00 PM,1,29859,At Intersection (intersection related),Daylight,BELMONT AVE AND E PINE ST,0,1,,1,E480656,Dry,18,"MOTOR VEHICLE STRUCK PEDALCYCLIST, FRONT END AT ANGLE",,9234,0,2,Injury Collision,,45,Bicycle,Matched,N,1,Clear or Partly Cloudy,0,"(47.61522500500007, -122.32447263599994)",10368,0,N,2015-366066
160092,25068,25068,Block,Cycles,193.5,,,0,,08/26/2004 12:00:00 AM +0000,8/26/2004 7:19:00 PM,1,,Mid-Block (not related to intersection),Dusk,BEACON AVE S BETWEEN S HANFORD ST AND S HORTON ST,0,1,,2,1793377,Dry,18,"MOTOR VEHICLE STRUCK PEDALCYCLIST, FRONT END AT ANGLE",04239005,9123,0,2,Injury Collision,,45,Bicycle,Matched,0,1,Overcast,0,"(47.574568776000035, -122.309058059)",0,0,N,04 358299
160122,24915,24915,Intersection,Cycles,0,,,0,,09/30/2004 12:00:00 AM +0000,9/30/2004 8:16:00 PM,1,29037,At Intersection (intersection related),Dark - Street Lights On,14TH AVE E AND E THOMAS E ST,0,1,,2,1799126,Dry,51,PEDALCYCLIST STRUCK MOTOR VEHICLE FRONT END AT ANGLE,04274026,14857,0,2,Injury Collision,,45,Bicycle,Matched,0,1,Overcast,0,"(47.621122752000076, -122.31433616399994)",0,0,N,40411080
160269,205637,205797,Block,Cycles,335, ,,0,,10/26/2015 12:00:00 AM +0000,10/26/2015 5:18:00 PM,2,,Mid-Block (not related to intersection),Daylight,16TH AVE SW BETWEEN SW BARTON ST AND SW CAMBRIDGE ST,0,2,,3,3587915,Wet,56,PEDALCYCLIST STRUCK MOTOR VEHICLE LEFT SIDE SIDESWIPE,,2349,2,2b,Serious Injury Collision,,45,Bicycle,Matched,N,1,Raining,0,"(47.52011557900005, -122.35513461899995)",0,0,Y,2015-375106
160272,205631,205791,Intersection,Cycles,0, ,,0,,10/27/2015 12:00:00 AM +0000,10/27/2015 4:04:00 PM,1,24229,At Intersection (intersection related),,GREEN LAKE DR N AND N 80TH ST,0,1,,2,3739044,,51,PEDALCYCLIST STRUCK MOTOR VEHICLE FRONT END AT ANGLE,,10682,0,2,Injury Collision,,45,Bicycle,Matched,N,1,Unknown,0,"(47.68692953900006, -122.34045581899994)",0,0,N,2015-376479
160273,205390,205550,Intersection,Cycles,0, ,,0,,10/22/2015 12:00:00 AM +0000,10/22/2015 8:04:00 PM,2,25117,At Intersection (intersection related),Dark - Street Lights On,20TH AVE NW AND NW 62ND ST,0,1,,2,3706816,Dry,18,"MOTOR VEHICLE STRUCK PEDALCYCLIST, FRONT END AT ANGLE",,3025,0,2,Injury Collision,,45,Bicycle,Matched,N,1,Clear or Partly Cloudy,0,"(47.673827294000034, -122.38212731099998)",11447,0,N,15*370434
160368,206071,206251,Block,Cycles,160.5,NEI,"Not Enough Information, or Insufficient Location Information",0,Y,11/02/2015 12:00:00 AM +0000,11/2/2015 8:45:00 AM,0,,,Unknown,S JACKSON ST BETWEEN 2ND AVE S AND 3RD AVE S,0,1,,2,3775625,Unknown,00,NOT ENOUGH INFORMATION / NOT APPLICABLE,,20484,0,1,Property Damage Only Collision,,45,Bicycle,Matched,N,1,Unknown,0,"(47.59919974400003, -122.33092876799998)",0,0,N,15-383554
160444,24862,24862,Block,Cycles,692.5,,,0,,04/10/2004 12:00:00 AM +0000,4/10/2004 1:49:00 PM,1,,Mid-Block (not related to intersection),Daylight,HARBOR AVE SW BETWEEN SW MARYLAND PL AND CALIFORNIA WAY SW,0,1,,3,1775190,Dry,56,PEDALCYCLIST STRUCK MOTOR VEHICLE LEFT SIDE SIDESWIPE,04101003,10814,0,2,Injury Collision,,45,Bicycle,Matched,0,2,Clear or Partly Cloudy,0,"(47.59131555300007, -122.38237552699997)",0,0,N,04 143928
160597,24975,24975,Intersection,Cycles,0,,,0,,09/25/2004 12:00:00 AM +0000,9/25/2004 6:04:00 PM,1,25532,At Intersection (intersection related),Dusk,STONE AVE N AND N 50TH ST,0,1,Y,2,1220461,Dry,18,"MOTOR VEHICLE STRUCK PEDALCYCLIST, FRONT END AT ANGLE",04269007,15646,0,2,Injury Collision,,45,Bicycle,Matched,0,1,Clear or Partly Cloudy,0,"(47.66503744200003, -122.342082044)",0,0,N,04 403533
160696,25091,25091,Intersection,Cycles,0, ,,0,,09/16/2004 12:00:00 AM +0000,9/16/2004 2:22:00 PM,1,25419,At Intersection (intersection related),Daylight,8TH AVE NW AND NW MARKET ST,0,1,,2,1778847,Wet,51,PEDALCYCLIST STRUCK MOTOR VEHICLE FRONT END AT ANGLE,04260013,8384,0,2,Injury Collision,,45,Bicycle,Matched,0,1,Raining,0,"(47.668653386000074, -122.36617795199999)",0,0,N,04 398925
160737,24502,24502,Intersection,Cycles,0,,,0,,05/01/2004 12:00:00 AM +0000,5/1/2004,1,29026,At Intersection (intersection related),Daylight,FEDERAL AVE E AND E HARRISON ST,0,1,,4,1772380,Dry,51,PEDALCYCLIST STRUCK MOTOR VEHICLE FRONT END AT ANGLE,04122034,10428,0,2,Injury Collision,,45,Bicycle,Matched,0,1,Clear or Partly Cloudy,0,"(47.62197703100003, -122.31887378399995)",0,0,N,04-174982
160900,204726,204866,Intersection,Cycles,0, ,,0,,10/09/2015 12:00:00 AM +0000,10/9/2015 4:04:00 PM,1,30488,At Intersection (intersection related),Daylight,2ND AVE AND YESLER WAY,0,1,,1,E470484,Dry,18,"MOTOR VEHICLE STRUCK PEDALCYCLIST, FRONT END AT ANGLE",,2748,0,2,Injury Collision,,45,Bicycle,Matched,N,1,Clear or Partly Cloudy,0,"(47.601718704000064, -122.33198350499998)",0,0,N,2015-353598
160903,205643,205803,Block,Cycles,164.5, ,,0,,10/14/2015 12:00:00 AM +0000,10/14/2015 8:00:00 AM,1,,Mid-Block (not related to intersection),Daylight,E JEFFERSON ST BETWEEN BROADWAY AND 10TH AVE,0,1,,1,2616664,Dry,11,"MOTOR VEHICLE STRUCK MOTOR VEHICLE, FRONT END AT ANGLE",,14217,0,2,Injury Collision,,45,Bicycle,Matched,N,0,Clear or Partly Cloudy,0,"(47.60621058600003, -122.32008473599996)",0,0,N,15-362368
160927,24483,24483,Intersection,Cycles,0,,,0,,10/01/2004 12:00:00 AM +0000,10/1/2004,0,27299,At Intersection (intersection related),Daylight,MONTLAKE BLVD NE AND NE PACIFIC ST,0,1,Y,2,1794628,Dry,18,"MOTOR VEHICLE STRUCK PEDALCYCLIST, FRONT END AT ANGLE",04275009,11910,0,1,Property Damage Only Collision,,45,Bicycle,Matched,0,1,Clear or Partly Cloudy,0,"(47.648997404000056, -122.30459125899995)",0,0,N,4412437
161062,24181,24181,Intersection,Cycles,0,,,0,,07/14/2004 12:00:00 AM +0000,7/14/2004 3:44:00 PM,1,30350,At Intersection (intersection related),Daylight,MARION ST AND WESTERN AVE,0,1,,2,1072241,Dry,51,PEDALCYCLIST STRUCK MOTOR VEHICLE FRONT END AT ANGLE,04196012,11661,0,2,Injury Collision,,45,Bicycle,Matched,0,1,Clear or Partly Cloudy,0,"(47.60351757700005, -122.33669653599998)",0,0,N,04 291187
161091,24290,24290,Intersection,Cycles,0,,,0,,12/22/2004 12:00:00 AM +0000,12/22/2004 7:44:00 AM,1,30367,At Intersection (intersection related),Daylight,ALASKAN WAY S AND S KING ST,0,1,,2,1069699,Dry,51,PEDALCYCLIST STRUCK MOTOR VEHICLE FRONT END AT ANGLE,04357029,8739,0,2,Injury Collision,,45,Bicycle,Matched,0,1,Clear or Partly Cloudy,0,"(47.59829223200006, -122.33590723199995)",0,0,N,40528581
161200,24540,24540,Block,Cycles,98,,,0,,02/26/2004 12:00:00 AM +0000,2/26/2004 8:20:00 PM,1,,Mid-Block (not related to intersection),Dark - Street Lights On,E ROANOKE ST BETWEEN BROADWAY E AND 10TH W AVE E,0,1,,2,1856504,Wet,18,"MOTOR VEHICLE STRUCK PEDALCYCLIST, FRONT END AT ANGLE",04057040,14727,0,2,Injury Collision,,45,Bicycle,Matched,1,1,Raining,0,"(47.64319374100006, -122.32045694199996)",0,0,N,04-082474
161227,23939,23939,Intersection,Cycles,0,,,0,,07/04/2004 12:00:00 AM +0000,7/4/2004,1,32795,At Intersection (intersection related),Dark - Street Lights On,35TH AVE SW AND SW BRANDON ST,0,1,,2,1798531,Dry,18,"MOTOR VEHICLE STRUCK PEDALCYCLIST, FRONT END AT ANGLE",04186005,5456,0,2,Injury Collision,,45,Bicycle,Matched,0,1,Clear or Partly Cloudy,0,"(47.55378048100005, -122.37627581599997)",0,0,N,04-275634
161295,23790,23790,Block,Cycles,332.5,,,0,,02/06/2004 12:00:00 AM +0000,2/6/2004,1,,Mid-Block (not related to intersection),Dark - Street Lights On,NE 145TH ST BETWEEN 15TH AVE NE AND 17TH AVE NE,0,1,,2,C628470,Wet,54,PEDALCYCLIST STRUCK MOTOR VEHICLE REAR END,04037047,16685,0,2,Injury Collision,,45,Bicycle,Matched,0,1,Raining,0,"(47.73393649700006, -122.31139964699997)",0,0,N,
161302,23516,23516,Intersection,Cycles,0,,,0,,03/21/2004 12:00:00 AM +0000,3/21/2004 9:37:00 AM,1,27025,At Intersection (intersection related),Daylight,PHINNEY AVE N AND N 35TH ST,0,1,,2,1782251,Dry,18,"MOTOR VEHICLE STRUCK PEDALCYCLIST, FRONT END AT ANGLE",04081006,12131,0,2,Injury Collision,,45,Bicycle,Matched,0,1,Clear or Partly Cloudy,0,"(47.65141095300004, -122.35447894099997)",0,0,N,04 115262
161412,207117,207317,Block,Cycles,450, ,,0,Y,11/07/2015 12:00:00 AM +0000,11/7/2015 7:30:00 PM,1,,Mid-Block (not related to intersection),Dark - Street Lights On,8TH AVE BETWEEN SENECA ST AND CONVENTION CTR DR,0,1,,3,3788879,Wet,18,"MOTOR VEHICLE STRUCK PEDALCYCLIST, FRONT END AT ANGLE",,8278,0,2,Injury Collision,,45,Bicycle,Matched,N,1,Raining,0,"(47.61041939200004, -122.33073466299999)",0,0,N,2015-390174
161458,206395,206595,Block,Cycles,162, ,,0,Y,09/16/2015 12:00:00 AM +0000,9/16/2015 6:19:00 AM,1,,Mid-Block (not related to intersection),Dawn,DEXTER AVE N BETWEEN LEE ST AND GALER ST,0,1,,1,E478240,Dry,18,"MOTOR VEHICLE STRUCK PEDALCYCLIST, FRONT END AT ANGLE",,10083,0,2,Injury Collision,,45,Bicycle,Matched,N,1,Clear or Partly Cloudy,0,"(47.63185406600007, -122.34228516499996)",0,0,N,2015-324657
161466,204977,205117,Block,Cycles,467, ,,0,,10/16/2015 12:00:00 AM +0000,10/16/2015 5:07:00 PM,1,,Mid-Block (not related to intersection),Daylight,12TH AVE S BETWEEN XW S LANE ST AND GOLF DR S,0,1,,2,3644754,Dry,51,PEDALCYCLIST STRUCK MOTOR VEHICLE FRONT END AT ANGLE,,1656,0,2,Injury Collision,,45,Bicycle,Matched,Y,1,Clear or Partly Cloudy,0,"(47.59540739500005, -122.31726196999995)",0,0,N,2015-362620