OBJECTID,INCKEY,COLDETKEY,ADDRTYPE,COLLISIONTYPE,DISTANCE,EXCEPTRSNCODE,EXCEPTRSNDESC,FATALITIES,INATTENTIONIND,INCDATE,INCDTTM,INJURIES,INTKEY,JUNCTIONTYPE,LIGHTCOND,LOCATION,PEDCOUNT,PEDCYLCOUNT,PEDROWNOTGRNT,PERSONCOUNT,REPORTNO,ROADCOND,SDOT_COLCODE,SDOT_COLDESC,SDOTCOLNUM,SEGKEY,SERIOUSINJURIES,SEVERITYCODE,SEVERITYDESC,SPEEDING,ST_COLCODE,ST_COLDESC,STATUS,UNDERINFL,VEHCOUNT,WEATHER,WIDTH,Shape,SEGLANEKEY,CROSSWALKKEY,HITPARKEDCAR,SPDCASENO
161499,207559,207759,Block,Cycles,213, ,,0,,11/24/2015 12:00:00 AM +0000,11/24/2015 10:20:00 AM,1,,Mid-Block (not related to intersection),Daylight,BROADWAY BETWEEN XW E OLIVE ST AND E HOWELL ST,0,1,,2,3737994,Dry,66,PEDALCYCLIST STRUCK OBJECT IN ROAD,,9449,1,2b,Serious Injury Collision,,45,Bicycle,Matched,N,1,Overcast,0,"(47.61698593600005, -122.32082645399998)",6835,0,Y,2015-410206
161510,204464,204604,Block,Cycles,68.5, ,,0,Y,10/07/2015 12:00:00 AM +0000,10/7/2015 4:39:00 PM,1,,Mid-Block (but intersection related),Daylight,STONE WAY N BETWEEN N NORTHLAKE WAY AND N 34TH ST,0,1,,2,3733980,Wet,18,"MOTOR VEHICLE STRUCK PEDALCYCLIST, FRONT END AT ANGLE",,12954,0,2,Injury Collision,,45,Bicycle,Matched,N,1,Clear or Partly Cloudy,0,"(47.64835110300004, -122.34278486699998)",0,0,N,215-351069
161548,206719,206919,Intersection,Cycles,0, ,,0,Y,11/08/2015 12:00:00 AM +0000,11/8/2015 10:57:00 AM,1,23934,At Intersection (intersection related),Daylight,23RD AVE NW AND NW 67TH ST,0,1,,2,3706765,Wet,18,"MOTOR VEHICLE STRUCK PEDALCYCLIST, FRONT END AT ANGLE",,3422,0,2,Injury Collision,,45,Bicycle,Matched,N,1,Raining,0,"(47.677702338000074, -122.38536098199995)",0,0,N,15-390758
161603,205239,205399,Block,Cycles,266, ,,0,,10/08/2015 12:00:00 AM +0000,10/8/2015 10:10:00 AM,1,,Mid-Block (not related to intersection),Daylight,ROOSEVELT WAY NE BETWEEN NE 43RD N ST AND NE 45TH ST,0,1,,1,E470829,Dry,18,"MOTOR VEHICLE STRUCK PEDALCYCLIST, FRONT END AT ANGLE",,12598,0,2,Injury Collision,,45,Bicycle,Matched,N,1,Clear or Partly Cloudy,0,"(47.660577379000074, -122.31772271499995)",12598,0,N,2015-358805
161606,205221,205381,Block,Cycles,156.5, ,,0,Y,10/19/2015 12:00:00 AM +0000,10/19/2015 7:16:00 AM,1,,Driveway Junction,Dark - Street Lights On,ROOSEVELT WAY NE BETWEEN NE 42ND S ST AND NE 42ND N ST,0,1,Y,2,3737406,Wet,51,PEDALCYCLIST STRUCK MOTOR VEHICLE FRONT END AT ANGLE,,12595,0,2,Injury Collision,,45,Bicycle,Matched,N,1,Overcast,0,"(47.65794175700006, -122.31779112599997)",8985,0,N,2015-365579
161639,206105,206285,Intersection,Cycles,0, ,,0,Y,10/27/2015 12:00:00 AM +0000,10/27/2015 7:05:00 PM,1,37442,At Intersection (intersection related),Dark - Street Lights On,FREMONT AVE N AND N 90TH ST,0,1,,1,E477668,Dry,51,PEDALCYCLIST STRUCK MOTOR VEHICLE FRONT END AT ANGLE,,10534,0,2,Injury Collision,,45,Bicycle,Matched,N,1,Overcast,0,"(47.69420140200003, -122.34995493399998)",0,0,N,2015-376710
161694,23489,23489,Intersection,Cycles,0,,,0,,12/05/2004 12:00:00 AM +0000,12/5/2004,1,25949,At Intersection (intersection related),Daylight,25TH AVE NE AND NE BLAKELEY ST,0,1,,3,1796933,Dry,18,"MOTOR VEHICLE STRUCK PEDALCYCLIST, FRONT END AT ANGLE",04340009,3723,0,2,Injury Collision,,45,Bicycle,Matched,0,1,Clear or Partly Cloudy,0,"(47.66626671800003, -122.30060497999995)",0,0,N,04-505075
161751,207365,207565,Intersection,Cycles,0, ,,0,,11/04/2015 12:00:00 AM +0000,11/4/2015 12:06:00 PM,2,25786,At Intersection (intersection related),Daylight,7TH AVE NE AND NE 50TH ST,0,1,,1,E481789,Dry,18,"MOTOR VEHICLE STRUCK PEDALCYCLIST, FRONT END AT ANGLE",,8178,0,2,Injury Collision,,45,Bicycle,Matched,N,1,Clear or Partly Cloudy,0,"(47.66495773100007, -122.32070290399997)",0,8177,N,2015-386222
161791,207377,207577,Intersection,Cycles,0, ,,0,,11/05/2015 12:00:00 AM +0000,11/5/2015 4:36:00 PM,1,36359,At Intersection (intersection related),Dark - Street Lights On,AURORA AVE N AND N 107TH S ST,0,1,,1,E481791,Wet,18,"MOTOR VEHICLE STRUCK PEDALCYCLIST, FRONT END AT ANGLE",,8986,0,2,Injury Collision,,45,Bicycle,Matched,N,1,Overcast,0,"(47.70654592400007, -122.34471870899995)",0,0,N,2015-387723
161799,23801,23801,Block,Cycles,137.5,,,0,Y,09/29/2004 12:00:00 AM +0000,9/29/2004 11:46:00 PM,1,,Driveway Junction,Daylight,E JOHN ST BETWEEN SUMMIT AVE E AND E OLIVE WAY,0,1,,3,1797980,Dry,18,"MOTOR VEHICLE STRUCK PEDALCYCLIST, FRONT END AT ANGLE",04273018,14242,0,2,Injury Collision,,45,Bicycle,Matched,0,1,Clear or Partly Cloudy,0,"(47.61968082900006, -122.324747705)",0,0,N,04-409685
161858,23899,23899,Block,Cycles,239.5,,,0,,01/27/2004 12:00:00 AM +0000,1/27/2004 5:04:00 PM,1,,Driveway Junction,Dusk,RAINIER AVE S BETWEEN S FOREST ST AND M L KING JR WAY S,0,1,Y,2,1771327,Dry,18,"MOTOR VEHICLE STRUCK PEDALCYCLIST, FRONT END AT ANGLE",04027005,12366,0,2,Injury Collision,,45,Bicycle,Matched,0,1,Clear or Partly Cloudy,0,"(47.57694362600006, -122.29707687099994)",0,0,N,04-038261
161889,207797,207997,Intersection,Cycles,0, ,,0,,11/24/2015 12:00:00 AM +0000,11/24/2015 10:30:00 PM,2,32699,At Intersection (intersection related),Dark - Street Lights On,38TH AVE S AND S DAKOTA ST,0,1,,2,3725988,Dry,18,"MOTOR VEHICLE STRUCK PEDALCYCLIST, FRONT END AT ANGLE",,5899,0,2,Injury Collision,,45,Bicycle,Matched,N,1,Clear or Partly Cloudy,0,"(47.566177227000026, -122.28499712599995)",0,0,N,2015-411052
161930,233030,233430,Block,Cycles,200.5, ,,0,Y,12/20/2016 12:00:00 AM +0000,12/20/2016 1:49:00 PM,0,,Driveway Junction,Daylight,JAMES ST BETWEEN YESLER WAY AND 2ND AVE,0,1,,2,E623261,Dry,18,"MOTOR VEHICLE STRUCK PEDALCYCLIST, FRONT END AT ANGLE",,11049,0,1,Property Damage Only Collision,,45,Bicycle,Matched,N,1,Clear or Partly Cloudy,0,"(47.60201533500003, -122.33321300699998)",0,0,N,2016-456097
162041,206931,207131,Block,Cycles,132, ,,0,Y,11/12/2015 12:00:00 AM +0000,11/12/2015 10:34:00 PM,1,,Mid-Block (not related to intersection),Dark - Street Lights On,AURORA AVE N BETWEEN N 94TH ST AND N 95TH ST,0,1,,2,3737208,Wet,51,PEDALCYCLIST STRUCK MOTOR VEHICLE FRONT END AT ANGLE,,8973,0,2,Injury Collision,,45,Bicycle,Matched,Y,1,Raining,0,"(47.697445059000074, -122.34460370599999)",0,0,N,2015-396224
162072,207583,207783,Intersection,Cycles,0, ,,0,,11/18/2015 12:00:00 AM +0000,11/18/2015 12:46:00 PM,1,30357,At Intersection (intersection related),Daylight,1ST AVE AND YESLER WAY,0,1,,2,3789062,Dry,51,PEDALCYCLIST STRUCK MOTOR VEHICLE FRONT END AT ANGLE,,1000,0,2,Injury Collision,,45,Bicycle,Matched,N,1,Overcast,0,"(47.60172233900005, -122.33417859499997)",0,0,N,2015-402921
162075,207580,207780,Block,Cycles,161, ,,0,,11/16/2015 12:00:00 AM +0000,11/16/2015 6:56:00 PM,1,,Driveway Junction,Dark - Street Lights On,MARION ST BETWEEN 2ND AVE AND 3RD AVE,0,1,,2,3789060,Wet,18,"MOTOR VEHICLE STRUCK PEDALCYCLIST, FRONT END AT ANGLE",,11664,0,2,Injury Collision,,45,Bicycle,Matched,N,1,Raining,0,"(47.604677776000074, -122.33392354199998)",0,0,N,2015-400767
162084,206114,206294,Block,Cycles,127.5, ,,0,Y,10/26/2015 12:00:00 AM +0000,10/26/2015 7:30:00 AM,1,,Mid-Block (but intersection related),Dawn,NE 50TH ST BETWEEN 9TH AVE NE AND ROOSEVELT WAY NE,0,1,,2,3775690,Unknown,51,PEDALCYCLIST STRUCK MOTOR VEHICLE FRONT END AT ANGLE,,16929,0,2,Injury Collision,,45,Bicycle,Matched,N,1,Unknown,0,"(47.664940743000045, -122.31792288099996)",0,0,N,15-383667
162087,206111,206291,Block,Cycles,132, ,,0,,10/19/2015 12:00:00 AM +0000,10/19/2015 12:37:00 PM,1,,Driveway Junction,Daylight,AURORA AVE N BETWEEN N 100TH ST AND N 101ST ST,0,1,,2,3737377,Dry,18,"MOTOR VEHICLE STRUCK PEDALCYCLIST, FRONT END AT ANGLE",,8979,0,2,Injury Collision,,45,Bicycle,Matched,N,1,Clear or Partly Cloudy,0,"(47.70179073800006, -122.34465536399995)",0,0,N,15-365958
162109,23517,23517,Intersection,Cycles,0,,,0,,03/20/2004 12:00:00 AM +0000,3/20/2004 2:45:00 PM,1,26803,At Intersection (but not related to intersection),Daylight,STONE WAY N AND N 44TH ST,0,1,Y,2,1782452,Dry,21,"MOTOR VEHICLE STRUCK PEDALCYCLIST, REAR END",04080003,12967,0,2,Injury Collision,,45,Bicycle,Matched,0,1,Clear or Partly Cloudy,0,"(47.65995950800004, -122.34221726399994)",0,0,N,04-114094
162161,23534,23534,Block,Cycles,133,,,0,,06/20/2004 12:00:00 AM +0000,6/20/2004 6:52:00 PM,1,,Mid-Block (but intersection related),Daylight,6TH AVE NW BETWEEN NW 45TH ST AND NW 46TH ST,0,1,,3,1773648,Dry,18,"MOTOR VEHICLE STRUCK PEDALCYCLIST, FRONT END AT ANGLE",04172014,7930,0,2,Injury Collision,,45,Bicycle,Matched,1,1,Clear or Partly Cloudy,0,"(47.66182562000006, -122.36400495299995)",0,0,N,04-252293
162168,23667,23667,Block,Cycles,213,,,0,,10/05/2004 12:00:00 AM +0000,10/5/2004,1,,Driveway Junction,Dark - Street Lights On,BROADWAY E BETWEEN E DENNY WAY AND E OLIVE WAY,0,1,,2,1798550,Wet,51,PEDALCYCLIST STRUCK MOTOR VEHICLE FRONT END AT ANGLE,04279011,9451,0,2,Injury Collision,,45,Bicycle,Matched,0,1,Raining,0,"(47.61932227600005, -122.32086366599998)",0,0,N,04-418810
162308,24026,24026,Intersection,Cycles,0,,,0,,07/21/2004 12:00:00 AM +0000,7/21/2004 1:21:00 PM,1,35444,At Intersection (intersection related),Daylight,RAINIER AVE S AND S DIRECTOR S ST,0,1,,2,1772953,Dry,18,"MOTOR VEHICLE STRUCK PEDALCYCLIST, FRONT END AT ANGLE",04203039,12422,0,2,Injury Collision,,45,Bicycle,Matched,0,1,Clear or Partly Cloudy,0,"(47.521904248000055, -122.26999328199997)",0,0,N,04 302170
162313,23735,23735,Block,Cycles,168,,,0,,06/27/2004 12:00:00 AM +0000,6/27/2004 2:01:00 PM,1,,Mid-Block (not related to intersection),Daylight,FREMONT AVE N BETWEEN FREMONT PL N AND N 36TH ST,0,1,,1,1781041,Dry,69,PEDALCYCLIST OVERTURNED IN ROAD,04179007,10486,0,2,Injury Collision,,45,Bicycle,Matched,0,0,Clear or Partly Cloudy,0,"(47.65088855100004, -122.34988452999994)",0,0,N,04-263126
162354,23990,23990,Intersection,Cycles,0,,,0,,04/22/2004 12:00:00 AM +0000,4/22/2004 7:12:00 PM,1,29582,At Intersection (intersection related),Daylight,1ST AVE AND VIRGINIA ST,0,1,Y,3,1482528,Dry,18,"MOTOR VEHICLE STRUCK PEDALCYCLIST, FRONT END AT ANGLE",04113039,1012,0,2,Injury Collision,,45,Bicycle,Matched,0,1,Clear or Partly Cloudy,0,"(47.611068224000064, -122.34261249499997)",0,0,N,40161495
162375,23723,23723,Intersection,Cycles,0,,,0,,07/09/2004 12:00:00 AM +0000,7/9/2004,1,25265,At Intersection (intersection related),Daylight,8TH AVE NW AND NW 62ND S ST,0,1,,2,1782884,Wet,18,"MOTOR VEHICLE STRUCK PEDALCYCLIST, FRONT END AT ANGLE",04191006,8391,0,2,Injury Collision,,45,Bicycle,Matched,0,1,Raining,0,"(47.67380710700007, -122.36611037099999)",0,0,N,04-283181
162461,23552,23552,Intersection,Cycles,0,,,0,,03/19/2004 12:00:00 AM +0000,3/19/2004 9:59:00 AM,1,27294,At Intersection (intersection related),Daylight,25TH AVE NE AND NE 44TH ST,0,1,Y,2,1774162,Dry,18,"MOTOR VEHICLE STRUCK PEDALCYCLIST, FRONT END AT ANGLE",04079007,3720,0,2,Injury Collision,,45,Bicycle,Matched,1,1,Clear or Partly Cloudy,0,"(47.66050997200006, -122.30090614899996)",0,0,N,04-112341
162495,232561,232961,Block,Cycles,124.5, ,,0,,12/02/2016 12:00:00 AM +0000,12/2/2016 5:55:00 PM,1,,Mid-Block (not related to intersection),Dusk,NE 45TH ST BETWEEN 1ST AVE NE AND 2ND AVE NE,0,1,Y,2,3762321,Wet,18,"MOTOR VEHICLE STRUCK PEDALCYCLIST, FRONT END AT ANGLE",,16838,0,2,Injury Collision,,45,Bicycle,Matched,N,1,Overcast,0,"(47.661357277000036, -122.32775751099996)",0,0,N,2016-434078
162505,233040,233440,Block,Cycles,278.5, ,,0,Y,12/02/2016 12:00:00 AM +0000,12/2/2016 3:00:00 PM,1,,Mid-Block (but intersection related),Daylight,12TH AVE NE BETWEEN NE 50TH ST AND NE 52ND ST,0,1,,2,E616422,Wet,18,"MOTOR VEHICLE STRUCK PEDALCYCLIST, FRONT END AT ANGLE",,1570,0,2,Injury Collision,,45,Bicycle,Matched,N,1,Raining,0,"(47.665679959000045, -122.31522863699996)",0,0,N,2016-433840
162534,233043,233443,Intersection,Cycles,0, ,,0,,12/01/2016 12:00:00 AM +0000,12/1/2016 4:08:00 PM,1,27228,At Intersection (intersection related),Dusk,4TH AVE NE AND NE 40TH ST,0,1,,2,E616424,Dry,18,"MOTOR VEHICLE STRUCK PEDALCYCLIST, FRONT END AT ANGLE",,16730,0,2,Injury Collision,,45,Bicycle,Matched,N,1,Clear or Partly Cloudy,0,"(47.655528623000066, -122.32456396699996)",0,0,N,2016-432635
162638,22978,22978,Block,Cycles,329,,,0,,10/20/2004 12:00:00 AM +0000,10/20/2004 6:22:00 PM,1,,Mid-Block (not related to intersection),Dark - Street Lights On,CALIFORNIA AVE SW BETWEEN SW OREGON ST AND SW ALASKA ST,0,1,,2,1790836,Dry,55,PEDALCYCLIST STRUCK MOTOR VEHICLE RIGHT SIDE SIDESWIPE,04294004,9553,0,2,Injury Collision,,45,Bicycle,Matched,0,1,Clear or Partly Cloudy,0,"(47.56201041600008, -122.38677671199997)",0,0,N,4441253
162717,232577,232977,Block,Cycles,156.5, ,,0,,12/07/2016 12:00:00 AM +0000,12/7/2016 8:12:00 AM,1,,Mid-Block (not related to intersection),Daylight,ROOSEVELT WAY NE BETWEEN NE 42ND S ST AND NE 42ND N ST,0,1,Y,2,3769402,Dry,18,"MOTOR VEHICLE STRUCK PEDALCYCLIST, FRONT END AT ANGLE",,12595,0,2,Injury Collision,,45,Bicycle,Matched,N,1,Clear or Partly Cloudy,0,"(47.65794175700006, -122.31779112599997)",0,0,N,2016-439733
163005,23476,23476,Block,Cycles,210.5,,,0,,06/04/2004 12:00:00 AM +0000,6/4/2004,1,,Driveway Junction,Daylight,NE 45TH ST BETWEEN MONTLAKE BLVD NE AND U VILLAGE DR,0,1,Y,2,1778548,Dry,18,"MOTOR VEHICLE STRUCK PEDALCYCLIST, FRONT END AT ANGLE",04156006,16862,0,2,Injury Collision,,45,Bicycle,Matched,0,1,Clear or Partly Cloudy,0,"(47.66122149000006, -122.29751327699995)",0,0,N,04-226404
163158,234548,234948,,Cycles,,NEI,"Not Enough Information, or Insufficient Location Information",0,Y,12/18/2016 12:00:00 AM +0000,12/18/2016 4:00:00 PM,0,,,Daylight,,0,1,,2,3747539,Dry,00,NOT ENOUGH INFORMATION / NOT APPLICABLE,,,0,1,Property Damage Only Collision,,45,Bicycle,Matched,N,1,Clear or Partly Cloudy,0,,0,0,N,2016-454170
163254,232424,232824,Intersection,Cycles,0, ,,0,,12/04/2016 12:00:00 AM +0000,12/4/2016 8:33:00 PM,1,27039,At Intersection (intersection related),Dark - Street Lights On,FREMONT AVE N AND N 34TH ST,0,1,Y,2,3731663,Dry,18,"MOTOR VEHICLE STRUCK PEDALCYCLIST, FRONT END AT ANGLE",,10485,0,2,Injury Collision,,45,Bicycle,Matched,Y,1,Clear or Partly Cloudy,0,"(47.64958972900007, -122.34974744899995)",0,0,N,2016-436736
163368,233490,233890,Block,Cycles,211.5, ,,0,Y,12/08/2016 12:00:00 AM +0000,12/8/2016 1:11:00 PM,1,,Mid-Block (not related to intersection),Daylight,BROADWAY BETWEEN E PIKE ST AND E PINE ST,0,1,,2,E622996,Dry,21,"MOTOR VEHICLE STRUCK PEDALCYCLIST, REAR END",,9447,1,2b,Serious Injury Collision,Y,45,Bicycle,Matched,N,1,Clear or Partly Cloudy,0,"(47.61465412100006, -122.32078948899999)",0,0,N,2016-441295
163598,232893,233293,Intersection,Cycles,0, ,,0,,11/23/2016 12:00:00 AM +0000,11/23/2016 12:07:00 PM,1,37339,At Intersection (intersection related),Daylight,AURORA AVE N AND N 91ST ST,0,1,,2,3769546,Dry,18,"MOTOR VEHICLE STRUCK PEDALCYCLIST, FRONT END AT ANGLE",,8970,0,2,Injury Collision,,45,Bicycle,Matched,N,1,Overcast,0,"(47.69491025700006, -122.34457358099996)",0,0,N,2016-423296
163679,232637,233037,Intersection,Cycles,0, ,,0,,12/07/2016 12:00:00 AM +0000,12/7/2016 6:25:00 PM,1,29812,At Intersection (intersection related),Dark - Street Lights On,BROADWAY AND JEFFERSON ST,0,1,,2,E619042,Dry,18,"MOTOR VEHICLE STRUCK PEDALCYCLIST, FRONT END AT ANGLE",,9437,0,2,Injury Collision,,45,Bicycle,Matched,N,1,Clear or Partly Cloudy,0,"(47.606212553000034, -122.32074963299999)",0,0,N,2016-440454
163852,23019,23019,Intersection,Cycles,0,,,0,,05/31/2004 12:00:00 AM +0000,5/31/2004 12:03:00 AM,1,29743,At Intersection (intersection related),Dark - Street Lights On,BOYLSTON AVE AND E PIKE ST,0,1,,2,1772507,Dry,51,PEDALCYCLIST STRUCK MOTOR VEHICLE FRONT END AT ANGLE,04152002,9374,0,2,Injury Collision,,45,Bicycle,Matched,0,1,Clear or Partly Cloudy,0,"(47.61407001100008, -122.32340147899998)",0,0,N,04-219578
163878,23268,23268,Block,Cycles,161,,,0,,08/05/2004 12:00:00 AM +0000,8/5/2004,1,,Driveway Junction,Daylight,STEWART ST BETWEEN 7TH AVE AND 8TH AVE,0,1,Y,2,1482325,Wet,18,"MOTOR VEHICLE STRUCK PEDALCYCLIST, FRONT END AT ANGLE",04218004,12904,0,2,Injury Collision,,45,Bicycle,Matched,0,1,Overcast,0,"(47.614619204000064, -122.33572640499995)",0,0,N,04 325415
164005,23269,23269,Block,Cycles,161,,,0,,03/11/2004 12:00:00 AM +0000,3/11/2004 8:20:00 AM,1,,Driveway Junction,Daylight,STEWART ST BETWEEN 2ND AVE AND 3RD AVE,0,1,Y,2,1482355,Dry,18,"MOTOR VEHICLE STRUCK PEDALCYCLIST, FRONT END AT ANGLE",04071005,12898,0,2,Injury Collision,,45,Bicycle,Matched,0,1,Clear or Partly Cloudy,0,"(47.61129551300007, -122.34002336099996)",0,0,N,04 101214
164069,233326,233726,Intersection,Cycles,0, ,,0,,12/12/2016 12:00:00 AM +0000,12/12/2016 5:32:00 PM,1,29757,At Intersection (intersection related),Dark - Street Lights On,BROADWAY AND E UNION ST,0,1,,2,E620917,Dry,18,"MOTOR VEHICLE STRUCK PEDALCYCLIST, FRONT END AT ANGLE",,9446,0,2,Injury Collision,,45,Bicycle,Matched,N,1,Clear or Partly Cloudy,0,"(47.61296336300006, -122.32076237799998)",0,0,N,2016-446337
164124,22555,22555,Block,Cycles,165.5,,,0,,01/14/2004 12:00:00 AM +0000,1/14/2004 6:35:00 AM,1,,Driveway Junction,Dark - Street Lights On,MERIDIAN AVE N BETWEEN N 112TH ST AND N 113TH ST,0,1,Y,2,1782600,Wet,18,"MOTOR VEHICLE STRUCK PEDALCYCLIST, FRONT END AT ANGLE",04014060,11827,0,2,Injury Collision,,45,Bicycle,Matched,0,1,Raining,0,"(47.71002223600004, -122.33401679199994)",0,0,N,04-018256
164221,22682,22682,Block,Cycles,134,,,1,,08/02/2004 12:00:00 AM +0000,8/2/2004,0,,Mid-Block (not related to intersection),Daylight,8TH AVE NW BETWEEN NW 78TH ST AND NW 79TH ST,0,1,,2,1778846,Dry,56,PEDALCYCLIST STRUCK MOTOR VEHICLE LEFT SIDE SIDESWIPE,04215038,8405,0,3,Fatality Collision,,45,Bicycle,Matched,0,1,Clear or Partly Cloudy,0,"(47.68582898300008, -122.36600432699998)",0,0,N,04-321058
164239,234674,235074,Block,Cycles,653.5, ,,0,,12/16/2016 12:00:00 AM +0000,12/16/2016 6:05:00 PM,1,,Mid-Block (but intersection related),Dark - Street Lights On,N NORTHLAKE WAY BETWEEN MERIDIAN AVE N AND CORLISS AVE N,0,1,,2,3762462,Dry,51,PEDALCYCLIST STRUCK MOTOR VEHICLE FRONT END AT ANGLE,,16130,0,2,Injury Collision,,45,Bicycle,Matched,N,1,Clear or Partly Cloudy,0,"(47.64829499900003, -122.33249479299997)",287244,0,N,2016-451596
164329,233344,233744,Block,Cycles,97, ,,0,,12/14/2016 12:00:00 AM +0000,12/14/2016 7:04:00 AM,1,,Mid-Block (not related to intersection),Dawn,RAINIER AVE S BETWEEN 21ST S AVE S AND S GRAND ST,0,1,,2,E621186,Dry,18,"MOTOR VEHICLE STRUCK PEDALCYCLIST, FRONT END AT ANGLE",,12355,0,2,Injury Collision,,45,Bicycle,Matched,N,1,Clear or Partly Cloudy,0,"(47.58715198200008, -122.30484864899995)",0,0,N,16-448098
164379,233338,233738,Intersection,Cycles,0, ,,0,Y,12/17/2016 12:00:00 AM +0000,12/17/2016 5:31:00 PM,1,29757,At Intersection (intersection related),Dark - Street Lights On,BROADWAY AND E UNION ST,0,1,,2,E623003,Dry,18,"MOTOR VEHICLE STRUCK PEDALCYCLIST, FRONT END AT ANGLE",,9446,0,2,Injury Collision,,45,Bicycle,Matched,N,1,Clear or Partly Cloudy,0,"(47.61296336300006, -122.32076237799998)",0,0,N,2016-452801
164438,232717,233117,Block,Cycles,203, ,,0,,12/06/2016 12:00:00 AM +0000,12/6/2016 4:45:00 PM,1,,Mid-Block (not related to intersection),Dark - Street Lights On,LAKE WASHINGTON BLVD E BETWEEN E ROANOKE ST AND E LAKE WASHINGTON BLVD,0,1,,2,E619063,Wet,18,"MOTOR VEHICLE STRUCK PEDALCYCLIST, FRONT END AT ANGLE",,11217,0,2,Injury Collision,,45,Bicycle,Matched,N,1,Overcast,0,"(47.64366929200003, -122.29883427299995)",0,0,N,2016-439042
164546,22532,22532,Block,Cycles,183,,,0,,08/24/2004 12:00:00 AM +0000,8/24/2004 6:38:00 PM,1,,Driveway Junction,Daylight,24TH AVE E BETWEEN E PROSPECT ST AND E HIGHLAND DR,0,1,Y,2,1798928,Dry,18,"MOTOR VEHICLE STRUCK PEDALCYCLIST, FRONT END AT ANGLE",04237047,3543,0,2,Injury Collision,,45,Bicycle,Matched,0,1,Clear or Partly Cloudy,0,"(47.629767859000026, -122.30165716599998)",0,0,N,04-355357
164745,233168,233568,Block,Cycles,154.5, ,,0,,11/07/2016 12:00:00 AM +0000,11/7/2016 10:08:00 AM,1,,Mid-Block (not related to intersection),Daylight,ALASKAN WAY BETWEEN WALL ST AND VINE ST,0,1,,2,E612676,Dry,24,MOTOR VEHCILE STRUCK PEDESTRIAN,,8731,0,2,Injury Collision,,45,Bicycle,Matched,N,1,Overcast,0,"(47.613073246000056, -122.35167784699996)",0,0,N,P16064302
164746,233601,234001,Block,Cycles,155.5, ,,0,,12/14/2016 12:00:00 AM +0000,12/14/2016 7:45:00 PM,1,,Mid-Block (not related to intersection),Dark - Street Lights On,SW AVALON WAY BETWEEN 35TH AVE SW AND 36TH AVE SW,0,1,,2,E631988,Dry,18,"MOTOR VEHICLE STRUCK PEDALCYCLIST, FRONT END AT ANGLE",,21821,1,2b,Serious Injury Collision,,45,Bicycle,Matched,N,1,Clear or Partly Cloudy,0,"(47.56407686700004, -122.37681737399998)",0,0,N,16-448979
165063,234752,235152,Block,Cycles,96.5, ,,0,,12/13/2016 12:00:00 AM +0000,12/13/2016 7:51:00 PM,1,,Mid-Block (not related to intersection),Dark - Street Lights On,E HOWELL ST BETWEEN SUMMIT E AVE AND BELMONT AVE,0,1,,2,3771824,Dry,51,PEDALCYCLIST STRUCK MOTOR VEHICLE FRONT END AT ANGLE,,14172,0,2,Injury Collision,,45,Bicycle,Matched,N,1,Clear or Partly Cloudy,0,"(47.61774366800006, -122.32489831499998)",0,0,N,2016-447712
165118,220213,220493,Block,Cycles,127.5, ,,0,,05/20/2016 12:00:00 AM +0000,5/20/2016 5:29:00 PM,1,,Mid-Block (not related to intersection),Daylight,DEXTER AVE N BETWEEN GALER ST AND GARFIELD S ST,0,1,,2,3788848,Dry,18,"MOTOR VEHICLE STRUCK PEDALCYCLIST, FRONT END AT ANGLE",,10084,0,2,Injury Collision,,45,Bicycle,Matched,N,1,Clear or Partly Cloudy,0,"(47.632648234000044, -122.342281878)",0,0,N,16-176895
165223,22905,22905,Intersection,Cycles,0, ,,0,,09/26/2004 12:00:00 AM +0000,9/26/2004 9:50:00 AM,1,26713,At Intersection (intersection related),Daylight,14TH AVE NW AND NW 45TH ST,0,1,,2,1774191,Dry,51,PEDALCYCLIST STRUCK MOTOR VEHICLE FRONT END AT ANGLE,04270013,1885,1,2b,Serious Injury Collision,,45,Bicycle,Matched,0,1,Clear or Partly Cloudy,0,"(47.66147262900006, -122.37359766399999)",0,0,N,4404411
165327,22892,22892,Block,Cycles,516,,,0,Y,06/18/2004 12:00:00 AM +0000,6/18/2004 9:12:00 AM,1,,Mid-Block (not related to intersection),Daylight,UNIVERSITY BR BETWEEN POINT B AND EASTLAKE AVE NE,0,1,,4,1080304,Dry,21,"MOTOR VEHICLE STRUCK PEDALCYCLIST, REAR END",04170008,13191,0,2,Injury Collision,,45,Bicycle,Matched,0,1,Clear or Partly Cloudy,0,"(47.654215958000066, -122.31923589299998)",0,0,N,04 248205
165498,22442,22442,Block,Cycles,179,,,0,,05/19/2004 12:00:00 AM +0000,5/19/2004 11:28:00 PM,0,,Driveway Junction,Dark - Street Lights On,E OLIVE WAY BETWEEN SUMMIT AVE E AND E JOHN ST,0,1,,2,1788500,Dry,51,PEDALCYCLIST STRUCK MOTOR VEHICLE FRONT END AT ANGLE,04140003,14586,0,1,Property Damage Only Collision,,45,Bicycle,Matched,1,1,Overcast,0,"(47.61927351300005, -122.32483051699995)",0,0,N,40202864
165531,77042,77042,Block,Cycles,218,,,0,,05/17/2007 12:00:00 AM +0000,5/17/2007 3:00:00 PM,1,,Driveway Junction,Daylight,EASTLAKE AVE E BETWEEN HARVARD AVE E AND FUHRMAN AVE E,0,1,Y,2,2610396,Dry,18,"MOTOR VEHICLE STRUCK PEDALCYCLIST, FRONT END AT ANGLE",07137022,10184,0,2,Injury Collision,,45,Bicycle,Matched,0,1,Clear or Partly Cloudy,0,"(47.65104751100006, -122.32168580199999)",6064,0,N,07-198184