OBJECTID,INCKEY,COLDETKEY,ADDRTYPE,COLLISIONTYPE,DISTANCE,EXCEPTRSNCODE,EXCEPTRSNDESC,FATALITIES,INATTENTIONIND,INCDATE,INCDTTM,INJURIES,INTKEY,JUNCTIONTYPE,LIGHTCOND,LOCATION,PEDCOUNT,PEDCYLCOUNT,PEDROWNOTGRNT,PERSONCOUNT,REPORTNO,ROADCOND,SDOT_COLCODE,SDOT_COLDESC,SDOTCOLNUM,SEGKEY,SERIOUSINJURIES,SEVERITYCODE,SEVERITYDESC,SPEEDING,ST_COLCODE,ST_COLDESC,STATUS,UNDERINFL,VEHCOUNT,WEATHER,WIDTH,Shape,SEGLANEKEY,CROSSWALKKEY,HITPARKEDCAR,SPDCASENO
165536,76917,76917,Block,Cycles,118.5,,,0,,10/30/2007 12:00:00 AM +0000,10/30/2007 7:54:00 AM,1,,Mid-Block (not related to intersection),Daylight,TAYLOR AVE N BETWEEN TAYLOR UPPER AVE N AND GALER ST,0,1,,2,2826306,Dry,54,PEDALCYCLIST STRUCK MOTOR VEHICLE REAR END,07303001,13085,0,2,Injury Collision,,45,Bicycle,Matched,0,1,Overcast,0,"(47.631983035000076, -122.34602673799998)",11198,0,N,07-442964
165570,91232,91232,Block,Cycles,174.5,,,0,Y,09/11/2008 12:00:00 AM +0000,9/11/2008 11:25:00 PM,1,,Mid-Block (not related to intersection),Dark - Street Lights Off,NICKERSON ST BETWEEN WARREN AVE N AND ETRURIA ST,0,1,,2,2826563,Dry,54,PEDALCYCLIST STRUCK MOTOR VEHICLE REAR END,08255004,11969,1,2b,Serious Injury Collision,,45,Bicycle,Matched,1,1,Clear or Partly Cloudy,0,"(47.648040784000045, -122.35390973299997)",12453,0,N,08-340271
165653,50162,50162,Block,Cycles,335,,,0,,10/26/2006 12:00:00 AM +0000,10/26/2006 4:46:00 PM,1,,Mid-Block (not related to intersection),Daylight,16TH AVE SW BETWEEN SW TRENTON ST AND SW HENDERSON ST,0,1,,2,2625702,Dry,51,PEDALCYCLIST STRUCK MOTOR VEHICLE FRONT END AT ANGLE,06299003,2347,0,2,Injury Collision,,45,Bicycle,Matched,0,1,Clear or Partly Cloudy,0,"(47.52378946500005, -122.35509357499996)",0,0,N,06-455584
165677,46503,46503,Intersection,Cycles,0,,,0,,07/06/2005 12:00:00 AM +0000,7/6/2005,1,30125,At Intersection (intersection related),Daylight,19TH AVE AND E MADISON ST,0,1,Y,2,2019585,Dry,18,"MOTOR VEHICLE STRUCK PEDALCYCLIST, FRONT END AT ANGLE",05187028,2651,0,2,Injury Collision,,45,Bicycle,Matched,0,1,Clear or Partly Cloudy,0,"(47.61673275900006, -122.30740915799998)",0,0,N,5283410
165750,101180,101180,Intersection,Cycles,0, ,,0,,05/07/2009 12:00:00 AM +0000,5/7/2009,1,27167,At Intersection (intersection related),Daylight,UNIVERSITY WAY NE AND NE PACIFIC ST,0,1,Y,2,3210306,Wet,18,"MOTOR VEHICLE STRUCK PEDALCYCLIST, FRONT END AT ANGLE",09127002,13215,0,2,Injury Collision,,45,Bicycle,Matched,0,1,Raining,0,"(47.65339944100003, -122.31333457599999)",0,522415,N,09-155394
165782,115548,115548,Block,Cycles,182.5,,,0,,08/13/2010 12:00:00 AM +0000,8/13/2010 5:27:00 PM,1,,Mid-Block (not related to intersection),Daylight,N 45TH ST BETWEEN STONE WAY N AND INTERLAKE AVE N,0,1,,3,3559210,Dry,51,PEDALCYCLIST STRUCK MOTOR VEHICLE FRONT END AT ANGLE,10225022,15542,0,2,Injury Collision,,45,Bicycle,Matched,N,1,Clear or Partly Cloudy,0,"(47.66138544200004, -122.34140593799998)",6445,0,N,2010-282363
165812,125939,125939,Intersection,Cycles,0,,,0,,12/08/2011 12:00:00 AM +0000,12/8/2011 6:37:00 AM,1,35855,At Intersection (intersection related),Dark - Street Lights On,15TH AVE NE AND NE 143RD ST,0,1,Y,2,3553859,Dry,18,"MOTOR VEHICLE STRUCK PEDALCYCLIST, FRONT END AT ANGLE",11342008,2096,0,2,Injury Collision,,45,Bicycle,Matched,N,1,Overcast,0,"(47.73212583000003, -122.31272410599996)",13467,0,N,11-34415*
165819,126909,126909,Intersection,Cycles,0, ,,0,,05/07/2011 12:00:00 AM +0000,5/7/2011 11:55:00 AM,1,27900,At Intersection (intersection related),Daylight,15TH AVE W AND GILMAN UPPER DR W,0,1,,2,3560787,Dry,18,"MOTOR VEHICLE STRUCK PEDALCYCLIST, FRONT END AT ANGLE",11127005,2191,0,2,Injury Collision,,45,Bicycle,Matched,N,1,Overcast,0,"(47.64294366300004, -122.37616970399995)",0,522927,N,11-145674
165848,135882,135882,Block,Cycles,156.5,,,0,,05/13/2012 12:00:00 AM +0000,5/13/2012 2:01:00 PM,1,,Mid-Block (not related to intersection),Daylight,BOREN AVE BETWEEN OLIVE WAY AND HOWELL ST,0,1,,4,3505878,Dry,18,"MOTOR VEHICLE STRUCK PEDALCYCLIST, FRONT END AT ANGLE",12134018,9321,0,2,Injury Collision,,45,Bicycle,Matched,N,2,Clear or Partly Cloudy,0,"(47.61580927300008, -122.33107205099998)",0,0,N,12-147436
165919,166940,166960,Intersection,Cycles,0,NEI,"Not Enough Information, or Insufficient Location Information",0,,04/26/2014 12:00:00 AM +0000,4/26/2014 10:00:00 PM,0,29599,At Intersection (intersection related),Dark - Street Lights On,1ST AVE AND UNION ST,0,1,,2,3570329,Wet,00,NOT ENOUGH INFORMATION / NOT APPLICABLE,,1008,0,1,Property Damage Only Collision,,45,Bicycle,Matched,N,1,Raining,0,"(47.60782816200003, -122.33910533499994)",0,0,N,14-130087
165920,166939,166959,Block,Cycles,95, ,,0,Y,04/13/2014 12:00:00 AM +0000,4/13/2014 11:45:00 AM,1,,Mid-Block (not related to intersection),Daylight,M L KING JR WAY E BETWEEN E ARTHUR PL AND E MADISON ST,0,1,,2,3585942,Dry,18,"MOTOR VEHICLE STRUCK PEDALCYCLIST, FRONT END AT ANGLE",,11499,0,2,Injury Collision,,45,Bicycle,Matched,N,1,Clear or Partly Cloudy,0,"(47.623065214000064, -122.29631794499994)",35368,0,N,14-112968
165974,221080,221360,Intersection,Cycles,0,NEI,"Not Enough Information, or Insufficient Location Information",0,,05/19/2016 12:00:00 AM +0000,5/19/2016 9:40:00 PM,1,26897,At Intersection (intersection related),Dark - Street Lights On,STONE WAY N AND N 35TH ST,0,1,,2,E550682,Wet,00,NOT ENOUGH INFORMATION / NOT APPLICABLE,,12956,0,2,Injury Collision,,45,Bicycle,Matched,N,1,Raining,0,"(47.64941986700006, -122.34273258699994)",0,0,N,2016-175751
166045,22148,22148,Block,Cycles,328.5,,,0,,09/18/2004 12:00:00 AM +0000,9/18/2004 4:46:00 PM,1,,Mid-Block (but intersection related),Daylight,NW 85TH ST BETWEEN 1ST AVE NW AND 3RD AVE NW,0,1,,1,1779990,Wet,66,PEDALCYCLIST STRUCK OBJECT IN ROAD,04262012,18958,0,2,Injury Collision,,45,Bicycle,Matched,0,0,Raining,0,"(47.69061785800005, -122.35931271899994)",0,0,N,04-393029
166096,220503,220783,Intersection,Cycles,0, ,,0,,05/25/2016 12:00:00 AM +0000,5/25/2016 1:04:00 PM,1,29088,At Intersection (intersection related),Daylight,ALOHA ST AND FAIRVIEW AVE N,0,1,,1,E547586,Dry,18,"MOTOR VEHICLE STRUCK PEDALCYCLIST, FRONT END AT ANGLE",,8817,0,2,Injury Collision,,45,Bicycle,Matched,N,1,Overcast,0,"(47.627221348000035, -122.33279903299996)",0,0,N,2016-183469
166107,220497,220777,Intersection,Cycles,0, ,,0,,05/26/2016 12:00:00 AM +0000,5/26/2016 2:28:00 PM,1,30508,At Intersection (intersection related),Daylight,2ND AV ET S AND S JACKSON ST,0,1,,1,E547538,Dry,18,"MOTOR VEHICLE STRUCK PEDALCYCLIST, FRONT END AT ANGLE",,2924,0,2,Injury Collision,,45,Bicycle,Matched,N,1,Clear or Partly Cloudy,0,"(47.59919793100005, -122.32967854199995)",0,0,N,2016-185036
166111,217548,217828,Intersection,Cycles,0, ,,0,Y,04/16/2016 12:00:00 AM +0000,4/16/2016 12:15:00 AM,1,29734,At Intersection (intersection related),Dark - Street Lights On,BOYLSTON AVE AND E PINE ST,0,1,Y,2,3704466,Dry,18,"MOTOR VEHICLE STRUCK PEDALCYCLIST, FRONT END AT ANGLE",,9375,0,2,Injury Collision,,45,Bicycle,Matched,N,1,Clear or Partly Cloudy,0,"(47.61523114200003, -122.32341547099998)",0,0,N,2016-130783
166152,217072,217352,Intersection,Cycles,0, ,,0,,04/04/2016 12:00:00 AM +0000,4/4/2016 2:30:00 PM,0,25277,At Intersection (intersection related),Daylight,8TH AVE NW AND NW 60TH ST,0,1,,3,3737371,Wet,51,PEDALCYCLIST STRUCK MOTOR VEHICLE FRONT END AT ANGLE,,8389,0,1,Property Damage Only Collision,,45,Bicycle,Matched,N,1,Raining,0,"(47.67234908700004, -122.36616763299998)",0,0,N,2016-116015
166263,219171,219471,Intersection,Cycles,0, ,,0,Y,05/03/2016 12:00:00 AM +0000,5/3/2016 8:50:00 PM,0,37185,At Intersection (intersection related),Dark - Street Lights On,1ST AVE NW AND NW 85TH ST,0,1,,3,3767438,Dry,11,"MOTOR VEHICLE STRUCK MOTOR VEHICLE, FRONT END AT ANGLE",,1157,0,1,Property Damage Only Collision,,45,Bicycle,Matched,N,1,Clear or Partly Cloudy,0,"(47.69061033100007, -122.35798194999995)",0,0,N,16-153962
166288,220215,220495,Block,Cycles,213, ,,0,,05/25/2016 12:00:00 AM +0000,5/25/2016 4:15:00 AM,1,,Mid-Block (not related to intersection),Dark - Street Lights On,BROADWAY BETWEEN E PINE ST AND XW E OLIVE ST,0,1,,1,3704611,Dry,69,PEDALCYCLIST OVERTURNED IN ROAD,,9448,0,2,Injury Collision,,45,Bicycle,Matched,N,0,Clear or Partly Cloudy,0,"(47.61581794700004, -122.32080786599994)",6850,0,N,2016-182964
166296,220019,220299,Block,Cycles,332, ,,0,,05/18/2016 12:00:00 AM +0000,5/18/2016 9:00:00 AM,1,,Mid-Block (not related to intersection),Daylight,10TH AVE E BETWEEN E PROSPECT ST AND E HIGHLAND DR,0,1,,1,E544729,Dry,15,"MOTOR VEHICLE STRUCK MOTOR VEHICLE, RIGHT SIDE SIDESWIPE",,1292,0,2,Injury Collision,,45,Bicycle,Matched,N,1,Clear or Partly Cloudy,0,"(47.62957867800003, -122.32021085299999)",0,0,N,16-173461
166448,21960,21960,Intersection,Cycles,0,,,0,,10/08/2004 12:00:00 AM +0000,10/8/2004,1,33963,At Intersection (intersection related),Daylight,DELRIDGE WAY SW AND SW ORCHARD ST,0,1,Y,2,1333996,Wet,18,"MOTOR VEHICLE STRUCK PEDALCYCLIST, FRONT END AT ANGLE",04282015,9978,0,2,Injury Collision,,45,Bicycle,Matched,0,1,Raining,0,"(47.537954167000066, -122.36109186599998)",0,0,N,4422658
166450,21958,21958,Intersection,Cycles,0,,,0,,01/12/2004 12:00:00 AM +0000,1/12/2004 8:45:00 AM,1,37717,At Intersection (intersection related),Daylight,17TH AVE NE AND NE 97TH ST,0,1,Y,2,1780006,Dry,18,"MOTOR VEHICLE STRUCK PEDALCYCLIST, FRONT END AT ANGLE",04012010,2405,0,2,Injury Collision,,45,Bicycle,Matched,0,1,Clear or Partly Cloudy,0,"(47.69941280200004, -122.30951557599997)",0,0,N,04-015406
166535,217079,217359,Block,Cycles,21.5,NEI,"Not Enough Information, or Insufficient Location Information",0,,03/31/2016 12:00:00 AM +0000,3/31/2016 7:00:00 PM,1,,,Daylight,S ORCAS ST BETWEEN M L KING JR WR WAY S AND M L KING JR ER WAY S,0,1,,3,E530334,Dry,00,NOT ENOUGH INFORMATION / NOT APPLICABLE,,485859,0,2,Injury Collision,,45,Bicycle,Matched,N,1,Clear or Partly Cloudy,0,"(47.551236853000034, -122.28801051899995)",0,0,N,2016-111219
166536,217078,217358,Block,Cycles,155,NEI,"Not Enough Information, or Insufficient Location Information",0,,02/26/2016 12:00:00 AM +0000,2/26/2016 12:07:00 PM,1,,,Daylight,N 85TH ST BETWEEN DAYTON AVE N AND EVANSTON AVE N,0,1,,1,E530331,Dry,00,NOT ENOUGH INFORMATION / NOT APPLICABLE,,15952,0,2,Injury Collision,,45,Bicycle,Matched,N,1,Clear or Partly Cloudy,0,"(47.69058519400005, -122.35197493599998)",0,0,N,2016-68843
166589,217342,217622,Block,Cycles,149, ,,0,,04/12/2016 12:00:00 AM +0000,4/12/2016 10:00:00 PM,1,,Mid-Block (not related to intersection),Dark - Street Lights On,BELMONT AVE E BETWEEN BELLEVUE PL E AND BELLEVUE CT E,0,1,,2,3704343,Wet,21,"MOTOR VEHICLE STRUCK PEDALCYCLIST, REAR END",,9246,1,2b,Serious Injury Collision,,45,Bicycle,Matched,N,1,Raining,0,"(47.627483064000046, -122.32628884299999)",0,0,N,2016-126604
166604,218857,219157,Block,Cycles,213, ,,0,,05/07/2016 12:00:00 AM +0000,5/7/2016 6:27:00 PM,1,,Mid-Block (not related to intersection),Daylight,12TH AVE BETWEEN E PINE ST AND E OLIVE ST,0,1,Y,2,3704472,Dry,18,"MOTOR VEHICLE STRUCK PEDALCYCLIST, FRONT END AT ANGLE",,1547,0,2,Injury Collision,,45,Bicycle,Matched,N,1,Clear or Partly Cloudy,0,"(47.61584669400003, -122.31686348699998)",1547,0,N,2016-159314
166606,218855,219155,Block,Cycles,213, ,,0,,05/06/2016 12:00:00 AM +0000,5/6/2016 3:59:00 PM,1,,Mid-Block (not related to intersection),Daylight,12TH AVE BETWEEN E CHERRY ST AND E COLUMBIA ST,0,1,Y,2,3704471,Dry,23,"MOTOR VEHICLE STRUCK PEDALCYCLIST, LEFT SIDE SIDESWIPE",,1532,0,2,Injury Collision,,45,Bicycle,Matched,N,1,Clear or Partly Cloudy,0,"(47.60864131900007, -122.31677994199998)",0,0,N,2016-157705
166612,218498,218798,Intersection,Cycles,0, ,,0,,03/30/2016 12:00:00 AM +0000,3/30/2016 5:33:00 PM,1,27042,At Intersection (intersection related),Daylight,BURKE GILMAN TRL AND N NORTHLAKE WAY,0,1,Y,2,3787409,Dry,18,"MOTOR VEHICLE STRUCK PEDALCYCLIST, FRONT END AT ANGLE",,16124,1,2b,Serious Injury Collision,,45,Bicycle,Matched,N,1,Clear or Partly Cloudy,0,"(47.64855913200006, -122.34715935599996)",0,0,N,2016-109803
166683,220261,220541,Intersection,Cycles,0, ,,0,,05/27/2016 12:00:00 AM +0000,5/27/2016 10:09:00 PM,1,29742,At Intersection (intersection related),Dark - Street Lights On,14TH AVE AND E PINE ST,0,1,,3,3704617,Dry,51,PEDALCYCLIST STRUCK MOTOR VEHICLE FRONT END AT ANGLE,,1853,0,2,Injury Collision,,45,Bicycle,Matched,N,1,Overcast,0,"(47.61528200300006, -122.31424237499999)",0,0,N,2016-186986
166876,217922,218202,Block,Cycles,213, ,,0,Y,04/20/2016 12:00:00 AM +0000,4/20/2016 8:24:00 AM,1,,Mid-Block (not related to intersection),Daylight,12TH AVE BETWEEN E COLUMBIA ST AND E MARION ST,0,1,,2,3704363,Dry,16,"MOTOR VEHICLE STRUCK MOTOR VEHICLE, LEFT SIDE SIDESWIPE",,1533,0,2,Injury Collision,,45,Bicycle,Matched,N,1,Clear or Partly Cloudy,0,"(47.609809435000045, -122.31677966199999)",0,0,Y,2016-135962
166904,219446,219726,Intersection,Cycles,0, ,,1,,05/14/2016 12:00:00 AM +0000,5/14/2016 10:41:00 PM,1,30501,At Intersection (intersection related),Dark - Street Lights On,5TH AVE S AND S MAIN ST,0,1,,3,3740059,Dry,51,PEDALCYCLIST STRUCK MOTOR VEHICLE FRONT END AT ANGLE,,7358,1,3,Fatality Collision,Y,45,Bicycle,Matched,N,1,Overcast,0,"(47.60003407600004, -122.32766333399996)",0,0,N,16-169193
166945,220305,220585,Block,Cycles,310.5,NEI,"Not Enough Information, or Insufficient Location Information",0,,05/18/2016 12:00:00 AM +0000,5/18/2016 11:00:00 AM,1,,Mid-Block (not related to intersection),Daylight,FAUNTLEROY WAY SW BETWEEN SW TRENTON ST AND SW BARTON ST,0,1,,2,3740513,Dry,00,NOT ENOUGH INFORMATION / NOT APPLICABLE,,10420,0,2,Injury Collision,,45,Bicycle,Matched,N,1,Clear or Partly Cloudy,0,"(47.524022767000076, -122.39288430199997)",0,0,N,16-183414
166953,220068,220348,Block,Cycles,334.5, ,,0,,05/17/2016 12:00:00 AM +0000,5/17/2016 5:00:00 PM,1,,Mid-Block (not related to intersection),Daylight,16TH AVE SW BETWEEN SW CAMBRIDGE ST AND SW ROXBURY ST,0,1,,2,3731923,Dry,18,"MOTOR VEHICLE STRUCK PEDALCYCLIST, FRONT END AT ANGLE",,2350,0,2,Injury Collision,,45,Bicycle,Matched,N,1,Clear or Partly Cloudy,0,"(47.518279395000036, -122.35515476299997)",0,0,N,16-172739
166991,219876,220156,Intersection,Cycles,0, ,,0,,05/04/2016 12:00:00 AM +0000,5/4/2016 8:25:00 AM,2,24268,At Intersection (intersection related),Daylight,GREENWOOD AVE N AND N 83RD ST,0,1,,0,E543534,Wet,18,"MOTOR VEHICLE STRUCK PEDALCYCLIST, FRONT END AT ANGLE",,10750,0,2,Injury Collision,,45,Bicycle,Matched,N,1,Overcast,0,"(47.68911342700005, -122.35530100699998)",0,0,N,16-154428
167012,217927,218207,Block,Cycles,161,NEI,"Not Enough Information, or Insufficient Location Information",0,,04/08/2016 12:00:00 AM +0000,4/8/2016 5:47:00 PM,0,,,Daylight,PINE ST BETWEEN 8TH AVE AND 9TH AVE,0,1,,0,E533452,Dry,00,NOT ENOUGH INFORMATION / NOT APPLICABLE,,12221,0,1,Property Damage Only Collision,,45,Bicycle,Matched,N,1,Clear or Partly Cloudy,0,"(47.61329521600004, -122.33259897599999)",0,0,N,2016-121528
167013,218904,219204,Intersection,Cycles,0, ,,0,,04/29/2016 12:00:00 AM +0000,4/29/2016 6:31:00 PM,1,30581,At Intersection (intersection related),Daylight,26TH AVE AND E YESLER WAY,0,1,Y,2,3704402,Dry,18,"MOTOR VEHICLE STRUCK PEDALCYCLIST, FRONT END AT ANGLE",,3828,0,2,Injury Collision,,45,Bicycle,Matched,N,1,Clear or Partly Cloudy,0,"(47.60166062600007, -122.29891734099999)",0,0,N,2016-148595
167040,219232,219532,Intersection,Cycles,0, ,,0,,05/10/2016 12:00:00 AM +0000,5/10/2016 6:58:00 AM,1,24516,At Intersection (intersection related),,NE 65TH ST AND NE RAVENNA WB BV,0,1,,2,3767455,Dry,51,PEDALCYCLIST STRUCK MOTOR VEHICLE FRONT END AT ANGLE,,17257,1,2b,Serious Injury Collision,,45,Bicycle,Matched,N,1,Clear or Partly Cloudy,0,"(47.67586707700008, -122.32185222499999)",0,0,N,2016-162398
167058,220097,220377,Intersection,Cycles,0, ,,0,,05/25/2016 12:00:00 AM +0000,5/25/2016 3:50:00 PM,2,29613,At Intersection (intersection related),Daylight,2ND AVE AND SPRING ST,1,1,,2,3385835,Dry,64,PEDALCYCLIST STRUCK PEDESTRIAN,,2754,0,2,Injury Collision,,45,Bicycle,Matched,N,0,Clear or Partly Cloudy,0,"(47.605872617000045, -122.33578172399996)",42196,0,N,16-183712
167060,220079,220359,Block,Cycles,133, ,,0,Y,05/18/2016 12:00:00 AM +0000,5/18/2016 4:23:00 PM,1,,Mid-Block (not related to intersection),Daylight,ROOSEVELT WAY NE BETWEEN NE 69TH ST AND NE 70TH ST,0,1,,2,3787213,Dry,18,"MOTOR VEHICLE STRUCK PEDALCYCLIST, FRONT END AT ANGLE",,12619,0,2,Injury Collision,,45,Bicycle,Matched,N,1,Overcast,0,"(47.679104392000056, -122.31740837099994)",12619,0,N,2016-174058
167102,216815,217095,Intersection,Cycles,0,NEI,"Not Enough Information, or Insufficient Location Information",0,Y,04/02/2016 12:00:00 AM +0000,4/2/2016 5:51:00 PM,1,25113,At Intersection (but not related to intersection),Daylight,24TH AVE NW AND NW 63RD ST,0,1,,1,E530750,Dry,00,NOT ENOUGH INFORMATION / NOT APPLICABLE,,3598,0,2,Injury Collision,,45,Bicycle,Matched,N,1,Clear or Partly Cloudy,0,"(47.67456006800006, -122.38758536599994)",0,0,N,2016-113939
167103,216601,216881,Intersection,Cycles,0, ,,0,,03/28/2016 12:00:00 AM +0000,3/28/2016 5:35:00 PM,0,24044,At Intersection (intersection related),Daylight,1ST AVE NW AND NW 84TH ST,0,1,,2,3767157,Dry,51,PEDALCYCLIST STRUCK MOTOR VEHICLE FRONT END AT ANGLE,,1156,0,1,Property Damage Only Collision,,45,Bicycle,Matched,N,1,Clear or Partly Cloudy,0,"(47.68983564800004, -122.35797717199995)",0,0,N,2016-107210
167104,216599,216879,Intersection,Cycles,0, ,,0,,03/28/2016 12:00:00 AM +0000,3/28/2016 8:14:00 AM,1,29165,At Intersection (intersection related),Daylight,MELROSE AVE AND E DENNY WAY,0,1,,2,3707389,Wet,51,PEDALCYCLIST STRUCK MOTOR VEHICLE FRONT END AT ANGLE,,11758,0,2,Injury Collision,,45,Bicycle,Matched,N,1,Overcast,0,"(47.61849674100006, -122.32785352399998)",0,0,N,2016-106572
167185,22354,22354,Intersection,Cycles,0,,,0,,07/20/2004 12:00:00 AM +0000,7/20/2004 1:51:00 PM,1,27153,At Intersection (intersection related),Daylight,EASTLAKE AVE E AND FUHRMAN AVE E,0,1,Y,2,1790146,Dry,11,"MOTOR VEHICLE STRUCK MOTOR VEHICLE, FRONT END AT ANGLE",04202034,10579,0,2,Injury Collision,,45,Bicycle,Matched,0,1,Clear or Partly Cloudy,0,"(47.65157827200005, -122.32127525699997)",0,0,N,04 300528
167257,21914,21914,Intersection,Cycles,0,,,0,,06/29/2004 12:00:00 AM +0000,6/29/2004 12:30:00 PM,0,27039,At Intersection (intersection related),Daylight,FREMONT AVE N AND N 34TH ST,0,1,Y,2,1080361,Dry,18,"MOTOR VEHICLE STRUCK PEDALCYCLIST, FRONT END AT ANGLE",04181027,10485,0,1,Property Damage Only Collision,,45,Bicycle,Matched,0,1,Clear or Partly Cloudy,0,"(47.64958972900007, -122.34974744899995)",0,0,N,04 266075
167363,218221,218521,Intersection,Cycles,0, ,,0,,04/26/2016 12:00:00 AM +0000,4/26/2016 5:48:00 PM,1,32855,At Intersection (intersection related),Daylight,48TH AVE SW AND SW HUDSON ST,0,1,,2,3587724,Dry,18,"MOTOR VEHICLE STRUCK PEDALCYCLIST, FRONT END AT ANGLE",,7150,0,2,Injury Collision,,45,Bicycle,Matched,N,1,Overcast,0,"(47.55755993000008, -122.39360290299999)",0,0,N,16-144664
167419,217389,217669,Intersection,Cycles,0, ,,0,,04/07/2016 12:00:00 AM +0000,4/7/2016 5:59:00 PM,1,25520,At Intersection (intersection related),Daylight,GREEN LAKE WAY N AND N 52ND ST,0,1,,2,3736742,Dry,51,PEDALCYCLIST STRUCK MOTOR VEHICLE FRONT END AT ANGLE,,10695,1,2b,Serious Injury Collision,,45,Bicycle,Matched,N,1,Clear or Partly Cloudy,0,"(47.66640717400003, -122.340090525)",40752,0,N,16-120080
167431,220102,220382,Block,Cycles,155.5, ,,0,Y,05/26/2016 12:00:00 AM +0000,5/26/2016 3:44:00 PM,1,,Driveway Junction,Daylight,SW AVALON WAY BETWEEN 35TH AVE SW AND 36TH AVE SW,0,1,,2,3505383,Dry,18,"MOTOR VEHICLE STRUCK PEDALCYCLIST, FRONT END AT ANGLE",,21821,0,2,Injury Collision,,45,Bicycle,Matched,N,1,Overcast,0,"(47.56407686700004, -122.37681737399998)",0,0,N,2016-185151
167450,219506,219786,Intersection,Cycles,0, ,,0,,05/11/2016 12:00:00 AM +0000,5/11/2016 8:45:00 AM,0,37713,At Intersection (intersection related),Daylight,LAKE CITY WAY NE AND NE 98TH ST,0,1,Y,2,3767503,Dry,11,"MOTOR VEHICLE STRUCK MOTOR VEHICLE, FRONT END AT ANGLE",,11160,0,1,Property Damage Only Collision,,45,Bicycle,Matched,N,1,Clear or Partly Cloudy,0,"(47.700271411000074, -122.30331816499995)",0,0,N,16-164036
167462,217148,217428,Intersection,Cycles,0, ,,0,,03/25/2016 12:00:00 AM +0000,3/25/2016 11:19:00 AM,1,29261,At Intersection (intersection related),Daylight,DEWEY PL E AND E HARRISON ST,0,1,,1,E532321,Dry,18,"MOTOR VEHICLE STRUCK PEDALCYCLIST, FRONT END AT ANGLE",,10068,0,2,Injury Collision,Y,45,Bicycle,Matched,N,1,Clear or Partly Cloudy,0,"(47.62249919700008, -122.29375264999999)",0,0,N,2016-103284
167516,21737,21737,Block,Cycles,85.5,,,0,,06/30/2004 12:00:00 AM +0000,6/30/2004 3:35:00 PM,1,,Mid-Block (but intersection related),Daylight,E OLIVE WAY BETWEEN E DENNY WAY AND SUMMIT AVE E,0,1,,2,1772565,Dry,54,PEDALCYCLIST STRUCK MOTOR VEHICLE REAR END,04182034,14585,1,2b,Serious Injury Collision,,45,Bicycle,Matched,0,1,Clear or Partly Cloudy,0,"(47.61869246100008, -122.32546481599996)",0,0,N,04-267958
167561,21303,21303,Intersection,Cycles,0,,,0,,07/27/2004 12:00:00 AM +0000,7/27/2004 9:46:00 AM,1,28303,At Intersection (intersection related),Daylight,EASTLAKE AVE E AND E LOUISA ST,0,1,Y,2,1217102,Dry,18,"MOTOR VEHICLE STRUCK PEDALCYCLIST, FRONT END AT ANGLE",04209024,10178,0,2,Injury Collision,,45,Bicycle,Matched,0,1,Clear or Partly Cloudy,0,"(47.64203050000003, -122.32588836999997)",0,0,N,4311294
167711,218236,218536,Intersection,Cycles,0, ,,0,,04/25/2016 12:00:00 AM +0000,4/25/2016 5:51:00 PM,1,26742,At Intersection (intersection related),Daylight,15TH AVE W AND NICKERSON 15TH RP,0,1,,4,3740235,Dry,18,"MOTOR VEHICLE STRUCK PEDALCYCLIST, FRONT END AT ANGLE",,2196,0,2,Injury Collision,,45,Bicycle,Matched,N,1,Clear or Partly Cloudy,0,"(47.65243056700007, -122.376209486)",0,0,N,16-143350
167746,219679,219959,Block,Cycles,143, ,,0,,05/10/2016 12:00:00 AM +0000,5/10/2016 11:42:00 PM,1,,Mid-Block (not related to intersection),Dark - Street Lights On,NE 50TH ST BETWEEN 7TH AVE NE AND 8TH AVE NE,0,1,,1,E542862,Dry,11,"MOTOR VEHICLE STRUCK MOTOR VEHICLE, FRONT END AT ANGLE",,16927,0,2,Injury Collision,,45,Bicycle,Matched,N,1,Clear or Partly Cloudy,0,"(47.664954108000074, -122.320124411)",0,0,N,2016-163551
167748,219523,219803,Intersection,Cycles,0, ,,0,,05/18/2016 12:00:00 AM +0000,5/18/2016 12:41:00 PM,0,287169,At Intersection (intersection related),Daylight,40TH AVE NE AND BURKE GILMAN TRL,0,1,,2,3767587,Dry,51,PEDALCYCLIST STRUCK MOTOR VEHICLE FRONT END AT ANGLE,,287213,0,1,Property Damage Only Collision,,45,Bicycle,Matched,N,1,Clear or Partly Cloudy,0,"(47.66730844400007, -122.28480764299997)",0,0,N,2016-173752
167786,21538,21538,Intersection,Cycles,0,,,0,,11/09/2004 12:00:00 AM +0000,11/9/2004,1,29621,At Intersection (intersection related),Dark - Street Lights On,1ST AVE AND MADISON ST,0,1,,2,1785094,Dry,18,"MOTOR VEHICLE STRUCK PEDALCYCLIST, FRONT END AT ANGLE",04314007,1004,1,2b,Serious Injury Collision,,45,Bicycle,Matched,0,1,Clear or Partly Cloudy,0,"(47.604695047000064, -122.33623843299995)",0,0,N,04-470240