OBJECTID,INCKEY,COLDETKEY,ADDRTYPE,COLLISIONTYPE,DISTANCE,EXCEPTRSNCODE,EXCEPTRSNDESC,FATALITIES,INATTENTIONIND,INCDATE,INCDTTM,INJURIES,INTKEY,JUNCTIONTYPE,LIGHTCOND,LOCATION,PEDCOUNT,PEDCYLCOUNT,PEDROWNOTGRNT,PERSONCOUNT,REPORTNO,ROADCOND,SDOT_COLCODE,SDOT_COLDESC,SDOTCOLNUM,SEGKEY,SERIOUSINJURIES,SEVERITYCODE,SEVERITYDESC,SPEEDING,ST_COLCODE,ST_COLDESC,STATUS,UNDERINFL,VEHCOUNT,WEATHER,WIDTH,Shape,SEGLANEKEY,CROSSWALKKEY,HITPARKEDCAR,SPDCASENO
167799,21520,21520,Intersection,Cycles,0,,,0,,02/28/2004 12:00:00 AM +0000,2/28/2004 8:50:00 AM,1,30494,At Intersection (intersection related),Daylight,4TH AVE S AND S WASHINGTON ST,0,1,,5,1776959,Dry,18,"MOTOR VEHICLE STRUCK PEDALCYCLIST, FRONT END AT ANGLE",04059004,6227,0,2,Injury Collision,,45,Bicycle,Matched,1,2,Clear or Partly Cloudy,0,"(47.60087544100003, -122.32896255699995)",0,0,N,4084659
167806,21390,21390,Block,Cycles,765,,,0,,04/09/2004 12:00:00 AM +0000,4/9/2004,0,,Driveway Junction,Dusk,FAIRVIEW AVE N BETWEEN YALE AVE N AND FAIRVIEW AVE E,0,1,,3,1772038,Dry,18,"MOTOR VEHICLE STRUCK PEDALCYCLIST, FRONT END AT ANGLE",04100012,10357,0,1,Property Damage Only Collision,,45,Bicycle,Matched,0,1,Clear or Partly Cloudy,0,"(47.63029977200006, -122.32888190799997)",0,0,N,04 142889
167833,21678,21678,Intersection,Cycles,0,,,0,,06/15/2004 12:00:00 AM +0000,6/15/2004 8:12:00 AM,1,27062,At Intersection (intersection related),Daylight,UNIVERSITY WAY NE AND NE 45TH ST,0,1,,2,1780442,Dry,18,"MOTOR VEHICLE STRUCK PEDALCYCLIST, FRONT END AT ANGLE",04167031,13222,0,2,Injury Collision,,45,Bicycle,Matched,0,1,Clear or Partly Cloudy,0,"(47.661269366000056, -122.31312965799998)",0,0,N,04-243313
167972,219906,220186,Intersection,Cycles,0, ,,0,Y,05/13/2016 12:00:00 AM +0000,5/13/2016 3:06:00 PM,1,30379,At Intersection (intersection related),Daylight,ALASKAN WAY AND MARION ST,0,1,,2,E543843,Dry,18,"MOTOR VEHICLE STRUCK PEDALCYCLIST, FRONT END AT ANGLE",,8719,0,2,Injury Collision,,45,Bicycle,Matched,N,1,Clear or Partly Cloudy,0,"(47.60306058300006, -122.33778754599996)",0,0,N,2016-167279
167997,217167,217447,Block,Cycles,161, ,,0,,03/29/2016 12:00:00 AM +0000,3/29/2016 12:16:00 PM,1,,Mid-Block (not related to intersection),Daylight,STEWART ST BETWEEN 8TH AVE AND 9TH AVE,0,1,Y,2,3791282,Dry,18,"MOTOR VEHICLE STRUCK PEDALCYCLIST, FRONT END AT ANGLE",,12905,0,2,Injury Collision,,45,Bicycle,Matched,N,1,Clear or Partly Cloudy,0,"(47.615283472000044, -122.33486718099999)",0,0,N,2016-108104
168018,218939,219239,Block,Cycles,213, ,,0,,04/26/2016 12:00:00 AM +0000,4/26/2016 7:50:00 AM,1,,Mid-Block (not related to intersection),Daylight,5TH AVE BETWEEN STEWART ST AND VIRGINIA ST,0,1,,3,3740181,Dry,51,PEDALCYCLIST STRUCK MOTOR VEHICLE FRONT END AT ANGLE,,7242,0,2,Injury Collision,,45,Bicycle,Matched,N,1,Clear or Partly Cloudy,0,"(47.613341770000034, -122.33852199699999)",0,0,N,2016-146646
168025,219284,219584,Block,Cycles,158, ,,0,,05/06/2016 12:00:00 AM +0000,5/6/2016 8:12:00 AM,1,,Mid-Block (not related to intersection),Daylight,DEXTER AVE N BETWEEN HIGHLAND DR AND COMSTOCK ST,0,1,,0,E540956,Dry,11,"MOTOR VEHICLE STRUCK MOTOR VEHICLE, FRONT END AT ANGLE",,10081,0,2,Injury Collision,,45,Bicycle,Matched,N,2,Clear or Partly Cloudy,0,"(47.63015164300003, -122.34229977599995)",0,0,N,2016-157106
168045,219525,219805,Intersection,Cycles,0, ,,0,,05/14/2016 12:00:00 AM +0000,5/14/2016 11:30:00 AM,1,25545,At Intersection (intersection related),Daylight,STONE WAY N AND N 49TH ST,0,1,Y,2,3767755,Wet,11,"MOTOR VEHICLE STRUCK MOTOR VEHICLE, FRONT END AT ANGLE",,12973,0,2,Injury Collision,,45,Bicycle,Matched,N,1,Overcast,0,"(47.664289868000026, -122.34068746699995)",0,0,N,2016-168509
168167,21180,21180,Intersection,Cycles,0,,,0,,08/14/2004 12:00:00 AM +0000,8/14/2004 7:49:00 PM,1,23936,At Intersection (intersection related),Daylight,21ST AVE NW AND NW 67TH ST,0,1,,4,1220155,Dry,51,PEDALCYCLIST STRUCK MOTOR VEHICLE FRONT END AT ANGLE,04227014,3147,0,2,Injury Collision,,45,Bicycle,Matched,0,1,Clear or Partly Cloudy,0,"(47.67770635200003, -122.38321773899997)",0,0,N,04-340649
168217,21763,21763,Intersection,Cycles,0,,,0,,11/02/2004 12:00:00 AM +0000,11/2/2004,1,29739,At Intersection (intersection related),Daylight,11TH AVE AND E PINE ST,0,1,,2,1198286,Wet,18,"MOTOR VEHICLE STRUCK PEDALCYCLIST, FRONT END AT ANGLE",04307038,1383,0,2,Injury Collision,,45,Bicycle,Matched,0,1,Raining,0,"(47.615254391000065, -122.318159434)",0,0,N,4459461
168235,21774,21774,Block,Cycles,249.5,,,0,,07/16/2004 12:00:00 AM +0000,7/16/2004 10:40:00 AM,1,,Driveway Junction,Daylight,CALIFORNIA AVE SW BETWEEN SW STEVENS ST AND SW HANFORD ST,0,1,Y,2,1481224,Dry,18,"MOTOR VEHICLE STRUCK PEDALCYCLIST, FRONT END AT ANGLE",04198006,9542,0,2,Injury Collision,,45,Bicycle,Matched,0,1,Clear or Partly Cloudy,0,"(47.57631143700007, -122.38673654499996)",0,0,N,04-294002
168341,20757,20757,Intersection,Cycles,0,,,0,,08/20/2004 12:00:00 AM +0000,8/20/2004 5:20:00 PM,1,26218,At Intersection (intersection related),Daylight,40TH AVE NE AND NE 55TH ST,0,1,,2,1782774,Dry,51,PEDALCYCLIST STRUCK MOTOR VEHICLE FRONT END AT ANGLE,04233005,6314,0,2,Injury Collision,,45,Bicycle,Matched,0,1,Clear or Partly Cloudy,0,"(47.668509302000075, -122.28482300399997)",0,0,N,04 349531
168366,21138,21138,Intersection,Cycles,0,,,0,,09/27/2004 12:00:00 AM +0000,9/27/2004 4:14:00 PM,1,28762,At Intersection (intersection related),Daylight,BOREN AVE N AND MERCER SR ST,0,1,,2,1069908,Dry,18,"MOTOR VEHICLE STRUCK PEDALCYCLIST, FRONT END AT ANGLE",04271023,11775,0,2,Injury Collision,,45,Bicycle,Matched,0,1,Clear or Partly Cloudy,0,"(47.62454274700008, -122.33582712499998)",0,0,N,04 406168
168419,218018,218321,Block,Cycles,57.5, ,,0,,03/30/2016 12:00:00 AM +0000,3/30/2016 5:55:00 PM,0,,Mid-Block (but intersection related),Daylight,STEWART ST BETWEEN DENNY WAY AND YALE AVE N,0,1,,1,E535867,Dry,18,"MOTOR VEHICLE STRUCK PEDALCYCLIST, FRONT END AT ANGLE",,12911,0,1,Property Damage Only Collision,,45,Bicycle,Matched,N,1,Clear or Partly Cloudy,0,"(47.61860765400007, -122.33056755099994)",0,0,N,2016-109832
168423,220120,220400,Block,Cycles,158, ,,0,,05/20/2016 12:00:00 AM +0000,5/20/2016 2:42:00 PM,1,,Mid-Block (not related to intersection),Daylight,E DENNY WAY BETWEEN SUMMIT AVE AND BELMONT AVE E,0,1,,2,3593612,Dry,18,"MOTOR VEHICLE STRUCK PEDALCYCLIST, FRONT END AT ANGLE",,13948,0,2,Injury Collision,,45,Bicycle,Matched,N,1,Clear or Partly Cloudy,0,"(47.61848552500004, -122.32464731999994)",0,0,N,2016-176651
168425,220118,220398,Intersection,Cycles,0,NEI,"Not Enough Information, or Insufficient Location Information",0,,05/04/2016 12:00:00 AM +0000,5/4/2016 8:30:00 AM,1,30374,At Intersection (intersection related),Daylight,ALASKAN E RDWY WAY S AND S WASHINGTON ST,0,1,,0,E542392,Dry,18,"MOTOR VEHICLE STRUCK PEDALCYCLIST, FRONT END AT ANGLE",,8754,0,2,Injury Collision,,45,Bicycle,Matched,N,1,Clear or Partly Cloudy,0,"(47.600885883000046, -122.33552594499997)",0,0,N,2016-154435
168468,217172,217452,Intersection,Cycles,0, ,,0,Y,03/31/2016 12:00:00 AM +0000,3/31/2016 8:51:00 AM,1,30368,At Intersection (intersection related),Daylight,1ST AVE S AND S KING ST,0,1,,1,E532427,Dry,18,"MOTOR VEHICLE STRUCK PEDALCYCLIST, FRONT END AT ANGLE",,1189,0,2,Injury Collision,,45,Bicycle,Matched,N,1,Clear or Partly Cloudy,0,"(47.59829171500007, -122.33419116099998)",0,0,N,2016-110489
168542,219720,220000,Block,Cycles,330.5, ,,0,,04/29/2016 12:00:00 AM +0000,4/29/2016 11:25:00 AM,1,,Mid-Block (not related to intersection),Daylight,25TH AVE NE BETWEEN NE 120TH ST AND NE 123RD ST,0,1,,0,E538610,Dry,18,"MOTOR VEHICLE STRUCK PEDALCYCLIST, FRONT END AT ANGLE",,3744,0,2,Injury Collision,,45,Bicycle,Matched,N,1,Overcast,0,"(47.716596362000075, -122.30181927799998)",0,0,N,2016-148064
168551,217460,217740,Intersection,Cycles,0, ,,0,Y,04/07/2016 12:00:00 AM +0000,4/7/2016 5:26:00 PM,1,27273,At Intersection (intersection related),Daylight,N 36TH ST AND N PACIFIC ST,0,1,Y,3,3767654,Dry,18,"MOTOR VEHICLE STRUCK PEDALCYCLIST, FRONT END AT ANGLE",,9764,0,2,Injury Collision,,45,Bicycle,Matched,N,1,Clear or Partly Cloudy,0,"(47.65050201500003, -122.33154340399994)",0,0,N,2016-120029
168563,216464,216744,Block,Cycles,76.5, ,,0,Y,03/23/2016 12:00:00 AM +0000,3/23/2016 6:00:00 PM,1,,Mid-Block (not related to intersection),Daylight,FREMONT BR BETWEEN 4TH AVE N AND POINT A,0,1,Y,6,3737135,Wet,21,"MOTOR VEHICLE STRUCK PEDALCYCLIST, REAR END",,10562,0,2,Injury Collision,,45,Bicycle,Matched,N,1,Overcast,0,"(47.64708834500004, -122.34975206899998)",0,0,N,2016-101350
168610,216933,217213,Intersection,Cycles,0,NEI,"Not Enough Information, or Insufficient Location Information",0,,03/30/2016 12:00:00 AM +0000,3/30/2016 9:25:00 AM,1,37485,At Intersection (intersection related),Daylight,5TH AVE NE AND NE 100TH ST,0,1,Y,2,E529935,Dry,00,NOT ENOUGH INFORMATION / NOT APPLICABLE,,7331,0,2,Injury Collision,,45,Bicycle,Matched,N,1,Clear or Partly Cloudy,0,"(47.70132478800008, -122.323127221)",0,0,N,2016-109094
168769,219955,220235,Intersection,Cycles,0, ,,0,,05/18/2016 12:00:00 AM +0000,5/18/2016 5:06:00 PM,1,35090,At Intersection (intersection related),Daylight,14TH AVE S AND DALLAS AVE S,0,1,,2,3780492,Dry,51,PEDALCYCLIST STRUCK MOTOR VEHICLE FRONT END AT ANGLE,,1955,0,2,Injury Collision,,45,Bicycle,Matched,N,1,Clear or Partly Cloudy,0,"(47.52736999700005, -122.31491769599995)",0,0,N,2016-174107
168811,218363,218663,Intersection,Cycles,0,NEI,"Not Enough Information, or Insufficient Location Information",0,,04/11/2016 12:00:00 AM +0000,4/11/2016 2:18:00 PM,1,30479,At Intersection (but not related to intersection),Daylight,4TH AVE AND JAMES ST,0,1,,0,E535082,Dry,00,NOT ENOUGH INFORMATION / NOT APPLICABLE,,6122,0,2,Injury Collision,,45,Bicycle,Matched,N,1,Clear or Partly Cloudy,0,"(47.60323265400007, -122.33029745899995)",0,0,N,2016-124895
168862,20959,20959,Block,Cycles,345,,,0,,06/03/2004 12:00:00 AM +0000,6/3/2004,1,,Mid-Block (but intersection related),Daylight,15TH AVE NW BETWEEN NW 65TH ST AND NW 67TH ST,0,1,,2,1773518,Dry,54,PEDALCYCLIST STRUCK MOTOR VEHICLE REAR END,04155030,2112,0,2,Injury Collision,,45,Bicycle,Matched,1,1,Clear or Partly Cloudy,0,"(47.67682047200003, -122.37676111699994)",0,0,N,04-224674
168869,20952,20952,Block,Cycles,151,,,0,Y,09/01/2004 12:00:00 AM +0000,9/1/2004,1,,Mid-Block (not related to intersection),Dark - Street Lights On,STONE WAY N BETWEEN N 46TH ST AND N 47TH ST,0,1,,2,1780448,Wet,54,PEDALCYCLIST STRUCK MOTOR VEHICLE REAR END,04245003,12970,0,2,Injury Collision,,45,Bicycle,Matched,0,1,Raining,0,"(47.66248024300006, -122.34182348999997)",0,0,N,04 366526
168989,20818,20818,Block,Cycles,213,,,0,Y,09/24/2004 12:00:00 AM +0000,9/24/2004 8:44:00 AM,0,,Mid-Block (not related to intersection),Daylight,DEXTER AVE N BETWEEN JOHN ST AND THOMAS ST,0,1,,2,1785157,Dry,56,PEDALCYCLIST STRUCK MOTOR VEHICLE LEFT SIDE SIDESWIPE,04268008,10072,0,1,Property Damage Only Collision,,45,Bicycle,Matched,0,1,Overcast,0,"(47.62030263500003, -122.34238673299996)",0,0,N,4401207
169007,21204,21204,Intersection,Cycles,0, ,,0,,01/05/2004 12:00:00 AM +0000,1/5/2004,1,29704,At Intersection (intersection related),Daylight,BELL ST AND WESTERN AVE,0,1,,2,1777359,Dry,51,PEDALCYCLIST STRUCK MOTOR VEHICLE FRONT END AT ANGLE,04005004,9197,0,2,Injury Collision,,45,Bicycle,Matched,0,1,Overcast,0,"(47.612710391000064, -122.34737243299998)",0,0,N,4005725
169013,20928,20928,Block,Cycles,132.5,,,0,Y,05/28/2004 12:00:00 AM +0000,5/28/2004 5:47:00 PM,1,,Driveway Junction,Daylight,NE 80TH ST BETWEEN 15TH AVE NE AND 16TH AVE NE,0,1,,2,1794277,Wet,18,"MOTOR VEHICLE STRUCK PEDALCYCLIST, FRONT END AT ANGLE",04149009,17617,0,2,Injury Collision,,45,Bicycle,Matched,0,1,Overcast,0,"(47.68667634500008, -122.31161880299999)",0,0,N,04-216195
169015,20927,20927,Intersection,Cycles,0,,,0,,10/04/2004 12:00:00 AM +0000,10/4/2004,1,29722,At Intersection (intersection related),Daylight,LENORA ST AND WESTERN AVE,0,1,Y,2,1783738,Dry,18,"MOTOR VEHICLE STRUCK PEDALCYCLIST, FRONT END AT ANGLE",04278003,10200,0,2,Injury Collision,,45,Bicycle,Matched,0,1,Clear or Partly Cloudy,0,"(47.61117277000005, -122.34477198499997)",0,0,N,04-418341
169037,21064,21064,Intersection,Cycles,0,,,0,,07/21/2004 12:00:00 AM +0000,7/21/2004 12:47:00 PM,1,34008,At Intersection (intersection related),Daylight,35TH AVE SW AND SW MORGAN ST,0,1,Y,3,1798167,Dry,18,"MOTOR VEHICLE STRUCK PEDALCYCLIST, FRONT END AT ANGLE",04203036,5462,0,2,Injury Collision,,45,Bicycle,Matched,0,1,Clear or Partly Cloudy,0,"(47.544682574000035, -122.37644504199994)",0,0,N,4302118
169083,21193,21193,Block,Cycles,139.5,,,0,,03/14/2004 12:00:00 AM +0000,3/14/2004 2:50:00 AM,1,,Driveway Junction,Dark - Street Lights On,NE 45TH ST BETWEEN 17TH NB AVE NE AND 18TH AVE NE,0,1,Y,2,1780432,Dry,18,"MOTOR VEHICLE STRUCK PEDALCYCLIST, FRONT END AT ANGLE",04074023,16856,0,2,Injury Collision,,45,Bicycle,Matched,0,1,Clear or Partly Cloudy,0,"(47.661259296000026, -122.30894884899999)",0,0,N,04-105426
169165,218046,218346,Intersection,Cycles,0, ,,0,,04/20/2016 12:00:00 AM +0000,4/20/2016 5:14:00 PM,1,28741,At Intersection (intersection related),Daylight,DEXTER AVE N AND ROY ST,0,1,,2,3740156,Dry,18,"MOTOR VEHICLE STRUCK PEDALCYCLIST, FRONT END AT ANGLE",,10078,0,2,Injury Collision,,45,Bicycle,Matched,N,1,Clear or Partly Cloudy,0,"(47.62540330500008, -122.34234200999998)",0,0,N,2016-136666
169175,217650,217930,Intersection,Cycles,0, ,,0,,04/19/2016 12:00:00 AM +0000,4/19/2016 3:31:00 PM,1,29542,At Intersection (intersection related),Daylight,7TH AVE AND WESTLAKE AVE,0,1,,2,3703747,Dry,21,"MOTOR VEHICLE STRUCK PEDALCYCLIST, REAR END",,8163,0,2,Injury Collision,,45,Bicycle,Matched,N,1,Clear or Partly Cloudy,0,"(47.61528336200007, -122.33783703399996)",13839,0,N,2016-135117
169184,217469,217749,Block,Cycles,394.5, ,,0,,04/13/2016 12:00:00 AM +0000,4/13/2016 7:56:00 AM,1,,Mid-Block (not related to intersection),Daylight,25TH AVE NE BETWEEN NE 57TH ST AND NE 60TH ST,0,1,,1,3767666,Dry,18,"MOTOR VEHICLE STRUCK PEDALCYCLIST, FRONT END AT ANGLE",,3726,0,2,Injury Collision,,45,Bicycle,Matched,N,0,Overcast,0,"(47.67106742200008, -122.30063285099999)",0,0,N,16-126919
169213,219337,219637,Block,Cycles,145, ,,0,,04/20/2016 12:00:00 AM +0000,4/20/2016 10:30:00 AM,1,,Driveway Junction,Daylight,AIRPORT WAY S BETWEEN S HOMER ST AND S DORIS ST,0,1,,2,3780519,Dry,18,"MOTOR VEHICLE STRUCK PEDALCYCLIST, FRONT END AT ANGLE",,8693,0,2,Injury Collision,,45,Bicycle,Matched,N,1,Clear or Partly Cloudy,0,"(47.55043293500006, -122.31808493699998)",0,0,N,16-137579
169304,20628,20628,Intersection,Cycles,0,,,0,,10/14/2004 12:00:00 AM +0000,10/14/2004 7:00:00 PM,1,29744,At Intersection (intersection related),Dark - Street Lights On,HARVARD AVE AND E PIKE ST,0,1,Y,2,1772408,Dry,18,"MOTOR VEHICLE STRUCK PEDALCYCLIST, FRONT END AT ANGLE",04288023,10841,0,2,Injury Collision,,45,Bicycle,Matched,0,1,Clear or Partly Cloudy,0,"(47.61406619600007, -122.32211092499995)",0,0,N,4432658
169339,20618,20618,Intersection,Cycles,0,,,0,,08/22/2004 12:00:00 AM +0000,8/22/2004 8:30:00 PM,1,31954,At Intersection (intersection related),Dusk,48TH AVE SW AND SW SPOKANE ST,0,1,Y,2,1797951,Wet,18,"MOTOR VEHICLE STRUCK PEDALCYCLIST, FRONT END AT ANGLE",04235014,7142,0,2,Injury Collision,,45,Bicycle,Matched,0,1,Overcast,0,"(47.57208162200004, -122.39341698699997)",0,0,N,04-352620
169368,20597,20597,Block,Cycles,129.5,,,0,,09/24/2004 12:00:00 AM +0000,9/24/2004 5:22:00 AM,1,,Mid-Block (not related to intersection),Dark - Street Lights On,NE 65TH ST BETWEEN 20TH AVE NE AND 21ST W AVE NE,0,1,,2,1793814,Dry,18,"MOTOR VEHICLE STRUCK PEDALCYCLIST, FRONT END AT ANGLE",04268005,17271,1,2b,Serious Injury Collision,,45,Bicycle,Matched,0,1,Clear or Partly Cloudy,0,"(47.67577804800004, -122.30599582999997)",0,0,N,40401036
169516,20568,20568,Intersection,Cycles,0,,,0,,04/22/2004 12:00:00 AM +0000,4/22/2004 5:55:00 PM,1,26911,At Intersection (intersection related),Daylight,STONE WAY N AND N NORTHLAKE WAY,0,1,Y,2,1778926,Dry,18,"MOTOR VEHICLE STRUCK PEDALCYCLIST, FRONT END AT ANGLE",04113004,12954,0,2,Injury Collision,,45,Bicycle,Matched,0,1,Clear or Partly Cloudy,0,"(47.648164199000064, -122.34279388799996)",0,0,N,04-161391
169555,20412,20412,Intersection,Cycles,0,,,0,,03/18/2004 12:00:00 AM +0000,3/18/2004 2:02:00 AM,1,29675,At Intersection (intersection related),Dark - Street Lights On,3RD AVE AND VINE ST,0,1,,3,1777481,Dry,51,PEDALCYCLIST STRUCK MOTOR VEHICLE FRONT END AT ANGLE,04078003,4393,0,2,Injury Collision,,45,Bicycle,Matched,0,1,Overcast,0,"(47.61657884200008, -122.34796376599996)",0,0,N,04 110621
169556,20549,20549,Block,Cycles,153,,,0,Y,02/12/2004 12:00:00 AM +0000,2/12/2004 4:30:00 PM,1,,Driveway Junction,Daylight,WESTERN AVE BETWEEN SENECA ST AND UNIVERSITY ST,0,1,,2,1777213,Dry,18,"MOTOR VEHICLE STRUCK PEDALCYCLIST, FRONT END AT ANGLE",04043031,13501,0,2,Injury Collision,,45,Bicycle,Matched,0,1,Clear or Partly Cloudy,0,"(47.60601260800007, -122.338979285)",0,0,N,04-061758
169567,20416,20416,Block,Cycles,270,,,0,,04/06/2004 12:00:00 AM +0000,4/6/2004,1,,Mid-Block (not related to intersection),Daylight,BROOKLYN AVE NE BETWEEN NE 41ST ST AND NE 42ND ST,0,1,Y,2,1774490,Dry,18,"MOTOR VEHICLE STRUCK PEDALCYCLIST, FRONT END AT ANGLE",04097003,9479,0,2,Injury Collision,,45,Bicycle,Matched,0,1,Clear or Partly Cloudy,0,"(47.657587043000035, -122.31438280499998)",0,0,N,40137630
169657,20392,20392,Block,Cycles,62.5,,,0,,11/04/2004 12:00:00 AM +0000,11/4/2004,1,,Mid-Block (not related to intersection),Daylight,LAKE CITY WAY NE BETWEEN 16TH AVE NE AND NE 82ND ST,0,1,,2,1780170,Dry,21,"MOTOR VEHICLE STRUCK PEDALCYCLIST, REAR END",04309002,11147,0,2,Injury Collision,,45,Bicycle,Matched,0,1,Clear or Partly Cloudy,0,"(47.68837924500008, -122.31093721799999)",0,0,N,4463408
169690,20373,20373,Block,Cycles,161,,,0,,05/04/2004 12:00:00 AM +0000,5/4/2004,1,,Mid-Block (not related to intersection),Daylight,PIKE ST BETWEEN 7TH AVE AND 8TH AVE,0,1,,2,1482659,Dry,18,"MOTOR VEHICLE STRUCK PEDALCYCLIST, FRONT END AT ANGLE",04125008,12203,0,2,Injury Collision,,45,Bicycle,Matched,0,1,Clear or Partly Cloudy,0,"(47.61183774400007, -122.33280066599997)",0,0,N,04 178938
169849,20067,20067,Intersection,Cycles,0,,,0,,02/29/2004 12:00:00 AM +0000,2/29/2004 3:21:00 PM,2,36912,At Intersection (intersection related),Daylight,24TH AVE NW AND NW 98TH N ST,1,1,,2,1780673,Dry,64,PEDALCYCLIST STRUCK PEDESTRIAN,04060004,3617,0,2,Injury Collision,,45,Bicycle,Matched,0,0,Clear or Partly Cloudy,0,"(47.700463580000076, -122.38755810199996)",0,0,N,04-086387
169870,19646,19646,Block,Cycles,211.5,,,0,,05/03/2004 12:00:00 AM +0000,5/3/2004,1,,Driveway Junction,Daylight,12TH AVE BETWEEN E PIKE ST AND E PINE ST,0,1,Y,2,1772332,Dry,18,"MOTOR VEHICLE STRUCK PEDALCYCLIST, FRONT END AT ANGLE",04124027,1546,0,2,Injury Collision,,45,Bicycle,Matched,0,1,Clear or Partly Cloudy,0,"(47.61468248300008, -122.31684498699997)",0,0,N,4177960
169926,219767,220047,Block,Cycles,161.5, ,,0,,04/20/2016 12:00:00 AM +0000,4/20/2016 5:23:00 PM,1,,Mid-Block (not related to intersection),Daylight,E YESLER WAY BETWEEN 20TH AVE AND 21ST AVE,0,1,,0,E540593,Dry,18,"MOTOR VEHICLE STRUCK PEDALCYCLIST, FRONT END AT ANGLE",,14944,0,2,Injury Collision,,45,Bicycle,Matched,N,1,Clear or Partly Cloudy,0,"(47.60167270300008, -122.30569993799998)",0,0,N,2016-136673
169933,219762,220042,Intersection,Cycles,0, ,,0,,04/29/2016 12:00:00 AM +0000,4/29/2016 3:12:00 PM,1,29761,At Intersection (intersection related),Daylight,12TH AVE AND E MADISON ST,0,1,,0,E540028,Dry,18,"MOTOR VEHICLE STRUCK PEDALCYCLIST, FRONT END AT ANGLE",,1536,0,2,Injury Collision,,45,Bicycle,Matched,N,1,Clear or Partly Cloudy,0,"(47.61288923600006, -122.31673339099996)",0,0,N,2016-148299
169970,218381,218681,Block,Cycles,362.5, ,,0,,04/21/2016 12:00:00 AM +0000,4/21/2016 8:09:00 PM,1,,Mid-Block (not related to intersection),Daylight,EASTLAKE AVE E BETWEEN E HAMLIN ST AND E SHELBY ST,0,1,Y,3,3740487,Dry,11,"MOTOR VEHICLE STRUCK MOTOR VEHICLE, FRONT END AT ANGLE",,10181,0,2,Injury Collision,,45,Bicycle,Matched,N,1,Clear or Partly Cloudy,0,"(47.646503048000056, -122.32519936799997)",0,0,N,2016-138295
169982,218377,218677,Intersection,Cycles,0,NEI,"Not Enough Information, or Insufficient Location Information",0,,04/19/2016 12:00:00 AM +0000,4/19/2016 6:01:00 PM,1,33314,At Intersection (intersection related),Daylight,BEACON WR AVE S AND S COLUMBIAN WAY,0,1,,0,E535775,Dry,00,NOT ENOUGH INFORMATION / NOT APPLICABLE,,9130,0,2,Injury Collision,,45,Bicycle,Matched,N,1,Clear or Partly Cloudy,0,"(47.55960793500003, -122.30465568399995)",0,0,N,2016-135329
170005,220158,220438,Intersection,Cycles,0, ,,0,Y,05/23/2016 12:00:00 AM +0000,5/23/2016 5:43:00 PM,1,26944,At Intersection (intersection related),Daylight,WHITMAN AVE N AND N 43RD ST,0,1,,2,3737117,Dry,18,"MOTOR VEHICLE STRUCK PEDALCYCLIST, FRONT END AT ANGLE",,13587,0,2,Injury Collision,,45,Bicycle,Matched,Y,1,Clear or Partly Cloudy,0,"(47.65957879000007, -122.34563400399998)",0,0,N,16-180885
170041,217260,217540,Intersection,Cycles,0, ,,0,,04/02/2016 12:00:00 AM +0000,4/2/2016 5:42:00 AM,1,29757,At Intersection (intersection related),Dusk,BROADWAY AND E UNION ST,0,1,,2,3703019,Dry,18,"MOTOR VEHICLE STRUCK PEDALCYCLIST, FRONT END AT ANGLE",,9446,1,2b,Serious Injury Collision,,45,Bicycle,Matched,N,1,Overcast,0,"(47.61296336300006, -122.32076237799998)",9445,0,N,16-113279
170060,216705,216985,Block,Cycles,331,NEI,"Not Enough Information, or Insufficient Location Information",0,,03/28/2016 12:00:00 AM +0000,3/28/2016 6:00:00 AM,0,,,Dawn,GREENWOOD AVE N BETWEEN HOLMAN RD N AND N 107TH ST,0,1,,1,E528852,Dry,00,NOT ENOUGH INFORMATION / NOT APPLICABLE,,10765,0,1,Property Damage Only Collision,,45,Bicycle,Matched,N,1,Clear or Partly Cloudy,0,"(47.70598980300008, -122.35545967799999)",0,0,N,2016-106529
170096,218067,218367,Intersection,Cycles,0,NEI,"Not Enough Information, or Insufficient Location Information",0,Y,04/08/2016 12:00:00 AM +0000,4/8/2016 9:11:00 AM,1,26797,At Intersection (intersection related),Daylight,MIDVALE AVE N AND N 45TH ST,0,1,,1,E533604,Dry,00,NOT ENOUGH INFORMATION / NOT APPLICABLE,,11843,0,2,Injury Collision,,45,Bicycle,Matched,N,1,Clear or Partly Cloudy,0,"(47.66138495800004, -122.343777752)",0,0,N,120793
170101,220165,220445,Intersection,Cycles,0, ,,0,,05/21/2016 12:00:00 AM +0000,5/21/2016 3:19:00 PM,1,35529,At Intersection (intersection related),Daylight,LAKE WASHINGTON BLVD S AND S DEARBORN ST,0,1,Y,2,3737975,Dry,18,"MOTOR VEHICLE STRUCK PEDALCYCLIST, FRONT END AT ANGLE",,11222,0,2,Injury Collision,,45,Bicycle,Matched,N,1,Clear or Partly Cloudy,0,"(47.59574887900004, -122.28903666899998)",0,0,N,2016-178145
170206,19762,19762,Block,Cycles,116.5,,,0,,07/02/2004 12:00:00 AM +0000,7/2/2004,1,,Driveway Junction,Daylight,LAKESIDE AVE S BETWEEN S LANE ST AND 35TH AVE S,0,1,Y,2,1788177,Dry,18,"MOTOR VEHICLE STRUCK PEDALCYCLIST, FRONT END AT ANGLE",04184003,11262,0,2,Injury Collision,,45,Bicycle,Matched,0,1,Overcast,0,"(47.59629348800007, -122.28764138699995)",0,0,N,4270868