OBJECTID,INCKEY,COLDETKEY,ADDRTYPE,COLLISIONTYPE,DISTANCE,EXCEPTRSNCODE,EXCEPTRSNDESC,FATALITIES,INATTENTIONIND,INCDATE,INCDTTM,INJURIES,INTKEY,JUNCTIONTYPE,LIGHTCOND,LOCATION,PEDCOUNT,PEDCYLCOUNT,PEDROWNOTGRNT,PERSONCOUNT,REPORTNO,ROADCOND,SDOT_COLCODE,SDOT_COLDESC,SDOTCOLNUM,SEGKEY,SERIOUSINJURIES,SEVERITYCODE,SEVERITYDESC,SPEEDING,ST_COLCODE,ST_COLDESC,STATUS,UNDERINFL,VEHCOUNT,WEATHER,WIDTH,Shape,SEGLANEKEY,CROSSWALKKEY,HITPARKEDCAR,SPDCASENO
170322,19740,19740,Block,Cycles,140,,,0,,05/01/2004 12:00:00 AM +0000,5/1/2004,1,,Driveway Junction,Daylight,NE 50TH ST BETWEEN 15TH AVE NE AND 16TH AVE NE,0,1,Y,2,1205118,Dry,18,"MOTOR VEHICLE STRUCK PEDALCYCLIST, FRONT END AT ANGLE",04122033,16935,0,2,Injury Collision,,45,Bicycle,Matched,0,1,Clear or Partly Cloudy,0,"(47.66488853800007, -122.31137174799994)",0,0,N,04-174705
170408,218792,219092,Intersection,Cycles,0, ,,0,,05/05/2016 12:00:00 AM +0000,5/5/2016 7:36:00 AM,1,29758,At Intersection (intersection related),Daylight,BROADWAY CT AND E UNION ST,0,1,,2,3704539,Dry,51,PEDALCYCLIST STRUCK MOTOR VEHICLE FRONT END AT ANGLE,,14887,0,2,Injury Collision,,45,Bicycle,Matched,N,1,Clear or Partly Cloudy,0,"(47.61294298300004, -122.31985698399995)",0,0,N,2016-155691
170412,20147,20147,Intersection,Cycles,0,,,0,,06/14/2004 12:00:00 AM +0000,6/14/2004 3:45:00 PM,0,26604,At Intersection (intersection related),Dark - Street Lights On,8TH AVE NW AND NW 44TH ST,0,1,,2,1794028,Dry,18,"MOTOR VEHICLE STRUCK PEDALCYCLIST, FRONT END AT ANGLE",04166023,8373,0,1,Property Damage Only Collision,,45,Bicycle,Matched,0,1,Clear or Partly Cloudy,0,"(47.660795964000044, -122.366156349)",0,0,N,4242629
170439,19854,19854,Intersection,Cycles,0,,,0,,05/05/2004 12:00:00 AM +0000,5/5/2004,1,37486,At Intersection (intersection related),Dawn,8TH AVE NE AND NE 100TH ST,0,1,,2,1781878,Dry,51,PEDALCYCLIST STRUCK MOTOR VEHICLE FRONT END AT ANGLE,04126005,8352,0,2,Injury Collision,,45,Bicycle,Matched,0,1,Overcast,0,"(47.70130621200008, -122.32040885599997)",0,0,N,04-180233
170460,19727,19727,Block,Cycles,189.5,,,0,,06/25/2004 12:00:00 AM +0000,6/25/2004 7:50:00 PM,1,,Mid-Block (but intersection related),Daylight,LAKE CITY WAY NE BETWEEN NE 98TH ST AND NE 100TH ST,0,1,,2,1774259,Dry,51,PEDALCYCLIST STRUCK MOTOR VEHICLE FRONT END AT ANGLE,04177003,11160,1,2b,Serious Injury Collision,,45,Bicycle,Matched,0,1,Clear or Partly Cloudy,0,"(47.70072032200005, -122.30293610299998)",0,0,N,04-260311
170470,20126,20126,Intersection,Cycles,0,,,0,,04/25/2004 12:00:00 AM +0000,4/25/2004 6:00:00 PM,1,32606,At Intersection (intersection related),Daylight,46TH AVE S AND S SNOQUALMIE ST,0,1,,2,1779391,Dry,51,PEDALCYCLIST STRUCK MOTOR VEHICLE FRONT END AT ANGLE,04116008,6902,0,2,Injury Collision,,45,Bicycle,Matched,0,1,Clear or Partly Cloudy,0,"(47.56174279600003, -122.27573326299995)",0,0,N,04 165774
170509,20119,20119,Block,Cycles,354.5,,,0,Y,12/18/2004 12:00:00 AM +0000,12/18/2004 1:29:00 AM,1,,Mid-Block (but intersection related),Dark - Street Lights On,DENNY WAY BETWEEN STEWART ST AND MELROSE AVE,0,1,,6,1059929,Wet,56,PEDALCYCLIST STRUCK MOTOR VEHICLE LEFT SIDE SIDESWIPE,04353006,10023,0,2,Injury Collision,,45,Bicycle,Matched,1,2,Overcast,0,"(47.61844935400006, -122.32929210599997)",0,0,N,4523033
170529,19834,19834,Block,Cycles,454.5,,,0,,08/31/2004 12:00:00 AM +0000,8/31/2004 5:36:00 PM,1,,Driveway Junction,Daylight,68TH AVE S BETWEEN S BANGOR CT AND 66TH AVE S,0,1,,2,1771783,Dry,18,"MOTOR VEHICLE STRUCK PEDALCYCLIST, FRONT END AT ANGLE",04244002,8149,0,2,Injury Collision,,45,Bicycle,Matched,0,1,Clear or Partly Cloudy,0,"(47.50435895000004, -122.24939911399997)",0,0,N,04-365795
170540,20137,20137,Intersection,Cycles,0,,,0,,03/31/2004 12:00:00 AM +0000,3/31/2004 1:20:00 PM,1,27047,At Intersection (intersection related),Daylight,ETRURIA ST AND NICKERSON ST,0,1,Y,2,1182148,Dry,18,"MOTOR VEHICLE STRUCK PEDALCYCLIST, FRONT END AT ANGLE",04091001,10261,0,2,Injury Collision,,45,Bicycle,Matched,0,1,Clear or Partly Cloudy,0,"(47.64776978700007, -122.35332276999998)",0,0,N,04-129296
170576,19362,19362,Block,Cycles,423.5,,,0,,02/19/2004 12:00:00 AM +0000,2/19/2004 4:10:00 PM,1,,Mid-Block (not related to intersection),Daylight,HIGHLAND PARK WAY SW BETWEEN SW OTHELLO ST AND SW HOLDEN N ST,0,1,Y,2,1781530,Dry,21,"MOTOR VEHICLE STRUCK PEDALCYCLIST, REAR END",04050001,10899,0,2,Injury Collision,,45,Bicycle,Matched,0,1,Clear or Partly Cloudy,0,"(47.535236446000056, -122.34714553399999)",0,0,N,04-71633
170818,19819,19819,Intersection,Cycles,0,,,0,,05/05/2004 12:00:00 AM +0000,5/5/2004,1,34850,At Intersection (intersection related),Daylight,DELRIDGE WAY SW AND SW CLOVERDALE ST,0,1,,2,1789114,Dry,51,PEDALCYCLIST STRUCK MOTOR VEHICLE FRONT END AT ANGLE,04126042,9986,0,2,Injury Collision,,45,Bicycle,Matched,0,1,Clear or Partly Cloudy,0,"(47.526488474000075, -122.36046956599995)",0,0,N,04 181029
170864,218806,219106,Block,Cycles,323, ,,0,,05/04/2016 12:00:00 AM +0000,5/4/2016 6:09:00 PM,1,,Mid-Block (not related to intersection),Daylight,SEWARD PARK AVE S BETWEEN S HENDERSON ST AND S FISHER PL,0,1,,2,3735566,Dry,21,"MOTOR VEHICLE STRUCK PEDALCYCLIST, REAR END",,12815,0,2,Injury Collision,,45,Bicycle,Matched,N,1,Clear or Partly Cloudy,0,"(47.52241002100004, -122.26449648899995)",0,0,N,2016-155143
170892,217516,217796,Intersection,Cycles,0, ,,0,,04/14/2016 12:00:00 AM +0000,4/14/2016 8:07:00 PM,1,26710,At Intersection (intersection related),Dusk,9TH AVE NW AND NW 45TH ST,0,1,Y,2,3591511,Dry,18,"MOTOR VEHICLE STRUCK PEDALCYCLIST, FRONT END AT ANGLE",,8563,0,2,Injury Collision,,45,Bicycle,Matched,N,1,Overcast,0,"(47.66146692900003, -122.36861555399997)",603103,0,N,2016-129065
170985,217540,217820,Intersection,Cycles,0, ,,0,,04/17/2016 12:00:00 AM +0000,4/17/2016 1:20:00 PM,1,30575,At Intersection (intersection related),Daylight,31ST AVE AND E YESLER WAY,0,1,,2,3704349,Dry,18,"MOTOR VEHICLE STRUCK PEDALCYCLIST, FRONT END AT ANGLE",,4766,0,2,Injury Collision,,45,Bicycle,Matched,N,1,Clear or Partly Cloudy,0,"(47.601647584000034, -122.29251724799997)",0,0,N,2016-132484
171001,218094,218394,Intersection,Cycles,0, ,,0,,04/22/2016 12:00:00 AM +0000,4/22/2016 8:35:00 AM,1,24573,At Intersection (intersection related),Daylight,LATONA AVE NE AND EAST GREEN LAKE DR N,0,1,Y,2,3579203,Dry,18,"MOTOR VEHICLE STRUCK PEDALCYCLIST, FRONT END AT ANGLE",,11313,0,2,Injury Collision,,45,Bicycle,Matched,N,1,Clear or Partly Cloudy,0,"(47.68165808100008, -122.32748855199998)",7307,0,N,2016-138847
171023,19502,19502,Block,Cycles,269,,,0,,07/25/2004 12:00:00 AM +0000,7/25/2004 3:41:00 PM,1,,Driveway Junction,Daylight,NW 63RD ST BETWEEN 11TH AVE NW AND 14TH AVE NW,0,1,,3,1080204,Dry,51,PEDALCYCLIST STRUCK MOTOR VEHICLE FRONT END AT ANGLE,04207001,18571,0,2,Injury Collision,,45,Bicycle,Matched,0,1,Clear or Partly Cloudy,0,"(47.674543570000026, -122.37248336599998)",0,0,N,04-308766
171139,217547,217827,Block,Cycles,16.5, ,,0,Y,04/15/2016 12:00:00 AM +0000,4/15/2016 8:47:00 PM,1,,Mid-Block (not related to intersection),Dark - Street Lights On,BROADWAY BETWEEN MADISON ST AND HARVARD AVE,0,1,Y,4,3704465,Dry,18,"MOTOR VEHICLE STRUCK PEDALCYCLIST, FRONT END AT ANGLE",,9444,0,2,Injury Collision,,45,Bicycle,Matched,N,1,Clear or Partly Cloudy,0,"(47.61121288600003, -122.32076013199998)",9445,0,N,2016-130517
171143,219406,219689,Block,Cycles,162.5, ,,0,,04/21/2016 12:00:00 AM +0000,4/21/2016 12:45:00 PM,1,,Mid-Block (but intersection related),Daylight,N 117TH ST BETWEEN GREENWOOD AVE N AND PHINNEY AVE N,0,1,,0,E536201,Dry,18,"MOTOR VEHICLE STRUCK PEDALCYCLIST, FRONT END AT ANGLE",,15084,0,2,Injury Collision,,45,Bicycle,Matched,N,1,Clear or Partly Cloudy,0,"(47.714157243000045, -122.35485733399997)",0,0,N,2016-137735
171171,19207,19207,Intersection,Cycles,0,,,0,,08/02/2004 12:00:00 AM +0000,8/2/2004,2,26694,At Intersection (intersection related),Daylight,3RD AVE W AND W BERTONA ST,0,1,Y,2,1482781,Dry,18,"MOTOR VEHICLE STRUCK PEDALCYCLIST, FRONT END AT ANGLE",04215002,4569,0,2,Injury Collision,,45,Bicycle,Matched,0,1,Clear or Partly Cloudy,0,"(47.65041733600003, -122.36087974199995)",0,0,N,04 321090
171238,209023,209243,Intersection,Cycles,0, ,,0,Y,12/10/2015 12:00:00 AM +0000,12/10/2015 4:38:00 PM,1,27244,At Intersection (intersection related),Dark - Street Lights On,LATONA AVE NE AND NE PACIFIC ST,0,1,,5,3736739,Wet,51,PEDALCYCLIST STRUCK MOTOR VEHICLE FRONT END AT ANGLE,,11289,0,2,Injury Collision,,45,Bicycle,Matched,N,1,Raining,0,"(47.65488891200005, -122.32570273399995)",287246,0,N,2015-428648
171340,19464,19464,Intersection,Cycles,0,,,0,Y,07/05/2004 12:00:00 AM +0000,7/5/2004,1,30575,At Intersection (intersection related),Daylight,31ST AVE AND E YESLER WAY,0,1,,3,1788090,Dry,18,"MOTOR VEHICLE STRUCK PEDALCYCLIST, FRONT END AT ANGLE",04187007,4766,0,2,Injury Collision,,45,Bicycle,Matched,0,1,Clear or Partly Cloudy,0,"(47.601647584000034, -122.29251724799997)",0,0,N,04-226950
171532,19412,19412,Intersection,Cycles,0,,,0,,05/20/2004 12:00:00 AM +0000,5/20/2004 5:17:00 PM,1,25227,At Intersection (intersection related),Daylight,26TH AVE NW AND NW MARKET ST,0,1,Y,2,1779892,Dry,18,"MOTOR VEHICLE STRUCK PEDALCYCLIST, FRONT END AT ANGLE",04141024,3887,0,2,Injury Collision,,45,Bicycle,Matched,0,1,Clear or Partly Cloudy,0,"(47.668668411000056, -122.39014494599996)",0,0,N,04 203997
171535,19268,19268,Block,Cycles,1842,,,0,,01/18/2004 12:00:00 AM +0000,1/18/2004 2:39:00 PM,0,,Mid-Block (not related to intersection),Daylight,LAKE WASHINGTON BLVD S BETWEEN LAKE PARK DR S AND S HORTON NR ST,0,1,,2,1788731,Wet,23,"MOTOR VEHICLE STRUCK PEDALCYCLIST, LEFT SIDE SIDESWIPE",04018012,11230,0,1,Property Damage Only Collision,,45,Bicycle,Matched,0,1,Overcast,0,"(47.578874744000075, -122.28370626699996)",0,0,N,40024947
171582,211626,211866,Block,Cycles,467, ,,0,,01/15/2016 12:00:00 AM +0000,1/15/2016 5:32:00 PM,1,,Mid-Block (not related to intersection),Dark - Street Lights On,E MADISON ST BETWEEN 29TH E AVE E AND LAKE WASHINGTON BLVD E,0,1,,2,3738401,Wet,11,"MOTOR VEHICLE STRUCK MOTOR VEHICLE, FRONT END AT ANGLE",,14364,0,2,Injury Collision,,45,Bicycle,Matched,N,1,Clear or Partly Cloudy,0,"(47.62511058800004, -122.29377870599996)",0,0,N,16-17626
171606,209233,209453,Block,Cycles,332, ,,0,,12/02/2015 12:00:00 AM +0000,12/2/2015 4:38:00 PM,1,,Driveway Junction,Dusk,GREENWOOD AVE N BETWEEN N 134TH ST AND N 136TH ST,0,1,,3,3733670,Dry,51,PEDALCYCLIST STRUCK MOTOR VEHICLE FRONT END AT ANGLE,,10789,1,2b,Serious Injury Collision,,45,Bicycle,Matched,N,1,Clear or Partly Cloudy,0,"(47.72731642200006, -122.35555593899994)",0,0,N,15-419136
171696,19117,19117,Intersection,Cycles,0,,,0,,07/22/2004 12:00:00 AM +0000,7/22/2004 9:07:00 AM,1,27149,At Intersection (intersection related),Daylight,15TH AVE NE AND NE PACIFIC ST,0,1,,6,1781939,Dry,18,"MOTOR VEHICLE STRUCK PEDALCYCLIST, FRONT END AT ANGLE",04204005,2028,0,2,Injury Collision,,45,Bicycle,Matched,0,1,Clear or Partly Cloudy,0,"(47.65297596400006, -122.31246414499998)",0,0,N,04-303591
171710,19261,19261,Intersection,Cycles,0,,,0,,10/11/2004 12:00:00 AM +0000,10/11/2004 1:45:00 PM,1,30484,At Intersection (intersection related),Daylight,4TH AVE AND JEFFERSON ST,0,1,Y,2,1213635,Dry,18,"MOTOR VEHICLE STRUCK PEDALCYCLIST, FRONT END AT ANGLE",04285017,6121,0,2,Injury Collision,,45,Bicycle,Matched,0,1,Clear or Partly Cloudy,0,"(47.60251993800006, -122.32964538299996)",0,0,N,04-427537
171832,211384,211624,Intersection,Cycles,0, ,,0,,01/13/2016 12:00:00 AM +0000,1/13/2016 7:34:00 AM,1,24205,At Intersection (intersection related),Dark - Street Lights On,8TH AVE NW AND NW 67TH ST,0,1,Y,2,3737628,Wet,18,"MOTOR VEHICLE STRUCK PEDALCYCLIST, FRONT END AT ANGLE",,8396,0,2,Injury Collision,,45,Bicycle,Matched,N,1,Raining,0,"(47.67777043500007, -122.36602025599996)",2504,0,N,16-014342
171840,211379,211619,Intersection,Cycles,0, ,,0,,01/12/2016 12:00:00 AM +0000,1/12/2016 6:55:00 AM,1,30425,At Intersection (intersection related),Dark - Street Lights On,8TH AVE S AND S JACKSON ST,1,1,,2,3641094,Wet,64,PEDALCYCLIST STRUCK PEDESTRIAN,,8439,0,2,Injury Collision,,45,Bicycle,Matched,N,0,Raining,0,"(47.59918613000008, -122.32244469199998)",0,525067,N,16-13036
171855,209585,209805,Intersection,Cycles,0, ,,0,Y,12/07/2015 12:00:00 AM +0000,12/7/2015 6:00:00 PM,0,287164,At Intersection (intersection related),Dark - Street Lights On,30TH AVE NE AND BURKE GILMAN TRL,0,1,,2,3775962,Wet,18,"MOTOR VEHICLE STRUCK PEDALCYCLIST, FRONT END AT ANGLE",,287208,0,1,Property Damage Only Collision,,45,Bicycle,Matched,N,1,Unknown,0,"(47.66444733600008, -122.29561786299996)",287261,0,N,2015-425065
171958,18788,18788,Intersection,Cycles,0,,,0,,01/29/2004 12:00:00 AM +0000,1/29/2004 12:00:00 PM,1,37292,At Intersection (intersection related),Daylight,COLLEGE WAY N AND N 100TH ST,0,1,,2,1773851,Wet,51,PEDALCYCLIST STRUCK MOTOR VEHICLE FRONT END AT ANGLE,04029006,9703,0,2,Injury Collision,,45,Bicycle,Matched,0,1,Raining,0,"(47.70141154500004, -122.33510998399998)",0,0,N,04-040796
172023,209036,209256,Intersection,Cycles,0, ,,0,Y,12/09/2015 12:00:00 AM +0000,12/9/2015 9:36:00 AM,2,26687,At Intersection (intersection related),Daylight,W BERTONA ST AND W EMERSON ST,1,1,Y,2,3789281,Wet,24,MOTOR VEHCILE STRUCK PEDESTRIAN,,23086,0,2,Injury Collision,,45,Bicycle,Matched,N,0,Overcast,0,"(47.65050181700008, -122.36354858399994)",0,525457,N,2015-426805
172068,210142,210362,Intersection,Cycles,0, ,,0,Y,12/29/2015 12:00:00 AM +0000,12/29/2015 6:40:00 PM,1,30513,At Intersection (intersection related),Dark - Street Lights On,7TH AVE S AND S JACKSON ST,0,1,,3,3789159,Dry,18,"MOTOR VEHICLE STRUCK PEDALCYCLIST, FRONT END AT ANGLE",,8207,0,2,Injury Collision,,45,Bicycle,Matched,N,1,Clear or Partly Cloudy,0,"(47.59918859700008, -122.32375005299997)",0,0,N,15-449327
172204,209080,209300,Intersection,Cycles,0, ,,0,,12/12/2015 12:00:00 AM +0000,12/12/2015 10:00:00 AM,1,28373,At Intersection (intersection related),Daylight,26TH AVE E AND E NEWTON ST,0,1,,2,3642666,Unknown,18,"MOTOR VEHICLE STRUCK PEDALCYCLIST, FRONT END AT ANGLE",,3856,0,2,Injury Collision,,45,Bicycle,Matched,N,1,Unknown,0,"(47.63790473000006, -122.29943399899997)",0,0,N,15-430777
172209,209320,209540,Block,Cycles,503, ,,0,Y,12/11/2015 12:00:00 AM +0000,12/11/2015 5:29:00 PM,1,,Driveway Junction,Dark - Street Lights On,25TH AVE NE BETWEEN NE 44TH ST AND NE 47TH ST,0,1,,3,3736847,Wet,18,"MOTOR VEHICLE STRUCK PEDALCYCLIST, FRONT END AT ANGLE",,3720,0,2,Injury Collision,,45,Bicycle,Matched,N,1,Overcast,0,"(47.66188693000004, -122.30090615699999)",0,0,N,2015-429947
172247,209782,210002,Intersection,Cycles,0, ,,0,,12/14/2015 12:00:00 AM +0000,12/14/2015 2:05:00 PM,1,27079,At Intersection (intersection related),Daylight,ROOSEVELT WAY NE AND NE 43RD S ST,0,2,,1,E493562,Dry,18,"MOTOR VEHICLE STRUCK PEDALCYCLIST, FRONT END AT ANGLE",,12597,0,2,Injury Collision,,45,Bicycle,Matched,N,1,Clear or Partly Cloudy,0,"(47.65945594600004, -122.31775170599997)",8995,0,N,2015-433061
172314,211402,211642,Intersection,Cycles,0, ,,0,,01/13/2016 12:00:00 AM +0000,1/13/2016 2:39:00 PM,1,29576,At Intersection (intersection related),Daylight,5TH AVE AND PIKE ST,0,1,,2,3791301,Wet,51,PEDALCYCLIST STRUCK MOTOR VEHICLE FRONT END AT ANGLE,,7237,0,2,Injury Collision,,45,Bicycle,Matched,N,1,Overcast,0,"(47.61067790300007, -122.33557402499997)",0,522108,N,16-14823
172329,211398,211638,Intersection,Cycles,0, ,,0,,01/13/2016 12:00:00 AM +0000,1/13/2016 1:48:00 PM,1,29563,At Intersection (intersection related),Daylight,3RD AVE AND VIRGINIA ST,0,1,,2,3791276,Wet,18,"MOTOR VEHICLE STRUCK PEDALCYCLIST, FRONT END AT ANGLE",,4387,0,2,Injury Collision,,45,Bicycle,Matched,N,1,Overcast,0,"(47.61239802600005, -122.34089245499996)",0,0,N,2016-14736
172330,208573,208773,Block,Cycles,161,NEI,"Not Enough Information, or Insufficient Location Information",0,,12/04/2015 12:00:00 AM +0000,12/4/2015 9:56:00 AM,1,,,Daylight,OLIVE WAY BETWEEN BOREN AVE AND MINOR AVE,0,1,,0,E489978,Dry,00,NOT ENOUGH INFORMATION / NOT APPLICABLE,,12049,0,2,Injury Collision,,45,Bicycle,Matched,N,1,Clear or Partly Cloudy,0,"(47.61568108800003, -122.33017644799997)",0,0,N,2015-421097
172345,208170,208370,Intersection,Cycles,0, ,,0,,11/27/2015 12:00:00 AM +0000,11/27/2015 11:54:00 AM,1,24419,At Intersection (intersection related),Daylight,5TH AVE NE AND NE 76TH ST,0,1,,0,E487873,Dry,18,"MOTOR VEHICLE STRUCK PEDALCYCLIST, FRONT END AT ANGLE",,7310,0,2,Injury Collision,,45,Bicycle,Matched,N,1,Clear or Partly Cloudy,0,"(47.683537847000025, -122.32290725799999)",0,0,N,2015-413340
172365,209621,209841,Intersection,Cycles,0, ,,0,Y,12/10/2015 12:00:00 AM +0000,12/10/2015 10:45:00 AM,1,30752,At Intersection (intersection related),Daylight,18TH AVE S AND S JACKSON ST,0,1,Y,2,3738194,Wet,11,"MOTOR VEHICLE STRUCK MOTOR VEHICLE, FRONT END AT ANGLE",,2592,0,2,Injury Collision,,45,Bicycle,Matched,N,1,Raining,0,"(47.599238971000034, -122.308967844)",0,0,N,2015-428222
172384,209624,209844,Intersection,Cycles,0, ,,0,Y,12/16/2015 12:00:00 AM +0000,12/16/2015 7:00:00 AM,1,25148,At Intersection (intersection related),Dark - Street Lights On,17TH AVE NW AND NW 56TH ST,0,1,Y,2,3738515,Wet,11,"MOTOR VEHICLE STRUCK MOTOR VEHICLE, FRONT END AT ANGLE",,2441,0,2,Injury Collision,,45,Bicycle,Matched,N,1,Overcast,0,"(47.669445877000044, -122.37888369899997)",0,0,N,2015-434990
172419,18627,18627,Block,Cycles,461,,,0,,06/19/2004 12:00:00 AM +0000,6/19/2004 11:10:00 AM,1,,Mid-Block (not related to intersection),Daylight,LAKE WASHINGTON BLVD E BETWEEN E MADISON ST AND ARBORETUM DR E,0,1,,2,1772596,Dry,23,"MOTOR VEHICLE STRUCK PEDALCYCLIST, LEFT SIDE SIDESWIPE",04171003,11209,0,2,Injury Collision,,45,Bicycle,Matched,0,1,Clear or Partly Cloudy,0,"(47.627191362000076, -122.29298983499996)",0,0,N,04 250215
172478,18880,18880,Intersection,Cycles,0,,,0,,05/14/2004 12:00:00 AM +0000,5/14/2004 7:43:00 PM,1,30092,At Intersection (intersection related),Daylight,32ND AVE AND E ALDER N ST,0,1,,2,1326988,Dry,18,"MOTOR VEHICLE STRUCK PEDALCYCLIST, FRONT END AT ANGLE",04135042,4919,0,2,Injury Collision,,45,Bicycle,Matched,0,1,Clear or Partly Cloudy,0,"(47.604505850000066, -122.29159387899995)",0,0,N,04-194832
172614,18592,18592,Block,Cycles,164.5,,,0,,08/20/2004 12:00:00 AM +0000,8/20/2004 6:00:00 PM,1,,Driveway Junction,Daylight,E OLIVE WAY BETWEEN HARVARD AVE E AND BROADWAY E,0,1,,4,1798902,Dry,51,PEDALCYCLIST STRUCK MOTOR VEHICLE FRONT END AT ANGLE,04233007,14591,0,2,Injury Collision,Y,45,Bicycle,Matched,0,1,Clear or Partly Cloudy,0,"(47.61990296100004, -122.32154145999999)",0,0,N,04-349575
172649,210567,210807,Intersection,Cycles,0, ,,0,,11/02/2015 12:00:00 AM +0000,11/2/2015 7:39:00 AM,1,37442,At Intersection (intersection related),Daylight,FREMONT AVE N AND N 90TH ST,0,1,,1,E501454,Wet,51,PEDALCYCLIST STRUCK MOTOR VEHICLE FRONT END AT ANGLE,,10534,0,2,Injury Collision,,45,Bicycle,Matched,N,1,Raining,0,"(47.69420140200003, -122.34995493399998)",0,0,N,2015-383495
172674,210787,211027,Block,Cycles,213, ,,0,,01/06/2016 12:00:00 AM +0000,1/6/2016 5:15:00 PM,1,,Mid-Block (not related to intersection),Dusk,8TH AVE BETWEEN VIRGINIA ST AND WESTLAKE AVE,0,1,Y,2,3704867,Dry,56,PEDALCYCLIST STRUCK MOTOR VEHICLE LEFT SIDE SIDESWIPE,,8284,0,2,Injury Collision,,45,Bicycle,Matched,N,1,Clear or Partly Cloudy,0,"(47.61610480500008, -122.33724289999998)",0,0,N,16-6453
172695,208179,208379,Block,Cycles,213, ,,0,,11/30/2015 12:00:00 AM +0000,11/30/2015 8:50:00 AM,1,,Mid-Block (but intersection related),Daylight,9TH AVE BETWEEN STEWART ST AND VIRGINIA ST,0,1,,0,E488073,Dry,21,"MOTOR VEHICLE STRUCK PEDALCYCLIST, REAR END",,8524,0,2,Injury Collision,,45,Bicycle,Matched,N,1,Clear or Partly Cloudy,0,"(47.61600003700005, -122.33508453299999)",0,0,N,2015-416075
172725,18975,18975,Intersection,Cycles,0,,,0,,09/22/2004 12:00:00 AM +0000,9/22/2004 7:58:00 AM,1,25184,At Intersection (intersection related),Daylight,SHILSHOLE AVE NW AND NW 46TH ST,0,1,,2,1795005,Dry,51,PEDALCYCLIST STRUCK MOTOR VEHICLE FRONT END AT ANGLE,04266008,12827,0,2,Injury Collision,,45,Bicycle,Matched,0,1,Overcast,0,"(47.66220710200008, -122.37830241899997)",0,0,N,4398138
172748,18826,18826,Block,Cycles,71.5,,,0,Y,08/04/2004 12:00:00 AM +0000,8/4/2004,1,,Mid-Block (not related to intersection),Daylight,37TH AVE SW BETWEEN FAUNTLEROY WAY SW AND SW OREGON ST,0,1,,2,1797905,Dry,18,"MOTOR VEHICLE STRUCK PEDALCYCLIST, FRONT END AT ANGLE",04217029,5774,1,2b,Serious Injury Collision,,45,Bicycle,Matched,0,1,Overcast,0,"(47.56306942500004, -122.37877138099998)",0,0,N,40324019
172822,209122,209342,Intersection,Cycles,0,NEI,"Not Enough Information, or Insufficient Location Information",0,,12/09/2015 12:00:00 AM +0000,12/9/2015 4:40:00 PM,1,29581,At Intersection (intersection related),Dusk,2ND AVE AND STEWART ST,0,1,,0,E492125,Dry,00,NOT ENOUGH INFORMATION / NOT APPLICABLE,,2760,0,2,Injury Collision,,45,Bicycle,Matched,N,1,Overcast,0,"(47.61096394900005, -122.34045213899998)",0,0,N,2015-427419
172848,208197,208397,Block,Cycles,208, ,,0,,11/24/2015 12:00:00 AM +0000,11/24/2015 6:08:00 PM,1,,Mid-Block (not related to intersection),Dark - Street Lights On,BROADWAY E BETWEEN E REPUBLICAN ST AND E MERCER ST,0,1,,0,E488839,Dry,51,PEDALCYCLIST STRUCK MOTOR VEHICLE FRONT END AT ANGLE,,9455,0,2,Injury Collision,,45,Bicycle,Matched,N,1,Clear or Partly Cloudy,0,"(47.62369761200006, -122.320933304)",0,0,N,2015-410831
172849,208196,208396,Block,Cycles,147.5, ,,0,,11/20/2015 12:00:00 AM +0000,11/20/2015 6:34:00 PM,1,,Mid-Block (not related to intersection),Dark - Street Lights On,15TH AVE E BETWEEN E VALLEY ST AND E ALOHA ST,0,1,,0,E488838,Dry,51,PEDALCYCLIST STRUCK MOTOR VEHICLE FRONT END AT ANGLE,,2013,0,2,Injury Collision,,45,Bicycle,Matched,N,1,Clear or Partly Cloudy,0,"(47.62647298600007, -122.31257436599998)",0,0,N,2015-406113
172895,18099,18099,Block,Cycles,467.5,,,0,,08/30/2004 12:00:00 AM +0000,8/30/2004 2:50:00 PM,0,,Driveway Junction,Daylight,NE 45TH ST BETWEEN U VILLAGE DR AND NE 45TH PL,0,1,Y,2,1794103,Dry,18,"MOTOR VEHICLE STRUCK PEDALCYCLIST, FRONT END AT ANGLE",04243002,288753,0,1,Property Damage Only Collision,,45,Bicycle,Matched,0,1,Clear or Partly Cloudy,0,"(47.661245509000025, -122.29476287999995)",0,0,N,04-364033
172911,18403,18403,Intersection,Cycles,0,,,0,,08/31/2004 12:00:00 AM +0000,8/31/2004 1:51:00 PM,2,32134,At Intersection (intersection related),Daylight,28TH AVE SW AND SW YANCY ST,0,1,,2,1790777,Dry,51,PEDALCYCLIST STRUCK MOTOR VEHICLE FRONT END AT ANGLE,04244003,4212,1,2b,Serious Injury Collision,,45,Bicycle,Matched,0,1,Clear or Partly Cloudy,0,"(47.567614519000074, -122.36809149299995)",0,0,N,04-365502
172949,18118,18118,Intersection,Cycles,0,,,0,,08/11/2004 12:00:00 AM +0000,8/11/2004 11:41:00 AM,1,25188,At Intersection (intersection related),Daylight,BALLARD BR ON RP AND NW BALLARD WAY,0,1,,2,1773848,Dry,18,"MOTOR VEHICLE STRUCK PEDALCYCLIST, FRONT END AT ANGLE",04224045,2216,0,2,Injury Collision,,45,Bicycle,Matched,0,1,Clear or Partly Cloudy,0,"(47.66293460600008, -122.37632083699998)",0,0,N,04-335347