OBJECTID,INCKEY,COLDETKEY,ADDRTYPE,COLLISIONTYPE,DISTANCE,EXCEPTRSNCODE,EXCEPTRSNDESC,FATALITIES,INATTENTIONIND,INCDATE,INCDTTM,INJURIES,INTKEY,JUNCTIONTYPE,LIGHTCOND,LOCATION,PEDCOUNT,PEDCYLCOUNT,PEDROWNOTGRNT,PERSONCOUNT,REPORTNO,ROADCOND,SDOT_COLCODE,SDOT_COLDESC,SDOTCOLNUM,SEGKEY,SERIOUSINJURIES,SEVERITYCODE,SEVERITYDESC,SPEEDING,ST_COLCODE,ST_COLDESC,STATUS,UNDERINFL,VEHCOUNT,WEATHER,WIDTH,Shape,SEGLANEKEY,CROSSWALKKEY,HITPARKEDCAR,SPDCASENO
173066,209648,209868,Block,Cycles,136,NEI,"Not Enough Information, or Insufficient Location Information",0,,12/14/2015 12:00:00 AM +0000,12/14/2015 4:40:00 PM,0,,Mid-Block (not related to intersection),Unknown,E DENNY WAY BETWEEN 36TH AVE AND 37TH AVE E,0,1,,2,3776005,Unknown,00,NOT ENOUGH INFORMATION / NOT APPLICABLE,,13978,0,1,Property Damage Only Collision,,45,Bicycle,Matched,N,1,Unknown,0,"(47.61836155300006, -122.28702125899997)",0,0,N,2015-434011
173074,208628,208828,Intersection,Cycles,0, ,,0,,12/01/2015 12:00:00 AM +0000,12/1/2015 12:43:00 PM,0,37475,At Intersection (intersection related),Daylight,5TH AVE NE AND NE 103RD ST,0,1,,2,3737285,Dry,51,PEDALCYCLIST STRUCK MOTOR VEHICLE FRONT END AT ANGLE,,7333,0,1,Property Damage Only Collision,,45,Bicycle,Matched,N,1,Clear or Partly Cloudy,0,"(47.703140321000035, -122.32314837099995)",0,0,N,15-417597
173107,210239,210477,Intersection,Cycles,0, ,,0,,12/23/2015 12:00:00 AM +0000,12/23/2015 3:32:00 PM,0,34521,At Intersection (intersection related),Daylight,M L KING JR WR WAY S AND S MORGAN ST,0,1,,1,E498153,Wet,51,PEDALCYCLIST STRUCK MOTOR VEHICLE FRONT END AT ANGLE,,11555,0,1,Property Damage Only Collision,,45,Bicycle,Matched,N,1,Raining,0,"(47.54426842500004, -122.28476395999996)",0,525171,N,2015-444555
173166,208649,208849,Intersection,Cycles,0, ,,0,,11/03/2015 12:00:00 AM +0000,11/3/2015 5:22:00 PM,1,25520,At Intersection (intersection related),Dark - Street Lights On,GREEN LAKE WAY N AND N 52ND ST,0,1,,2,3737082,Dry,18,"MOTOR VEHICLE STRUCK PEDALCYCLIST, FRONT END AT ANGLE",,10695,0,2,Injury Collision,,45,Bicycle,Matched,N,1,Clear or Partly Cloudy,0,"(47.66640717400003, -122.340090525)",0,0,N,2015-386676
173207,209183,209403,Intersection,Cycles,0, ,,0,,12/11/2015 12:00:00 AM +0000,12/11/2015 8:10:00 PM,1,30146,At Intersection (intersection related),Dark - Street Lights On,20TH AVE AND E UNION ST,0,1,Y,2,3738199,Dry,18,"MOTOR VEHICLE STRUCK PEDALCYCLIST, FRONT END AT ANGLE",,2940,0,2,Injury Collision,,45,Bicycle,Matched,N,1,Clear or Partly Cloudy,0,"(47.61290962100003, -122.30624554799999)",9353,0,N,2015-430116
173243,18075,18075,Intersection,Cycles,0,,,0,,10/12/2004 12:00:00 AM +0000,10/12/2004 5:58:00 PM,0,25790,At Intersection (intersection related),Dusk,11TH AVE NE AND NE 50TH ST,0,1,,2,1781887,Dry,18,"MOTOR VEHICLE STRUCK PEDALCYCLIST, FRONT END AT ANGLE",04286032,1411,0,1,Property Damage Only Collision,,45,Bicycle,Matched,0,1,Clear or Partly Cloudy,0,"(47.66492767300008, -122.31633451799996)",0,0,N,04-429384
173260,17946,17946,Block,Cycles,161,,,0,,08/22/2004 12:00:00 AM +0000,8/22/2004 10:08:00 PM,1,,Mid-Block (not related to intersection),Dark - Street Lights On,PINE ST BETWEEN BOREN AVE AND MINOR AVE,0,1,,2,1321791,Wet,18,"MOTOR VEHICLE STRUCK PEDALCYCLIST, FRONT END AT ANGLE",04235015,12224,0,2,Injury Collision,,45,Bicycle,Matched,0,1,Raining,0,"(47.61468820700003, -122.32926856599994)",0,0,N,04 352676
173287,18363,18363,Intersection,Cycles,0,,,0,,07/20/2004 12:00:00 AM +0000,7/20/2004 5:53:00 PM,1,27842,At Intersection (intersection related),Daylight,BLAINE ST AND QUEEN ANNE AVE N,0,1,Y,2,1482511,Dry,18,"MOTOR VEHICLE STRUCK PEDALCYCLIST, FRONT END AT ANGLE",04202033,9278,0,2,Injury Collision,,45,Bicycle,Matched,0,1,Clear or Partly Cloudy,0,"(47.63474278000007, -122.35696980299997)",0,0,N,04 300882
173289,18362,18362,Intersection,Cycles,0,,,0,,07/12/2004 12:00:00 AM +0000,7/12/2004 4:20:00 PM,1,29933,At Intersection (intersection related),Daylight,5TH AVE AND SPRING ST,0,1,,2,1072239,Dry,18,"MOTOR VEHICLE STRUCK PEDALCYCLIST, FRONT END AT ANGLE",04194004,7231,0,2,Injury Collision,,45,Bicycle,Matched,0,1,Clear or Partly Cloudy,0,"(47.60726631000006, -122.33245128099998)",0,0,N,04 288097
173292,18360,18360,Intersection,Cycles,0,,,0,,06/14/2004 12:00:00 AM +0000,6/14/2004 5:37:00 PM,1,25033,At Intersection (intersection related),Daylight,SEAVIEW AVE NW AND NW 61ST ST,0,1,Y,2,1319746,Dry,18,"MOTOR VEHICLE STRUCK PEDALCYCLIST, FRONT END AT ANGLE",04166022,12761,1,2b,Serious Injury Collision,,45,Bicycle,Matched,0,1,Clear or Partly Cloudy,0,"(47.67276013900005, -122.40634236799997)",0,0,N,04-242414
173307,210702,210942,Intersection,Cycles,0, ,,0,,12/30/2015 12:00:00 AM +0000,12/30/2015 3:07:00 PM,1,36586,At Intersection (intersection related),Daylight,1ST AVE NE AND NE NORTHGATE WAY,0,1,,2,E502011,Dry,18,"MOTOR VEHICLE STRUCK PEDALCYCLIST, FRONT END AT ANGLE",,1099,0,2,Injury Collision,,45,Bicycle,Matched,N,1,Clear or Partly Cloudy,0,"(47.708628720000036, -122.328634266)",0,0,N,2015-450231
173450,209204,209424,Block,Cycles,206, ,,0,,12/10/2015 12:00:00 AM +0000,12/10/2015 5:21:00 PM,0,,Driveway Junction,Dark - Street Lights On,MINOR AVE BETWEEN OLIVE WAY AND HOWELL ST,0,1,Y,3,3789287,Wet,18,"MOTOR VEHICLE STRUCK PEDALCYCLIST, FRONT END AT ANGLE",,11878,0,1,Property Damage Only Collision,,45,Bicycle,Matched,N,2,Raining,0,"(47.61639311400006, -122.33005930499996)",0,0,N,15-428694
173467,209936,210156,Intersection,Cycles,0, ,,0,,12/18/2015 12:00:00 AM +0000,12/18/2015 5:40:00 PM,1,24578,At Intersection (intersection related),Dark - Street Lights On,EAST GREEN LAKE DR N AND NE MAPLE LEAF PL,0,1,,1,E495627,Wet,18,"MOTOR VEHICLE STRUCK PEDALCYCLIST, FRONT END AT ANGLE",,14058,0,2,Injury Collision,,45,Bicycle,Matched,N,1,Raining,0,"(47.68071059600004, -122.326130208)",0,0,N,2015-438128
173478,211356,211596,Block,Cycles,180.5,NEI,"Not Enough Information, or Insufficient Location Information",0,,01/09/2016 12:00:00 AM +0000,1/9/2016 7:25:00 AM,1,,,Dawn,N 42ND ST BETWEEN FREMONT AVE N AND LINDEN AVE N,0,1,,1,E504513,Dry,00,NOT ENOUGH INFORMATION / NOT APPLICABLE,,15463,0,2,Injury Collision,,45,Bicycle,Matched,N,1,Clear or Partly Cloudy,0,"(47.657741359000056, -122.34925233199999)",0,0,N,16-9763
173499,209208,209428,Intersection,Cycles,0, ,,0,Y,12/12/2015 12:00:00 AM +0000,12/12/2015 5:10:00 PM,1,28744,At Intersection (intersection related),Dark - Street Lights On,BROAD ST AND VALLEY ST,0,1,Y,2,3789291,Wet,11,"MOTOR VEHICLE STRUCK MOTOR VEHICLE, FRONT END AT ANGLE",,13265,0,2,Injury Collision,,45,Bicycle,Matched,N,1,Raining,0,"(47.625795769000035, -122.33863455)",0,0,N,15-431083
173510,211583,211823,Intersection,Cycles,0, ,,0,Y,01/18/2016 12:00:00 AM +0000,1/18/2016 7:35:00 PM,1,24495,At Intersection (intersection related),Dark - Street Lights On,8TH AVE NE AND NE 65TH ST,0,1,,2,3733884,Wet,18,"MOTOR VEHICLE STRUCK PEDALCYCLIST, FRONT END AT ANGLE",,8322,0,2,Injury Collision,,45,Bicycle,Matched,N,1,Raining,0,"(47.67585210000004, -122.32005308999999)",0,0,N,2016-21098
173534,227105,227445,Block,Cycles,160, ,,0,,08/30/2016 12:00:00 AM +0000,8/30/2016 5:52:00 PM,1,,Mid-Block (not related to intersection),Daylight,DEXTER AVE N BETWEEN WARD ST AND PROSPECT ST,0,1,Y,2,3785263,Dry,18,"MOTOR VEHICLE STRUCK PEDALCYCLIST, FRONT END AT ANGLE",,10080,1,2b,Serious Injury Collision,,45,Bicycle,Matched,N,1,Clear or Partly Cloudy,0,"(47.628445717000034, -122.34231499099997)",0,0,N,2016-314682
173542,226459,226799,Block,Cycles,437, ,,0,,07/08/2016 12:00:00 AM +0000,7/8/2016 2:51:00 PM,1,,Mid-Block (not related to intersection),Daylight,5TH AVE NE BETWEEN NE 106TH ST AND NE NORTHGATE WAY,0,1,,2,3769680,Dry,18,"MOTOR VEHICLE STRUCK PEDALCYCLIST, FRONT END AT ANGLE",,7255,0,2,Injury Collision,,45,Bicycle,Matched,N,1,Clear or Partly Cloudy,0,"(47.707395123000026, -122.32324054099996)",0,0,N,2016-244478
173555,226883,227223,Block,Cycles,179.5, ,,0,,08/14/2016 12:00:00 AM +0000,8/14/2016 6:54:00 PM,0,,Driveway Junction,Daylight,BROADWAY BETWEEN MARION ST AND MADISON ST,0,1,,2,3771358,Dry,18,"MOTOR VEHICLE STRUCK PEDALCYCLIST, FRONT END AT ANGLE",,9443,0,1,Property Damage Only Collision,,45,Bicycle,Matched,N,1,Clear or Partly Cloudy,0,"(47.610675068000035, -122.32075931399999)",9443,0,N,2016-294113
173607,18353,18353,Intersection,Cycles,0,,,0,,04/03/2004 12:00:00 AM +0000,4/3/2004,1,24330,At Intersection (intersection related),Daylight,LINDEN AVE N AND N 72ND ST,0,1,Y,2,1317775,Dry,18,"MOTOR VEHICLE STRUCK PEDALCYCLIST, FRONT END AT ANGLE",04094003,11417,0,2,Injury Collision,,45,Bicycle,Matched,0,1,Clear or Partly Cloudy,0,"(47.68104928300005, -122.34703354699997)",0,0,N,04 133856
173632,18190,18190,Intersection,Cycles,0,,,0,Y,05/17/2004 12:00:00 AM +0000,5/17/2004 6:49:00 PM,1,33710,At Intersection (intersection related),Daylight,LAKE WASHINGTON BLVD S AND S ORCAS ST,0,1,Y,2,1772885,Dry,18,"MOTOR VEHICLE STRUCK PEDALCYCLIST, FRONT END AT ANGLE",04138008,11246,0,2,Injury Collision,,45,Bicycle,Matched,0,1,Clear or Partly Cloudy,0,"(47.55104977900004, -122.25934300299997)",0,0,N,40199470
173640,18181,18181,Intersection,Cycles,0,,,0,,05/20/2004 12:00:00 AM +0000,5/20/2004 8:50:00 AM,0,36655,At Intersection (intersection related),Daylight,LAKE CITY WAY NE AND NE 115TH ST,0,1,Y,2,1774719,Dry,18,"MOTOR VEHICLE STRUCK PEDALCYCLIST, FRONT END AT ANGLE",04141022,11176,0,1,Property Damage Only Collision,,45,Bicycle,Matched,0,1,Overcast,0,"(47.712044252000055, -122.29951197399998)",0,0,N,04 203377
173689,226665,227005,Block,Cycles,328, ,,0,,08/30/2016 12:00:00 AM +0000,8/30/2016 12:40:00 PM,1,,Mid-Block (not related to intersection),Daylight,GREENWOOD AVE N BETWEEN N 87TH ST AND N 90TH ST,0,1,,2,E580482,Dry,23,"MOTOR VEHICLE STRUCK PEDALCYCLIST, LEFT SIDE SIDESWIPE",,10754,0,2,Injury Collision,,45,Bicycle,Matched,N,1,Clear or Partly Cloudy,0,"(47.69331628200007, -122.35533015699997)",0,0,N,2016-314320
173703,225563,225883,Intersection,Cycles,0,NEI,"Not Enough Information, or Insufficient Location Information",0,,08/11/2016 12:00:00 AM +0000,8/11/2016 10:24:00 AM,1,30013,At Intersection (intersection related),Daylight,M L KING JR WAY AND E PIKE ST,0,1,,2,E573012,Dry,00,NOT ENOUGH INFORMATION / NOT APPLICABLE,,11491,1,2b,Serious Injury Collision,,45,Bicycle,Matched,N,1,Clear or Partly Cloudy,0,"(47.614119050000056, -122.29618208199997)",0,0,N,2016-289373
173731,211367,211607,Block,Cycles,110.5,NEI,"Not Enough Information, or Insufficient Location Information",0,,01/08/2016 12:00:00 AM +0000,1/8/2016 8:10:00 AM,1,,,Daylight,N 100TH ST BETWEEN DENSMORE E AVE N AND WALLINGFORD W AVE N,0,1,,1,E504675,Dry,00,NOT ENOUGH INFORMATION / NOT APPLICABLE,,14974,0,2,Injury Collision,,45,Bicycle,Matched,N,1,Overcast,0,"(47.701410699000064, -122.33702098799995)",0,0,N,2016-8549
173802,210511,210751,Intersection,Cycles,0, ,,0,Y,01/04/2016 12:00:00 AM +0000,1/4/2016 5:05:00 PM,1,31259,At Intersection (intersection related),Dark - Street Lights On,AIRPORT WAY S AND S WALKER N ST,0,1,,1,E501614,Dry,51,PEDALCYCLIST STRUCK MOTOR VEHICLE FRONT END AT ANGLE,,8663,0,2,Injury Collision,,45,Bicycle,Matched,N,1,Clear or Partly Cloudy,0,"(47.58397506800003, -122.32139465799997)",0,0,N,2016-3934
173834,18335,18335,Intersection,Cycles,0,,,0,,09/09/2004 12:00:00 AM +0000,9/9/2004,1,25213,At Intersection (intersection related),Daylight,28TH AVE NW AND NW 59TH ST,0,1,,2,1794345,Dry,51,PEDALCYCLIST STRUCK MOTOR VEHICLE FRONT END AT ANGLE,04253021,4140,1,2b,Serious Injury Collision,,45,Bicycle,Matched,0,1,Clear or Partly Cloudy,0,"(47.671650502000034, -122.39287014099995)",0,0,N,04 3794724
173848,18024,18024,Intersection,Cycles,0,,,0,,08/28/2004 12:00:00 AM +0000,8/28/2004 3:41:00 PM,1,29619,At Intersection (intersection related),Daylight,MADISON ST AND WESTERN AVE,0,1,,5,1777584,Dry,51,PEDALCYCLIST STRUCK MOTOR VEHICLE FRONT END AT ANGLE,04241006,11580,0,2,Injury Collision,,45,Bicycle,Matched,0,1,Clear or Partly Cloudy,0,"(47.60423027200005, -122.33734868799996)",0,0,N,04-361088
173976,209194,209414,Block,Cycles,160, ,,0,,12/11/2015 12:00:00 AM +0000,12/11/2015 5:37:00 PM,1,,Mid-Block (not related to intersection),Dark - Street Lights Off,DEXTER AVE N BETWEEN WARD ST AND PROSPECT ST,0,1,,2,3789256,Dry,18,"MOTOR VEHICLE STRUCK PEDALCYCLIST, FRONT END AT ANGLE",,10080,0,2,Injury Collision,,45,Bicycle,Matched,N,1,Overcast,0,"(47.628445717000034, -122.34231499099997)",12788,0,N,2015-429958
173979,209192,209412,Intersection,Cycles,0, ,,0,Y,12/11/2015 12:00:00 AM +0000,12/11/2015 2:35:00 PM,1,29563,At Intersection (intersection related),Daylight,3RD AVE AND VIRGINIA ST,0,1,,2,3789157,Dry,51,PEDALCYCLIST STRUCK MOTOR VEHICLE FRONT END AT ANGLE,,4387,0,2,Injury Collision,,45,Bicycle,Matched,N,1,Clear or Partly Cloudy,0,"(47.61239802600005, -122.34089245499996)",0,0,N,15-429719
174098,210280,210520,Intersection,Cycles,0, ,,0,,12/18/2015 12:00:00 AM +0000,12/18/2015 6:24:00 PM,1,28634,At Intersection (intersection related),Dark - Street Lights On,2ND AVE W AND W MERCER ST,0,1,,1,E500374,Wet,18,"MOTOR VEHICLE STRUCK PEDALCYCLIST, FRONT END AT ANGLE",,2903,1,2b,Serious Injury Collision,,45,Bicycle,Matched,N,1,Raining,0,"(47.62459219100003, -122.35932146099998)",0,0,N,2015-438172
174191,17747,17747,Block,Cycles,203.5,,,0,Y,07/01/2004 12:00:00 AM +0000,7/1/2004,1,,Driveway Junction,Daylight,14TH AVE S BETWEEN S COLLEGE ST AND BEACON AVE S,0,1,,2,1787962,Dry,18,"MOTOR VEHICLE STRUCK PEDALCYCLIST, FRONT END AT ANGLE",04183021,1932,1,2b,Serious Injury Collision,,45,Bicycle,Matched,0,1,Overcast,0,"(47.58242946000007, -122.31470296799995)",0,0,N,04-269174
174244,208659,208859,Block,Cycles,130.5, ,,0,,12/01/2015 12:00:00 AM +0000,12/1/2015 11:40:00 AM,1,,Mid-Block (not related to intersection),Dawn,E PINE ST BETWEEN BELMONT AVE AND BOYLSTON AVE,0,1,,2,3738187,Wet,18,"MOTOR VEHICLE STRUCK PEDALCYCLIST, FRONT END AT ANGLE",,14631,0,2,Injury Collision,,45,Bicycle,Matched,N,1,Clear or Partly Cloudy,0,"(47.615228063000075, -122.32394607099997)",10368,0,N,2015-417220
174428,211306,211546,Block,Cycles,64, ,,0,,01/13/2016 12:00:00 AM +0000,1/13/2016 5:37:00 PM,1,,Mid-Block (but intersection related),Dark - Street Lights On,NE 50TH ST BETWEEN THACKERAY PL NE AND LATONA W AVE NE,0,1,,2,3737676,Wet,21,"MOTOR VEHICLE STRUCK PEDALCYCLIST, REAR END",,16922,0,2,Injury Collision,Y,45,Bicycle,Matched,N,1,Raining,0,"(47.664989158000026, -122.32586892999996)",0,0,N,2016-15063
174433,211083,211323,Block,Cycles,330,NEI,"Not Enough Information, or Insufficient Location Information",0,,01/08/2016 12:00:00 AM +0000,1/8/2016 1:51:00 PM,1,,,Daylight,N NORTHGATE WAY BETWEEN CORLISS AVE N AND 1ST AVE NE,0,1,,1,E503430,Dry,00,NOT ENOUGH INFORMATION / NOT APPLICABLE,,16120,0,2,Injury Collision,,45,Bicycle,Matched,N,1,Clear or Partly Cloudy,0,"(47.70863744800005, -122.32997598599997)",0,0,N,2016-0008827
174463,210662,210902,Block,Cycles,136.5, ,,0,,11/12/2015 12:00:00 AM +0000,11/12/2015 9:55:00 AM,1,,Mid-Block (not related to intersection),Daylight,PEND OREILLE RD NE BETWEEN BURKE GILMAN TRL AND 25TH AVE NE,0,1,,3,3685372,Dry,14,"MOTOR VEHICLE STRUCK MOTOR VEHICLE, REAR END",,594820,0,2,Injury Collision,,45,Bicycle,Matched,N,1,Overcast,0,"(47.66039107900008, -122.30141417099998)",0,0,N,15-002220
174575,16977,16977,Block,Cycles,148,,,0,,12/02/2004 12:00:00 AM +0000,12/2/2004,1,,Mid-Block (not related to intersection),Daylight,2ND AVE BETWEEN PINE ST AND STEWART ST,0,1,,2,1482733,Dry,54,PEDALCYCLIST STRUCK MOTOR VEHICLE REAR END,04337020,2759,1,2b,Serious Injury Collision,,45,Bicycle,Matched,0,1,Clear or Partly Cloudy,0,"(47.61062229600003, -122.34012716999996)",0,0,N,4500563
174599,16969,16969,Intersection,Cycles,0,,,0,,08/11/2004 12:00:00 AM +0000,8/11/2004 6:35:00 PM,1,28050,At Intersection (intersection related),Daylight,1ST AVE N AND FLORENTIA ST,0,1,,3,1213255,Dry,18,"MOTOR VEHICLE STRUCK PEDALCYCLIST, FRONT END AT ANGLE",04224038,10457,1,2b,Serious Injury Collision,,45,Bicycle,Matched,0,1,Clear or Partly Cloudy,0,"(47.64688578200003, -122.35552963099997)",0,0,N,04-335859
174828,16465,16465,Intersection,Cycles,0, ,,0,,04/04/2013 12:00:00 AM +0000,4/4/2013 7:30:00 AM,1,36977,At Intersection (intersection related),Daylight,23RD AVE NW AND NW 85TH ST,0,1,Y,2,3569125,Unknown,23,"MOTOR VEHICLE STRUCK PEDALCYCLIST, LEFT SIDE SIDESWIPE",,3429,0,2,Injury Collision,,45,Bicycle,Matched,N,1,Unknown,0,"(47.69058226200008, -122.38541667499999)",0,0,N,13 112784
174956,226000,226340,Intersection,Cycles,0, ,,0,,08/13/2016 12:00:00 AM +0000,8/13/2016 9:15:00 PM,1,30418,At Intersection (intersection related),Dark - Street Lights On,12TH AVE S AND BOREN AVE S,0,1,,2,3704779,Dry,51,PEDALCYCLIST STRUCK MOTOR VEHICLE FRONT END AT ANGLE,,1652,0,2,Injury Collision,,45,Bicycle,Matched,N,1,Clear or Partly Cloudy,0,"(47.60085285900004, -122.31696510399996)",0,0,N,2016-292975
175070,209421,209641,Block,Cycles,243,NEI,"Not Enough Information, or Insufficient Location Information",0,,12/11/2015 12:00:00 AM +0000,12/11/2015 7:15:00 AM,1,,,Unknown,57TH AVE S BETWEEN S HOLLY ST AND DEAD END 1,0,1,,0,E493082,Unknown,00,NOT ENOUGH INFORMATION / NOT APPLICABLE,,7791,0,2,Injury Collision,,45,Bicycle,Matched,N,1,Unknown,0,"(47.541842718000055, -122.26151841099994)",0,0,N,2015-429568
175108,16663,16663,Intersection,Cycles,0,NEI,"Not Enough Information, or Insufficient Location Information",0,,04/08/2013 12:00:00 AM +0000,4/8/2013 5:40:00 PM,0,30192,At Intersection (intersection related),Daylight,18TH AVE AND E JEFFERSON ST,0,1,,2,3645768,Unknown,00,NOT ENOUGH INFORMATION / NOT APPLICABLE,,2535,0,1,Property Damage Only Collision,,45,Bicycle,Matched,N,1,Unknown,0,"(47.60616997200003, -122.30894195199994)",10022,0,N,13-118226
175114,16494,16494,Intersection,Cycles,0, ,,0,,04/03/2013 12:00:00 AM +0000,4/3/2013 1:40:00 PM,1,37899,At Intersection (intersection related),Daylight,35TH AVE NE AND NE 95TH ST,0,1,Y,2,3597407,Dry,18,"MOTOR VEHICLE STRUCK PEDALCYCLIST, FRONT END AT ANGLE",,5381,0,2,Injury Collision,,45,Bicycle,Matched,N,1,Clear or Partly Cloudy,0,"(47.69745879700008, -122.29053117799998)",0,524610,N,13-111728
175130,225600,225937,Intersection,Cycles,0, ,,0,,08/17/2016 12:00:00 AM +0000,8/17/2016 6:25:00 AM,1,25218,At Intersection (intersection related),Daylight,28TH AVE NW AND NW 58TH ST,0,1,,2,E575126,Dry,18,"MOTOR VEHICLE STRUCK PEDALCYCLIST, FRONT END AT ANGLE",,4139,0,2,Injury Collision,,45,Bicycle,Matched,N,1,Clear or Partly Cloudy,0,"(47.670921160000034, -122.39287094099996)",0,0,N,2016-297239
175144,17291,17291,Intersection,Cycles,0,,,0,,06/10/2004 12:00:00 AM +0000,6/10/2004 5:06:00 PM,1,29253,At Intersection (intersection related),Daylight,28TH AVE E AND E MADISON ST,0,1,Y,2,1472875,Dry,18,"MOTOR VEHICLE STRUCK PEDALCYCLIST, FRONT END AT ANGLE",04162021,4099,0,2,Injury Collision,,45,Bicycle,Matched,0,1,Clear or Partly Cloudy,0,"(47.62347604900003, -122.29618878599996)",0,0,N,04 236377
175152,17149,17149,Intersection,Cycles,0,,,0,,06/21/2004 12:00:00 AM +0000,6/21/2004 3:06:00 PM,1,36606,At Intersection (intersection related),Daylight,25TH AVE NE AND NE 125TH ST,0,1,Y,2,1782185,Dry,18,"MOTOR VEHICLE STRUCK PEDALCYCLIST, FRONT END AT ANGLE",04173012,3746,0,2,Injury Collision,,45,Bicycle,Matched,0,1,Clear or Partly Cloudy,0,"(47.719316165000066, -122.30186480499998)",0,0,N,4253523
175194,211040,211280,Intersection,Cycles,0, ,,0,,01/07/2016 12:00:00 AM +0000,1/7/2016 7:42:00 PM,0,28780,At Intersection (intersection related),Dark - Street Lights On,HARRISON ST AND WESTLAKE AVE N,0,1,,2,3791502,Dry,21,"MOTOR VEHICLE STRUCK PEDALCYCLIST, REAR END",,10767,0,1,Property Damage Only Collision,,45,Bicycle,Matched,N,1,Overcast,0,"(47.62204123500004, -122.33845570699998)",0,0,N,2016-008007
175292,17170,17170,Intersection,Cycles,0,,,0,,05/27/2004 12:00:00 AM +0000,5/27/2004 8:15:00 PM,1,25393,At Intersection (intersection related),Dusk,15TH AVE NW AND NW 61ST ST,0,1,Y,2,1793707,Wet,18,"MOTOR VEHICLE STRUCK PEDALCYCLIST, FRONT END AT ANGLE",04148045,2108,0,2,Injury Collision,,45,Bicycle,Matched,0,1,Raining,0,"(47.67308877800008, -122.37621102499998)",0,0,N,04-214877
175410,208589,208789,Intersection,Cycles,0, ,,0,,12/07/2015 12:00:00 AM +0000,12/7/2015 6:48:00 AM,0,27156,At Intersection (intersection related),Dark - Street Lights On,FRANKLIN AVE E AND FUHRMAN AVE E,0,1,,2,3626649,Wet,51,PEDALCYCLIST STRUCK MOTOR VEHICLE FRONT END AT ANGLE,,10578,0,1,Property Damage Only Collision,,45,Bicycle,Matched,N,1,Clear or Partly Cloudy,0,"(47.65073133700008, -122.32051113299997)",0,0,N,2015-424099
175428,209839,210059,Block,Cycles,213, ,,0,,12/15/2015 12:00:00 AM +0000,12/15/2015 11:49:00 AM,1,,Mid-Block (not related to intersection),Daylight,5TH AVE BETWEEN STEWART ST AND VIRGINIA ST,0,1,,1,E494000,Dry,00,NOT ENOUGH INFORMATION / NOT APPLICABLE,,7242,0,2,Injury Collision,,45,Bicycle,Matched,N,1,Clear or Partly Cloudy,0,"(47.613341770000034, -122.33852199699999)",0,0,Y,2015-434103
175604,17129,17129,Block,Cycles,371,,,0,,09/03/2004 12:00:00 AM +0000,9/3/2004,1,,Mid-Block (not related to intersection),Dark - Street Lights On,BOREN AVE BETWEEN E FIR ST AND E ALDER ST,0,1,,2,1798936,Dry,18,"MOTOR VEHICLE STRUCK PEDALCYCLIST, FRONT END AT ANGLE",04247008,9304,0,2,Injury Collision,,45,Bicycle,Matched,0,1,Clear or Partly Cloudy,0,"(47.60352505800006, -122.31971430299996)",0,0,N,04-370781
175670,17448,17448,Block,Cycles,252,,,0,,09/19/2004 12:00:00 AM +0000,9/19/2004 3:01:00 PM,0,,Mid-Block (not related to intersection),Daylight,40TH AVE NE BETWEEN NE 73RD N ST AND NE 75TH ST,0,1,Y,2,1795026,Dry,21,"MOTOR VEHICLE STRUCK PEDALCYCLIST, REAR END",04263009,6325,0,1,Property Damage Only Collision,,45,Bicycle,Matched,1,1,Clear or Partly Cloudy,0,"(47.682351091000044, -122.28511652699996)",0,0,N,4394393
175705,17612,17612,Intersection,Cycles,0,,,0,,06/15/2004 12:00:00 AM +0000,6/15/2004 8:15:00 AM,0,29922,At Intersection (intersection related),Daylight,BOREN AVE AND MARION ST,0,1,Y,2,1772159,Dry,18,"MOTOR VEHICLE STRUCK PEDALCYCLIST, FRONT END AT ANGLE",04167029,9313,0,1,Property Damage Only Collision,,45,Bicycle,Matched,0,1,Clear or Partly Cloudy,0,"(47.60862448100005, -122.32448699799994)",0,0,N,04-243325
175714,17741,17741,Intersection,Cycles,0,,,0,,08/18/2004 12:00:00 AM +0000,8/18/2004 5:07:00 PM,1,30145,At Intersection (intersection related),Daylight,19TH AVE AND E UNION ST,0,1,,2,1217005,Dry,18,"MOTOR VEHICLE STRUCK PEDALCYCLIST, FRONT END AT ANGLE",04231018,2649,0,2,Injury Collision,,45,Bicycle,Matched,0,1,Clear or Partly Cloudy,0,"(47.61289826800004, -122.30750481599995)",0,0,N,4346583
175825,209817,210037,Block,Cycles,213, ,,0,Y,12/02/2015 12:00:00 AM +0000,12/2/2015 5:34:00 PM,1,,Mid-Block (not related to intersection),Dark - Street Lights On,12TH AVE BETWEEN E MARION ST AND E SPRING ST,0,1,,1,E493917,Dry,00,NOT ENOUGH INFORMATION / NOT APPLICABLE,,1534,0,2,Injury Collision,,45,Bicycle,Matched,N,1,Clear or Partly Cloudy,0,"(47.61097747700006, -122.31677912199996)",1534,0,Y,2015-419214