OBJECTID,INCKEY,COLDETKEY,ADDRTYPE,COLLISIONTYPE,DISTANCE,EXCEPTRSNCODE,EXCEPTRSNDESC,FATALITIES,INATTENTIONIND,INCDATE,INCDTTM,INJURIES,INTKEY,JUNCTIONTYPE,LIGHTCOND,LOCATION,PEDCOUNT,PEDCYLCOUNT,PEDROWNOTGRNT,PERSONCOUNT,REPORTNO,ROADCOND,SDOT_COLCODE,SDOT_COLDESC,SDOTCOLNUM,SEGKEY,SERIOUSINJURIES,SEVERITYCODE,SEVERITYDESC,SPEEDING,ST_COLCODE,ST_COLDESC,STATUS,UNDERINFL,VEHCOUNT,WEATHER,WIDTH,Shape,SEGLANEKEY,CROSSWALKKEY,HITPARKEDCAR,SPDCASENO
175879,17535,17535,Block,Cycles,193.5,,,0,,05/12/2004 12:00:00 AM +0000,5/12/2004 5:17:00 PM,1,,Mid-Block (not related to intersection),Daylight,BEACON AVE S BETWEEN S HANFORD ST AND S HORTON ST,0,1,,2,1771605,Dry,51,PEDALCYCLIST STRUCK MOTOR VEHICLE FRONT END AT ANGLE,04133006,9123,0,2,Injury Collision,,45,Bicycle,Matched,0,1,Clear or Partly Cloudy,0,"(47.574568776000035, -122.309058059)",0,0,N,04 191294
175946,17545,17545,Intersection,Cycles,0,,,0,,06/17/2004 12:00:00 AM +0000,6/17/2004 11:12:00 AM,1,30542,At Intersection (intersection related),Daylight,6TH AVE S AND S DEARBORN ST,0,1,,1,1777048,Dry,51,PEDALCYCLIST STRUCK MOTOR VEHICLE FRONT END AT ANGLE,04169017,7987,0,2,Injury Collision,,45,Bicycle,Matched,0,0,Clear or Partly Cloudy,0,"(47.59583727300003, -122.32637379799996)",0,0,N,04-246597
176166,18437,18437,Block,Cycles,208.5,,,0,,09/28/2004 12:00:00 AM +0000,9/28/2004 9:01:00 AM,1,,Mid-Block (not related to intersection),Daylight,15TH AVE E BETWEEN E DENNY WAY AND E JOHN SR ST,0,1,,2,1789748,Dry,56,PEDALCYCLIST STRUCK MOTOR VEHICLE LEFT SIDE SIDESWIPE,04272032,2001,0,2,Injury Collision,,45,Bicycle,Matched,0,1,Overcast,0,"(47.61909080300006, -122.31273303199998)",0,0,N,04 407103
176182,18467,18467,Intersection,Cycles,0,,,0,,01/11/2004 12:00:00 AM +0000,1/11/2004 3:51:00 PM,1,28258,At Intersection (intersection related),Daylight,10TH AVE E AND E NEWTON ST,0,1,Y,2,1786942,Dry,18,"MOTOR VEHICLE STRUCK PEDALCYCLIST, FRONT END AT ANGLE",04011003,1298,0,2,Injury Collision,,45,Bicycle,Matched,0,1,Clear or Partly Cloudy,0,"(47.63725179700003, -122.32007982299996)",0,0,N,414483
176221,18037,18037,Block,Cycles,263.5,,,0,,08/04/2004 12:00:00 AM +0000,8/4/2004,1,,Mid-Block (not related to intersection),Daylight,E MADISON ST BETWEEN LAKE WASHINGTON BLVD E AND 32ND AVE E,0,1,Y,3,1216773,Dry,56,PEDALCYCLIST STRUCK MOTOR VEHICLE LEFT SIDE SIDESWIPE,04217030,14365,0,2,Injury Collision,,45,Bicycle,Matched,0,1,Clear or Partly Cloudy,0,"(47.62652804500004, -122.29168646899996)",0,0,N,04-324008
176242,210390,210630,Block,Cycles,409.5, ,,0,,12/22/2015 12:00:00 AM +0000,12/22/2015 11:25:00 PM,1,,Driveway Junction,Dark - Street Lights On,ELLIOTT AVE W BETWEEN W PROSPECT ST AND W LEE ST,0,1,,2,3791477,Wet,18,"MOTOR VEHICLE STRUCK PEDALCYCLIST, FRONT END AT ANGLE",,10220,1,2b,Serious Injury Collision,,45,Bicycle,Matched,N,1,Overcast,0,"(47.62943685100004, -122.37208699099995)",0,0,N,15-442786
176334,16453,16453,Block,Cycles,231, ,,0,,04/04/2013 12:00:00 AM +0000,4/4/2013 5:05:00 PM,1,,Mid-Block (not related to intersection),Daylight,N 50TH ST BETWEEN STONE AVE N AND GREEN LAKE WAY N,0,1,,2,3501827,Wet,54,PEDALCYCLIST STRUCK MOTOR VEHICLE REAR END,,15646,0,2,Injury Collision,Y,45,Bicycle,Matched,N,1,Raining,0,"(47.66503632700005, -122.34114677999997)",21592,0,N,13-113278
176390,16776,16776,Block,Cycles,153, ,,0,,04/11/2013 12:00:00 AM +0000,4/11/2013 2:09:00 PM,1,,Mid-Block (not related to intersection),Daylight,1ST AVE S BETWEEN S MAIN ST AND S JACKSON ST,0,1,Y,2,3562743,Wet,18,"MOTOR VEHICLE STRUCK PEDALCYCLIST, FRONT END AT ANGLE",,1187,0,2,Injury Collision,,45,Bicycle,Matched,N,1,Raining,0,"(47.59962589500003, -122.33418648099996)",36127,0,N,13-121596
176398,221100,221380,Intersection,Cycles,0, ,,0,,05/31/2016 12:00:00 AM +0000,5/31/2016 10:44:00 AM,1,29188,At Intersection (intersection related),Daylight,E JOHN ST AND E OLIVE WAY,0,1,,2,3738424,Dry,18,"MOTOR VEHICLE STRUCK PEDALCYCLIST, FRONT END AT ANGLE",,14587,0,2,Injury Collision,,45,Bicycle,Matched,N,1,Clear or Partly Cloudy,0,"(47.61957466300004, -122.32425705399999)",0,0,N,16-191293
176402,220400,220680,Block,Cycles,369.5, ,,0,Y,05/31/2016 12:00:00 AM +0000,5/31/2016 6:25:00 PM,1,,Mid-Block (not related to intersection),Daylight,GILMAN AVE W BETWEEN 20TH AVE W AND 21ST AVE W,0,1,,2,3703708,Dry,18,"MOTOR VEHICLE STRUCK PEDALCYCLIST, FRONT END AT ANGLE",,10634,0,2,Injury Collision,,45,Bicycle,Matched,N,1,Clear or Partly Cloudy,0,"(47.65125292400006, -122.38254682399997)",0,0,N,16-191983
176452,227102,227442,Block,Cycles,124, ,,0,Y,08/20/2016 12:00:00 AM +0000,8/20/2016 10:31:00 PM,1,,Mid-Block (not related to intersection),Dark - Street Lights On,DENNY WAY BETWEEN 3RD AVE AND BROAD ST,0,1,,2,3785202,Dry,14,"MOTOR VEHICLE STRUCK MOTOR VEHICLE, REAR END",,10002,0,2,Injury Collision,,45,Bicycle,Matched,N,1,Clear or Partly Cloudy,0,"(47.61858417000008, -122.35085970999995)",0,0,N,2016-301773
176458,227098,227438,Block,Cycles,158,NEI,"Not Enough Information, or Insufficient Location Information",0,Y,08/24/2016 12:00:00 AM +0000,8/24/2016 8:12:00 AM,1,,,Daylight,DEXTER AVE N BETWEEN HIGHLAND DR AND COMSTOCK ST,1,1,,2,E580404,Dry,00,NOT ENOUGH INFORMATION / NOT APPLICABLE,,10081,0,2,Injury Collision,,45,Bicycle,Matched,N,0,Clear or Partly Cloudy,0,"(47.63015164300003, -122.34229977599995)",0,0,N,2016-305785
176471,224884,225184,Intersection,Cycles,0, ,,0,,07/30/2016 12:00:00 AM +0000,7/30/2016 9:47:00 AM,1,26840,At Intersection (intersection related),Daylight,BURKE AVE N AND N 41ST ST,0,1,,3,3769451,Dry,14,"MOTOR VEHICLE STRUCK MOTOR VEHICLE, REAR END",,9507,0,2,Injury Collision,,45,Bicycle,Matched,N,1,Clear or Partly Cloudy,0,"(47.65681057300003, -122.33504667499994)",0,0,N,2016-273246
176495,227738,228078,Block,Cycles,333.5, ,,0,,09/09/2016 12:00:00 AM +0000,9/9/2016 9:10:00 PM,1,,Mid-Block (not related to intersection),Daylight,15TH AVE W BETWEEN W BERTONA ST AND W RUFFNER ST,0,1,,1,3782810,Dry,26,MOTOR VEHICLE STRUCK OBJECT IN ROAD,,2194,0,2,Injury Collision,,45,Bicycle,Matched,N,0,Clear or Partly Cloudy,0,"(47.65125313600004, -122.37625597999994)",0,0,N,2016-327672
176508,227922,228262,Alley,Cycles,, ,,0,,09/29/2016 12:00:00 AM +0000,9/29/2016 3:11:00 PM,1,,,Daylight,,0,1,,3,3739958,Dry,00,NOT ENOUGH INFORMATION / NOT APPLICABLE,,,0,2,Injury Collision,,45,Bicycle,Matched,N,1,Clear or Partly Cloudy,0,,0,0,N,2016-353664
176523,225567,225887,Block,Cycles,166.5,NEI,"Not Enough Information, or Insufficient Location Information",0,,08/12/2016 12:00:00 AM +0000,8/12/2016 2:45:00 PM,1,,,Daylight,OCCIDENTAL AVE S BETWEEN S JACKSON ST AND S KING E ST,0,1,,2,E573052,Dry,00,NOT ENOUGH INFORMATION / NOT APPLICABLE,,12023,0,2,Injury Collision,,45,Bicycle,Matched,N,1,Clear or Partly Cloudy,0,"(47.59874765700005, -122.33288401699997)",0,0,N,2016-291176
176539,226674,227014,Intersection,Cycles,0, ,,0,,08/31/2016 12:00:00 AM +0000,8/31/2016 11:31:00 AM,1,29671,At Intersection (intersection related),Daylight,5TH AVE AND WALL ST,1,1,Y,2,E579904,Dry,24,MOTOR VEHCILE STRUCK PEDESTRIAN,,7248,0,2,Injury Collision,,45,Bicycle,Matched,N,0,Overcast,0,"(47.61735578400004, -122.34531173799996)",0,523884,N,2016-315496
176549,226471,226811,Intersection,Cycles,0, ,,0,,07/09/2016 12:00:00 AM +0000,7/9/2016 10:48:00 PM,0,29973,At Intersection (intersection related),Dark - Street Lights On,6TH AVE AND JAMES ST,0,1,,2,3783002,Dry,18,"MOTOR VEHICLE STRUCK PEDALCYCLIST, FRONT END AT ANGLE",,7873,0,1,Property Damage Only Collision,,45,Bicycle,Matched,N,1,Clear or Partly Cloudy,0,"(47.60416123500005, -122.32807857799997)",0,0,N,2016-246261
176603,12923,12923,Block,Cycles,401,,,0,,04/21/2004 12:00:00 AM +0000,4/21/2004 12:45:00 PM,1,,Driveway Junction,Daylight,4TH AVE S BETWEEN SEATTLE BLVD S AND I90 WB 4TH AV OFF RP,0,1,,2,1776526,Wet,18,"MOTOR VEHICLE STRUCK PEDALCYCLIST, FRONT END AT ANGLE",04112025,6232,0,2,Injury Collision,,45,Bicycle,Matched,0,1,Clear or Partly Cloudy,0,"(47.595388341000046, -122.32904689999998)",0,0,N,04-159554
176619,219700,219980,Block,Cycles,213, ,,0,,04/19/2016 12:00:00 AM +0000,4/19/2016 8:30:00 AM,0,,Mid-Block (but intersection related),Daylight,2ND AVE BETWEEN PIKE ST AND PINE ST,0,1,,0,E537572,Dry,54,PEDALCYCLIST STRUCK MOTOR VEHICLE REAR END,,2758,0,1,Property Damage Only Collision,,45,Bicycle,Matched,N,1,Clear or Partly Cloudy,0,"(47.609780570000055, -122.33935700699999)",0,0,N,2016-134597
176681,16729,16729,Block,Cycles,114, ,,0,,04/08/2013 12:00:00 AM +0000,4/8/2013 2:36:00 PM,0,,Mid-Block (but intersection related),Daylight,NE 47TH ST BETWEEN 24TH AVE NE AND 25TH AVE NE,0,1,,2,3551423,Dry,18,"MOTOR VEHICLE STRUCK PEDALCYCLIST, FRONT END AT ANGLE",,16906,0,1,Property Damage Only Collision,,45,Bicycle,Matched,N,1,Overcast,0,"(47.66313985600004, -122.30127199299994)",0,0,N,13-117983
176779,224650,224950,Intersection,Cycles,0, ,,0,,07/26/2016 12:00:00 AM +0000,7/26/2016 4:27:00 PM,1,30403,At Intersection (intersection related),Daylight,12TH AVE AND E FIR ST,0,1,,2,E568511,Dry,18,"MOTOR VEHICLE STRUCK PEDALCYCLIST, FRONT END AT ANGLE",,1524,0,2,Injury Collision,,45,Bicycle,Matched,N,1,Clear or Partly Cloudy,0,"(47.60268590700008, -122.31678180399996)",0,0,N,16-268041
176788,227941,228281,Intersection,Cycles,0, ,,0,Y,08/16/2016 12:00:00 AM +0000,8/16/2016 5:27:00 AM,1,27149,At Intersection (intersection related),Dark - Street Lights On,15TH AVE NE AND NE PACIFIC ST,0,1,,2,3120418,Dry,51,PEDALCYCLIST STRUCK MOTOR VEHICLE FRONT END AT ANGLE,,2028,0,2,Injury Collision,,45,Bicycle,Matched,N,1,Clear or Partly Cloudy,0,"(47.65297596400006, -122.31246414499998)",0,0,N,2016-00004983
176790,227939,228279,Block,Cycles,61, ,,0,,08/15/2016 12:00:00 AM +0000,8/15/2016 1:10:00 PM,1,,Mid-Block (not related to intersection),Daylight,S ROYAL BROUGHAM WAY BETWEEN ALASKAN WAY S AND ALASKAN E RDWY WAY S,0,1,,2,2880209,Dry,51,PEDALCYCLIST STRUCK MOTOR VEHICLE FRONT END AT ANGLE,,21212,0,2,Injury Collision,,45,Bicycle,Matched,N,1,Clear or Partly Cloudy,0,,0,0,N,16-024047
176797,227750,228090,Intersection,Cycles,0, ,,0,,09/22/2016 12:00:00 AM +0000,9/22/2016 5:42:00 PM,1,35421,At Intersection (but not related to intersection),Daylight,54TH AVE S AND S GRATTAN W ST,0,1,,1,E588018,Dry,18,"MOTOR VEHICLE STRUCK PEDALCYCLIST, FRONT END AT ANGLE",,20161,0,2,Injury Collision,,45,Bicycle,Matched,N,1,Clear or Partly Cloudy,0,"(47.528512731000035, -122.26519552799999)",0,0,N,2016-344523
176802,226920,227260,Block,Cycles,244.5, ,,0,,09/02/2016 12:00:00 AM +0000,9/2/2016 5:57:00 AM,0,,Mid-Block (but intersection related),Dawn,LAKE CITY WAY NE BETWEEN 30TH N AVE NE AND 31ST AVE NE,0,1,,2,E581791,Dry,23,"MOTOR VEHICLE STRUCK PEDALCYCLIST, LEFT SIDE SIDESWIPE",,11181,0,1,Property Damage Only Collision,,45,Bicycle,Matched,N,1,Overcast,0,"(47.71826319300004, -122.29583379599995)",0,0,N,2016-317731
176822,226498,226838,Intersection,Cycles,0, ,,0,Y,07/29/2016 12:00:00 AM +0000,7/29/2016 5:27:00 PM,1,28885,At Intersection (intersection related),Daylight,3RD AVE N AND ROY ST,0,1,Y,5,3740267,Dry,18,"MOTOR VEHICLE STRUCK PEDALCYCLIST, FRONT END AT ANGLE",,4398,0,2,Injury Collision,,45,Bicycle,Matched,N,1,Clear or Partly Cloudy,0,"(47.62543769000007, -122.35148024999995)",0,0,N,16-272309
176833,226925,227265,Intersection,Cycles,0, ,,0,Y,09/05/2016 12:00:00 AM +0000,9/5/2016 4:37:00 PM,1,24227,At Intersection (intersection related),Daylight,GREEN LAKE DR N AND STONE AVE N,0,1,,2,E582480,Dry,21,"MOTOR VEHICLE STRUCK PEDALCYCLIST, REAR END",,10683,0,2,Injury Collision,,45,Bicycle,Matched,N,1,Overcast,0,"(47.687656710000056, -122.34180961699997)",0,0,N,2016-322174
176868,225148,225448,Block,Cycles,166, ,,0,,08/07/2016 12:00:00 AM +0000,8/7/2016 12:51:00 PM,1,,Mid-Block (not related to intersection),Daylight,LAKE CITY WAY NE BETWEEN NE 89TH ST AND NE 90TH ST,0,1,,2,E572001,Dry,11,"MOTOR VEHICLE STRUCK MOTOR VEHICLE, FRONT END AT ANGLE",,11154,0,2,Injury Collision,,45,Bicycle,Matched,N,1,Clear or Partly Cloudy,0,"(47.69347500900005, -122.30547684299995)",0,0,N,2016-284450
176883,224922,225222,Intersection,Cycles,0, ,,0,,07/26/2016 12:00:00 AM +0000,7/26/2016 5:21:00 PM,0,25525,At Intersection (intersection related),Daylight,MERIDIAN AVE N AND N 50TH ST,0,1,,2,3769516,Dry,18,"MOTOR VEHICLE STRUCK PEDALCYCLIST, FRONT END AT ANGLE",,11798,0,1,Property Damage Only Collision,,45,Bicycle,Matched,N,1,Clear or Partly Cloudy,0,"(47.66503572100004, -122.33371870099995)",0,0,N,2016-268110
176889,214000,214260,Block,Cycles,96.5, ,,0,Y,02/20/2016 12:00:00 AM +0000,2/20/2016 10:37:00 PM,0,,,Dark - Street Lights Off,E PINE ST BETWEEN BROADWAY AND NAGLE PL,0,1,,2,3704205,Dry,18,"MOTOR VEHICLE STRUCK PEDALCYCLIST, FRONT END AT ANGLE",,14634,0,1,Property Damage Only Collision,,45,Bicycle,Matched,N,1,Clear or Partly Cloudy,0,"(47.61523806900004, -122.32040943099997)",6850,0,N,2016-62006
176902,136700,136700,Intersection,Cycles,0,,,0,,04/23/2012 12:00:00 AM +0000,4/23/2012 5:09:00 PM,1,24475,At Intersection (intersection related),Daylight,ROOSEVELT WAY NE AND NE 69TH ST,0,1,Y,2,3504132,Dry,18,"MOTOR VEHICLE STRUCK PEDALCYCLIST, FRONT END AT ANGLE",12114007,12619,0,2,Injury Collision,,45,Bicycle,Matched,N,1,Clear or Partly Cloudy,0,"(47.678741294000076, -122.31740336499996)",9417,0,N,12-124232
176917,151100,151120,Block,Cycles,135, ,,0,,07/23/2013 12:00:00 AM +0000,7/23/2013 3:48:00 PM,0,,Mid-Block (not related to intersection),Daylight,SW GENESEE ST BETWEEN 25TH AVE SW AND 26TH AVE SW,0,1,,2,3465394,Dry,21,"MOTOR VEHICLE STRUCK PEDALCYCLIST, REAR END",,22200,0,1,Property Damage Only Collision,,45,Bicycle,Matched,N,1,Clear or Partly Cloudy,0,"(47.564726188000066, -122.36491120599999)",32765,0,N,2013-262213
176922,151900,151920,Intersection,Cycles,0, ,,0,,08/07/2013 12:00:00 AM +0000,8/7/2013 12:22:00 PM,1,25545,At Intersection (intersection related),Daylight,STONE WAY N AND N 49TH ST,0,1,Y,4,3502750,Dry,18,"MOTOR VEHICLE STRUCK PEDALCYCLIST, FRONT END AT ANGLE",,12973,0,2,Injury Collision,,45,Bicycle,Matched,N,1,Clear or Partly Cloudy,0,"(47.664289868000026, -122.34068746699995)",0,0,N,13 283138
176973,227947,228287,Intersection,Cycles,0, ,,0,Y,09/30/2016 12:00:00 AM +0000,9/30/2016 4:15:00 PM,1,32298,At Intersection (intersection related),Daylight,15TH AVE S AND S NEVADA ST,0,1,,2,3754736,Dry,18,"MOTOR VEHICLE STRUCK PEDALCYCLIST, FRONT END AT ANGLE",,2157,0,2,Injury Collision,,45,Bicycle,Matched,N,1,Clear or Partly Cloudy,0,"(47.56532118300004, -122.31349054299994)",0,0,N,16-355252
176993,227574,227914,Block,Cycles,63, ,,0,,09/21/2016 12:00:00 AM +0000,9/21/2016 8:00:00 AM,1,,Mid-Block (but intersection related),Daylight,NE 125TH ST BETWEEN ROOSEVELT N WAY NE AND NE 125TH E ST,0,1,,1,E587059,Dry,11,"MOTOR VEHICLE STRUCK MOTOR VEHICLE, FRONT END AT ANGLE",,16479,0,2,Injury Collision,,45,Bicycle,Matched,N,1,Clear or Partly Cloudy,0,"(47.71965916600004, -122.31791270099995)",0,0,N,2016-342526
176994,227573,227913,Intersection,Cycles,0, ,,0,Y,09/06/2016 12:00:00 AM +0000,9/6/2016 3:58:00 PM,1,26977,At Intersection (intersection related),Daylight,FREMONT AVE N AND N 41ST ST,0,1,,4,3769627,Dry,18,"MOTOR VEHICLE STRUCK PEDALCYCLIST, FRONT END AT ANGLE",,10491,0,2,Injury Collision,,45,Bicycle,Matched,N,1,Clear or Partly Cloudy,0,"(47.656662924000045, -122.34994844099998)",0,0,N,2016-323441
177025,225381,225701,Block,Cycles,52, ,,0,,07/27/2016 12:00:00 AM +0000,7/27/2016 2:45:00 PM,1,,Mid-Block (not related to intersection),Daylight,WESTLAKE AVE N BETWEEN GALER S ST AND 8TH N AVE N,0,1,Y,2,3784701,Dry,18,"MOTOR VEHICLE STRUCK PEDALCYCLIST, FRONT END AT ANGLE",,519941,0,2,Injury Collision,,45,Bicycle,Matched,N,1,Clear or Partly Cloudy,0,"(47.632410563000064, -122.34092180899995)",0,0,N,2016-269260
177073,226525,226865,Intersection,Cycles,0, ,,0,,08/22/2016 12:00:00 AM +0000,8/22/2016 7:54:00 PM,1,30688,At Intersection (intersection related),Dusk,29TH AVE S AND S IRVING ST,0,1,,2,3771365,Dry,18,"MOTOR VEHICLE STRUCK PEDALCYCLIST, FRONT END AT ANGLE",,20470,0,2,Injury Collision,,45,Bicycle,Matched,N,1,Clear or Partly Cloudy,0,"(47.59127134600004, -122.29545995599995)",0,0,N,16-303913
177102,225389,225709,Block,Cycles,127.5, ,,0,,07/26/2016 12:00:00 AM +0000,7/26/2016 2:49:00 PM,1,,Mid-Block (not related to intersection),Daylight,6TH AVE BETWEEN OLIVE WAY AND STEWART ST,0,1,,2,3784903,Dry,18,"MOTOR VEHICLE STRUCK PEDALCYCLIST, FRONT END AT ANGLE",,7886,1,2b,Serious Injury Collision,,45,Bicycle,Matched,N,1,Clear or Partly Cloudy,0,"(47.61337526800003, -122.33664679399999)",0,0,N,2016-267891
177122,226538,226878,Intersection,Cycles,0, ,,0,,08/26/2016 12:00:00 AM +0000,8/26/2016 10:58:00 PM,1,29862,At Intersection (intersection related),Dark - Street Lights On,BELLEVUE AVE AND E PINE ST,0,1,,2,3771372,Dry,51,PEDALCYCLIST STRUCK MOTOR VEHICLE FRONT END AT ANGLE,,9213,0,2,Injury Collision,,45,Bicycle,Matched,Y,1,Clear or Partly Cloudy,0,"(47.61521815300006, -122.32680418799998)",0,0,N,2016-309658
177126,226534,226874,Intersection,Cycles,0, ,,0,,08/25/2016 12:00:00 AM +0000,8/25/2016 7:01:00 PM,1,29292,At Intersection (intersection related),Daylight,M L KING JR WAY E AND E MADISON ST,0,1,,3,3771370,Dry,51,PEDALCYCLIST STRUCK MOTOR VEHICLE FRONT END AT ANGLE,,4261,0,2,Injury Collision,,45,Bicycle,Matched,N,1,Clear or Partly Cloudy,0,"(47.62331723700004, -122.29642410499997)",0,0,N,2016-307951
177137,227769,228109,Intersection,Cycles,0, ,,0,,09/22/2016 12:00:00 AM +0000,9/22/2016 1:43:00 PM,1,29914,At Intersection (intersection related),Daylight,6TH AVE AND UNIVERSITY ST,0,1,,3,E588061,Dry,18,"MOTOR VEHICLE STRUCK PEDALCYCLIST, FRONT END AT ANGLE",,7880,0,2,Injury Collision,,45,Bicycle,Matched,N,1,Clear or Partly Cloudy,0,"(47.60916022100008, -122.33264019499995)",0,0,N,2016-344200
177167,225626,225966,Block,Cycles,333.5, ,,0,Y,08/05/2016 12:00:00 AM +0000,8/5/2016 9:20:00 AM,1,,Driveway Junction,Daylight,NE NORTHGATE WAY BETWEEN 8TH AVE NE AND ROOSEVELT WAY NE,0,1,,2,E573739,Dry,51,PEDALCYCLIST STRUCK MOTOR VEHICLE FRONT END AT ANGLE,,18014,0,2,Injury Collision,,45,Bicycle,Matched,N,1,Clear or Partly Cloudy,0,"(47.708569219000026, -122.31920878399995)",0,0,N,2016-281480
177172,227961,228301,Block,Cycles,26,NEI,"Not Enough Information, or Insufficient Location Information",0,,08/18/2016 12:00:00 AM +0000,8/18/2016 4:00:00 PM,0,,Mid-Block (not related to intersection),Daylight,15TH AVE E BETWEEN E HARRISON S ST AND E HARRISON N ST,0,1,,2,3707460,Dry,00,NOT ENOUGH INFORMATION / NOT APPLICABLE,,2006,0,1,Property Damage Only Collision,,45,Bicycle,Matched,N,1,Clear or Partly Cloudy,0,"(47.62201610500006, -122.31264321799995)",0,0,N,2016-303428
177212,224712,225012,Block,Cycles,1883.5, ,,0,,07/05/2016 12:00:00 AM +0000,7/5/2016 2:30:00 PM,1,,Mid-Block (not related to intersection),Daylight,ALASKAN WY VI SB BETWEEN ELLIOTT AV ON RP AND COLUMBIA ST ON RP,0,1,Y,1,E564292,Dry,18,"MOTOR VEHICLE STRUCK PEDALCYCLIST, FRONT END AT ANGLE",,8768,0,2,Injury Collision,,45,Bicycle,Matched,N,1,Clear or Partly Cloudy,0,"(47.606642263000026, -122.340701664)",0,0,N,201637405
177230,226272,226612,Intersection,Cycles,0, ,,0,,08/08/2016 12:00:00 AM +0000,8/8/2016 9:30:00 AM,1,37305,At Intersection (intersection related),Daylight,WALLINGFORD AVE N AND N 97TH ST,0,1,,2,E577614,Dry,18,"MOTOR VEHICLE STRUCK PEDALCYCLIST, FRONT END AT ANGLE",,13394,0,2,Injury Collision,,45,Bicycle,Matched,N,1,Overcast,0,"(47.69959421500005, -122.33654463199997)",0,0,N,2016-285375
177251,151300,151320,Intersection,Cycles,0, ,,0,,07/25/2013 12:00:00 AM +0000,7/25/2013 3:01:00 PM,1,25225,At Intersection (intersection related),Daylight,NW 54TH ST AND NW MARKET ST,0,1,Y,2,3642031,Dry,18,"MOTOR VEHICLE STRUCK PEDALCYCLIST, FRONT END AT ANGLE",,18440,0,2,Injury Collision,,45,Bicycle,Matched,N,1,Clear or Partly Cloudy,0,"(47.66864793900004, -122.39450901099997)",25965,0,N,2013-264848
177284,169200,169220,Block,Cycles,213, ,,0,,06/04/2014 12:00:00 AM +0000,6/4/2014 8:45:00 AM,1,,Mid-Block (not related to intersection),Daylight,BROADWAY BETWEEN E PINE ST AND XW E OLIVE ST,0,1,,1,3701739,Dry,69,PEDALCYCLIST OVERTURNED IN ROAD,,9448,0,2,Injury Collision,,45,Bicycle,Matched,N,0,Clear or Partly Cloudy,0,"(47.61581794700004, -122.32080786599994)",6853,0,N,2014-176258
177288,168900,168920,Intersection,Cycles,0, ,,0,,05/15/2014 12:00:00 AM +0000,5/15/2014 6:22:00 PM,1,28917,At Intersection (intersection related),Daylight,2ND AVE N AND MERCER ST,0,1,,2,3705199,Dry,51,PEDALCYCLIST STRUCK MOTOR VEHICLE FRONT END AT ANGLE,,2775,0,2,Injury Collision,,45,Bicycle,Matched,N,1,Clear or Partly Cloudy,0,"(47.624572741000065, -122.35279216099997)",0,523112,N,14-151689
177316,191200,191280,Block,Cycles,138.5, ,,0,,04/20/2015 12:00:00 AM +0000,4/20/2015 7:49:00 AM,1,,Mid-Block (not related to intersection),Daylight,NE 42ND ST BETWEEN ROOSEVELT N WAY NE AND 11TH AVE NE,0,1,Y,2,3738458,Dry,18,"MOTOR VEHICLE STRUCK PEDALCYCLIST, FRONT END AT ANGLE",,16788,0,2,Injury Collision,,45,Bicycle,Matched,N,1,Clear or Partly Cloudy,0,"(47.658362648000036, -122.31721991299997)",0,0,N,2015-128617
177335,227134,227474,Intersection,Cycles,0, ,,0,,09/03/2016 12:00:00 AM +0000,9/3/2016 1:20:00 PM,1,34876,At Intersection (intersection related),Daylight,25TH AVE SW AND SW BARTON ST,0,1,,2,3693265,Dry,21,"MOTOR VEHICLE STRUCK PEDALCYCLIST, REAR END",,3813,0,2,Injury Collision,,45,Bicycle,Matched,N,1,Clear or Partly Cloudy,0,"(47.52102329200005, -122.36454783799996)",0,0,N,2016-319534
177342,225398,225718,Block,Cycles,270,NEI,"Not Enough Information, or Insufficient Location Information",0,,08/02/2016 12:00:00 AM +0000,8/2/2016 3:55:00 PM,1,,,Daylight,15TH AVE NE BETWEEN NE 43RD ST AND NE 45TH ST,0,1,,2,E569711,Dry,00,NOT ENOUGH INFORMATION / NOT APPLICABLE,,2034,0,2,Injury Collision,,45,Bicycle,Matched,N,1,Clear or Partly Cloudy,0,"(47.660520252000026, -122.31201284599996)",0,0,N,2016-277827
177365,227784,228124,Block,Cycles,181.5, ,,0,,09/10/2016 12:00:00 AM +0000,9/10/2016 6:01:00 PM,1,,Mid-Block (not related to intersection),Daylight,ALKI AVE SW BETWEEN 56TH AVE SW AND 57TH AVE SW,0,1,Y,2,3693270,Dry,11,"MOTOR VEHICLE STRUCK MOTOR VEHICLE, FRONT END AT ANGLE",,8792,0,2,Injury Collision,,45,Bicycle,Matched,N,1,Clear or Partly Cloudy,0,"(47.581545884000036, -122.40458025699996)",0,0,N,2016-328823
177396,164700,164720,Intersection,Cycles,0, ,,0,,03/14/2014 12:00:00 AM +0000,3/14/2014 2:30:00 PM,1,27167,At Intersection (intersection related),Unknown,UNIVERSITY WAY NE AND NE PACIFIC ST,0,1,Y,2,3587239,Unknown,18,"MOTOR VEHICLE STRUCK PEDALCYCLIST, FRONT END AT ANGLE",,13215,0,2,Injury Collision,,45,Bicycle,Matched,N,1,Unknown,0,"(47.65339944100003, -122.31333457599999)",0,522415,N,14-79994
177441,134000,134000,Intersection,Cycles,0,,,0,,04/15/2012 12:00:00 AM +0000,4/15/2012 2:50:00 PM,1,27146,At Intersection (intersection related),Daylight,BROOKLYN AVE NE AND NE PACIFIC ST,0,1,,2,3596935,Dry,11,"MOTOR VEHICLE STRUCK MOTOR VEHICLE, FRONT END AT ANGLE",12106008,9475,0,2,Injury Collision,,45,Bicycle,Matched,N,1,Clear or Partly Cloudy,0,"(47.65359884600008, -122.31448850999999)",31308,0,N,