OBJECTID,INCKEY,COLDETKEY,ADDRTYPE,COLLISIONTYPE,DISTANCE,EXCEPTRSNCODE,EXCEPTRSNDESC,FATALITIES,INATTENTIONIND,INCDATE,INCDTTM,INJURIES,INTKEY,JUNCTIONTYPE,LIGHTCOND,LOCATION,PEDCOUNT,PEDCYLCOUNT,PEDROWNOTGRNT,PERSONCOUNT,REPORTNO,ROADCOND,SDOT_COLCODE,SDOT_COLDESC,SDOTCOLNUM,SEGKEY,SERIOUSINJURIES,SEVERITYCODE,SEVERITYDESC,SPEEDING,ST_COLCODE,ST_COLDESC,STATUS,UNDERINFL,VEHCOUNT,WEATHER,WIDTH,Shape,SEGLANEKEY,CROSSWALKKEY,HITPARKEDCAR,SPDCASENO
177454,166200,166220,Intersection,Cycles,0, ,,0,,04/09/2014 12:00:00 AM +0000,4/9/2014 1:24:00 PM,2,28428,At Intersection (intersection related),Daylight,24TH AVE E AND E LYNN ST,0,1,,3,3701388,Dry,18,"MOTOR VEHICLE STRUCK PEDALCYCLIST, FRONT END AT ANGLE",,3553,0,2,Injury Collision,,45,Bicycle,Matched,N,1,Clear or Partly Cloudy,0,"(47.639530078000064, -122.30208058099998)",22316,0,N,14-108277
177462,185900,185980,Intersection,Cycles,0, ,,0,,02/22/2015 12:00:00 AM +0000,2/22/2015 2:52:00 PM,1,30363,At Intersection (intersection related),Daylight,ALASKAN WAY S AND S MAIN ST,0,1,,2,3641268,Dry,18,"MOTOR VEHICLE STRUCK PEDALCYCLIST, FRONT END AT ANGLE",,8737,0,2,Injury Collision,,45,Bicycle,Matched,N,1,Clear or Partly Cloudy,0,"(47.60004611100004, -122.335910765)",0,0,N,15-60677
177539,146200,146220,Intersection,Cycles,0, ,,0,,05/15/2013 12:00:00 AM +0000,5/15/2013 5:06:00 PM,1,31917,At Intersection (intersection related),Daylight,42ND AVE SW AND SW ALASKA ST,0,1,Y,2,3505516,Wet,18,"MOTOR VEHICLE STRUCK PEDALCYCLIST, FRONT END AT ANGLE",,6599,0,2,Injury Collision,,45,Bicycle,Matched,N,1,Raining,0,"(47.561071852000055, -122.38545807799994)",0,521779,N,13-163682
177556,147200,147220,Intersection,Cycles,0, ,,0,,05/30/2013 12:00:00 AM +0000,5/30/2013 4:56:00 PM,1,29783,At Intersection (intersection related),Daylight,12TH AVE AND E MARION ST,0,1,Y,2,3606084,Dry,51,PEDALCYCLIST STRUCK MOTOR VEHICLE FRONT END AT ANGLE,,1534,0,2,Injury Collision,,45,Bicycle,Matched,N,1,Clear or Partly Cloudy,0,"(47.610395012000026, -122.31677935199997)",10716,0,N,13-183906
177587,163900,163924,Intersection,Cycles,0,NEI,"Not Enough Information, or Insufficient Location Information",0,,02/20/2014 12:00:00 AM +0000,2/20/2014 8:27:00 PM,0,29913,At Intersection (intersection related),Dark - Street Lights On,5TH AVE AND UNION ST,0,1,,5,3577580,Wet,00,NOT ENOUGH INFORMATION / NOT APPLICABLE,,7235,0,1,Property Damage Only Collision,,45,Bicycle,Matched,N,1,Clear or Partly Cloudy,0,"(47.60968542100005, -122.33466559799996)",24889,0,N,14-55547
177607,184800,184880,Block,Cycles,380, ,,0,,01/31/2015 12:00:00 AM +0000,1/31/2015 1:59:00 PM,1,,Driveway Junction,Daylight,1ST AVE S BETWEEN S STACY ST AND S LANDER ST,0,1,,2,3698937,Dry,18,"MOTOR VEHICLE STRUCK PEDALCYCLIST, FRONT END AT ANGLE",,1207,0,2,Injury Collision,,45,Bicycle,Matched,N,1,Overcast,0,"(47.58085453500007, -122.33420024799995)",0,0,N,2015-35415
177614,130400,130400,Block,Cycles,283.5,,,0,,06/29/2011 12:00:00 AM +0000,6/29/2011 8:00:00 PM,1,,Mid-Block (not related to intersection),Daylight,S BRIGHTON ST BETWEEN 30TH AVE S AND 32ND AVE S,0,1,Y,3,3545544,Dry,18,"MOTOR VEHICLE STRUCK PEDALCYCLIST, FRONT END AT ANGLE",11180005,19567,0,2,Injury Collision,,45,Bicycle,Matched,N,1,Clear or Partly Cloudy,0,"(47.54131772900007, -122.29216433899995)",0,0,N,2011-209414
177617,203200,203340,Block,Cycles,185, ,,0,,09/25/2015 12:00:00 AM +0000,9/25/2015 7:41:00 AM,1,,Mid-Block (not related to intersection),Dawn,UNIVERSITY BR BETWEEN FUHRMAN AVE E AND POINT A,0,1,,1,3707999,Wet,69,PEDALCYCLIST OVERTURNED IN ROAD,,13189,0,2,Injury Collision,,45,Bicycle,Matched,N,0,Raining,0,"(47.65202472800007, -122.32092404899998)",0,0,N,2015-335449
177672,160100,160120,Intersection,Cycles,0, ,,0,,01/09/2014 12:00:00 AM +0000,1/9/2014 7:55:00 AM,1,27167,At Intersection (intersection related),Daylight,UNIVERSITY WAY NE AND NE PACIFIC ST,0,1,,2,3646309,Dry,18,"MOTOR VEHICLE STRUCK PEDALCYCLIST, FRONT END AT ANGLE",,13215,0,2,Injury Collision,,45,Bicycle,Matched,N,1,Overcast,0,"(47.65339944100003, -122.31333457599999)",0,522415,N,14-8803
177729,180200,180260,Block,Cycles,336, ,,0,Y,12/03/2014 12:00:00 AM +0000,12/3/2014 5:53:00 PM,1,,Mid-Block (not related to intersection),Dark - Street Lights On,10TH AVE E BETWEEN E ALOHA ST AND E PROSPECT ST,0,1,,2,3626381,Dry,51,PEDALCYCLIST STRUCK MOTOR VEHICLE FRONT END AT ANGLE,,1291,0,2,Injury Collision,,45,Bicycle,Matched,N,1,Clear or Partly Cloudy,0,"(47.627747869000075, -122.32021599599994)",6170,0,N,2014-401430
177731,141400,141400,Block,Cycles,461,,,0,,08/05/2012 12:00:00 AM +0000,8/5/2012 5:33:00 PM,1,,Mid-Block (not related to intersection),Daylight,LAKE WASHINGTON BLVD E BETWEEN E MADISON ST AND ARBORETUM DR E,0,1,,5,3593588,Dry,11,"MOTOR VEHICLE STRUCK MOTOR VEHICLE, FRONT END AT ANGLE",12218017,11209,1,2b,Serious Injury Collision,,45,Bicycle,Matched,Y,1,Clear or Partly Cloudy,0,"(47.627191362000076, -122.29298983499996)",8944,0,N,12-257350
177736,140700,140700,Intersection,Cycles,0, ,,0,,07/24/2012 12:00:00 AM +0000,7/24/2012 5:34:00 PM,1,24760,At Intersection (intersection related),Daylight,20TH AVE NE AND NE 75TH ST,0,1,Y,2,3504261,Dry,51,PEDALCYCLIST STRUCK MOTOR VEHICLE FRONT END AT ANGLE,12206022,2975,0,2,Injury Collision,,45,Bicycle,Matched,N,1,Clear or Partly Cloudy,0,"(47.68304696300004, -122.30668856299997)",0,524374,N,2012-240030
177773,194800,194900,Block,Cycles,133, ,,0,,05/08/2015 12:00:00 AM +0000,5/8/2015 1:20:00 PM,1,,,Daylight,GREENWOOD AVE N BETWEEN N 76TH ST AND N 77TH ST,0,1,,0,E423624,Dry,00,NOT ENOUGH INFORMATION / NOT APPLICABLE,,10743,0,2,Injury Collision,,45,Bicycle,Matched,N,1,Clear or Partly Cloudy,0,"(47.684381650000034, -122.35529799099999)",0,0,Y,2015-150735
177849,82300,82300,Block,Cycles,606.5,,,0,,08/05/2008 12:00:00 AM +0000,8/5/2008,1,,Mid-Block (but intersection related),Daylight,EAST MARGINAL WAY S BETWEEN S RIVER ST AND S BRIGHTON ST,0,1,,2,2894257,Dry,21,"MOTOR VEHICLE STRUCK PEDALCYCLIST, REAR END",08218038,14410,0,2,Injury Collision,,45,Bicycle,Matched,0,1,Clear or Partly Cloudy,0,"(47.54263110100004, -122.32748207299994)",20579,0,N,08-289824
177863,173700,173720,Intersection,Cycles,0, ,,0,,08/14/2014 12:00:00 AM +0000,8/14/2014 12:50:00 PM,1,29913,At Intersection (intersection related),Daylight,5TH AVE AND UNION ST,0,1,,2,3584043,Dry,51,PEDALCYCLIST STRUCK MOTOR VEHICLE FRONT END AT ANGLE,,7235,0,2,Injury Collision,,45,Bicycle,Matched,N,1,Overcast,0,"(47.60968542100005, -122.33466559799996)",24884,0,N,14-269404
177885,174300,174320,Intersection,Cycles,0, ,,0,,08/25/2014 12:00:00 AM +0000,8/25/2014 3:26:00 PM,1,28885,At Intersection (intersection related),Daylight,3RD AVE N AND ROY ST,0,1,,2,3505820,Dry,51,PEDALCYCLIST STRUCK MOTOR VEHICLE FRONT END AT ANGLE,,4398,0,2,Injury Collision,,45,Bicycle,Matched,N,1,Clear or Partly Cloudy,0,"(47.62543769000007, -122.35148024999995)",12407,0,N,2014-283482
178070,103800,103800,Intersection,Cycles,0, ,,0,,03/05/2009 12:00:00 AM +0000,3/5/2009,1,26916,At Intersection (intersection related),Daylight,BURKE AVE N AND N NORTHLAKE WAY,0,1,Y,3,3289763,Wet,18,"MOTOR VEHICLE STRUCK PEDALCYCLIST, FRONT END AT ANGLE",09064020,9499,0,2,Injury Collision,,45,Bicycle,Matched,0,1,Overcast,0,"(47.64687291300004, -122.33516875699996)",0,522489,N,2009-77552
178115,102500,102500,Block,Cycles,154.5,,,0,,07/12/2009 12:00:00 AM +0000,7/12/2009 9:05:00 AM,1,,Mid-Block (not related to intersection),Daylight,24TH AVE E BETWEEN E NEWTON S ST AND E NEWTON N ST,0,1,,1,2899046,Wet,66,PEDALCYCLIST STRUCK OBJECT IN ROAD,09193005,3550,0,2,Injury Collision,Y,45,Bicycle,Matched,0,0,Raining,0,"(47.63748766300006, -122.30152201299995)",22327,0,N,2009-242412
178125,76900,76900,Intersection,Cycles,0,,,0,,02/27/2007 12:00:00 AM +0000,2/27/2007 10:40:00 AM,1,29072,At Intersection (intersection related),Daylight,BROADWAY AND E HOWELL ST,0,1,Y,2,2620912,Dry,18,"MOTOR VEHICLE STRUCK PEDALCYCLIST, FRONT END AT ANGLE",07058004,9450,0,2,Injury Collision,,45,Bicycle,Matched,0,1,Clear or Partly Cloudy,0,"(47.61757128900007, -122.32083582899998)",6828,0,N,07-83289
178239,126500,126500,Intersection,Cycles,0, ,,0,,01/13/2011 12:00:00 AM +0000,1/13/2011 11:30:00 AM,1,29591,At Intersection (intersection related),Daylight,3RD AVE AND UNION ST,0,1,Y,2,3377751,Dry,18,"MOTOR VEHICLE STRUCK PEDALCYCLIST, FRONT END AT ANGLE",11013009,4383,0,2,Injury Collision,,45,Bicycle,Matched,N,1,Overcast,0,"(47.608756225000036, -122.33688460299999)",0,522180,N,2011-14837
178319,226302,226642,Block,Cycles,61, ,,0,,08/22/2016 12:00:00 AM +0000,8/22/2016 3:49:00 PM,1,,Mid-Block (not related to intersection),Daylight,BROADWAY BETWEEN E COLUMBIA ST AND BOYLSTON AVE,0,1,,1,E578736,Dry,66,PEDALCYCLIST STRUCK OBJECT IN ROAD,,9441,0,2,Injury Collision,,45,Bicycle,Matched,N,0,Clear or Partly Cloudy,0,"(47.60940794600003, -122.32075705399996)",0,0,N,2016-303619
178400,126100,126100,Intersection,Cycles,0,,,0,,06/07/2011 12:00:00 AM +0000,6/7/2011,1,37268,At Intersection (intersection related),Daylight,13TH AVE NW AND NW 85TH ST,0,1,Y,2,3466379,Dry,18,"MOTOR VEHICLE STRUCK PEDALCYCLIST, FRONT END AT ANGLE",11158014,1760,0,2,Injury Collision,,45,Bicycle,Matched,0,1,Clear or Partly Cloudy,0,"(47.690626543000064, -122.37276283299997)",0,0,N,2011-182558
178423,124600,124600,Intersection,Cycles,0,,,0,,12/07/2011 12:00:00 AM +0000,12/7/2011 9:57:00 PM,1,26818,At Intersection (intersection related),Dark - Street Lights On,WOODLAND PARK AVE N AND N 43RD N ST,0,1,Y,2,3562409,Dry,18,"MOTOR VEHICLE STRUCK PEDALCYCLIST, FRONT END AT ANGLE",11341002,13659,0,2,Injury Collision,,45,Bicycle,Matched,N,1,Clear or Partly Cloudy,0,"(47.65957519300008, -122.34457937299999)",0,0,N,2011 393887
178461,123900,123900,Intersection,Cycles,0,,,0,,08/17/2011 12:00:00 AM +0000,8/17/2011 9:00:00 PM,1,25478,At Intersection (intersection related),Dark - Street Lights On,MERIDIAN AVE N AND N 61ST ST,0,1,Y,2,3466580,Dry,18,"MOTOR VEHICLE STRUCK PEDALCYCLIST, FRONT END AT ANGLE",11229018,11805,0,2,Injury Collision,Y,45,Bicycle,Matched,Y,1,Clear or Partly Cloudy,0,"(47.67292260200003, -122.33355319199995)",31796,0,N,2011-270456
178476,95700,95700,Block,Cycles,525,,,0,,04/04/2009 12:00:00 AM +0000,4/4/2009,1,,Mid-Block (not related to intersection),Daylight,MARINE VIEW DR SW BETWEEN SW OCEAN VIEW DR AND 35TH AVE SW,0,1,Y,3,2792944,Dry,51,PEDALCYCLIST STRUCK MOTOR VEHICLE FRONT END AT ANGLE,09094007,11657,1,2b,Serious Injury Collision,,45,Bicycle,Matched,0,1,Clear or Partly Cloudy,0,"(47.49962344800008, -122.37790463899995)",31380,0,N,2009-113547
178553,72200,72200,Block,Cycles,126.5,,,0,Y,12/06/2007 12:00:00 AM +0000,12/6/2007,1,,Driveway Junction,Dark - Street Lights On,FAIRVIEW AVE N BETWEEN ALOHA ST AND WARD ST,0,1,,2,2806490,Dry,18,"MOTOR VEHICLE STRUCK PEDALCYCLIST, FRONT END AT ANGLE",07340002,10355,0,2,Injury Collision,,45,Bicycle,Matched,0,1,Clear or Partly Cloudy,0,"(47.62748318200005, -122.332464674)",0,0,N,07-490778
178607,227798,228138,Intersection,Cycles,0, ,,0,,09/12/2016 12:00:00 AM +0000,9/12/2016 5:29:00 PM,1,30363,At Intersection (intersection related),Daylight,ALASKAN WAY S AND S MAIN ST,0,1,Y,2,3696258,Dry,18,"MOTOR VEHICLE STRUCK PEDALCYCLIST, FRONT END AT ANGLE",,8737,0,2,Injury Collision,,45,Bicycle,Matched,N,1,Clear or Partly Cloudy,0,"(47.60004611100004, -122.335910765)",0,0,N,2016-331276
178617,225416,225736,Intersection,Cycles,0, ,,0,Y,07/29/2016 12:00:00 AM +0000,7/29/2016 2:00:00 PM,1,27955,At Intersection (intersection related),Daylight,15TH AVE W AND W HOWE ST,0,1,,2,3785032,Dry,18,"MOTOR VEHICLE STRUCK PEDALCYCLIST, FRONT END AT ANGLE",,2186,0,2,Injury Collision,,45,Bicycle,Matched,N,1,Clear or Partly Cloudy,0,"(47.63595304800003, -122.37613788399995)",0,0,N,2016-272010
178621,225234,225534,Block,Cycles,57.5, ,,0,Y,07/27/2016 12:00:00 AM +0000,7/27/2016 8:01:00 PM,1,,Mid-Block (but intersection related),Daylight,STEWART ST BETWEEN DENNY WAY AND YALE AVE N,0,1,,5,E570440,Dry,18,"MOTOR VEHICLE STRUCK PEDALCYCLIST, FRONT END AT ANGLE",,12911,0,2,Injury Collision,,45,Bicycle,Matched,N,1,Clear or Partly Cloudy,0,"(47.61860765400007, -122.33056755099994)",0,0,N,2016-269685
178677,226094,226434,Block,Cycles,362.5, ,,0,,08/17/2016 12:00:00 AM +0000,8/17/2016 5:53:00 PM,1,,Mid-Block (but intersection related),Daylight,M L KING JR WAY S BETWEEN MOUNTAINS TO SOUND TRL AND S MASSACHUSETTS ST,0,1,,2,3735130,Dry,18,"MOTOR VEHICLE STRUCK PEDALCYCLIST, FRONT END AT ANGLE",,163714,1,2b,Serious Injury Collision,,45,Bicycle,Matched,N,1,Clear or Partly Cloudy,0,"(47.589285405000055, -122.29772708499996)",0,0,N,2016-298052
178693,224733,225033,Intersection,Cycles,0, ,,0,,07/29/2016 12:00:00 AM +0000,7/29/2016 8:00:00 AM,1,29732,At Intersection (intersection related),Daylight,HARVARD AVE AND E OLIVE ST,0,1,,2,2617392,Dry,18,"MOTOR VEHICLE STRUCK PEDALCYCLIST, FRONT END AT ANGLE",,10843,0,2,Injury Collision,,45,Bicycle,Matched,N,1,Clear or Partly Cloudy,0,"(47.61639417100008, -122.32214881099998)",0,0,N,2016-271579
178733,73900,73900,Block,Cycles,167.5,,,0,,01/30/2007 12:00:00 AM +0000,1/30/2007 7:27:00 AM,1,,Mid-Block (not related to intersection),Daylight,EASTLAKE AVE E BETWEEN E HOWE ST AND E NEWTON ST,0,1,,1,2621531,Ice,69,PEDALCYCLIST OVERTURNED IN ROAD,07030036,10174,0,2,Injury Collision,,45,Bicycle,Matched,0,0,Clear or Partly Cloudy,0,"(47.63631851000008, -122.32574173699999)",24776,0,N,07-42036
178739,63600,63600,Intersection,Cycles,0,,,0,,05/16/2006 12:00:00 AM +0000,5/16/2006 6:30:00 AM,1,35587,At Intersection (intersection related),Daylight,1ST AVE NW AND NW 143RD ST,0,1,,2,2188744,Dry,51,PEDALCYCLIST STRUCK MOTOR VEHICLE FRONT END AT ANGLE,06136002,15233,0,2,Injury Collision,,45,Bicycle,Matched,0,1,Clear or Partly Cloudy,0,"(47.73232119800008, -122.35825029699998)",0,0,N,06-195739
178761,66700,66700,Intersection,Cycles,0,,,0,,06/02/2007 12:00:00 AM +0000,6/2/2007,1,38204,At Intersection (intersection related),Daylight,68TH AVE S AND RAINIER AVE S,0,1,,2,2806857,Dry,18,"MOTOR VEHICLE STRUCK PEDALCYCLIST, FRONT END AT ANGLE",07153002,8147,0,2,Injury Collision,,45,Bicycle,Matched,0,1,Clear or Partly Cloudy,0,"(47.51161897600008, -122.24832390399996)",5012,0,N,07-221336
178774,226310,226650,Block,Cycles,143.5, ,,0,,08/26/2016 12:00:00 AM +0000,8/26/2016 4:15:00 PM,1,,Mid-Block (not related to intersection),Daylight,S BENNETT ST BETWEEN 4TH AVE S AND 5TH AVE S,0,1,,2,E578125,Dry,18,"MOTOR VEHICLE STRUCK PEDALCYCLIST, FRONT END AT ANGLE",,19488,0,2,Injury Collision,,45,Bicycle,Matched,Y,1,Clear or Partly Cloudy,0,"(47.554894991000026, -122.32895870299996)",0,0,N,2016-309169
178777,226307,226647,Block,Cycles,400, ,,0,Y,08/22/2016 12:00:00 AM +0000,8/22/2016 3:07:00 PM,1,,Mid-Block (not related to intersection),Daylight,4TH AVE S BETWEEN S HOLGATE ST AND S WALKER ST,0,1,,2,E578123,Dry,18,"MOTOR VEHICLE STRUCK PEDALCYCLIST, FRONT END AT ANGLE",,6237,0,2,Injury Collision,,45,Bicycle,Matched,N,1,Clear or Partly Cloudy,0,"(47.58507506500007, -122.32905801199996)",0,0,N,2016-303563
178850,58800,58800,Intersection,Cycles,0,,,0,,05/07/2006 12:00:00 AM +0000,5/7/2006,1,24363,At Intersection (intersection related),Daylight,PHINNEY AVE N AND N 65TH ST,0,1,,1,2188851,Dry,51,PEDALCYCLIST STRUCK MOTOR VEHICLE FRONT END AT ANGLE,06127003,12160,1,2b,Serious Injury Collision,,45,Bicycle,Matched,0,0,Overcast,0,"(47.67602257000004, -122.35435321899996)",0,0,N,60183119
178856,57800,57800,Block,Cycles,501.5,,,0,,08/09/2006 12:00:00 AM +0000,8/9/2006,1,,Mid-Block (not related to intersection),Daylight,21ST AVE W BETWEEN ELLIOTT BAY TRL AND THORNDYKE AVE W,0,1,Y,2,2410889,Dry,18,"MOTOR VEHICLE STRUCK PEDALCYCLIST, FRONT END AT ANGLE",06221003,3212,0,2,Injury Collision,,45,Bicycle,Matched,0,1,Clear or Partly Cloudy,0,"(47.643384196000056, -122.38331494199997)",0,0,N,06-334251
178898,59500,59500,Intersection,Cycles,0,,,0,,04/27/2006 12:00:00 AM +0000,4/27/2006 11:08:00 AM,1,33034,At Intersection (intersection related),Daylight,1ST AVE S AND S LUCILE ST,0,1,,2,2060439,Dry,51,PEDALCYCLIST STRUCK MOTOR VEHICLE FRONT END AT ANGLE,06117003,1221,1,2b,Serious Injury Collision,,45,Bicycle,Matched,0,1,Clear or Partly Cloudy,0,"(47.55342592800008, -122.33421550999998)",0,0,N,06 167431
179021,228344,228684,Intersection,Cycles,0, ,,0,Y,09/12/2016 12:00:00 AM +0000,9/12/2016 5:19:00 PM,1,30543,At Intersection (intersection related),Daylight,MAYNARD AVE S AND S DEARBORN ST,0,1,,2,3785291,Dry,51,PEDALCYCLIST STRUCK MOTOR VEHICLE FRONT END AT ANGLE,,11704,0,2,Injury Collision,,45,Bicycle,Matched,N,1,Clear or Partly Cloudy,0,"(47.59583534300003, -122.32506845099999)",0,0,N,16-331261
179045,225436,225756,Intersection,Cycles,0, ,,0,,07/22/2016 12:00:00 AM +0000,7/22/2016 6:53:00 PM,1,29052,At Intersection (intersection related),Daylight,BROADWAY E AND E OLIVE WAY,0,1,,2,E573069,Dry,18,"MOTOR VEHICLE STRUCK PEDALCYCLIST, FRONT END AT ANGLE",,9452,0,2,Injury Collision,,45,Bicycle,Matched,N,1,Clear or Partly Cloudy,0,"(47.61990774700007, -122.32087289199995)",0,0,N,2016-262831
179049,224747,225047,Block,Cycles,190.5, ,,0,,07/28/2016 12:00:00 AM +0000,7/28/2016 5:01:00 PM,1,,Mid-Block (not related to intersection),Daylight,29TH AVE E BETWEEN E MADISON E ST AND E ROY W ST,0,1,,2,3704824,Dry,21,"MOTOR VEHICLE STRUCK PEDALCYCLIST, REAR END",,4280,0,2,Injury Collision,,45,Bicycle,Matched,N,1,Clear or Partly Cloudy,0,"(47.624617123000064, -122.29552890499997)",0,0,N,2016-270835
179051,224746,225046,Block,Cycles,168, ,,0,,07/26/2016 12:00:00 AM +0000,7/26/2016 6:52:00 PM,1,,Mid-Block (not related to intersection),Dusk,NW 36TH ST BETWEEN 1ST AVE NW AND LEARY WAY NW,0,1,,4,E567416,Dry,11,"MOTOR VEHICLE STRUCK MOTOR VEHICLE, FRONT END AT ANGLE",,18282,0,2,Injury Collision,,45,Bicycle,Matched,Y,2,Clear or Partly Cloudy,0,"(47.653109821000044, -122.35830711399996)",0,0,N,2016-268223
179076,47700,47700,Intersection,Cycles,0, ,,0,,08/10/2005 12:00:00 AM +0000,8/10/2005 7:47:00 AM,0,32617,At Intersection (intersection related),Daylight,48TH AVE S AND S ALASKA ST,0,1,,3,2026404,Dry,51,PEDALCYCLIST STRUCK MOTOR VEHICLE FRONT END AT ANGLE,05222006,7097,0,1,Property Damage Only Collision,,45,Bicycle,Matched,0,1,Overcast,0,"(47.560577264000074, -122.27321465799997)",0,0,N,05-339150
179094,61000,61000,Intersection,Cycles,0,,,0,,04/18/2006 12:00:00 AM +0000,4/18/2006 12:45:00 PM,1,25756,At Intersection (intersection related),Daylight,ROOSEVELT WAY NE AND NE RAVENNA WB BV,0,1,Y,2,2188253,Dry,18,"MOTOR VEHICLE STRUCK PEDALCYCLIST, FRONT END AT ANGLE",06108005,12610,0,2,Injury Collision,,45,Bicycle,Matched,0,1,Clear or Partly Cloudy,0,"(47.67226898800004, -122.31736339599996)",0,0,N,06-155684
179152,226345,226685,Intersection,Cycles,0, ,,0,,08/23/2016 12:00:00 AM +0000,8/23/2016 5:59:00 PM,1,37625,At Intersection (intersection related),Daylight,RAVENNA AVE NE AND NE 98TH ST,0,1,Y,4,3767509,Dry,51,PEDALCYCLIST STRUCK MOTOR VEHICLE FRONT END AT ANGLE,,12480,1,2b,Serious Injury Collision,,45,Bicycle,Matched,N,1,Clear or Partly Cloudy,0,"(47.70025636500003, -122.30131815199996)",0,0,N,16-305153
179162,226779,227119,Intersection,Cycles,0, ,,0,Y,08/26/2016 12:00:00 AM +0000,8/26/2016 5:26:00 PM,1,27043,At Intersection (intersection related),Daylight,TROLL AVE N AND N 34TH ST,0,1,,3,3762401,Dry,18,"MOTOR VEHICLE STRUCK PEDALCYCLIST, FRONT END AT ANGLE",,9002,0,2,Injury Collision,,45,Bicycle,Matched,N,1,Clear or Partly Cloudy,0,"(47.64924012200004, -122.34741874299999)",8816,0,N,16-309251
179216,39000,39000,Intersection,Cycles,0,,,0,,06/15/2005 12:00:00 AM +0000,6/15/2005 7:12:00 PM,1,25949,At Intersection (intersection related),Daylight,25TH AVE NE AND NE BLAKELEY ST,0,1,,2,2023608,Dry,18,"MOTOR VEHICLE STRUCK PEDALCYCLIST, FRONT END AT ANGLE",05166021,3723,0,2,Injury Collision,,45,Bicycle,Matched,0,1,Clear or Partly Cloudy,0,"(47.66626671800003, -122.30060497999995)",0,0,N,5248693
179249,44200,44200,Block,Cycles,161,,,0,,08/03/2005 12:00:00 AM +0000,8/3/2005,0,,Driveway Junction,Daylight,STEWART ST BETWEEN MINOR AVE AND YALE AVE,0,1,,2,1792972,Dry,51,PEDALCYCLIST STRUCK MOTOR VEHICLE FRONT END AT ANGLE,05215009,12909,0,1,Property Damage Only Collision,,45,Bicycle,Matched,0,1,Clear or Partly Cloudy,0,"(47.61794061900008, -122.33143031499998)",0,0,N,05-327068
179289,227641,227981,Block,Cycles,213, ,,0,,09/08/2016 12:00:00 AM +0000,9/8/2016 7:45:00 AM,1,,Mid-Block (not related to intersection),Daylight,BROADWAY BETWEEN E PINE ST AND XW E OLIVE ST,0,1,,1,3771388,Wet,26,MOTOR VEHICLE STRUCK OBJECT IN ROAD,,9448,0,2,Injury Collision,,45,Bicycle,Matched,N,0,Overcast,0,"(47.61581794700004, -122.32080786599994)",0,0,N,2016-325530
179297,227360,227700,Block,Cycles,375, ,,0,,09/13/2016 12:00:00 AM +0000,9/13/2016 1:53:00 PM,1,,Driveway Junction,Daylight,4TH AVE S BETWEEN S MASSACHUSETTS ST AND S HOLGATE ST,0,1,Y,3,3579106,Dry,24,MOTOR VEHCILE STRUCK PEDESTRIAN,,6236,0,2,Injury Collision,,45,Bicycle,Matched,N,1,Clear or Partly Cloudy,0,"(47.58719993200003, -122.32905681799997)",0,0,N,2016-332317
179313,225926,226266,Block,Cycles,153, ,,0,,08/23/2016 12:00:00 AM +0000,8/23/2016 4:55:00 PM,2,,Mid-Block (not related to intersection),Daylight,3RD AVE BETWEEN COLUMBIA ST AND MARION ST,1,1,,2,E577101,Dry,64,PEDALCYCLIST STRUCK PEDESTRIAN,,4377,0,2,Injury Collision,,45,Bicycle,Matched,N,0,Clear or Partly Cloudy,0,"(47.60455266000008, -122.33303932799998)",0,0,N,2016-305067
179334,225048,225348,Block,Cycles,366.5, ,,0,Y,07/23/2016 12:00:00 AM +0000,7/23/2016 1:21:00 PM,0,,Mid-Block (not related to intersection),Daylight,HARBOR AVE SW BETWEEN FAIRMOUNT AVE SW AND SW BRONSON WAY,0,1,,2,3780848,Dry,18,"MOTOR VEHICLE STRUCK PEDALCYCLIST, FRONT END AT ANGLE",,10816,0,1,Property Damage Only Collision,,45,Bicycle,Matched,N,1,Clear or Partly Cloudy,0,"(47.58635654900007, -122.37709106599999)",0,0,N,2016-263818
179432,228389,228729,Block,Cycles,662.5, ,,1,,09/21/2016 12:00:00 AM +0000,9/21/2016 4:20:00 PM,0,,Mid-Block (not related to intersection),Daylight,1ST AVE NE BETWEEN NE 95TH ST AND NE 100TH ST,0,1,,2,3787337,Dry,18,"MOTOR VEHICLE STRUCK PEDALCYCLIST, FRONT END AT ANGLE",,1093,0,3,Fatality Collision,,45,Bicycle,Matched,Y,1,Clear or Partly Cloudy,0,"(47.69954623600006, -122.32847784199998)",0,0,N,2016-343041
179437,228383,228723,Intersection,Cycles,0, ,,0,Y,09/16/2016 12:00:00 AM +0000,9/16/2016 1:30:00 AM,1,33046,At Intersection (intersection related),Dark - Street Lights On,1ST AVE S AND EAST MARGINAL WAY S,0,1,,2,3787319,Dry,14,"MOTOR VEHICLE STRUCK MOTOR VEHICLE, REAR END",,14404,0,2,Injury Collision,,45,Bicycle,Matched,N,1,Raining,0,"(47.54827138300004, -122.33430913199999)",0,0,N,2016-340138
179464,226598,226938,Intersection,Cycles,0, ,,0,,08/26/2016 12:00:00 AM +0000,8/26/2016 7:56:00 AM,0,31296,At Intersection (intersection related),Daylight,15TH AVE S AND BEACON AVE S,0,1,Y,2,3783205,Dry,51,PEDALCYCLIST STRUCK MOTOR VEHICLE FRONT END AT ANGLE,,2143,0,1,Property Damage Only Collision,,45,Bicycle,Matched,N,1,Clear or Partly Cloudy,0,"(47.580593220000026, -122.31341202099998)",0,0,N,2016-308605