OBJECTID,INCKEY,COLDETKEY,ADDRTYPE,COLLISIONTYPE,DISTANCE,EXCEPTRSNCODE,EXCEPTRSNDESC,FATALITIES,INATTENTIONIND,INCDATE,INCDTTM,INJURIES,INTKEY,JUNCTIONTYPE,LIGHTCOND,LOCATION,PEDCOUNT,PEDCYLCOUNT,PEDROWNOTGRNT,PERSONCOUNT,REPORTNO,ROADCOND,SDOT_COLCODE,SDOT_COLDESC,SDOTCOLNUM,SEGKEY,SERIOUSINJURIES,SEVERITYCODE,SEVERITYDESC,SPEEDING,ST_COLCODE,ST_COLDESC,STATUS,UNDERINFL,VEHCOUNT,WEATHER,WIDTH,Shape,SEGLANEKEY,CROSSWALKKEY,HITPARKEDCAR,SPDCASENO
179476,225458,225778,Block,Cycles,304, ,,0,,07/27/2016 12:00:00 AM +0000,7/27/2016 3:30:00 PM,1,,Mid-Block (not related to intersection),Daylight,ALASKAN WAY BETWEEN VINE ST AND CLAY ST,0,1,,2,E572086,Dry,21,"MOTOR VEHICLE STRUCK PEDALCYCLIST, REAR END",,8732,0,2,Injury Collision,,45,Bicycle,Matched,N,1,Overcast,0,"(47.61388302300003, -122.35309719799994)",0,0,N,2016-269319
179501,225933,226273,Block,Cycles,213, ,,0,,08/28/2016 12:00:00 AM +0000,8/28/2016 12:17:00 PM,1,,Mid-Block (not related to intersection),Daylight,5TH AVE N BETWEEN DENNY WAY AND JOHN ST,0,1,,2,3785257,Dry,18,"MOTOR VEHICLE STRUCK PEDALCYCLIST, FRONT END AT ANGLE",,7250,0,2,Injury Collision,,45,Bicycle,Matched,N,1,Clear or Partly Cloudy,0,"(47.61915388600005, -122.34761595699996)",0,0,N,16-311619
179522,225756,226096,Block,Cycles,153.5, ,,0,,08/11/2016 12:00:00 AM +0000,8/11/2016 5:35:00 PM,1,,Driveway Junction,Daylight,6TH AVE BETWEEN JAMES ST AND CHERRY ST,0,1,Y,2,E574406,Dry,18,"MOTOR VEHICLE STRUCK PEDALCYCLIST, FRONT END AT ANGLE",,7873,0,2,Injury Collision,,45,Bicycle,Matched,N,1,Clear or Partly Cloudy,0,"(47.60451764100003, -122.32840497599994)",0,0,N,2016-289969
179564,224786,225086,Intersection,Cycles,0, ,,0,,07/21/2016 12:00:00 AM +0000,7/21/2016 1:32:00 PM,1,25416,At Intersection (intersection related),Daylight,15TH AVE NW AND NW MARKET ST,0,1,Y,2,3769675,Dry,51,PEDALCYCLIST STRUCK MOTOR VEHICLE FRONT END AT ANGLE,,2102,0,2,Injury Collision,,45,Bicycle,Matched,N,1,Clear or Partly Cloudy,0,"(47.668666908000034, -122.376214474)",0,0,N,2016-261006
179567,224783,225083,Block,Cycles,53.5, ,,0,,07/17/2016 12:00:00 AM +0000,7/17/2016 9:45:00 AM,1,,Mid-Block (not related to intersection),Daylight,MONTLAKE BLVD E BETWEEN MONTLAKE BV ON RP AND E HAMLIN ST,0,1,Y,2,3769502,Dry,18,"MOTOR VEHICLE STRUCK PEDALCYCLIST, FRONT END AT ANGLE",,11907,0,2,Injury Collision,,45,Bicycle,Matched,N,1,Clear or Partly Cloudy,0,"(47.64540885900004, -122.30461405599999)",0,0,N,2016-260917
179575,28900,28900,Block,Cycles,263.5,,,0,,10/12/2004 12:00:00 AM +0000,10/12/2004 5:30:00 PM,1,,Driveway Junction,Daylight,E MADISON ST BETWEEN LAKE WASHINGTON BLVD E AND 32ND AVE E,0,1,Y,2,1798856,Dry,23,"MOTOR VEHICLE STRUCK PEDALCYCLIST, LEFT SIDE SIDESWIPE",04286031,14365,0,2,Injury Collision,,45,Bicycle,Matched,0,1,Clear or Partly Cloudy,0,"(47.62652804500004, -122.29168646899996)",0,0,N,04 429358
179594,30200,30200,Intersection,Cycles,0,,,0,,08/09/2004 12:00:00 AM +0000,8/9/2004,1,25792,At Intersection (intersection related),Daylight,BROOKLYN AVE NE AND NE 50TH ST,0,1,,2,1776531,Dry,18,"MOTOR VEHICLE STRUCK PEDALCYCLIST, FRONT END AT ANGLE",04222005,9484,0,2,Injury Collision,,45,Bicycle,Matched,0,1,Clear or Partly Cloudy,0,"(47.66490847500006, -122.31421009099995)",0,0,N,04-332762
179620,27600,27600,Block,Cycles,329.5,,,0,,06/12/2004 12:00:00 AM +0000,6/12/2004 12:31:00 PM,1,,Mid-Block (not related to intersection),Daylight,10TH AVE E BETWEEN E LYNN ST AND E MILLER ST,0,1,,3,1772594,Dry,55,PEDALCYCLIST STRUCK MOTOR VEHICLE RIGHT SIDE SIDESWIPE,04164010,1300,1,2b,Serious Injury Collision,,45,Bicycle,Matched,0,1,Clear or Partly Cloudy,0,"(47.64044969200006, -122.32006083999994)",0,0,N,04 239151
179626,25000,25000,Block,Cycles,213,,,0,,01/23/2004 12:00:00 AM +0000,1/23/2004 8:45:00 AM,1,,Mid-Block (not related to intersection),Daylight,DEXTER AVE N BETWEEN HARRISON ST AND REPUBLICAN ST,0,1,,2,1777159,Unknown,56,PEDALCYCLIST STRUCK MOTOR VEHICLE LEFT SIDE SIDESWIPE,04023036,10074,0,2,Injury Collision,,45,Bicycle,Matched,0,1,Unknown,0,"(47.62263838000007, -122.34236643899999)",0,0,N,04-033774
179659,226607,226947,Intersection,Cycles,0, ,,0,,08/25/2016 12:00:00 AM +0000,8/25/2016 4:45:00 PM,1,28741,At Intersection (intersection related),Daylight,DEXTER AVE N AND ROY ST,0,1,,2,3785204,Dry,18,"MOTOR VEHICLE STRUCK PEDALCYCLIST, FRONT END AT ANGLE",,10078,0,2,Injury Collision,,45,Bicycle,Matched,N,1,Clear or Partly Cloudy,0,"(47.62540330500008, -122.34234200999998)",0,523519,N,2016-307787
179666,226605,226945,Intersection,Cycles,0, ,,0,,08/16/2016 12:00:00 AM +0000,8/16/2016 5:13:00 PM,2,30447,At Intersection (intersection related),Daylight,8TH AVE S AND S DEARBORN ST,0,1,,2,3785176,Dry,51,PEDALCYCLIST STRUCK MOTOR VEHICLE FRONT END AT ANGLE,,19830,1,2b,Serious Injury Collision,,45,Bicycle,Matched,N,1,Clear or Partly Cloudy,0,"(47.59583116700003, -122.32245866299996)",0,0,N,2016-296607
179678,227653,227993,Intersection,Cycles,0, ,,0,Y,09/21/2016 12:00:00 AM +0000,9/21/2016 9:07:00 AM,1,26897,At Intersection (intersection related),Daylight,STONE WAY N AND N 35TH ST,0,1,,1,E587424,Dry,18,"MOTOR VEHICLE STRUCK PEDALCYCLIST, FRONT END AT ANGLE",,12956,0,2,Injury Collision,,45,Bicycle,Matched,N,1,Overcast,0,"(47.64941986700006, -122.34273258699994)",0,0,N,2016-342495
179787,1361,1361,Intersection,Cycles,0, ,,0,,04/02/2013 12:00:00 AM +0000,4/2/2013 6:42:00 PM,1,29817,At Intersection (intersection related),Daylight,BOREN AVE AND JEFFERSON ST,0,1,,2,3593847,Dry,18,"MOTOR VEHICLE STRUCK PEDALCYCLIST, FRONT END AT ANGLE",,9309,0,2,Injury Collision,,45,Bicycle,Matched,N,1,Clear or Partly Cloudy,0,"(47.60576976800007, -122.32187715399999)",25156,0,N,13-110817
179843,1355,1355,Block,Cycles,100, ,,0,,04/02/2013 12:00:00 AM +0000,4/2/2013 8:59:00 AM,1,,Mid-Block (not related to intersection),Daylight,DEXTER AVE N BETWEEN GARFIELD N ST AND HAYES ST,0,1,Y,2,3546508,Dry,18,"MOTOR VEHICLE STRUCK PEDALCYCLIST, FRONT END AT ANGLE",,10086,0,2,Injury Collision,,45,Bicycle,Matched,N,1,Clear or Partly Cloudy,0,"(47.63369314900007, -122.34228335199998)",12978,0,N,2013-110174
179848,1350,1350,Intersection,Cycles,0, ,,0,Y,04/02/2013 12:00:00 AM +0000,4/2/2013 7:15:00 PM,1,35095,At Intersection (intersection related),Dusk,10TH AVE S AND S CLOVERDALE ST,0,1,,5,3380693,Dry,51,PEDALCYCLIST STRUCK MOTOR VEHICLE FRONT END AT ANGLE,,1338,0,2,Injury Collision,,45,Bicycle,Matched,N,1,Overcast,0,"(47.52645748000003, -122.32028400599995)",29054,0,N,13-110847
179864,1290,1290,Intersection,Cycles,0, ,,0,,03/29/2013 12:00:00 AM +0000,3/29/2013 11:53:00 AM,1,29878,At Intersection (intersection related),Unknown,BOREN AVE AND PIKE ST,0,1,Y,3,3581633,Dry,18,"MOTOR VEHICLE STRUCK PEDALCYCLIST, FRONT END AT ANGLE",,9319,0,2,Injury Collision,,45,Bicycle,Matched,N,1,Clear or Partly Cloudy,0,"(47.613465820000044, -122.32891310199994)",25242,0,N,13-105308
179870,228397,228737,Block,Cycles,78.5, ,,0,,09/29/2016 12:00:00 AM +0000,9/29/2016 6:27:00 PM,1,,Driveway Junction,Daylight,RAINIER AVE S BETWEEN S COLLEGE N ST AND S COLLEGE S ST,0,1,Y,1,E590400,Dry,18,"MOTOR VEHICLE STRUCK PEDALCYCLIST, FRONT END AT ANGLE",,12361,0,2,Injury Collision,,45,Bicycle,Matched,N,1,Clear or Partly Cloudy,0,"(47.582955336000055, -122.30166480099996)",0,0,N,16-353924
179883,227657,227997,Block,Cycles,161, ,,0,,09/20/2016 12:00:00 AM +0000,9/20/2016 9:10:00 AM,0,,Mid-Block (but intersection related),Daylight,PINE ST BETWEEN 4TH AVE AND 5TH AVE,0,1,,1,E587426,Dry,21,"MOTOR VEHICLE STRUCK PEDALCYCLIST, REAR END",,12216,0,1,Property Damage Only Collision,,45,Bicycle,Matched,N,1,Clear or Partly Cloudy,0,"(47.61143896100003, -122.33703967999998)",0,0,N,2016-341044
179884,225950,226290,Intersection,Cycles,0, ,,0,,08/22/2016 12:00:00 AM +0000,8/22/2016 6:19:00 PM,1,32589,At Intersection (intersection related),Daylight,50TH AVE S AND S GENESEE ST,0,1,,2,E577486,Dry,18,"MOTOR VEHICLE STRUCK PEDALCYCLIST, FRONT END AT ANGLE",,7441,0,2,Injury Collision,,45,Bicycle,Matched,N,1,Clear or Partly Cloudy,0,"(47.56411286800005, -122.27072668699998)",0,0,N,2016-303819
179888,226620,226960,Intersection,Cycles,0, ,,0,,07/19/2016 12:00:00 AM +0000,7/19/2016 7:57:00 AM,1,287171,At Intersection (intersection related),Daylight,BURKE GILMAN TRL AND NE 65TH ST,0,1,,2,E565360,Dry,18,"MOTOR VEHICLE STRUCK PEDALCYCLIST, FRONT END AT ANGLE",,287215,0,2,Injury Collision,,45,Bicycle,Matched,N,1,Clear or Partly Cloudy,0,"(47.67573704200004, -122.26656513399996)",0,0,N,2016-257817
179891,225948,226288,Intersection,Cycles,0, ,,0,,08/26/2016 12:00:00 AM +0000,8/26/2016 9:38:00 AM,1,29954,At Intersection (intersection related),Daylight,5TH AVE AND MARION ST,0,1,Y,2,3785279,Dry,24,MOTOR VEHCILE STRUCK PEDESTRIAN,,7229,0,2,Injury Collision,,45,Bicycle,Matched,N,1,Clear or Partly Cloudy,0,"(47.60583916300004, -122.33114608099999)",0,0,N,2016-308698
179896,226611,226951,Intersection,Cycles,0, ,,0,,08/29/2016 12:00:00 AM +0000,8/29/2016 6:00:00 PM,0,28741,At Intersection (intersection related),Daylight,DEXTER AVE N AND ROY ST,0,1,,2,3785281,Dry,51,PEDALCYCLIST STRUCK MOTOR VEHICLE FRONT END AT ANGLE,,10078,0,1,Property Damage Only Collision,,45,Bicycle,Matched,N,1,Clear or Partly Cloudy,0,"(47.62540330500008, -122.34234200999998)",0,0,N,2016-313376
179914,225777,226117,Block,Cycles,153, ,,0,Y,08/02/2016 12:00:00 AM +0000,8/2/2016 9:12:00 AM,1,,Driveway Junction,Daylight,1ST AVE BETWEEN SPRING ST AND SENECA ST,0,1,,3,E569189,Dry,18,"MOTOR VEHICLE STRUCK PEDALCYCLIST, FRONT END AT ANGLE",,1005,0,2,Injury Collision,,45,Bicycle,Matched,N,1,Clear or Partly Cloudy,0,"(47.60576386300005, -122.33721651799999)",0,0,N,2016-277219
179938,225780,226120,Intersection,Cycles,0, ,,0,,08/02/2016 12:00:00 AM +0000,8/2/2016 5:13:00 PM,1,28027,At Intersection (but not related to intersection),Daylight,DEXTER AVE N AND HAYES ST,0,1,,2,E570698,Dry,16,"MOTOR VEHICLE STRUCK MOTOR VEHICLE, LEFT SIDE SIDESWIPE",,10087,0,2,Injury Collision,,45,Bicycle,Matched,N,1,Clear or Partly Cloudy,0,"(47.63396882600006, -122.34228374299994)",0,0,N,2016-277857
179939,225779,226119,Block,Cycles,213, ,,0,Y,08/01/2016 12:00:00 AM +0000,8/1/2016 6:39:00 PM,1,,Mid-Block (not related to intersection),Daylight,GREEN LAKE DR N BETWEEN N 80TH ST AND STONE AVE N,0,1,,2,E570321,Dry,18,"MOTOR VEHICLE STRUCK PEDALCYCLIST, FRONT END AT ANGLE",,10682,0,2,Injury Collision,,45,Bicycle,Matched,N,1,Clear or Partly Cloudy,0,"(47.68729740900005, -122.34112502299996)",0,0,N,2016-276548
179960,228086,228426,Block,Cycles,86.5, ,,0,,09/27/2016 12:00:00 AM +0000,9/27/2016 6:31:00 PM,1,,Mid-Block (not related to intersection),Dusk,DEXTER AVE N BETWEEN 4TH S AVE N AND WESTLAKE AVE N,0,1,,3,3739978,Dry,18,"MOTOR VEHICLE STRUCK PEDALCYCLIST, FRONT END AT ANGLE",,10095,0,2,Injury Collision,,45,Bicycle,Matched,N,1,Clear or Partly Cloudy,0,"(47.645916260000035, -122.34965185899995)",0,0,N,2016-351193
179976,227387,227727,Block,Cycles,692.5, ,,0,,09/14/2016 12:00:00 AM +0000,9/14/2016 6:45:00 PM,1,,Mid-Block (not related to intersection),Unknown,HARBOR AVE SW BETWEEN SW MARYLAND PL AND CALIFORNIA WAY SW,0,1,,2,3692965,Unknown,11,"MOTOR VEHICLE STRUCK MOTOR VEHICLE, FRONT END AT ANGLE",,10814,1,2b,Serious Injury Collision,,45,Bicycle,Matched,N,1,Unknown,0,"(47.59131555300007, -122.38237552699997)",0,0,N,2016-336178
180003,226392,226732,Intersection,Cycles,0, ,,0,,08/11/2016 12:00:00 AM +0000,8/11/2016 6:09:00 PM,1,36423,At Intersection (intersection related),Daylight,FREMONT AVE N AND N 105TH ST,0,1,,2,E578336,Dry,18,"MOTOR VEHICLE STRUCK PEDALCYCLIST, FRONT END AT ANGLE",,10548,0,2,Injury Collision,,45,Bicycle,Matched,N,1,Clear or Partly Cloudy,0,"(47.705067504000056, -122.35007343599995)",0,0,N,2016-290011
180039,225788,226128,Block,Cycles,52.5, ,,0,Y,08/04/2016 12:00:00 AM +0000,8/4/2016 10:08:00 AM,1,,Driveway Junction,Daylight,DEXTER AVE N BETWEEN MERCER ST AND BROAD ST,0,1,,2,E570576,Dry,18,"MOTOR VEHICLE STRUCK PEDALCYCLIST, FRONT END AT ANGLE",,10076,0,2,Injury Collision,,45,Bicycle,Matched,N,1,Clear or Partly Cloudy,0,"(47.62469271300006, -122.34234357199995)",0,0,N,16-280104
180046,225524,225844,Intersection,Cycles,0, ,,0,,08/18/2016 12:00:00 AM +0000,8/18/2016 2:45:00 PM,1,30553,At Intersection (intersection related),Daylight,4TH AVE S AND S ROYAL BROUGHAM WAY,0,1,,2,E575508,Dry,18,"MOTOR VEHICLE STRUCK PEDALCYCLIST, FRONT END AT ANGLE",,6234,0,2,Injury Collision,,45,Bicycle,Matched,N,1,Clear or Partly Cloudy,0,"(47.592394383000055, -122.32904874399998)",0,0,N,2016-299202
180080,228095,228435,Block,Cycles,451.5, ,,0,,09/14/2016 12:00:00 AM +0000,9/14/2016 7:42:00 AM,0,,Driveway Junction,Daylight,S HENDERSON ST BETWEEN RAINIER AVE S AND 53RD AVE S,0,1,,2,3754545,Dry,18,"MOTOR VEHICLE STRUCK PEDALCYCLIST, FRONT END AT ANGLE",,20245,0,1,Property Damage Only Collision,,45,Bicycle,Matched,N,1,Clear or Partly Cloudy,0,"(47.52330258200004, -122.26816089599998)",0,0,N,2016-333191
180083,226404,226744,Intersection,Cycles,0, ,,0,Y,08/31/2016 12:00:00 AM +0000,8/31/2016 8:39:00 AM,1,30142,At Intersection (intersection related),Daylight,16TH AVE AND E UNION ST,0,1,,2,E579447,Dry,18,"MOTOR VEHICLE STRUCK PEDALCYCLIST, FRONT END AT ANGLE",,2228,0,2,Injury Collision,,45,Bicycle,Matched,N,1,Overcast,0,"(47.61290842600005, -122.31147435399998)",0,0,N,2016-315306
180095,227067,227407,Block,Cycles,213, ,,0,Y,08/12/2016 12:00:00 AM +0000,8/12/2016 1:24:00 PM,0,,Mid-Block (not related to intersection),Daylight,1ST AVE BETWEEN PIKE ST AND PINE ST,0,1,,2,3784751,Dry,18,"MOTOR VEHICLE STRUCK PEDALCYCLIST, FRONT END AT ANGLE",,1009,0,1,Property Damage Only Collision,,45,Bicycle,Matched,N,1,Clear or Partly Cloudy,0,"(47.60931643300006, -122.34046666699999)",0,0,N,2016-291090
180145,227876,228216,Block,Cycles,215, ,,0,,09/16/2016 12:00:00 AM +0000,9/16/2016 7:55:00 PM,1,,Mid-Block (not related to intersection),Dark - Street Lights On,NE 55TH ST BETWEEN 45TH AVE NE AND NE TULANE PL,1,1,,2,3735371,Dry,64,PEDALCYCLIST STRUCK PEDESTRIAN,,17058,1,2b,Serious Injury Collision,,45,Bicycle,Matched,N,0,Clear or Partly Cloudy,0,"(47.66915886800007, -122.27861440899994)",0,0,N,16-336820
180155,22600,22600,Block,Cycles,153,,,0,,07/02/2004 12:00:00 AM +0000,7/2/2004,1,,Mid-Block (not related to intersection),Daylight,1ST AVE BETWEEN BATTERY ST AND WALL ST,0,1,,2,1482540,Dry,55,PEDALCYCLIST STRUCK MOTOR VEHICLE RIGHT SIDE SIDESWIPE,04184005,1016,0,2,Injury Collision,,45,Bicycle,Matched,0,1,Clear or Partly Cloudy,0,"(47.61441905200007, -122.348278129)",0,0,N,04-271379
180203,1218,1218,Intersection,Cycles,0, ,,0,,03/30/2013 12:00:00 AM +0000,3/30/2013 8:30:00 PM,1,29855,At Intersection (intersection related),Dusk,BELLEVUE AVE AND E OLIVE ST,0,1,Y,2,3593839,Dry,18,"MOTOR VEHICLE STRUCK PEDALCYCLIST, FRONT END AT ANGLE",,9214,0,2,Injury Collision,,45,Bicycle,Matched,N,1,Clear or Partly Cloudy,0,"(47.616341840000075, -122.32678751899999)",36282,0,N,2013-107201
180266,1309,1309,Block,Cycles,136, ,,0,,04/01/2013 12:00:00 AM +0000,4/1/2013 3:30:00 PM,1,,Mid-Block (not related to intersection),Daylight,NE 75TH ST BETWEEN 19TH AVE NE AND 20TH AVE NE,0,1,,2,3507768,Dry,23,"MOTOR VEHICLE STRUCK PEDALCYCLIST, LEFT SIDE SIDESWIPE",,17518,0,2,Injury Collision,,45,Bicycle,Matched,N,1,Clear or Partly Cloudy,0,"(47.68304684100008, -122.30724236999998)",40890,0,N,13-110606
180267,1139,1139,Intersection,Cycles,0, ,,0,,03/26/2013 12:00:00 AM +0000,3/26/2013 6:12:00 PM,0,29512,At Intersection (intersection related),Daylight,BELL ST AND DENNY WAY,0,1,Y,2,3562732,Dry,18,"MOTOR VEHICLE STRUCK PEDALCYCLIST, FRONT END AT ANGLE",,8529,0,1,Property Damage Only Collision,,45,Bicycle,Matched,N,1,Clear or Partly Cloudy,0,"(47.61854012600003, -122.33983235199997)",14255,0,N,13-101780
180268,1138,1138,Intersection,Cycles,0, ,,0,,03/29/2013 12:00:00 AM +0000,3/29/2013 6:10:00 PM,1,29810,At Intersection (intersection related),Daylight,11TH AVE AND E JEFFERSON ST,0,1,Y,2,3605914,Dry,18,"MOTOR VEHICLE STRUCK PEDALCYCLIST, FRONT END AT ANGLE",,14219,0,2,Injury Collision,,45,Bicycle,Matched,N,1,Clear or Partly Cloudy,0,"(47.606205945000056, -122.31811054799999)",10453,0,N,2013-105766
180298,1099,1099,Intersection,Cycles,0, ,,0,,03/28/2013 12:00:00 AM +0000,3/28/2013 3:30:00 PM,0,27149,At Intersection (intersection related),Daylight,15TH AVE NE AND NE PACIFIC ST,0,1,Y,2,3503283,Dry,18,"MOTOR VEHICLE STRUCK PEDALCYCLIST, FRONT END AT ANGLE",,2028,0,1,Property Damage Only Collision,,45,Bicycle,Matched,N,1,Clear or Partly Cloudy,0,"(47.65297596400006, -122.31246414499998)",0,520838,N,13-104248
180322,1003,1003,Block,Cycles,874.5, ,,0,,03/14/2013 12:00:00 AM +0000,3/14/2013 5:30:00 PM,1,,Driveway Junction,Daylight,AURORA AVE N BETWEEN N 117TH PL AND N 125TH ST,0,1,Y,2,3503158,Dry,18,"MOTOR VEHICLE STRUCK PEDALCYCLIST, FRONT END AT ANGLE",,8991,0,2,Injury Collision,,45,Bicycle,Matched,N,1,Clear or Partly Cloudy,0,"(47.71717310100007, -122.34489607899997)",15057,0,N,2013-99976
180361,1064,1064,Intersection,Cycles,0, ,,0,,03/25/2013 12:00:00 AM +0000,3/25/2013 10:57:00 PM,1,31315,At Intersection (intersection related),Dark - Street Lights On,13TH AVE S AND S STEVENS ST,0,1,,2,3550081,Dry,18,"MOTOR VEHICLE STRUCK PEDALCYCLIST, FRONT END AT ANGLE",,1785,0,2,Injury Collision,,45,Bicycle,Matched,N,1,Clear or Partly Cloudy,0,"(47.57687701200007, -122.31600484299997)",0,0,N,13 100809
180362,1063,1063,Block,Cycles,266, ,,0,,03/25/2013 12:00:00 AM +0000,3/25/2013 1:00:00 PM,0,,Mid-Block (not related to intersection),Daylight,S DEARBORN ST BETWEEN DEARBORN OFF RP AND DEARBORN ST OFF RP,0,1,,2,3503600,Dry,18,"MOTOR VEHICLE STRUCK PEDALCYCLIST, FRONT END AT ANGLE",,19831,0,1,Property Damage Only Collision,,45,Bicycle,Matched,N,1,Clear or Partly Cloudy,0,"(47.59582679700003, -122.32029531699999)",5867,0,N,13-100168
180398,225539,225859,Block,Cycles,189, ,,0,,07/31/2016 12:00:00 AM +0000,7/31/2016 4:39:00 AM,1,,Mid-Block (but intersection related),Dark - Street Lights On,FAUNTLEROY WAY SW BETWEEN CALIFORNIA AVE SW AND 44TH AVE SW,0,1,,1,E573222,Dry,66,PEDALCYCLIST STRUCK OBJECT IN ROAD,,10400,0,2,Injury Collision,,45,Bicycle,Matched,N,0,Clear or Partly Cloudy,0,"(47.54474641000007, -122.38795461299998)",0,0,N,2016-274506
180413,225962,226302,Intersection,Cycles,0, ,,0,,08/11/2016 12:00:00 AM +0000,8/11/2016 6:40:00 PM,1,30486,At Intersection (intersection related),Daylight,6TH AVE AND YESLER WAY,0,1,,2,3791246,Dry,11,"MOTOR VEHICLE STRUCK MOTOR VEHICLE, FRONT END AT ANGLE",,7870,0,2,Injury Collision,,45,Bicycle,Matched,N,1,Clear or Partly Cloudy,0,"(47.60170997000006, -122.32635082599995)",0,0,N,2016-290055
180477,212018,212258,Block,Cycles,161.5, ,,0,Y,01/16/2016 12:00:00 AM +0000,1/16/2016 5:05:00 PM,1,,Mid-Block (not related to intersection),Dark - Street Lights Off,HOWELL ST BETWEEN BOREN AVE AND MINOR AVE,0,1,,3,3791506,Wet,21,"MOTOR VEHICLE STRUCK PEDALCYCLIST, REAR END",,10963,0,2,Injury Collision,,45,Bicycle,Matched,N,1,Raining,0,"(47.61650595100008, -122.330991617)",0,0,N,2016-18810
180481,211997,212237,Block,Cycles,246, ,,0,Y,01/18/2016 12:00:00 AM +0000,1/18/2016 12:53:00 PM,1,,Mid-Block (not related to intersection),Daylight,WESTLAKE EAST RDWY AVE N BETWEEN HIGHLAND DR AND COMSTOCK ST,0,1,,2,3791329,Dry,18,"MOTOR VEHICLE STRUCK PEDALCYCLIST, FRONT END AT ANGLE",,13550,1,2b,Serious Injury Collision,,45,Bicycle,Matched,N,1,Clear or Partly Cloudy,0,"(47.630262952000066, -122.34074680299994)",0,0,N,2016-20715
180567,227082,227422,Block,Cycles,44, ,,0,,08/11/2016 12:00:00 AM +0000,8/11/2016 9:07:00 PM,1,,Mid-Block (not related to intersection),Dark - Street Lights On,TAYLOR AVE N BETWEEN ALOHA ST AND WARD PL,0,1,,2,3785151,Dry,21,"MOTOR VEHICLE STRUCK PEDALCYCLIST, REAR END",,13080,0,2,Injury Collision,Y,45,Bicycle,Matched,N,1,Clear or Partly Cloudy,0,"(47.62727483400005, -122.34624372199994)",0,0,N,2016-290199
180578,226862,227202,Block,Cycles,133.5, ,,0,,08/19/2016 12:00:00 AM +0000,8/19/2016 1:00:00 PM,1,,Mid-Block (not related to intersection),Daylight,8TH AVE NW BETWEEN NW 87TH ST AND NW 88TH ST,0,1,,2,3769586,Unknown,51,PEDALCYCLIST STRUCK MOTOR VEHICLE FRONT END AT ANGLE,,8414,0,2,Injury Collision,,45,Bicycle,Matched,N,1,Unknown,0,"(47.692445547000034, -122.36600335299994)",8414,0,N,2016-329667
180581,226858,227198,Block,Cycles,166, ,,0,,08/16/2016 12:00:00 AM +0000,8/16/2016 5:00:00 PM,1,,Driveway Junction,Daylight,ROOSEVELT WAY NE BETWEEN NE 108TH ST AND NE NORTHGATE WAY,0,1,Y,2,3769571,Dry,18,"MOTOR VEHICLE STRUCK PEDALCYCLIST, FRONT END AT ANGLE",,12652,0,2,Injury Collision,,45,Bicycle,Matched,N,1,Clear or Partly Cloudy,0,"(47.70810451500006, -122.31784561999996)",12652,0,N,2016-296588
180588,224826,225126,Intersection,Cycles,0, ,,0,,07/27/2016 12:00:00 AM +0000,7/27/2016 7:48:00 AM,1,33362,At Intersection (intersection related),Daylight,15TH AVE S AND S LUCILE ST,0,1,,2,E568004,Dry,18,"MOTOR VEHICLE STRUCK PEDALCYCLIST, FRONT END AT ANGLE",,2169,0,2,Injury Collision,,45,Bicycle,Matched,N,1,Clear or Partly Cloudy,0,"(47.55344267600003, -122.31347288299997)",0,0,N,2016-268799
180594,228425,228765,Intersection,Cycles,0, ,,0,,09/20/2016 12:00:00 AM +0000,9/20/2016 4:45:00 PM,1,27184,At Intersection (intersection related),Daylight,EASTERN AVE N AND N 45TH ST,0,1,,2,3762482,Dry,18,"MOTOR VEHICLE STRUCK PEDALCYCLIST, FRONT END AT ANGLE",,10159,0,2,Injury Collision,,45,Bicycle,Matched,N,1,Clear or Partly Cloudy,0,"(47.661363347000076, -122.32896932599999)",0,0,N,16-341708
180622,226873,227213,Block,Cycles,286.5, ,,0,Y,08/29/2016 12:00:00 AM +0000,8/29/2016 5:43:00 PM,1,,Driveway Junction,Daylight,20TH AVE NE BETWEEN NE 50TH ST AND NE 52ND ST,0,1,,2,3769883,Dry,18,"MOTOR VEHICLE STRUCK PEDALCYCLIST, FRONT END AT ANGLE",,2962,0,2,Injury Collision,,45,Bicycle,Matched,N,1,Clear or Partly Cloudy,0,"(47.66563879200004, -122.30650234699999)",2962,0,N,2016-313424
180667,211928,212168,Block,Cycles,189.5,NEI,"Not Enough Information, or Insufficient Location Information",0,,01/12/2016 12:00:00 AM +0000,1/12/2016 8:20:00 AM,1,,,Daylight,40TH AVE NE BETWEEN NE 52ND PL AND NE 55TH ST,0,1,,1,E504679,Wet,00,NOT ENOUGH INFORMATION / NOT APPLICABLE,,6313,0,2,Injury Collision,,45,Bicycle,Matched,N,1,Overcast,0,"(47.66798867600005, -122.28481801699996)",0,0,N,2016-013101
180707,212111,212351,Intersection,Cycles,0, ,,0,,01/25/2016 12:00:00 AM +0000,1/25/2016 8:04:00 AM,0,25408,At Intersection (intersection related),Daylight,8TH AVE NW AND NW 58TH ST,0,1,Y,2,3786877,Dry,18,"MOTOR VEHICLE STRUCK PEDALCYCLIST, FRONT END AT ANGLE",,8387,0,1,Property Damage Only Collision,,45,Bicycle,Matched,N,1,Clear or Partly Cloudy,0,"(47.670889902000056, -122.36617390599997)",8387,0,N,16-28967
180739,227729,228069,Block,Cycles,331.5, ,,0,Y,09/10/2016 12:00:00 AM +0000,9/10/2016 9:45:00 AM,1,,Mid-Block (not related to intersection),Daylight,N 80TH ST BETWEEN FREMONT AVE N AND LINDEN AVE N,0,1,,3,3769807,Dry,18,"MOTOR VEHICLE STRUCK PEDALCYCLIST, FRONT END AT ANGLE",,15893,0,2,Injury Collision,,45,Bicycle,Matched,N,1,Clear or Partly Cloudy,0,"(47.68693988200005, -122.34856201099996)",0,0,N,16-328278